model,arm,rate,churn,dataset,rmse,bias,mape,spearman,ce,stored_mape,mismatch
LSTM,ar_bounded-kmeans_8,0.1,0.2,Dataset_1,3.5918974000608896,38.02993521489149,40.93187697041885,0.6656355206038554,0.2629378991467612,40.93187697041888,False
LSTM,ar_bounded-no_cluster,0.1,0.2,Dataset_1,3.2598581278898213,33.466019345007325,33.466019345007325,0.7268159932586468,0.2704333545906203,33.46601934500738,False
LSTM,ar_unbounded-kmeans_8,0.1,0.2,Dataset_1,18.352102813718655,168.392232983346,168.392232983346,0.6250917223449582,0.2705653629132679,168.392232983346,False
LSTM,ar_unbounded-no_cluster,0.1,0.2,Dataset_1,15.03742135830208,212.9063106890358,212.9063106890358,0.6396531499947116,0.2834156826138496,212.9063106890358,False
LSTM,no_ar-kmeans_8,0.1,0.2,Dataset_1,3.5663642056474982,36.47249185233024,38.094821952458155,0.5898158316727419,0.2657824169312204,38.0948219524582,False
LSTM,no_ar-no_cluster,0.1,0.2,Dataset_1,3.2570378582174184,32.0398057391113,32.0776698185872,0.720855304961268,0.2710555004222052,32.07766981858724,False
ParetoNBD,-,0.1,0.2,Dataset_1,2.914934968878423,4.203285773936191,31.31313417232259,0.7539287007990872,,31.31313417232261,False
Transformer,ar_bounded-kmeans_8,0.1,0.2,Dataset_1,3.9573811426292775,48.838187455106166,50.342394616213674,0.7002408066834722,0.2632815624986376,50.34239461621373,False
Transformer,ar_bounded-no_cluster,0.1,0.2,Dataset_1,4.325901528710016,83.75647254912087,83.7564725491209,0.7046639530210699,0.2734080286962645,83.75647254912093,False
Transformer,ar_unbounded-kmeans_8,0.1,0.2,Dataset_1,3.7647095403845126,48.06278307036066,49.58025882288834,0.6766428617181774,0.2650476853762354,49.580258822888375,False
Transformer,ar_unbounded-no_cluster,0.1,0.2,Dataset_1,8.279691821993872,194.9508087007588,194.9508087007588,0.664785954119178,0.2724095838410513,194.9508087007588,False
Transformer,no_ar-kmeans_8,0.1,0.2,Dataset_1,3.857207124922842,53.420550088762795,53.74999994062437,0.5791678940783473,0.2641056765403066,53.74999994062442,False
Transformer,no_ar-no_cluster,0.1,0.2,Dataset_1,3.259647872061116,25.944498275258915,30.12928794605298,0.6428570859027407,0.2777218829308237,30.12928794605302,False
LSTM,ar_bounded-kmeans_8,0.1,0.2,Dataset_10,3.4010547737250953,23.696803297001836,28.556667713999882,0.6391903018904047,0.2567874267697334,28.55666771399992,False
LSTM,ar_bounded-no_cluster,0.1,0.2,Dataset_10,3.43470300289282,45.343396792920174,46.069260528789236,0.6937894170791946,0.2632551938295364,46.06926052878927,False
LSTM,ar_unbounded-kmeans_8,0.1,0.2,Dataset_10,20.979596549132765,258.6977720380005,258.6977720380005,0.6160125157829809,0.2656471207737922,258.6977720380005,False
LSTM,ar_unbounded-no_cluster,0.1,0.2,Dataset_10,32.64288404277796,430.2445917091073,430.2445917091073,0.5916282958163374,0.2733917199075222,430.2445917091073,False
LSTM,no_ar-kmeans_8,0.1,0.2,Dataset_10,3.716838383548375,47.2899579718795,49.51759764000236,0.63424608180164,0.2684337387482325,49.51759764000239,False
LSTM,no_ar-no_cluster,0.1,0.2,Dataset_10,3.662696098733923,53.532289311711935,55.59234742582211,0.6870469435682895,0.2658295072615146,55.59234742582215,False
ParetoNBD,-,0.1,0.2,Dataset_10,2.9600154439372592,1.6434875949619323,30.248368504893474,0.7269991757886156,,30.248368504893488,False
Transformer,ar_bounded-kmeans_8,0.1,0.2,Dataset_10,4.427576980319609,86.2168227803848,86.21682278038482,0.6715334715055393,0.2566442899405956,86.21682278038486,False
Transformer,ar_bounded-no_cluster,0.1,0.2,Dataset_10,3.505636268553192,43.6564417659976,47.96706493793567,0.6807494908581035,0.2635579034686088,47.96706493793571,False
Transformer,ar_unbounded-kmeans_8,0.1,0.2,Dataset_10,4.519639094129441,58.68889216618101,58.68889216618102,0.6745300215981496,0.2605438642203808,58.68889216618106,False
Transformer,ar_unbounded-no_cluster,0.1,0.2,Dataset_10,3.4658950749871655,31.858895532516144,36.303519467231666,0.6612805302970125,0.2655496671795845,36.303519467231695,False
Transformer,no_ar-kmeans_8,0.1,0.2,Dataset_10,4.9599084162565665,94.61963204958663,94.61963204958664,0.4608692246343802,0.2624500021338463,94.61963204958668,False
Transformer,no_ar-no_cluster,0.1,0.2,Dataset_10,3.768838890588354,-9.267194055635535,25.5158217689687,0.5840427246252916,0.2679673694074154,25.5158217689687,False
LSTM,ar_bounded-kmeans_8,0.1,0.2,Dataset_2,3.378717397319854,19.964971118091153,23.015834861694167,0.6486809094770255,0.2603077918291092,23.015834861694195,False
LSTM,ar_bounded-no_cluster,0.1,0.2,Dataset_2,3.0997660045350637,22.276711425435884,22.28406907398289,0.7090516956088392,0.2659126391013463,22.28406907398294,False
LSTM,ar_unbounded-kmeans_8,0.1,0.2,Dataset_2,10.157880042981956,62.631477820147694,64.11164417071592,0.5556883797670295,0.2680875182151794,64.11164417071596,False
LSTM,ar_unbounded-no_cluster,0.1,0.2,Dataset_2,16.119578560294443,206.8163787437244,206.8163787437244,0.6235940744380082,0.2756407409906387,206.8163787437244,False
LSTM,no_ar-kmeans_8,0.1,0.2,Dataset_2,3.3908619281450334,25.915067097897836,27.535668508908167,0.6481573259644817,0.2619532058636347,27.53566850890821,False
LSTM,no_ar-no_cluster,0.1,0.2,Dataset_2,3.44040310322045,43.316538667548166,43.31653866754817,0.6594483867921912,0.2673780759175618,43.31653866754822,False
ParetoNBD,-,0.1,0.2,Dataset_2,2.8782429764955797,0.9393263539073821,30.67058020229115,0.7333980225563859,,30.670580202291134,False
Transformer,ar_bounded-kmeans_8,0.1,0.2,Dataset_2,4.198092627481101,72.4160270625695,72.67418444536202,0.6776894386962631,0.2611693402131398,72.67418444536207,False
Transformer,ar_bounded-no_cluster,0.1,0.2,Dataset_2,3.6806028461619924,7.309820915090239,27.02415226914002,0.6788211811251397,0.2680202176173528,27.02415226914003,False
Transformer,ar_unbounded-kmeans_8,0.1,0.2,Dataset_2,3.2138351659724083,3.3107804020083216,30.157869477694945,0.679677028098356,0.2629105309645335,30.15786947769495,False
Transformer,ar_unbounded-no_cluster,0.1,0.2,Dataset_2,4.954938896340372,108.66442750284344,108.66442750284345,0.643418457646116,0.2671534270048141,108.6644275028435,False
Transformer,no_ar-kmeans_8,0.1,0.2,Dataset_2,3.946948241694385,38.044625551720415,39.102527067054474,0.662010883419943,0.2611868580182393,39.10252706705452,False
Transformer,no_ar-no_cluster,0.1,0.2,Dataset_2,3.669067830945883,35.086052558966934,37.024312306127534,0.5455046385015525,0.2711173405249913,37.02431230612757,False
LSTM,ar_bounded-kmeans_8,0.1,0.2,Dataset_3,3.4655810784474523,23.32864362199397,27.888871276373656,0.593927891751817,0.2669683322310447,27.888871276373685,False
LSTM,ar_bounded-no_cluster,0.1,0.2,Dataset_3,3.2261291284610287,-3.5312994254015697,13.302086640374318,0.7043724522609219,0.2712155804038048,13.30208664037431,False
LSTM,ar_unbounded-kmeans_8,0.1,0.2,Dataset_3,14.276346436391428,178.27663606979658,178.27663606979658,0.4608538155674691,0.2815506085753441,178.27663606979658,False
LSTM,ar_unbounded-no_cluster,0.1,0.2,Dataset_3,8.516093925005396,221.11176064542994,221.11176064542994,0.5978419670869578,0.2856509536504745,221.11176064542997,False
LSTM,no_ar-kmeans_8,0.1,0.2,Dataset_3,3.6730356805833075,31.66566544485933,31.665665444859343,0.5326459974755838,0.2745786329110463,31.665665444859386,False
LSTM,no_ar-no_cluster,0.1,0.2,Dataset_3,3.26992109529789,28.56670873713095,28.854726444767266,0.6839343028044093,0.2765480309724807,28.854726444767305,False
ParetoNBD,-,0.1,0.2,Dataset_3,2.862406317362644,3.0396965069812816,31.019166328434228,0.7396286134758358,,31.019166328434263,False
Transformer,ar_bounded-kmeans_8,0.1,0.2,Dataset_3,3.864478571584031,38.97423327005652,41.51201389265932,0.6704323295630805,0.266630582511425,41.51201389265935,False
Transformer,ar_bounded-no_cluster,0.1,0.2,Dataset_3,3.589926813550858,-7.894087883187772,23.04331328413044,0.676554664826761,0.2748069167137146,23.04331328413045,False
Transformer,ar_unbounded-kmeans_8,0.1,0.2,Dataset_3,4.397258025168347,65.9947830902773,66.34445114139554,0.6666466688367795,0.2734636644522349,66.34445114139558,False
Transformer,ar_unbounded-no_cluster,0.1,0.2,Dataset_3,3.664222022564574,49.474233227958266,50.727789988726514,0.5641822205838637,0.2757472544908523,50.72778998872656,False
Transformer,no_ar-kmeans_8,0.1,0.2,Dataset_3,3.219245033932079,4.065760192609948,25.98608913806384,0.6104428462322636,0.2671807780861854,25.98608913806385,False
Transformer,no_ar-no_cluster,0.1,0.2,Dataset_3,4.472988017734719,84.01106554871156,84.01106554871157,0.5828472270032067,0.2825881143411,84.0110655487116,False
LSTM,ar_bounded-kmeans_8,0.1,0.2,Dataset_4,3.612254109016665,39.34145125164228,40.5468853469197,0.5194808818605189,0.2467039190232753,40.546885346919744,False
LSTM,ar_bounded-no_cluster,0.1,0.2,Dataset_4,3.20863213104546,20.866467862873172,20.876076883025974,0.6730888425144786,0.2519952019055684,20.876076883026027,False
LSTM,ar_unbounded-kmeans_8,0.1,0.2,Dataset_4,3.913458130542849,33.90672626486073,38.12839629127337,0.628996780483655,0.2517243586480617,38.12839629127341,False
LSTM,ar_unbounded-no_cluster,0.1,0.2,Dataset_4,18.65048671391341,203.88237240451474,203.88237240451474,0.5380642791791591,0.2689969204366207,203.88237240451477,False
LSTM,no_ar-kmeans_8,0.1,0.2,Dataset_4,3.2715410674215573,11.912856111056026,27.991716337783373,0.5224158841951108,0.2483571916818618,27.991716337783387,False
LSTM,no_ar-no_cluster,0.1,0.2,Dataset_4,3.2050416099225174,15.504638718828657,16.69715035461734,0.6084804511498682,0.2524296402931213,16.697150354617385,False
ParetoNBD,-,0.1,0.2,Dataset_4,2.926438858879994,-0.8437008542091718,29.396445905849387,0.7026454238030996,,29.396445905849397,False
Transformer,ar_bounded-kmeans_8,0.1,0.2,Dataset_4,3.337529400883308,31.345427418843524,34.290755484000094,0.6463315026885295,0.2449195712804794,34.29075548400012,False
Transformer,ar_bounded-no_cluster,0.1,0.2,Dataset_4,4.27183219544079,90.4829357117488,90.48293571174881,0.6439678744016859,0.2541200180848439,90.48293571174884,False
Transformer,ar_unbounded-kmeans_8,0.1,0.2,Dataset_4,4.1694704979404404,52.19897262062662,52.19897262062663,0.6512499419690092,0.2453188467770815,52.19897262062668,False
Transformer,ar_unbounded-no_cluster,0.1,0.2,Dataset_4,4.663322133486666,100.2109010876054,100.21090108760542,0.6495047847514108,0.2525174687306086,100.21090108760544,False
Transformer,no_ar-kmeans_8,0.1,0.2,Dataset_4,4.157458089883988,63.600397653935694,64.77369121683175,0.6165844645849156,0.2469979723294576,64.7736912168318,False
Transformer,no_ar-no_cluster,0.1,0.2,Dataset_4,4.534469410551298,97.24602393767093,97.24602393767094,0.5954354933106947,0.2568386103957891,97.24602393767098,False
LSTM,ar_bounded-kmeans_8,0.1,0.2,Dataset_5,3.351652386413546,25.69620033364299,33.35293147748329,0.6481246215775973,0.2252487636287696,33.35293147748332,False
LSTM,ar_bounded-no_cluster,0.1,0.2,Dataset_5,3.766649614006927,55.59433352155193,57.16328209270942,0.6880096218176507,0.2387767997570336,57.16328209270947,False
LSTM,ar_unbounded-kmeans_8,0.1,0.2,Dataset_5,3.265856152511619,6.354241582049108,32.96053064169526,0.6231965928981873,0.2447445349612583,32.96053064169525,False
LSTM,ar_unbounded-no_cluster,0.1,0.2,Dataset_5,37.47823768591633,613.1907957569412,613.1907957569412,0.6061448790660117,0.2443641205318272,613.1907957569412,False
LSTM,no_ar-kmeans_8,0.1,0.2,Dataset_5,3.668250332424322,42.15411064594788,44.183262310711015,0.5142249277260725,0.2312700506299734,44.18326231071105,False
LSTM,no_ar-no_cluster,0.1,0.2,Dataset_5,3.4218181366333194,37.584015786253616,40.79626601520657,0.6873562686714414,0.2379302009940147,40.79626601520661,False
ParetoNBD,-,0.1,0.2,Dataset_5,2.9207744928309314,0.8560912669760707,30.07664522344764,0.7221750552152547,,30.076645223447656,False
Transformer,ar_bounded-kmeans_8,0.1,0.2,Dataset_5,3.2991951868744334,28.706026847617288,34.830167009612616,0.6882671741030103,0.2269901883555576,34.830167009612644,False
Transformer,ar_bounded-no_cluster,0.1,0.2,Dataset_5,3.6445102784584584,48.23861791551854,48.66966933315225,0.6898495748747849,0.2354341836180538,48.6696693331523,False
Transformer,ar_unbounded-kmeans_8,0.1,0.2,Dataset_5,3.4370794231865776,-4.860629050455903,26.35817230751391,0.363520536464844,0.2292160625802353,26.35817230751392,False
Transformer,ar_unbounded-no_cluster,0.1,0.2,Dataset_5,4.873813680380831,101.76662272092497,101.76662272092499,0.6625253175149519,0.2345840912312269,101.76662272092504,False
Transformer,no_ar-kmeans_8,0.1,0.2,Dataset_5,3.563214822255722,48.09990167853292,49.437274765729605,0.641365626845898,0.2292571566649712,49.43727476572965,False
Transformer,no_ar-no_cluster,0.1,0.2,Dataset_5,4.301863870359228,48.29724869207933,48.94873902410304,0.540255431755514,0.2412678604014217,48.94873902410308,False
LSTM,ar_bounded-kmeans_8,0.1,0.2,Dataset_6,3.4974189960072515,35.201825820672305,39.826866607708546,0.559150105574796,0.2514477103948593,39.826866607708574,False
LSTM,ar_bounded-no_cluster,0.1,0.2,Dataset_6,3.0898990527215635,33.272579007359596,33.27779582895049,0.6551415613540814,0.2546230763196945,33.277795828950545,False
LSTM,ar_unbounded-kmeans_8,0.1,0.2,Dataset_6,22.609942468878547,275.71503103339944,275.71503103339944,0.47403679856106495,0.2639861833304167,275.71503103339944,False
LSTM,ar_unbounded-no_cluster,0.1,0.2,Dataset_6,23.63324072688253,322.1573198935971,322.1573198935971,0.6001186100075121,0.2664424548546473,322.1573198935971,False
LSTM,no_ar-kmeans_8,0.1,0.2,Dataset_6,3.6447338530087037,42.5366808073051,44.00945547934743,0.6151407977466962,0.2522249788045883,44.009455479347466,False
LSTM,no_ar-no_cluster,0.1,0.2,Dataset_6,2.953817416487623,16.21193342927484,19.460384696017503,0.6618611884019563,0.2561083287000656,19.46038469601754,False
ParetoNBD,-,0.1,0.2,Dataset_6,2.8295022263490255,3.3620418959776597,32.92151529711237,0.6951414881726553,,32.92151529711234,False
Transformer,ar_bounded-kmeans_8,0.1,0.2,Dataset_6,3.07945091723447,-0.15275519387395478,26.780730406964746,0.6742820716473513,0.2503516187270482,26.78073040696476,False
Transformer,ar_bounded-no_cluster,0.1,0.2,Dataset_6,3.974023789626952,81.26948152203866,81.26948152203869,0.6622334719689403,0.2575155913829803,81.26948152203872,False
Transformer,ar_unbounded-kmeans_8,0.1,0.2,Dataset_6,3.4487740362522734,26.38245833980568,37.12063900659354,0.6418963458011758,0.2508174479007721,37.12063900659357,False
Transformer,ar_unbounded-no_cluster,0.1,0.2,Dataset_6,4.7514873618232345,105.85670014712765,105.85670014712767,0.6701618113211797,0.2568217143416405,105.85670014712773,False
Transformer,no_ar-kmeans_8,0.1,0.2,Dataset_6,4.470016815829949,79.81284641851138,79.81284641851141,0.6288085667193061,0.2524102201064427,79.81284641851144,False
Transformer,no_ar-no_cluster,0.1,0.2,Dataset_6,4.1202149283125244,61.3821324887483,61.382132488748304,0.6010904302574163,0.260999791820844,61.382132488748354,False
LSTM,ar_bounded-kmeans_8,0.1,0.2,Dataset_7,3.2981732910362376,26.020121659313723,36.72184637695104,0.6650240188302436,0.2591607362031937,36.72184637695108,False
LSTM,ar_bounded-no_cluster,0.1,0.2,Dataset_7,3.3710053804644713,48.061041642008064,48.06104164200808,0.6981927785003651,0.2643220603466034,48.06104164200813,False
LSTM,ar_unbounded-kmeans_8,0.1,0.2,Dataset_7,6.976272738261532,69.55140331318476,69.92712194899374,0.5834108907951187,0.2656444122393926,69.92712194899379,False
LSTM,ar_unbounded-no_cluster,0.1,0.2,Dataset_7,22.57125843271324,307.8474805422636,307.8474805422636,0.6256065326132699,0.2735773772001266,307.8474805422636,False
LSTM,no_ar-kmeans_8,0.1,0.2,Dataset_7,3.5097017433235314,40.61937772107957,43.42999658876467,0.5813686774126366,0.2604401091734568,43.4299965887647,False
LSTM,no_ar-no_cluster,0.1,0.2,Dataset_7,2.9753801518356195,20.927291036806096,24.07237055881835,0.6759467096060918,0.2647151499986648,24.07237055881839,False
ParetoNBD,-,0.1,0.2,Dataset_7,2.769997633253115,8.122495351271088,34.29819710985583,0.7195994408437673,,34.298197109855835,False
Transformer,ar_bounded-kmeans_8,0.1,0.2,Dataset_7,4.038901646650378,40.97260741928273,44.9895164451543,0.648933881325562,0.2590845565001169,44.98951644515433,False
Transformer,ar_bounded-no_cluster,0.1,0.2,Dataset_7,3.56571069059399,62.257017319695,62.50930003302798,0.6942119253644801,0.2659323791662852,62.50930003302803,False
Transformer,ar_unbounded-kmeans_8,0.1,0.2,Dataset_7,3.9762463581151595,55.74653341958031,58.00524161864632,0.6570151953820528,0.2558358386158943,58.00524161864635,False
Transformer,ar_unbounded-no_cluster,0.1,0.2,Dataset_7,4.494820507259556,93.04903593159372,93.04903593159374,0.6594888197249211,0.2665000786383947,93.04903593159378,False
Transformer,no_ar-kmeans_8,0.1,0.2,Dataset_7,4.427698368975327,88.13747054691576,88.13747054691578,0.5863223194687228,0.2596560756365458,88.13747054691584,False
Transformer,no_ar-no_cluster,0.1,0.2,Dataset_7,4.02843100791899,72.40514048524157,72.40514048524159,0.6066247302909834,0.2681895643472671,72.40514048524163,False
LSTM,ar_bounded-kmeans_8,0.1,0.2,Dataset_8,3.406300297061311,17.606537444821388,22.263014461725618,0.49823203483180184,0.2594054947296778,22.263014461725643,False
LSTM,ar_bounded-no_cluster,0.1,0.2,Dataset_8,3.460658362663869,3.1281779651285992,16.98047821142216,0.687080309888227,0.2664538808166981,16.98047821142217,False
LSTM,ar_unbounded-kmeans_8,0.1,0.2,Dataset_8,24.643446276941862,287.2683110785587,289.3100786445094,0.6077820206021832,0.2691860318183899,289.3100786445094,False
LSTM,ar_unbounded-no_cluster,0.1,0.2,Dataset_8,26.28165218265028,366.40617440699333,366.40617440699333,0.6160507339933847,0.2762526478618383,366.4061744069933,False
LSTM,no_ar-kmeans_8,0.1,0.2,Dataset_8,3.4048857409519977,27.23108345832102,32.24621666206345,0.5964397929356342,0.2642804702123006,32.24621666206349,False
LSTM,no_ar-no_cluster,0.1,0.2,Dataset_8,3.414127718097703,32.65738496951501,32.65738496951502,0.6842713081639944,0.2672488073507945,32.657384969515064,False
ParetoNBD,-,0.1,0.2,Dataset_8,2.99205311758592,-0.18693971073458918,30.344099412666765,0.7314692761414492,,30.34409941266675,False
Transformer,ar_bounded-kmeans_8,0.1,0.2,Dataset_8,3.373266589009507,22.805841323681637,32.57944913077579,0.6672397551574402,0.2601424772292375,32.57944913077581,False
Transformer,ar_bounded-no_cluster,0.1,0.2,Dataset_8,3.457895706371894,17.548426001340538,28.63286917803122,0.6718218784293533,0.2675332725048065,28.632869178031235,False
Transformer,ar_unbounded-kmeans_8,0.1,0.2,Dataset_8,3.458513483711638,20.395127084409452,30.82400123449492,0.6568055254575502,0.261950139204661,30.824001234494933,False
Transformer,ar_unbounded-no_cluster,0.1,0.2,Dataset_8,6.048351967191553,137.29903093428118,137.29903093428118,0.6579411117981769,0.2685689161221186,137.29903093428118,False
Transformer,no_ar-kmeans_8,0.1,0.2,Dataset_8,3.6630840008015286,34.698244623786806,38.044491592658204,0.6617373484820749,0.2605433881282806,38.04449159265823,False
Transformer,no_ar-no_cluster,0.1,0.2,Dataset_8,4.457742557235875,49.663589730296124,50.291011023496345,0.5718318742877048,0.269698546330134,50.2910110234964,False
LSTM,ar_bounded-kmeans_8,0.1,0.2,Dataset_9,3.593870885264497,32.57235524347461,33.867764422429545,0.5979434438870476,0.2550647705793381,33.86776442242959,False
LSTM,ar_bounded-no_cluster,0.1,0.2,Dataset_9,3.2566198257148145,32.499500967689784,33.06803056999357,0.6909194564868144,0.2609313398599625,33.06803056999362,False
LSTM,ar_unbounded-kmeans_8,0.1,0.2,Dataset_9,5.665022161164454,73.14587464551136,73.82817672050032,0.5938725630302454,0.2652118404706319,73.82817672050037,False
LSTM,ar_unbounded-no_cluster,0.1,0.2,Dataset_9,10.556369409613238,122.86210931318293,122.86210931318294,0.5766653957474448,0.275330501794815,122.86210931318298,False
LSTM,no_ar-kmeans_8,0.1,0.2,Dataset_9,3.808995972705982,48.90801719689137,49.144544134366306,0.5891281418479336,0.2573109328746795,49.14454413436636,False
LSTM,no_ar-no_cluster,0.1,0.2,Dataset_9,3.2438472588277345,32.29923477846843,35.26330663443366,0.6570092761856239,0.262703146537145,35.263306634433704,False
ParetoNBD,-,0.1,0.2,Dataset_9,3.0134469928221095,4.8065704666067015,31.607515446527707,0.701465151996895,,31.60751544652773,False
Transformer,ar_bounded-kmeans_8,0.1,0.2,Dataset_9,3.5457884270621363,-7.084830470088308,26.94311380759377,0.409573244480493,0.2559757173061371,26.94311380759377,False
Transformer,ar_bounded-no_cluster,0.1,0.2,Dataset_9,3.3657541570289427,6.989188289148294,27.205755133820027,0.6610628919097904,0.2627399643262227,27.20575513382004,False
Transformer,ar_unbounded-kmeans_8,0.1,0.2,Dataset_9,4.186645534798536,56.45276107289342,57.22987351378921,0.62972878835528,0.2530775318543116,57.22987351378925,False
Transformer,ar_unbounded-no_cluster,0.1,0.2,Dataset_9,4.812032326567204,86.79557531134543,86.79557531134546,0.6539094472169338,0.2622461219628652,86.79557531134549,False
Transformer,no_ar-kmeans_8,0.1,0.2,Dataset_9,3.5471114501748007,37.00316042167761,40.65984701136704,0.6348057567449101,0.2551563332478205,40.65984701136709,False
Transformer,no_ar-no_cluster,0.1,0.2,Dataset_9,4.4392658512692025,75.97438473135465,75.97438473135466,0.5427044059378457,0.2670703778664271,75.9743847313547,False
LSTM,ar_bounded-kmeans_8,0.1,0.4,Dataset_1,3.126393592859772,52.487285499031856,52.66706078086924,0.6318135763428354,0.1863364045109067,52.66706078086932,False
LSTM,ar_bounded-no_cluster,0.1,0.4,Dataset_1,3.0844895474583574,21.363985621921547,26.621821286935457,0.6633469328378487,0.1932308301329612,26.62182128693554,False
LSTM,ar_unbounded-kmeans_8,0.1,0.4,Dataset_1,5.2358046023026725,114.36664666539893,119.70845631944448,0.45966746547268783,0.2047447264194488,119.70845631944452,False
LSTM,ar_unbounded-no_cluster,0.1,0.4,Dataset_1,13.210989190529494,189.29272633010655,189.29272633010658,0.5296672263045263,0.208208329975605,189.29272633010663,False
LSTM,no_ar-kmeans_8,0.1,0.4,Dataset_1,3.2689313526502124,60.69781192386152,61.29095208187294,0.4493803443984576,0.1946525126695633,61.290952081873016,False
LSTM,no_ar-no_cluster,0.1,0.4,Dataset_1,3.0836803888073834,47.82081600449339,47.82081600449339,0.655446376448743,0.1985669944967542,47.82081600449349,False
ParetoNBD,-,0.1,0.4,Dataset_1,2.5526118623815144,4.667638198591583,31.07167441723612,0.710266541668233,,31.07167441723615,False
Transformer,ar_bounded-kmeans_8,0.1,0.4,Dataset_1,3.9916492270940287,82.15552913845633,82.68421038562266,0.6373884221704644,0.1852823102048465,82.68421038562275,False
Transformer,ar_bounded-no_cluster,0.1,0.4,Dataset_1,2.9279045560275483,59.29568298700757,59.98876403305627,0.6737662463907566,0.1935613655618258,59.98876403305638,False
Transformer,ar_unbounded-kmeans_8,0.1,0.4,Dataset_1,3.6261107068495417,82.40804245936691,82.40804245936692,0.633548445934904,0.1855631481323923,82.40804245936701,False
Transformer,ar_unbounded-no_cluster,0.1,0.4,Dataset_1,3.0751765206083497,52.792725834548136,55.608811077459585,0.6514651765440045,0.1943627383027757,55.60881107745968,False
Transformer,no_ar-kmeans_8,0.1,0.4,Dataset_1,4.2009561132082185,113.03991683401347,113.03991683401348,0.6006783974172621,0.1894188874534198,113.03991683401355,False
Transformer,no_ar-no_cluster,0.1,0.4,Dataset_1,4.065185184520257,124.30721479883856,124.30721479883857,0.5447125935198903,0.2016981355845928,124.30721479883866,False
LSTM,ar_bounded-kmeans_8,0.1,0.4,Dataset_10,3.138422141432463,41.96329495938945,44.83550819672146,0.6729731412634987,0.2009333010230745,44.83550819672154,False
LSTM,ar_bounded-no_cluster,0.1,0.4,Dataset_10,2.7501031965976113,23.57939080714505,26.88118531933333,0.7233986700303573,0.2052862367459706,26.881185319333408,False
LSTM,ar_unbounded-kmeans_8,0.1,0.4,Dataset_10,19.94616313162807,393.94915707509654,393.94915707509654,0.5510246407229852,0.2135708991970334,393.9491570750965,False
LSTM,ar_unbounded-no_cluster,0.1,0.4,Dataset_10,24.599014495896043,412.89505147318954,412.89505147318954,0.5772982942929505,0.2214497923851013,412.8950514731896,False
LSTM,no_ar-kmeans_8,0.1,0.4,Dataset_10,3.518683829994349,71.94263169697926,71.94263169697928,0.6656225455828815,0.2029220632144383,71.94263169697935,False
LSTM,no_ar-no_cluster,0.1,0.4,Dataset_10,2.8513741081877955,43.32599220498617,43.32599220498617,0.7032128976010154,0.2140396194798605,43.32599220498626,False
ParetoNBD,-,0.1,0.4,Dataset_10,2.5548438914803304,8.06041146254581,35.40415540513473,0.7511661382502345,,35.40415540513473,False
Transformer,ar_bounded-kmeans_8,0.1,0.4,Dataset_10,4.57197133055875,70.48667745534047,70.52419783984055,0.6848280648092511,0.1995693870953151,70.52419783984062,False
Transformer,ar_bounded-no_cluster,0.1,0.4,Dataset_10,3.1883129479021513,59.70228382164948,61.226481755373904,0.7080563044443906,0.2074255432401384,61.226481755374,False
Transformer,ar_unbounded-kmeans_8,0.1,0.4,Dataset_10,5.140911544050338,149.92115253318232,149.92115253318235,0.6489188797027013,0.1987285986542701,149.9211525331824,False
Transformer,ar_unbounded-no_cluster,0.1,0.4,Dataset_10,3.1268680243626346,45.486133492056815,50.60250118684751,0.6843505951517204,0.2113423443266323,50.60250118684759,False
Transformer,no_ar-kmeans_8,0.1,0.4,Dataset_10,3.25121767368925,58.58374096128053,59.14600307948356,0.6528858302562593,0.2029428247894559,59.14600307948365,False
Transformer,no_ar-no_cluster,0.1,0.4,Dataset_10,3.364519688173792,35.8327895135513,43.45160410083649,0.5979703155252494,0.2164809070527553,43.45160410083656,False
LSTM,ar_bounded-kmeans_8,0.1,0.4,Dataset_2,3.2367439633012354,56.695388787042155,56.81757901491915,0.5970162866832559,0.1926227696239948,56.81757901491925,False
LSTM,ar_bounded-no_cluster,0.1,0.4,Dataset_2,2.750027965815243,-0.23025956826152702,16.755331412269072,0.7115847550145844,0.190713956952095,16.755331412269076,False
LSTM,ar_unbounded-kmeans_8,0.1,0.4,Dataset_2,15.816704690049905,346.83429392688083,346.83429392688083,0.5571167561967433,0.2084034830331802,346.83429392688083,False
LSTM,ar_unbounded-no_cluster,0.1,0.4,Dataset_2,8.124783690332025,338.6455329971908,338.64553299719086,0.5566093493054535,0.2061566449701786,338.64553299719086,False
LSTM,no_ar-kmeans_8,0.1,0.4,Dataset_2,3.6243966771514162,94.52132557822054,94.52132557822054,0.58375268953765,0.197684533894062,94.52132557822064,False
LSTM,no_ar-no_cluster,0.1,0.4,Dataset_2,2.74706972487387,22.584725930878726,25.745532952291924,0.6763647192877713,0.1999685146978923,25.745532952291992,False
ParetoNBD,-,0.1,0.4,Dataset_2,2.528919140666932,6.135809697063873,32.43563124357427,0.7384975587915739,,32.435631243574285,False
Transformer,ar_bounded-kmeans_8,0.1,0.4,Dataset_2,3.065734340397546,33.868876037211926,38.95994232747407,0.6312305604287649,0.187208741903305,38.95994232747414,False
Transformer,ar_bounded-no_cluster,0.1,0.4,Dataset_2,3.1359138961426725,-25.547838931801383,34.997406496105484,0.7174709074348039,0.195705946534872,34.997406496105434,False
Transformer,ar_unbounded-kmeans_8,0.1,0.4,Dataset_2,3.823591569693597,91.5827087567372,91.58270875673722,0.44483086453337917,0.1894059628248214,91.5827087567373,False
Transformer,ar_unbounded-no_cluster,0.1,0.4,Dataset_2,4.072231722516043,104.15792469552544,104.15792469552547,0.680914134146839,0.1941578015685081,104.15792469552554,False
Transformer,no_ar-kmeans_8,0.1,0.4,Dataset_2,4.316781369013703,108.88414956301827,108.88414956301828,0.6479125203234493,0.1918676729713167,108.88414956301835,False
Transformer,no_ar-no_cluster,0.1,0.4,Dataset_2,4.12506886041059,121.0608070643258,121.06080706432583,0.5621732082200143,0.1989302299916744,121.0608070643259,False
LSTM,ar_bounded-kmeans_8,0.1,0.4,Dataset_3,2.908645819559782,40.12322830081024,42.06469476725654,0.6442893219529771,0.1972785706703479,42.064694767256654,False
LSTM,ar_bounded-no_cluster,0.1,0.4,Dataset_3,2.7409119379005795,54.75662336613024,55.167590727534865,0.6662897668446072,0.2014890932119809,55.16759072753497,False
LSTM,ar_unbounded-kmeans_8,0.1,0.4,Dataset_3,13.391777153241788,236.1700552070968,236.17005520709682,0.43008502106148805,0.2062209237080354,236.1700552070969,False
LSTM,ar_unbounded-no_cluster,0.1,0.4,Dataset_3,10.948589761446925,324.63924783113845,324.6392478311385,0.6324826273971436,0.2180065936767138,324.6392478311385,False
LSTM,no_ar-kmeans_8,0.1,0.4,Dataset_3,3.334862070324847,81.91959300352157,81.91959300352157,0.4510011557587836,0.2061218848595252,81.91959300352167,False
LSTM,no_ar-no_cluster,0.1,0.4,Dataset_3,2.6350202333659887,27.973505540435777,29.14417719144824,0.6656037271556844,0.2055334093479009,29.144177191448357,False
ParetoNBD,-,0.1,0.4,Dataset_3,2.3887894062437027,2.153866455927395,31.562737486028965,0.6966551901487613,,31.562737486028965,False
Transformer,ar_bounded-kmeans_8,0.1,0.4,Dataset_3,2.9254702377229904,-15.21410989625025,28.55545292164874,0.6556238432791798,0.1967928627362618,28.55545292164871,False
Transformer,ar_bounded-no_cluster,0.1,0.4,Dataset_3,2.7653743982275327,56.21595797470392,56.237522983959025,0.6849412233498657,0.2025702389386984,56.23752298395913,False
Transformer,ar_unbounded-kmeans_8,0.1,0.4,Dataset_3,3.6300942815450226,73.24430084180763,73.34103525127892,0.6454299232986714,0.1978420385947594,73.34103525127901,False
Transformer,ar_unbounded-no_cluster,0.1,0.4,Dataset_3,5.810772207514147,178.70425099176438,178.70425099176438,0.6443981358629502,0.2063567672784511,178.7042509917645,False
Transformer,no_ar-kmeans_8,0.1,0.4,Dataset_3,4.344160117664328,101.26802184735486,101.26802184735487,0.6343811579827257,0.1987129851029469,101.26802184735496,False
Transformer,no_ar-no_cluster,0.1,0.4,Dataset_3,3.5592188054905836,114.73166983630853,114.73166983630855,0.5688455071681064,0.2098365884560805,114.73166983630864,False
LSTM,ar_bounded-kmeans_8,0.1,0.4,Dataset_4,3.067405581218474,37.13990668416735,41.447062106882086,0.603909926346544,0.1853986361197062,41.44706210688216,False
LSTM,ar_bounded-no_cluster,0.1,0.4,Dataset_4,2.7989695371558336,17.50668978081261,27.862710800994854,0.6633043405109784,0.1920940088374274,27.862710800994925,False
LSTM,ar_unbounded-kmeans_8,0.1,0.4,Dataset_4,3.3708999415537932,50.75508999644209,56.51483410972623,0.6291071309004782,0.1957918160728045,56.51483410972627,False
LSTM,ar_unbounded-no_cluster,0.1,0.4,Dataset_4,27.792258004862102,415.0538106017149,415.0538106017149,0.5615770587579431,0.2078697644174099,415.0538106017149,False
LSTM,no_ar-kmeans_8,0.1,0.4,Dataset_4,3.269559423963052,62.60413018994158,63.05206503736421,0.6176009903034417,0.1894889431340354,63.05206503736429,False
LSTM,no_ar-no_cluster,0.1,0.4,Dataset_4,5.12298704514513,185.98865655068258,185.9886565506826,0.5145757284098602,0.2022484349352973,185.98865655068263,False
ParetoNBD,-,0.1,0.4,Dataset_4,2.4425562726916117,-5.516709103306938,33.150639696271234,0.7076511493829342,,33.15063969627124,False
Transformer,ar_bounded-kmeans_8,0.1,0.4,Dataset_4,3.0704259455716993,50.384234860181756,51.28999403528882,0.6318135038962456,0.1853788899523871,51.289994035288906,False
Transformer,ar_bounded-no_cluster,0.1,0.4,Dataset_4,2.734691878642951,47.582024347130165,48.34351361647386,0.6643120446278376,0.1928247181432587,48.34351361647396,False
Transformer,ar_unbounded-kmeans_8,0.1,0.4,Dataset_4,2.9476007515436424,19.516288393478813,35.11431059085475,0.6121583335485998,0.1860089397856167,35.114310590854785,False
Transformer,ar_unbounded-no_cluster,0.1,0.4,Dataset_4,3.3676278741906884,80.52530528093315,81.99476427087089,0.4130366993928457,0.1923710065228598,81.99476427087097,False
Transformer,no_ar-kmeans_8,0.1,0.4,Dataset_4,3.913337746136453,92.24549143804295,92.24549143804298,0.61506237711245,0.1893724692719323,92.24549143804306,False
Transformer,no_ar-no_cluster,0.1,0.4,Dataset_4,3.889534180778189,116.88365338872967,116.88365338872968,0.5651394224058927,0.1989807443959372,116.88365338872975,False
LSTM,ar_bounded-kmeans_8,0.1,0.4,Dataset_5,3.7521083741008767,67.36280304573044,67.38921813375616,0.6216384025714982,0.1926167841468538,67.38921813375626,False
LSTM,ar_bounded-no_cluster,0.1,0.4,Dataset_5,2.8823699398207054,43.77196742703682,44.01725045036304,0.7119066538338771,0.1930210569075175,44.017250450363136,False
LSTM,ar_unbounded-kmeans_8,0.1,0.4,Dataset_5,2.9673413166717615,19.040700652086734,48.45525604072763,0.6242934407363981,0.1956267697470528,48.45525604072768,False
LSTM,ar_unbounded-no_cluster,0.1,0.4,Dataset_5,13.754864838368443,322.87762789467394,322.87762789467394,0.5591852372157777,0.2116903918130057,322.87762789467394,False
LSTM,no_ar-kmeans_8,0.1,0.4,Dataset_5,3.7797742124541918,77.11805915153724,77.11805915153725,0.5978894891488379,0.1964830458164215,77.11805915153734,False
LSTM,no_ar-no_cluster,0.1,0.4,Dataset_5,2.921788285279271,30.60323416674623,31.676010496492548,0.7024433518217601,0.1983456781932286,31.67601049649265,False
ParetoNBD,-,0.1,0.4,Dataset_5,2.722896225570873,-9.658883188560845,28.813177647463316,0.73053939202152,,28.813177647463277,False
Transformer,ar_bounded-kmeans_8,0.1,0.4,Dataset_5,3.4896654004081027,43.223719647872066,46.1417789667884,0.6710131785098398,0.1912886798381805,46.14177896678849,False
Transformer,ar_bounded-no_cluster,0.1,0.4,Dataset_5,3.834261311383542,22.418328764976337,38.40215633525396,0.18760454334558202,0.1951308867761067,38.402156335254,False
Transformer,ar_unbounded-kmeans_8,0.1,0.4,Dataset_5,4.714309430756929,99.81051156126615,99.81051156126618,0.6552964504687779,0.1904549098440579,99.81051156126624,False
Transformer,ar_unbounded-no_cluster,0.1,0.4,Dataset_5,4.091012746414228,102.34797797991692,102.3603769132209,0.6315952417418378,0.1963272488542965,102.36037691322096,False
Transformer,no_ar-kmeans_8,0.1,0.4,Dataset_5,4.2647425296188475,102.32344981443599,102.323449814436,0.5830291059728647,0.1934271784765379,102.32344981443607,False
Transformer,no_ar-no_cluster,0.1,0.4,Dataset_5,3.5851842224479644,-22.425876270146343,27.00646909330337,0.5904534068477445,0.2030775344797543,27.006469093303316,False
LSTM,ar_bounded-kmeans_8,0.1,0.4,Dataset_6,3.263352792229415,59.930600129998126,60.87754547340431,0.6507178701856954,0.1981527326362473,60.87754547340438,False
LSTM,ar_bounded-no_cluster,0.1,0.4,Dataset_6,2.680435918674874,23.452304202278516,26.900321373911556,0.7034190972401387,0.2037896109478814,26.900321373911645,False
LSTM,ar_unbounded-kmeans_8,0.1,0.4,Dataset_6,2.954055245050003,23.187030986997442,42.94319400036782,0.6217161977945521,0.2063139112932341,42.94319400036785,False
LSTM,ar_unbounded-no_cluster,0.1,0.4,Dataset_6,16.817775171738415,383.1347805171874,383.1347805171874,0.5799204747474583,0.2240863479673862,383.1347805171874,False
LSTM,no_ar-kmeans_8,0.1,0.4,Dataset_6,3.4286096924949856,76.75267940757453,77.5367094284184,0.5460006853560543,0.205253857587065,77.5367094284185,False
LSTM,no_ar-no_cluster,0.1,0.4,Dataset_6,2.750173202469479,36.53001059889824,38.398177809823544,0.6883110623650418,0.2089828039918627,38.39817780982364,False
ParetoNBD,-,0.1,0.4,Dataset_6,2.5247706640119683,5.084108244286464,32.980474990895004,0.7301201879440514,,32.98047499089502,False
Transformer,ar_bounded-kmeans_8,0.1,0.4,Dataset_6,2.890555399457274,33.45069668504289,35.670953916759025,0.6638098318780994,0.1985916165368897,35.670953916759096,False
Transformer,ar_bounded-no_cluster,0.1,0.4,Dataset_6,2.7575649676563834,21.522775812709302,31.395766278030056,0.6970561064636833,0.2055488441671644,31.395766278030106,False
Transformer,ar_unbounded-kmeans_8,0.1,0.4,Dataset_6,3.1308438540700303,49.616023423978596,51.355037395817355,0.6540067268208831,0.1981094735009329,51.35503739581742,False
Transformer,ar_unbounded-no_cluster,0.1,0.4,Dataset_6,5.907915182043749,127.51446912211874,127.51446912211874,0.6604658029569386,0.2079055681824684,127.51446912211884,False
Transformer,no_ar-kmeans_8,0.1,0.4,Dataset_6,2.8519333635500748,25.719721318948178,39.025723492169654,0.6536658009591023,0.2029198078172547,39.02572349216969,False
Transformer,no_ar-no_cluster,0.1,0.4,Dataset_6,2.9153599886906,20.561896902104664,38.73285095817289,0.5819093438976525,0.2120090201497078,38.73285095817295,False
LSTM,ar_bounded-kmeans_8,0.1,0.4,Dataset_7,3.106128278773017,44.21504812450511,47.9201828961482,0.6532108483869463,0.2019702887960842,47.92018289614827,False
LSTM,ar_bounded-no_cluster,0.1,0.4,Dataset_7,2.6994972265659305,14.430096506244725,25.544483967013612,0.7312772112793637,0.2075820352349962,25.54448396701368,False
LSTM,ar_unbounded-kmeans_8,0.1,0.4,Dataset_7,9.28555976049298,147.97127587767145,147.97127587767147,0.5368411204914763,0.2051800170115062,147.97127587767153,False
LSTM,ar_unbounded-no_cluster,0.1,0.4,Dataset_7,16.38246233024824,313.2071681494905,313.20716814949054,0.5975810760444624,0.2170206446732793,313.20716814949054,False
LSTM,no_ar-kmeans_8,0.1,0.4,Dataset_7,3.4104119894338414,65.76512439505969,67.040670943462,0.5870930758690164,0.2031120445047106,67.04067094346208,False
LSTM,no_ar-no_cluster,0.1,0.4,Dataset_7,3.0135748649001126,63.791306554820316,65.6606507273111,0.6893525373928096,0.2121809252670833,65.66065072731115,False
ParetoNBD,-,0.1,0.4,Dataset_7,2.4593804553272984,-5.715180457930688,28.350374611862687,0.7499075032068899,,28.35037461186266,False
Transformer,ar_bounded-kmeans_8,0.1,0.4,Dataset_7,3.0512761214613637,24.924249812320397,32.85917623208125,0.667197404350962,0.1995571276971272,32.859176232081325,False
Transformer,ar_bounded-no_cluster,0.1,0.4,Dataset_7,2.535957964422283,10.063294184606677,23.504575421720187,0.703162912807244,0.2067642020327704,23.50457542172023,False
Transformer,ar_unbounded-kmeans_8,0.1,0.4,Dataset_7,4.5557628305233155,114.48652708413374,114.48652708413375,0.6471300069264353,0.2034446565168244,114.48652708413384,False
Transformer,ar_unbounded-no_cluster,0.1,0.4,Dataset_7,2.973737989105758,45.99364498562924,48.92450421006919,0.6768177243857458,0.2074339602674756,48.92450421006927,False
Transformer,no_ar-kmeans_8,0.1,0.4,Dataset_7,4.1835794437327,89.06507363990812,89.06507363990814,0.6298620189024032,0.2021336938653673,89.0650736399082,False
Transformer,no_ar-no_cluster,0.1,0.4,Dataset_7,3.301052449188559,71.09888154321095,71.36731062488775,0.607041729901973,0.2151557015521185,71.36731062488784,False
LSTM,ar_bounded-kmeans_8,0.1,0.4,Dataset_8,3.0571793718182927,65.47369952419733,65.77469310622537,0.6561074234923341,0.1926302723586559,65.77469310622547,False
LSTM,ar_bounded-no_cluster,0.1,0.4,Dataset_8,3.0372127259747748,52.03886614140268,54.31823492679389,0.6808515398526607,0.2018048502504825,54.31823492679399,False
LSTM,ar_unbounded-kmeans_8,0.1,0.4,Dataset_8,3.1441678354628575,61.37054325873376,71.27293968466522,0.5730118594236348,0.2077261633597887,71.27293968466527,False
LSTM,ar_unbounded-no_cluster,0.1,0.4,Dataset_8,11.724375304373678,298.4833428041257,298.4833428041257,0.5628703127149163,0.2101598642766475,298.4833428041257,False
LSTM,no_ar-kmeans_8,0.1,0.4,Dataset_8,3.327506690277181,71.72121557802788,72.96727053464006,0.617084626035372,0.2006214745342731,72.96727053464016,False
LSTM,no_ar-no_cluster,0.1,0.4,Dataset_8,3.435829039226746,62.239333783009016,64.74956172724718,0.3875652326980313,0.2129868452365581,64.74956172724727,False
ParetoNBD,-,0.1,0.4,Dataset_8,2.2872150979598964,2.0471413852855584,31.6316261443359,0.7346504850051352,,31.63162614433589,False
Transformer,ar_bounded-kmeans_8,0.1,0.4,Dataset_8,3.3235994862102514,86.46464066640891,86.46464066640893,0.6426693338151049,0.195913430589896,86.46464066640901,False
Transformer,ar_bounded-no_cluster,0.1,0.4,Dataset_8,2.3970896063556038,20.894798172026967,28.489187538453915,0.7053984891568146,0.2010620896305356,28.489187538453983,False
Transformer,ar_unbounded-kmeans_8,0.1,0.4,Dataset_8,3.125322788905054,32.71186426891551,39.92518982858176,0.6313449649559357,0.1965020780379955,39.9251898285818,False
Transformer,ar_unbounded-no_cluster,0.1,0.4,Dataset_8,3.160674069168641,71.34950302420408,71.58153107246099,0.6499490586245666,0.2029856368899345,71.58153107246109,False
Transformer,no_ar-kmeans_8,0.1,0.4,Dataset_8,4.692698826916683,125.91496157105556,125.91496157105557,0.6262093945409916,0.198486409508265,125.91496157105566,False
Transformer,no_ar-no_cluster,0.1,0.4,Dataset_8,4.186077155589283,144.10607808839447,144.10607808839447,0.595570478212538,0.2080455984060581,144.10607808839458,False
LSTM,ar_bounded-kmeans_8,0.1,0.4,Dataset_9,2.889072526610213,51.57814353230415,54.895508823313925,0.6426662515447759,0.1851158131446157,54.89550882331402,False
LSTM,ar_bounded-no_cluster,0.1,0.4,Dataset_9,2.4491052930975368,32.29820341535437,38.257484931420606,0.6893452162199706,0.1900389865040779,38.25748493142069,False
LSTM,ar_unbounded-kmeans_8,0.1,0.4,Dataset_9,21.08524673339877,276.613173578046,276.613173578046,0.6586205897636216,0.1847298751984323,276.61317357804603,False
LSTM,ar_unbounded-no_cluster,0.1,0.4,Dataset_9,36.90082745598585,747.4907188771103,747.4907188771103,0.5526969710656554,0.2072491012513637,747.4907188771103,False
LSTM,no_ar-kmeans_8,0.1,0.4,Dataset_9,3.272802535093878,76.43922134057168,77.16077825216246,0.5906818043088783,0.1871157788804599,77.16077825216253,False
LSTM,no_ar-no_cluster,0.1,0.4,Dataset_9,2.5309021935413436,46.19640696308604,46.68143691868695,0.6908011804633314,0.1926154004676001,46.681436918687055,False
ParetoNBD,-,0.1,0.4,Dataset_9,2.2278556567173817,5.061434199669939,31.720950021104144,0.7372425847907971,,31.72095002110418,False
Transformer,ar_bounded-kmeans_8,0.1,0.4,Dataset_9,3.7873054442498026,103.19281429186185,103.19281429186185,0.6351744624136001,0.1819530044283185,103.19281429186196,False
Transformer,ar_bounded-no_cluster,0.1,0.4,Dataset_9,2.405266535109437,-6.370958310334583,23.8499999929688,0.6865877151195622,0.1895073769348008,23.849999992968797,False
Transformer,ar_unbounded-kmeans_8,0.1,0.4,Dataset_9,2.7367980324550087,11.280239240216096,29.097005899292856,0.6543469711722267,0.1787353338939803,29.09700589929289,False
Transformer,ar_unbounded-no_cluster,0.1,0.4,Dataset_9,3.3534970753783533,85.65987977478082,86.1994007412165,0.6655278849152437,0.1899403227227074,86.19940074121658,False
Transformer,no_ar-kmeans_8,0.1,0.4,Dataset_9,3.8962680879088896,116.89970011627682,116.89970011627683,0.6249853868412434,0.1849239415356091,116.89970011627692,False
Transformer,no_ar-no_cluster,0.1,0.4,Dataset_9,3.9505830500802466,134.29401205088598,134.294012050886,0.5836988270693309,0.1965743686471666,134.2940120508861,False
LSTM,ar_bounded-kmeans_8,0.1,0.6,Dataset_1,2.428472073338227,44.10285683189099,51.0605711826255,0.5335029218435509,0.1237151610354582,51.06057118262564,False
LSTM,ar_bounded-no_cluster,0.1,0.6,Dataset_1,2.1219903756113885,-3.4817146988853764,28.813142846737588,0.5958108625231303,0.1241777967661619,28.813142846737588,False
LSTM,ar_unbounded-kmeans_8,0.1,0.6,Dataset_1,9.091937695833131,308.9502853792691,308.95028537926913,0.5597771054728908,0.1399909729758898,308.9502853792693,False
LSTM,ar_unbounded-no_cluster,0.1,0.6,Dataset_1,4.809864536010935,127.88971381325791,128.06228524563554,0.581685964054549,0.1280195750296116,128.06228524563568,False
LSTM,no_ar-kmeans_8,0.1,0.6,Dataset_1,2.7806077052716276,86.3857141177567,87.04628553092465,0.5576321124461959,0.1306177359074354,87.04628553092479,False
LSTM,no_ar-no_cluster,0.1,0.6,Dataset_1,2.200961892887152,5.355999603228676,25.226857044867057,0.611700281118741,0.1265781689435243,25.226857044867103,False
ParetoNBD,-,0.1,0.6,Dataset_1,2.0481134198185194,-11.20223973032029,35.23174628633324,0.6518093703133664,,35.23174628633322,False
Transformer,ar_bounded-kmeans_8,0.1,0.6,Dataset_1,3.0753723109445255,113.62514290171,113.62514290170996,0.5809485216025165,0.121246193225185,113.6251429017101,False
Transformer,ar_bounded-no_cluster,0.1,0.6,Dataset_1,2.3876743180776034,-46.75600036702005,50.848571706669816,0.5843479157899242,0.1255905088037252,50.84857170666968,False
Transformer,ar_unbounded-kmeans_8,0.1,0.6,Dataset_1,2.2163240818581014,10.28228545061168,34.40685710438657,0.5940865328926275,0.1214091287304957,34.4068571043866,False
Transformer,ar_unbounded-no_cluster,0.1,0.6,Dataset_1,3.4800406028788933,134.62685659187161,134.62685659187164,0.6008197063840233,0.1287139101574818,134.6268565918718,False
Transformer,no_ar-kmeans_8,0.1,0.6,Dataset_1,2.5904933567431248,50.16857120990738,58.87714266542866,0.5579015434927327,0.124908880641063,58.87714266542878,False
Transformer,no_ar-no_cluster,0.1,0.6,Dataset_1,2.4693769052747574,-6.037714966067506,32.8925716385246,0.5196356963723162,0.1362761830290158,32.89257163852453,False
LSTM,ar_bounded-kmeans_8,0.1,0.6,Dataset_10,2.8542627409486108,77.34745748099033,79.19773998426476,0.6120514394555657,0.1414719857275486,79.19773998426487,False
LSTM,ar_bounded-no_cluster,0.1,0.6,Dataset_10,2.282436905767966,19.349811280237233,30.24058362860188,0.6221100377636505,0.1431184535225232,30.24058362860197,False
LSTM,ar_unbounded-kmeans_8,0.1,0.6,Dataset_10,2.9116894768800887,57.22175118988705,68.43079078044532,0.6200710400413688,0.140699823697408,68.43079078044539,False
LSTM,ar_unbounded-no_cluster,0.1,0.6,Dataset_10,8.325010401244917,445.0108284779635,445.0108284779637,0.4635731718171968,0.1619857251644134,445.0108284779637,False
LSTM,no_ar-kmeans_8,0.1,0.6,Dataset_10,3.128919660432981,102.30508437862501,102.30508437862501,0.5517537509571224,0.1458618243535359,102.30508437862518,False
LSTM,no_ar-no_cluster,0.1,0.6,Dataset_10,2.8291082448325304,1.362052275720075,35.75847456407103,0.570560704144142,0.154763343433539,35.75847456407104,False
ParetoNBD,-,0.1,0.6,Dataset_10,2.1808917804340133,-8.634589524461024,41.004236443170356,0.6746145274459879,,41.00423644317035,False
Transformer,ar_bounded-kmeans_8,0.1,0.6,Dataset_10,2.651654355742626,45.342749505428195,54.96892654415907,0.5780877885695469,0.1374554031838973,54.968926544159146,False
Transformer,ar_bounded-no_cluster,0.1,0.6,Dataset_10,2.2085391837400166,21.869114370448145,35.95668527073167,0.6270629094622291,0.144199381271998,35.95668527073176,False
Transformer,ar_unbounded-kmeans_8,0.1,0.6,Dataset_10,2.7552606968926265,65.10216554419854,68.23587559668688,0.577653977706181,0.1395533351848522,68.23587559668694,False
Transformer,ar_unbounded-no_cluster,0.1,0.6,Dataset_10,4.3084970349091565,219.00706175826966,219.00706175826966,0.611953657650624,0.1478807255625724,219.0070617582698,False
Transformer,no_ar-kmeans_8,0.1,0.6,Dataset_10,3.802101666085135,141.12900186272185,141.12900186272188,0.5627933069340287,0.1422960460186004,141.12900186272202,False
Transformer,no_ar-no_cluster,0.1,0.6,Dataset_10,2.8323507744829453,69.06967962278202,70.51506567853374,0.5673443511049592,0.1539456943670908,70.51506567853389,False
LSTM,ar_bounded-kmeans_8,0.1,0.6,Dataset_2,2.737111182521199,84.05656069611933,84.90723946513125,0.5924623753484816,0.1382916967074076,84.90723946513144,False
LSTM,ar_bounded-no_cluster,0.1,0.6,Dataset_2,2.164618334947578,10.605768733067674,27.006221588856864,0.6512917273059241,0.139905812839667,27.00622158885693,False
LSTM,ar_unbounded-kmeans_8,0.1,0.6,Dataset_2,12.469317345688925,136.75622149671912,138.56730755509133,0.594364701393812,0.1441748552024364,138.56730755509142,False
LSTM,ar_unbounded-no_cluster,0.1,0.6,Dataset_2,2.558955987708351,-4.198529713627156,42.61368773466743,0.6449736679107057,0.1457323264330625,42.61368773466743,False
LSTM,no_ar-kmeans_8,0.1,0.6,Dataset_2,3.0757995216177987,115.5226241721353,115.5226241721353,0.5582255352209078,0.1490305252373218,115.52262417213544,False
LSTM,no_ar-no_cluster,0.1,0.6,Dataset_2,3.0362827986210292,144.3495474987539,144.34954749875396,0.5908336897502221,0.1604480197032292,144.3495474987541,False
ParetoNBD,-,0.1,0.6,Dataset_2,2.1144740432186095,-6.363644761112959,36.202379100411044,0.6681189139605743,,36.202379100411065,False
Transformer,ar_bounded-kmeans_8,0.1,0.6,Dataset_2,2.5181663425073,41.29411746448573,49.25565598469334,0.6001078465098345,0.1382227713863054,49.255655984693455,False
Transformer,ar_bounded-no_cluster,0.1,0.6,Dataset_2,4.103856887672313,148.966063064211,148.96606306421103,0.6463069674635848,0.139728824297587,148.9660630642112,False
Transformer,ar_unbounded-kmeans_8,0.1,0.6,Dataset_2,2.8078863675798753,16.690044968843946,38.48981893467565,0.6134470773565257,0.1368827987462282,38.4898189346757,False
Transformer,ar_unbounded-no_cluster,0.1,0.6,Dataset_2,2.5152874285972806,70.71436627260157,74.69174190902672,0.641550997751915,0.1459922542174657,74.69174190902686,False
Transformer,no_ar-kmeans_8,0.1,0.6,Dataset_2,3.1752986627606252,142.47454743120142,142.47454743120142,0.5445918630058804,0.1447978913784027,142.4745474312016,False
Transformer,no_ar-no_cluster,0.1,0.6,Dataset_2,3.3631651083785257,195.51696837226507,195.5169683722651,0.5643573099965999,0.1518289266775051,195.51696837226527,False
LSTM,ar_bounded-kmeans_8,0.1,0.6,Dataset_3,2.791016355292158,96.2448032449189,97.38683559346762,0.5833806473235724,0.1404557110120853,97.3868355934678,False
LSTM,ar_bounded-no_cluster,0.1,0.6,Dataset_3,2.1008196556272085,28.028867806051757,39.749422315594,0.6435953589827476,0.1420484532912572,39.74942231559416,False
LSTM,ar_unbounded-kmeans_8,0.1,0.6,Dataset_3,2.2124751892614847,24.016165859807785,38.59468801377234,0.6085350712181058,0.1388981038083633,38.59468801377242,False
LSTM,ar_unbounded-no_cluster,0.1,0.6,Dataset_3,7.487754458137575,475.14607356033133,475.1460735603314,0.44912255936354606,0.1612514605124791,475.1460735603315,False
LSTM,no_ar-kmeans_8,0.1,0.6,Dataset_3,2.946180107194864,130.1322169496523,130.5178982489601,0.5000563655507314,0.1472072203954061,130.51789824896025,False
LSTM,no_ar-no_cluster,0.1,0.6,Dataset_3,2.3084988558630517,36.557736001181524,43.342955508667075,0.6121815374012094,0.1510615230848392,43.34295550866728,False
ParetoNBD,-,0.1,0.6,Dataset_3,1.9575128017366594,6.633260075415859,37.34004174497047,0.6465253432972495,,37.340041744970506,False
Transformer,ar_bounded-kmeans_8,0.1,0.6,Dataset_3,2.528829753266239,54.632216725093976,59.45207822022576,0.6039293546364431,0.1351876867314179,59.45207822022585,False
Transformer,ar_bounded-no_cluster,0.1,0.6,Dataset_3,2.3437961008277037,86.69284017042476,86.75635057258428,0.5632563278519179,0.1420237831771373,86.75635057258448,False
Transformer,ar_unbounded-kmeans_8,0.1,0.6,Dataset_3,2.2040972109479027,22.57967635851518,39.643186947446914,0.6052392563862777,0.1338303598264853,39.64318694744698,False
Transformer,ar_unbounded-no_cluster,0.1,0.6,Dataset_3,2.808693368736586,123.70265567165458,123.70265567165458,0.5425506929550462,0.1431026005496581,123.7026556716548,False
Transformer,no_ar-kmeans_8,0.1,0.6,Dataset_3,2.5338107301628248,46.81812864093747,54.47401799042168,0.5631601781121577,0.1394204155852397,54.47401799042182,False
Transformer,no_ar-no_cluster,0.1,0.6,Dataset_3,2.189021604610539,43.72921425722272,49.811200509664964,0.5829904068254245,0.1511144135147333,49.81120050966516,False
LSTM,ar_bounded-kmeans_8,0.1,0.6,Dataset_4,2.922541946883601,60.67590702197404,63.764616764796315,0.4464496134781017,0.1398732786377271,63.76461676479648,False
LSTM,ar_bounded-no_cluster,0.1,0.6,Dataset_4,2.2404143036680164,19.75655201315529,30.30997966021861,0.6385016214760425,0.1412131891896327,30.3099796602187,False
LSTM,ar_unbounded-kmeans_8,0.1,0.6,Dataset_4,3.0503321572954887,7.664818117946848,30.331149193619705,0.611758002832412,0.1417563507954279,30.331149193619737,False
LSTM,ar_unbounded-no_cluster,0.1,0.6,Dataset_4,12.650813130540307,576.0871973881993,576.0871973881993,0.4004093873574529,0.1588003486394882,576.0871973881993,False
LSTM,no_ar-kmeans_8,0.1,0.6,Dataset_4,3.08058600339214,114.03528208085773,114.03528208085773,0.4397383351317401,0.1447548195719719,114.03528208085788,False
LSTM,no_ar-no_cluster,0.1,0.6,Dataset_4,2.545759221449308,41.14062456675079,47.06804413140003,0.6085179354590627,0.1488913111388683,47.06804413140016,False
ParetoNBD,-,0.1,0.6,Dataset_4,2.0050273044490945,1.7781367232468903,33.60686625673399,0.6580865060510407,,33.60686625673397,False
Transformer,ar_bounded-kmeans_8,0.1,0.6,Dataset_4,2.926329089838656,75.48336659890447,75.60735856072078,0.5169185322376637,0.1333444987734159,75.60735856072091,False
Transformer,ar_bounded-no_cluster,0.1,0.6,Dataset_4,2.64509300372432,100.19455591090862,100.19455591090859,0.6271852318109571,0.140844739973545,100.1945559109088,False
Transformer,ar_unbounded-kmeans_8,0.1,0.6,Dataset_4,3.163890744199507,103.73739883784307,103.96018111064356,0.3885126786871245,0.1365843570480744,103.96018111064367,False
Transformer,ar_unbounded-no_cluster,0.1,0.6,Dataset_4,3.8710303402797366,143.6320559659618,143.63205596596183,0.6129949494652086,0.1430199109017849,143.63205596596197,False
Transformer,no_ar-kmeans_8,0.1,0.6,Dataset_4,2.4204399726633414,40.06854809600951,44.17036265452127,0.5853953974345033,0.1369798667728901,44.17036265452137,False
Transformer,no_ar-no_cluster,0.1,0.6,Dataset_4,2.662880670318851,70.41985835690376,70.92389066284879,0.5039942850523748,0.1498359932253758,70.92389066284898,False
LSTM,ar_bounded-kmeans_8,0.1,0.6,Dataset_5,2.9372478063737297,131.07515495675392,131.07515495675398,0.5115594406729733,0.143502039834857,131.07515495675415,False
LSTM,ar_bounded-no_cluster,0.1,0.6,Dataset_5,1.9273428246397044,31.96832238702272,38.209316388281415,0.6335949095720302,0.1458903613189856,38.20931638828161,False
LSTM,ar_unbounded-kmeans_8,0.1,0.6,Dataset_5,10.39140281471164,165.39875747983015,165.39875747983018,0.4089418128146794,0.1587749098738034,165.39875747983038,False
LSTM,ar_unbounded-no_cluster,0.1,0.6,Dataset_5,5.505888334224904,377.0093165053434,377.0093165053435,0.467896587986764,0.1625399614373842,377.0093165053436,False
LSTM,no_ar-kmeans_8,0.1,0.6,Dataset_5,2.974603460061897,127.56397478606368,127.5639747860637,0.5372410451506148,0.153716983894507,127.5639747860639,False
LSTM,no_ar-no_cluster,0.1,0.6,Dataset_5,2.3262036391032916,110.58136610082843,110.58136610082843,0.6332766851428738,0.1529665496200323,110.58136610082866,False
ParetoNBD,-,0.1,0.6,Dataset_5,1.840698392152629,19.107510885527187,38.06922178012822,0.6693161533868661,,38.06922178012827,False
Transformer,ar_bounded-kmeans_8,0.1,0.6,Dataset_5,3.062880573199664,131.13105554075787,131.13105554075787,0.5976331124811771,0.1399055092285076,131.13105554075807,False
Transformer,ar_bounded-no_cluster,0.1,0.6,Dataset_5,2.4252563145523016,126.97267038365862,126.97267038365862,0.5997333354828769,0.14651302061975,126.97267038365884,False
Transformer,ar_unbounded-kmeans_8,0.1,0.6,Dataset_5,2.3403634361120025,60.80745317805425,63.431055686257146,0.5891272797871676,0.1414078120142221,63.43105568625728,False
Transformer,ar_unbounded-no_cluster,0.1,0.6,Dataset_5,2.3054576124465678,96.26397489089936,96.26397489089939,0.5193588411425449,0.1493788460890452,96.2639748908996,False
Transformer,no_ar-kmeans_8,0.1,0.6,Dataset_5,3.2350166268592093,151.98260826689187,151.98260826689193,0.5883602440641582,0.1433226919422547,151.98260826689207,False
Transformer,no_ar-no_cluster,0.1,0.6,Dataset_5,2.5695336926414667,100.47763943787851,102.71863328443347,0.46879869345747827,0.1556993362804254,102.71863328443366,False
LSTM,ar_bounded-kmeans_8,0.1,0.6,Dataset_6,2.805312126832911,103.33107134600213,103.33107134600216,0.473420805796755,0.1393346010396877,103.33107134600245,False
LSTM,ar_bounded-no_cluster,0.1,0.6,Dataset_6,1.968632130051442,14.666213600149163,27.595657740531205,0.6140917389960642,0.1374658389637867,27.59565774053133,False
LSTM,ar_unbounded-kmeans_8,0.1,0.6,Dataset_6,10.934166030438327,491.29375794717924,491.2937579471793,0.48990213412300065,0.1573905249436696,491.2937579471795,False
LSTM,ar_unbounded-no_cluster,0.1,0.6,Dataset_6,2.596449291258128,-3.6200818767472533,28.521031290014786,0.5722420485441283,0.1434936063985029,28.521031290014733,False
LSTM,no_ar-kmeans_8,0.1,0.6,Dataset_6,3.623696785041577,237.42605128718498,237.42605128718503,0.3569219518603861,0.1485118145744005,237.42605128718523,False
LSTM,no_ar-no_cluster,0.1,0.6,Dataset_6,2.243517726745446,107.90366291762224,108.66485699743336,0.6096009504263018,0.1465162610014279,108.66485699743356,False
ParetoNBD,-,0.1,0.6,Dataset_6,1.9186310017838557,1.7000451274478527,34.48375762988508,0.6280630367465951,,34.48375762988508,False
Transformer,ar_bounded-kmeans_8,0.1,0.6,Dataset_6,3.532254489636114,149.98778797751788,149.98778797751794,0.5315567487476389,0.1355130871136983,149.9877879775181,False
Transformer,ar_bounded-no_cluster,0.1,0.6,Dataset_6,2.433480572744332,128.68181776313466,128.6818177631347,0.6035131980238996,0.1394269708544016,128.68181776313497,False
Transformer,ar_unbounded-kmeans_8,0.1,0.6,Dataset_6,2.8781293839829387,76.76051520872622,76.7605152087262,0.5306550897237018,0.1353629529476165,76.76051520872633,False
Transformer,ar_unbounded-no_cluster,0.1,0.6,Dataset_6,4.702294836651573,292.9335134078619,292.9335134078619,0.5583713048213854,0.1419743318110704,292.9335134078621,False
Transformer,no_ar-kmeans_8,0.1,0.6,Dataset_6,2.976254660344962,111.18656674455555,111.85549484702312,0.5197897316998066,0.1380353334049383,111.8554948470233,False
Transformer,no_ar-no_cluster,0.1,0.6,Dataset_6,2.5995038862568878,138.60244196466826,138.60244196466826,0.4742990076392309,0.1498892611513535,138.6024419646685,False
LSTM,ar_bounded-kmeans_8,0.1,0.6,Dataset_7,2.6890006269461404,90.4235877347272,90.42358773472723,0.5355300278871922,0.1442459126313527,90.42358773472746,False
LSTM,ar_bounded-no_cluster,0.1,0.6,Dataset_7,2.112047600921343,16.33720876770698,30.979512603839954,0.6264507507693347,0.1433755873392025,30.979512603840032,False
LSTM,ar_unbounded-kmeans_8,0.1,0.6,Dataset_7,2.5874631717484737,23.44573621430797,40.973975485786816,0.5789558352259794,0.1464075582722822,40.97397548578688,False
LSTM,ar_unbounded-no_cluster,0.1,0.6,Dataset_7,19.82857585864716,499.12070886872425,499.12070886872436,0.51285306313014,0.1625198225180308,499.1207088687244,False
LSTM,no_ar-kmeans_8,0.1,0.6,Dataset_7,3.0562591541630475,102.50442950374708,102.50442950374709,0.5614245682361859,0.1459775492548942,102.50442950374726,False
LSTM,no_ar-no_cluster,0.1,0.6,Dataset_7,2.343879812383677,46.81838262126914,50.41638943165572,0.5734366498935115,0.151689492786924,50.4163894316559,False
ParetoNBD,-,0.1,0.6,Dataset_7,2.0184147383184965,0.7576732837860527,32.814410288275134,0.6729304014158987,,32.81441028827514,False
Transformer,ar_bounded-kmeans_8,0.1,0.6,Dataset_7,4.321006895376901,228.53100764836398,228.53100764836404,0.5917404097704317,0.1385025350997845,228.53100764836415,False
Transformer,ar_bounded-no_cluster,0.1,0.6,Dataset_7,2.5183432859904418,60.84551453489299,60.946289776563304,0.6094718398228602,0.143552246193091,60.94628977656348,False
Transformer,ar_unbounded-kmeans_8,0.1,0.6,Dataset_7,3.162757756291801,101.75802861489878,101.75802861489878,0.5933358800503982,0.1382690276950597,101.75802861489892,False
Transformer,ar_unbounded-no_cluster,0.1,0.6,Dataset_7,3.788390822828051,149.34994383546962,149.34994383546962,0.5986146093179243,0.145912479609251,149.34994383546982,False
Transformer,no_ar-kmeans_8,0.1,0.6,Dataset_7,2.7411836167604515,90.30620131491028,90.30620131491033,0.5907879799502366,0.1409340258687734,90.30620131491048,False
Transformer,no_ar-no_cluster,0.1,0.6,Dataset_7,3.592436612342586,200.84717616610052,200.84717616610055,0.5426369211603367,0.1538806116829315,200.84717616610072,False
LSTM,ar_bounded-kmeans_8,0.1,0.6,Dataset_8,3.1272553697679957,151.68493116299967,151.68493116299967,0.5487620779253984,0.1394706678887208,151.68493116299993,False
LSTM,ar_bounded-no_cluster,0.1,0.6,Dataset_8,2.061586495799694,42.30136945562996,44.05890377799717,0.5933882226215427,0.1420489860077699,44.05890377799738,False
LSTM,ar_unbounded-kmeans_8,0.1,0.6,Dataset_8,4.638188958050635,75.83835563290687,80.22191737548826,0.5043832942975044,0.1499913235505422,80.22191737548843,False
LSTM,ar_unbounded-no_cluster,0.1,0.6,Dataset_8,8.821903404164242,434.9602738919678,434.9602738919679,0.4721344533070177,0.160195658604304,434.9602738919681,False
LSTM,no_ar-kmeans_8,0.1,0.6,Dataset_8,3.516110456104229,176.51232858673225,176.5123285867323,0.5173446787081339,0.1434669035176436,176.51232858673248,False
LSTM,no_ar-no_cluster,0.1,0.6,Dataset_8,2.135073270277266,35.99178025792386,39.93424606968766,0.5717137760960691,0.1452858770887057,39.93424606968789,False
ParetoNBD,-,0.1,0.6,Dataset_8,1.9152141423168763,23.090570622730926,41.37118885213899,0.6040517449817003,,41.37118885213906,False
Transformer,ar_bounded-kmeans_8,0.1,0.6,Dataset_8,3.2366785153168345,145.095890240667,145.09589024066702,0.5378353308207294,0.1384988644470771,145.09589024066722,False
Transformer,ar_bounded-no_cluster,0.1,0.6,Dataset_8,2.5251681832411967,148.22534214386258,148.22534214386258,0.5745761782988471,0.1424021515995264,148.22534214386283,False
Transformer,ar_unbounded-kmeans_8,0.1,0.6,Dataset_8,3.262712732097638,77.47328751439804,78.23767109263727,0.5481544732500876,0.1379868059108654,78.2376710926374,False
Transformer,ar_unbounded-no_cluster,0.1,0.6,Dataset_8,2.9761560044419038,177.22123273839665,177.22123273839665,0.4993872854524609,0.1446555436899264,177.2212327383969,False
Transformer,no_ar-kmeans_8,0.1,0.6,Dataset_8,3.107935669231695,143.06643823901658,143.06643823901658,0.5359787939320715,0.1401541798065106,143.06643823901675,False
Transformer,no_ar-no_cluster,0.1,0.6,Dataset_8,2.4219527137038295,98.2787665668617,100.74588994763461,0.4807683928186777,0.1501829450329145,100.74588994763484,False
LSTM,ar_bounded-kmeans_8,0.1,0.6,Dataset_9,2.654672268749928,78.11191304543098,78.18050510165958,0.481945587300753,0.1369476057589054,78.18050510165978,False
LSTM,ar_bounded-no_cluster,0.1,0.6,Dataset_9,2.1807484719221186,24.315282417669486,30.00240655297627,0.6320414648731825,0.1384335458278656,30.0024065529764,False
LSTM,ar_unbounded-kmeans_8,0.1,0.6,Dataset_9,2.3495461078408373,35.81648595803698,56.735860364159635,0.544125526452921,0.1453274426360925,56.7358603641597,False
LSTM,ar_unbounded-no_cluster,0.1,0.6,Dataset_9,2.992109310124716,66.42298387737856,66.63959039673283,0.6163968829798138,0.1507440904776255,66.63959039673298,False
LSTM,no_ar-kmeans_8,0.1,0.6,Dataset_9,3.0025625801453026,129.60589619882376,129.6058961988237,0.4771959493696034,0.1489358289788166,129.60589619882396,False
LSTM,no_ar-no_cluster,0.1,0.6,Dataset_9,2.346794020185504,79.72081784197026,82.22021623251206,0.5896633829255272,0.1487936445822318,82.22021623251223,False
ParetoNBD,-,0.1,0.6,Dataset_9,2.0233200186049705,8.026923065776051,38.36280769886767,0.6443338948921266,,38.36280769886773,False
Transformer,ar_bounded-kmeans_8,0.1,0.6,Dataset_9,2.671545207122818,72.61251475545421,74.58724400990154,0.565752141154193,0.1353089561065038,74.58724400990168,False
Transformer,ar_bounded-no_cluster,0.1,0.6,Dataset_9,3.8430413736802254,259.5240676638844,259.52406766388447,0.628635579335634,0.1386607270687818,259.52406766388464,False
Transformer,ar_unbounded-kmeans_8,0.1,0.6,Dataset_9,3.491811946907114,160.0367026449494,160.03670264494943,0.5853646559365229,0.1359043748428424,160.0367026449496,False
Transformer,ar_unbounded-no_cluster,0.1,0.6,Dataset_9,4.967208746645578,179.57521006711497,179.575210067115,0.5292897185127057,0.1412804319212834,179.57521006711517,False
Transformer,no_ar-kmeans_8,0.1,0.6,Dataset_9,3.528836940416168,146.89470512106564,146.8947051210657,0.5714368432703509,0.1365470110128323,146.89470512106584,False
Transformer,no_ar-no_cluster,0.1,0.6,Dataset_9,2.5251862409419794,65.65703929656317,67.46931370296167,0.5216761162543151,0.1483076450725396,67.46931370296186,False
LSTM,ar_bounded-kmeans_8,0.1,0.8,Dataset_1,2.300214036982932,167.48731830393513,167.48731830393515,0.47034503070948697,0.0737824905663728,167.48731830393544,False
LSTM,ar_bounded-no_cluster,0.1,0.8,Dataset_1,1.3753779508952797,11.2210139075452,48.811594084701476,0.4820372123629182,0.0776696648448705,48.81159408470157,False
LSTM,ar_unbounded-kmeans_8,0.1,0.8,Dataset_1,1.6573714869741758,61.63405768532776,76.0869562929576,0.4539704944922636,0.0740271229296922,76.08695629295771,False
LSTM,ar_unbounded-no_cluster,0.1,0.8,Dataset_1,6.168032866964141,797.2336944739291,797.2336944739288,0.342582571679424,0.0942659725745519,797.2336944739294,False
LSTM,no_ar-kmeans_8,0.1,0.8,Dataset_1,2.389039151215853,334.1684768499423,334.1684768499423,0.34750165339717093,0.0885624043643474,334.16847684994286,False
LSTM,no_ar-no_cluster,0.1,0.8,Dataset_1,2.078183037845691,278.1123178299052,278.1123178299052,0.4351031615843551,0.0938224859535694,278.1123178299057,False
ParetoNBD,-,0.1,0.8,Dataset_1,1.3183750228966702,13.818340780947857,53.89231476380134,0.5155670057710071,,53.892314763801465,False
Transformer,ar_bounded-kmeans_8,0.1,0.8,Dataset_1,2.7665832990602364,273.3713762068685,273.3713762068685,0.45557019135551563,0.0748927507549524,273.3713762068689,False
Transformer,ar_bounded-no_cluster,0.1,0.8,Dataset_1,1.6158876295877658,-29.556160295328585,51.69384087692369,0.48393863161463685,0.0786943096667528,51.69384087692352,False
Transformer,ar_unbounded-kmeans_8,0.1,0.8,Dataset_1,2.0161942700259177,126.85144858509008,130.31521673024056,0.4764869667915049,0.0731113694608211,130.3152167302408,False
Transformer,ar_unbounded-no_cluster,0.1,0.8,Dataset_1,1.9076225118454788,165.86775299181875,165.86775299181878,0.4710664314770388,0.0796785615384578,165.86775299181917,False
Transformer,no_ar-kmeans_8,0.1,0.8,Dataset_1,2.4288208260398747,179.9945645705807,179.99456457058074,0.45116495465629536,0.0740728825330734,179.99456457058102,False
Transformer,no_ar-no_cluster,0.1,0.8,Dataset_1,2.2430968957779323,281.21014411351933,281.21014411351933,0.37722733132662184,0.0903421178460121,281.2101441135198,False
LSTM,ar_bounded-kmeans_8,0.1,0.8,Dataset_10,1.7149259797127596,46.37349358036051,60.719879154755276,0.44966778116868217,0.0722941532731056,60.719879154755496,False
LSTM,ar_bounded-no_cluster,0.1,0.8,Dataset_10,1.4754767320258118,-1.6927717071232304,38.95180732241823,0.46104062355133973,0.0714137057463328,38.951807322418205,False
LSTM,ar_unbounded-kmeans_8,0.1,0.8,Dataset_10,8.740227504167729,218.93222875449882,221.68524082082425,0.4326267736905114,0.0733527806070115,221.68524082082448,False
LSTM,ar_unbounded-no_cluster,0.1,0.8,Dataset_10,13.76115136258212,757.03765132874,757.0376513287398,0.3338214509150478,0.0880401606361071,757.0376513287403,False
LSTM,no_ar-kmeans_8,0.1,0.8,Dataset_10,1.9688847997918277,167.40210708006268,167.4021070800627,0.43108645152034486,0.0771802167097727,167.4021070800632,False
LSTM,no_ar-no_cluster,0.1,0.8,Dataset_10,1.5807150928832263,-4.454819800287648,39.457831432459436,0.47142952593917337,0.0723967506653732,39.45783143245941,False
ParetoNBD,-,0.1,0.8,Dataset_10,1.4723765673115412,-21.558042384486765,47.47179095299249,0.5145632650382593,,47.47179095299246,False
Transformer,ar_bounded-kmeans_8,0.1,0.8,Dataset_10,2.3334646798720886,106.38554155523573,109.90662593843322,0.4426004945420478,0.0709920063614845,109.90662593843348,False
Transformer,ar_bounded-no_cluster,0.1,0.8,Dataset_10,1.3529338866761604,-7.23795245165958,44.15963857647883,0.4621885409915934,0.0725475731823179,44.15963857647884,False
Transformer,ar_unbounded-kmeans_8,0.1,0.8,Dataset_10,1.6722533930039782,80.95481860681399,90.0903609140875,0.4326237617524658,0.071399301290512,90.09036091408773,False
Transformer,ar_unbounded-no_cluster,0.1,0.8,Dataset_10,3.1064578872505484,250.35240858854934,250.35240858854937,0.43486324800323783,0.0736154491702715,250.3524085885497,False
Transformer,no_ar-kmeans_8,0.1,0.8,Dataset_10,1.8566038676382286,72.52108373802615,81.31626464920207,0.4277390014319299,0.0712128229439258,81.31626464920231,False
Transformer,no_ar-no_cluster,0.1,0.8,Dataset_10,2.4802377273474567,259.0527099568438,259.0527099568438,0.39023542606598144,0.0819333508610725,259.0527099568442,False
LSTM,ar_bounded-kmeans_8,0.1,0.8,Dataset_2,2.0891623936433943,91.96107760657296,95.38922133955886,0.40246293940574623,0.0689168557524681,95.38922133955904,False
LSTM,ar_bounded-no_cluster,0.1,0.8,Dataset_2,1.5698389288319976,-23.619761112185472,43.85329359350456,0.46372912082855766,0.0696753424902757,43.85329359350448,False
LSTM,ar_unbounded-kmeans_8,0.1,0.8,Dataset_2,2.11969838694306,-11.504491338852203,45.78293415991046,0.4377418831096218,0.0685626327991485,45.78293415991043,False
LSTM,ar_unbounded-no_cluster,0.1,0.8,Dataset_2,1.6872226171308824,-8.868263667438322,41.88622762700041,0.4915995925107794,0.0730190239846706,41.88622762700041,False
LSTM,no_ar-kmeans_8,0.1,0.8,Dataset_2,2.115655275527819,195.13323232893984,196.05239403857885,0.38152105143767495,0.0792766759792963,196.0523940385793,False
LSTM,no_ar-no_cluster,0.1,0.8,Dataset_2,2.3023916084911695,196.34431032129254,197.3113762532652,0.11215837551267471,0.0907666434844334,197.31137625326565,False
ParetoNBD,-,0.1,0.8,Dataset_2,1.4461206967116993,-24.432458737031133,45.5936609949645,0.5290741996843615,,45.59366099496446,False
Transformer,ar_bounded-kmeans_8,0.1,0.8,Dataset_2,1.835443084739203,58.479041437489926,68.34730516288212,0.36662709073899774,0.0678656861186027,68.3473051628823,False
Transformer,ar_bounded-no_cluster,0.1,0.8,Dataset_2,1.66661621892223,109.83981896096975,111.24700467592935,0.469131226569399,0.0708008822053671,111.24700467592986,False
Transformer,ar_unbounded-kmeans_8,0.1,0.8,Dataset_2,1.8919335971464337,64.59131671428032,73.36077801046687,0.47413876440848046,0.0684954710304737,73.36077801046703,False
Transformer,ar_unbounded-no_cluster,0.1,0.8,Dataset_2,2.1619323431798856,167.979041147631,167.97904114763105,0.43841123255670644,0.0744812384247779,167.97904114763136,False
Transformer,no_ar-kmeans_8,0.1,0.8,Dataset_2,2.538023349245222,97.63472993010461,100.3532928149744,0.44585264559741045,0.0685565192252397,100.35329281497457,False
Transformer,no_ar-no_cluster,0.1,0.8,Dataset_2,2.4758596867132865,278.2649694685401,278.26496946854013,0.4505211669138228,0.078582002595067,278.2649694685406,False
LSTM,ar_bounded-kmeans_8,0.1,0.8,Dataset_3,2.1555348317496956,126.89999942725947,126.89999942725953,0.457215897675917,0.0796620875597,126.8999994272599,False
LSTM,ar_bounded-no_cluster,0.1,0.8,Dataset_3,1.5833030915662623,-17.181250682333857,43.07187522121252,0.4873311050844593,0.0819535914808511,43.0718752212124,False
LSTM,ar_unbounded-kmeans_8,0.1,0.8,Dataset_3,1.6164985751020393,-39.46093759179361,52.12343752587916,0.47971165287376377,0.0818259432911872,52.123437525879126,False
LSTM,ar_unbounded-no_cluster,0.1,0.8,Dataset_3,1.4834100343833496,-21.367187778523817,49.34843762166568,0.48196074342056555,0.0852086260914802,49.34843762166565,False
LSTM,no_ar-kmeans_8,0.1,0.8,Dataset_3,2.2915552378212665,142.03906197915757,142.0390619791576,0.4326432657739875,0.0902165077626705,142.03906197915785,False
LSTM,no_ar-no_cluster,0.1,0.8,Dataset_3,1.484191586660306,1.7859370890070636,37.7796875045169,0.49550060132060897,0.0848537240177393,37.779687504516914,False
ParetoNBD,-,0.1,0.8,Dataset_3,1.3783240155564482,17.87382696796037,44.54445186934098,0.5165679741797627,,44.54445186934103,False
Transformer,ar_bounded-kmeans_8,0.1,0.8,Dataset_3,3.1312376791379646,244.1531245899384,244.15312458993844,0.45897543748478814,0.0793115478008985,244.15312458993867,False
Transformer,ar_bounded-no_cluster,0.1,0.8,Dataset_3,1.6423842143365133,103.09218671376539,103.52656175411494,0.4841688141630966,0.0837554723024368,103.5265617541154,False
Transformer,ar_unbounded-kmeans_8,0.1,0.8,Dataset_3,3.1559380327295896,234.38593673286945,234.38593673286937,0.44446064285693376,0.0803249057382345,234.3859367328696,False
Transformer,ar_unbounded-no_cluster,0.1,0.8,Dataset_3,3.020165375966838,254.2281240207372,254.2281240207372,0.4799071041428802,0.0851645141839981,254.2281240207376,False
Transformer,no_ar-kmeans_8,0.1,0.8,Dataset_3,2.4699615076063184,175.52812494803194,175.528124948032,0.4499072792812524,0.0806211531162262,175.5281249480322,False
Transformer,no_ar-no_cluster,0.1,0.8,Dataset_3,2.5616126997790536,305.3296867583407,305.32968675834076,0.4107321717932246,0.0947181671857833,305.32968675834127,False
LSTM,ar_bounded-kmeans_8,0.1,0.8,Dataset_4,2.2504617251971175,87.71652378025117,95.44586860163501,0.4464128597731143,0.0777575589716434,95.44586860163514,False
LSTM,ar_bounded-no_cluster,0.1,0.8,Dataset_4,1.795252022584087,11.089742444773522,53.32051272480145,0.4861939446263197,0.0810280417402585,53.32051272480152,False
LSTM,ar_unbounded-kmeans_8,0.1,0.8,Dataset_4,1.783254145753052,-35.957265166603065,60.10541324251657,0.4818629973734155,0.0796611055731773,60.105413242516526,False
LSTM,ar_unbounded-no_cluster,0.1,0.8,Dataset_4,2.8929430670594436,138.82336103386544,139.86609617587786,0.4703385869013173,0.0837746497243642,139.86609617587806,False
LSTM,no_ar-kmeans_8,0.1,0.8,Dataset_4,2.7279000564510105,278.48860300796065,280.6680902252315,0.30277950073125887,0.0898377721508344,280.6680902252319,False
LSTM,no_ar-no_cluster,0.1,0.8,Dataset_4,2.8942468016162866,316.65242122714386,317.464387100561,0.02774412655424265,0.0979783336321512,317.4643871005614,False
ParetoNBD,-,0.1,0.8,Dataset_4,1.621241649194546,-2.96246514442127,53.72900240583845,0.5232351111856389,,53.72900240583849,False
Transformer,ar_bounded-kmeans_8,0.1,0.8,Dataset_4,2.095163424916088,100.99857522339198,105.1153843309675,0.47763677540969984,0.0789939388632774,105.11538433096771,False
Transformer,ar_bounded-no_cluster,0.1,0.8,Dataset_4,1.7894041644943115,1.1039875975760511,49.519942911803405,0.44661493183567647,0.0837705790996551,49.51994291180347,False
Transformer,ar_unbounded-kmeans_8,0.1,0.8,Dataset_4,1.7400397552838576,10.678062319723551,51.13105398504605,0.46315356979444383,0.0786949954926967,51.1310539850461,False
Transformer,ar_unbounded-no_cluster,0.1,0.8,Dataset_4,3.6490237407209576,203.0769222561915,203.0769222561915,0.4397705795183567,0.0838204845786094,203.07692225619172,False
Transformer,no_ar-kmeans_8,0.1,0.8,Dataset_4,1.971639709983892,66.43589696716863,74.71225034721452,0.4706267644942955,0.081709412112832,74.71225034721472,False
Transformer,no_ar-no_cluster,0.1,0.8,Dataset_4,1.9880651886838525,86.27492739206016,91.99002742836278,0.413302179525044,0.090124487876892,91.9900274283632,False
LSTM,ar_bounded-kmeans_8,0.1,0.8,Dataset_5,1.8692912444669676,103.49466162120545,104.67971499803775,0.4404545642328794,0.0688986678918202,104.67971499803812,False
LSTM,ar_bounded-no_cluster,0.1,0.8,Dataset_5,1.313373534356335,5.137009999890046,39.22953730700965,0.48268143286018517,0.0722512613981962,39.229537307009686,False
LSTM,ar_unbounded-kmeans_8,0.1,0.8,Dataset_5,1.6268949523127503,-27.007117730257338,41.16725989972045,0.4281578823775336,0.0708475310355424,41.16725989972039,False
LSTM,ar_unbounded-no_cluster,0.1,0.8,Dataset_5,1.445563232158812,-19.43238476901158,45.51067624565923,0.4708875406548507,0.0759774073958396,45.51067624565916,False
LSTM,no_ar-kmeans_8,0.1,0.8,Dataset_5,2.336220370803817,321.71886003446906,321.7188600344691,0.43834409554808573,0.0793131962418556,321.7188600344696,False
LSTM,no_ar-no_cluster,0.1,0.8,Dataset_5,2.33547846504867,308.84875348102906,308.84875348102906,0.11088997705848058,0.088576224943002,308.8487534810295,False
ParetoNBD,-,0.1,0.8,Dataset_5,1.2818420022824937,-16.19286015760667,42.320096112872484,0.5123361147832922,,42.320096112872434,False
Transformer,ar_bounded-kmeans_8,0.1,0.8,Dataset_5,1.8113273773621348,120.86120991175474,120.86120991175477,0.4553220719354663,0.0707832086831331,120.86120991175495,False
Transformer,ar_bounded-no_cluster,0.1,0.8,Dataset_5,1.3168184235687468,43.08718752540145,52.86654736979227,0.4635005128820784,0.0732085093855857,52.86654736979258,False
Transformer,ar_unbounded-kmeans_8,0.1,0.8,Dataset_5,1.3912699051445965,45.00889608344802,66.76690358622147,0.46924316975911146,0.0704440407454967,66.76690358622166,False
Transformer,ar_unbounded-no_cluster,0.1,0.8,Dataset_5,2.0661024243061883,196.19216984601846,196.1921698460185,0.4749883099054132,0.0756304662674665,196.19216984601897,False
Transformer,no_ar-kmeans_8,0.1,0.8,Dataset_5,2.296456449828197,260.37010608499435,260.37010608499435,0.3359120734459988,0.073736735060811,260.3701060849948,False
Transformer,no_ar-no_cluster,0.1,0.8,Dataset_5,1.714913847576686,170.75622606081194,170.75622606081194,0.44576270352893016,0.0845345683395862,170.7562260608126,False
LSTM,ar_bounded-kmeans_8,0.1,0.8,Dataset_6,2.2143380704028437,126.29508183230847,126.29508183230847,0.4928433894829257,0.0812880437821149,126.29508183230875,False
LSTM,ar_bounded-no_cluster,0.1,0.8,Dataset_6,1.6033599457527135,2.6934419807470045,35.81147543994374,0.510134802000057,0.0816923897713422,35.81147543994374,False
LSTM,ar_unbounded-kmeans_8,0.1,0.8,Dataset_6,1.8008574094960341,6.337704613010698,48.045901718137166,0.4934022276289696,0.0781704761087894,48.04590171813721,False
LSTM,ar_unbounded-no_cluster,0.1,0.8,Dataset_6,3.330791278194799,246.47540916032204,246.9114747658736,0.4763182126028255,0.0854504041373729,246.91147476587383,False
LSTM,no_ar-kmeans_8,0.1,0.8,Dataset_6,2.7941971922306923,379.74262202463865,379.74262202463876,0.46442675402111866,0.0913584128022193,379.7426220246392,False
LSTM,no_ar-no_cluster,0.1,0.8,Dataset_6,2.3299617114974827,247.08032691790146,247.08032691790146,0.05243487885614381,0.1015734622875849,247.08032691790189,False
ParetoNBD,-,0.1,0.8,Dataset_6,1.561197477618171,24.419444479757598,43.841190162178435,0.5211790275684627,,43.84119016217856,False
Transformer,ar_bounded-kmeans_8,0.1,0.8,Dataset_6,2.5010784201425595,213.11475361559923,213.11475361559928,0.4735955732353336,0.0781894348561763,213.11475361559968,False
Transformer,ar_bounded-no_cluster,0.1,0.8,Dataset_6,1.6619864289877306,76.3098352466568,78.6377042241879,0.486902102012641,0.0823439788073301,78.63770422418831,False
Transformer,ar_unbounded-kmeans_8,0.1,0.8,Dataset_6,3.397052824357079,167.75081914803755,167.75081914803755,0.4693727111317636,0.0778800375759601,167.75081914803778,False
Transformer,ar_unbounded-no_cluster,0.1,0.8,Dataset_6,4.237389905637304,367.0770475576765,367.0770475576765,0.49231230180954405,0.0835290011018514,367.0770475576769,False
Transformer,no_ar-kmeans_8,0.1,0.8,Dataset_6,2.1717187790096317,158.07704886635278,158.0770488663528,0.44937489347258486,0.0807381127029657,158.07704886635307,False
Transformer,no_ar-no_cluster,0.1,0.8,Dataset_6,2.076441009972045,210.73934292084797,210.73934292084806,0.4209707870237026,0.0882549103349447,210.73934292084857,False
LSTM,ar_bounded-kmeans_8,0.1,0.8,Dataset_7,1.9700200720549597,112.85207015159085,112.8520701515909,0.5100157155607865,0.087552200588915,112.85207015159126,False
LSTM,ar_bounded-no_cluster,0.1,0.8,Dataset_7,1.5951917757524647,-14.87426085799922,34.38313625802533,0.4881127244099264,0.0890457178983423,34.38313625802523,False
LSTM,ar_unbounded-kmeans_8,0.1,0.8,Dataset_7,8.265105875390068,349.79437788336696,349.79437788336696,0.4512711982496152,0.0970740086502499,349.7943778833672,False
LSTM,ar_unbounded-no_cluster,0.1,0.8,Dataset_7,1.5510968507445382,23.714496723249166,45.844674373827935,0.49761383217353083,0.0963837713003158,45.8446743738281,False
LSTM,no_ar-kmeans_8,0.1,0.8,Dataset_7,2.4101450779525013,230.45562040418912,230.4556204041892,0.44271282248768884,0.0943691304160489,230.4556204041896,False
LSTM,no_ar-no_cluster,0.1,0.8,Dataset_7,1.5909210515589647,57.366862898063786,64.65384534797069,0.48569995055801796,0.0998075935575697,64.65384534797107,False
ParetoNBD,-,0.1,0.8,Dataset_7,1.4590723511786143,21.39892634023076,37.432614135921526,0.5454571491597318,,37.43261413592158,False
Transformer,ar_bounded-kmeans_8,0.1,0.8,Dataset_7,2.0370489823737756,159.13609436591895,159.13609436591895,0.37404468379976497,0.0859955325722694,159.1360943659192,False
Transformer,ar_bounded-no_cluster,0.1,0.8,Dataset_7,1.682366722837587,116.11094562854768,116.11094562854764,0.516623519923217,0.0896742513610257,116.11094562854817,False
Transformer,ar_unbounded-kmeans_8,0.1,0.8,Dataset_7,2.4989361000282297,155.8727806844586,155.8727806844587,0.32587549063216903,0.0874522046910391,155.8727806844589,False
Transformer,ar_unbounded-no_cluster,0.1,0.8,Dataset_7,2.666707261790277,187.00739521996115,187.00739521996115,0.5024037265777469,0.0949675842291778,187.0073952199616,False
Transformer,no_ar-kmeans_8,0.1,0.8,Dataset_7,3.491062427403323,254.11982154749188,254.1198215474918,0.48357435137256677,0.0886641658014721,254.119821547492,False
Transformer,no_ar-no_cluster,0.1,0.8,Dataset_7,2.3071181681157737,218.2810641276871,218.28106412768713,0.4465399908693871,0.0980110943317413,218.2810641276876,False
LSTM,ar_bounded-kmeans_8,0.1,0.8,Dataset_8,1.624288892858252,145.5541038708479,146.1809695514138,0.462536354039218,0.0744370840489864,146.18096955141414,False
LSTM,ar_bounded-no_cluster,0.1,0.8,Dataset_8,1.17337395325426,34.58022267849526,50.13246206399855,0.4546855927737583,0.0727715517083803,50.13246206399887,False
LSTM,ar_unbounded-kmeans_8,0.1,0.8,Dataset_8,1.2751536451004153,-8.878731600064667,46.04664184257336,0.4679468884768292,0.0750084720551967,46.04664184257332,False
LSTM,ar_unbounded-no_cluster,0.1,0.8,Dataset_8,4.442039789348723,625.4738800839252,625.4738800839251,0.31680760281556003,0.0901898642381032,625.4738800839257,False
LSTM,no_ar-kmeans_8,0.1,0.8,Dataset_8,2.6071116290942125,383.21641646012773,383.21641646012785,0.3290183100162694,0.0866696313023567,383.2164164601283,False
LSTM,no_ar-no_cluster,0.1,0.8,Dataset_8,1.3153531612676146,113.40858027853226,116.13246110379076,0.4366637339293343,0.0856478124856948,116.1324611037914,False
ParetoNBD,-,0.1,0.8,Dataset_8,1.0846422830252795,-1.1793858591493607,44.6256063697644,0.49371590494632595,,44.625606369764384,False
Transformer,ar_bounded-kmeans_8,0.1,0.8,Dataset_8,2.2823297344668014,178.72201426357776,178.7220142635778,0.4252008724836228,0.070512505620718,178.7220142635781,False
Transformer,ar_bounded-no_cluster,0.1,0.8,Dataset_8,1.6177459474277442,147.82649175256938,149.19962610722706,0.4650654251285886,0.0736188344657421,149.19962610722754,False
Transformer,ar_unbounded-kmeans_8,0.1,0.8,Dataset_8,2.4408628270569155,207.53917876568437,207.53917876568445,0.42518522928182545,0.0721779555082321,207.5391787656847,False
Transformer,ar_unbounded-no_cluster,0.1,0.8,Dataset_8,2.226439687248383,227.22201418972506,227.2220141897251,0.4620986572822785,0.0758076474070549,227.2220141897256,False
Transformer,no_ar-kmeans_8,0.1,0.8,Dataset_8,2.279576446055611,294.62686505780243,294.6268650578025,0.3932021916767866,0.0752539999783039,294.6268650578029,False
Transformer,no_ar-no_cluster,0.1,0.8,Dataset_8,1.9905155798455627,280.8899239852406,280.88992398524067,0.35876001003320185,0.0835773373643557,280.8899239852413,False
LSTM,ar_bounded-kmeans_8,0.1,0.8,Dataset_9,2.165481556715114,304.38437480188406,304.38437480188406,0.3469513416503633,0.0713934820145368,304.3843748018844,False
LSTM,ar_bounded-no_cluster,0.1,0.8,Dataset_9,1.0101531676841813,32.181249005952246,61.78749967017185,0.3859368665991478,0.0721411168575286,61.78749967017211,False
LSTM,ar_unbounded-kmeans_8,0.1,0.8,Dataset_9,10.93811122724209,948.6812504945552,948.6812504945552,0.34270246283999306,0.0859251029789447,948.6812504945556,False
LSTM,ar_unbounded-no_cluster,0.1,0.8,Dataset_9,4.1645703505843565,310.51874976896187,315.9937498142242,0.3851586548803151,0.0737923122942447,315.99374981422443,False
LSTM,no_ar-kmeans_8,0.1,0.8,Dataset_9,2.5990494785796603,653.8343720650289,653.8343720650292,0.23979845150048498,0.0831369459629058,653.83437206503,False
LSTM,no_ar-no_cluster,0.1,0.8,Dataset_9,2.268735246011637,725.4031237959852,725.4031237959854,0.1219928992674608,0.0914526745676994,725.4031237959862,False
ParetoNBD,-,0.1,0.8,Dataset_9,1.056342171833113,61.30780699128688,79.3472099959058,0.44528531672083577,,79.347209995906,False
Transformer,ar_bounded-kmeans_8,0.1,0.8,Dataset_9,2.292234628262431,299.5718732982637,299.5718732982637,0.26491556828325774,0.0695135205984115,299.5718732982641,False
Transformer,ar_bounded-no_cluster,0.1,0.8,Dataset_9,1.3180995250336733,264.2687473574176,264.26874735741757,0.41761924750781165,0.0730024695396423,264.2687473574188,False
Transformer,ar_unbounded-kmeans_8,0.1,0.8,Dataset_9,1.8778373606421335,325.9999993658852,325.99999936588534,0.40197399433583897,0.0701824519783258,325.99999936588574,False
Transformer,ar_unbounded-no_cluster,0.1,0.8,Dataset_9,1.9858861699579613,428.73749824182505,428.73749824182516,0.3317282277670473,0.0750200640410184,428.737498241826,False
Transformer,no_ar-kmeans_8,0.1,0.8,Dataset_9,2.41615990474832,455.5874993029276,455.5874993029276,0.40192933474806763,0.0728232834488153,455.58749930292834,False
Transformer,no_ar-no_cluster,0.1,0.8,Dataset_9,2.208828293966617,556.0531228122989,556.053122812299,0.3807774255582679,0.0850840531289577,556.0531228123,False
LSTM,ar_bounded-kmeans_8,0.01,0.2,Dataset_1,0.8601012222813351,66.18949564420396,77.67808067795161,0.08632039571609222,0.0734380525536835,77.67808067795212,False
LSTM,ar_bounded-no_cluster,0.01,0.2,Dataset_1,0.7942242887588381,-13.082193497773197,49.27853897137396,0.12827618287317055,0.0737304189242422,49.27853897137389,False
LSTM,ar_unbounded-kmeans_8,0.01,0.2,Dataset_1,2.3337636240868385,123.68264720779379,128.60958812647712,-0.1895055807722749,0.0710811158642172,128.60958812647758,False
LSTM,ar_unbounded-no_cluster,0.01,0.2,Dataset_1,0.8643727763895825,42.67351378912039,60.94292116746879,-0.208364625623902,0.0731836655177176,60.94292116746919,False
LSTM,no_ar-kmeans_8,0.01,0.2,Dataset_1,0.8474821410823683,64.73744072819473,76.53196174651329,0.12961247121662436,0.0746657866984605,76.53196174651384,False
LSTM,no_ar-no_cluster,0.01,0.2,Dataset_1,0.8318020513396681,52.002280745144205,66.84703044295604,0.008075965417133756,0.0755442921072244,66.84703044295651,False
ParetoNBD,-,0.01,0.2,Dataset_1,0.7648571828878509,8.619431488044095,51.92840991146998,0.23902533959089092,,51.92840991147008,False
Transformer,ar_bounded-kmeans_8,0.01,0.2,Dataset_1,0.7794012361949677,-11.904111192838782,50.36986319467297,0.15932359599572407,0.0700220689177513,50.369863194672895,False
Transformer,ar_bounded-no_cluster,0.01,0.2,Dataset_1,0.8675637741778348,74.6849292978535,87.78082055324587,0.10040718828620937,0.0728371832519769,87.78082055324629,False
Transformer,ar_unbounded-kmeans_8,0.01,0.2,Dataset_1,0.9502163672210814,77.72830856462119,84.82876577537853,-0.15414236091177708,0.0663754008710384,84.82876577537898,False
Transformer,ar_unbounded-no_cluster,0.01,0.2,Dataset_1,0.8047502254950628,-2.497718680106388,47.00000008789306,-0.05888822076914562,0.0723711512982845,47.00000008789304,False
Transformer,no_ar-kmeans_8,0.01,0.2,Dataset_1,0.8159240488530498,11.607304398292975,51.65296795535575,0.04197687554681338,0.0734047824516892,51.65296795535578,False
Transformer,no_ar-no_cluster,0.01,0.2,Dataset_1,0.793985887558913,-7.045663920015007,48.8812786110222,0.08073704860805264,0.0730229225009679,48.88127861102218,False
LSTM,ar_bounded-kmeans_8,0.01,0.2,Dataset_10,0.9694424212847831,61.2907476062647,72.1277523412476,0.17062241180739127,0.0771222207695245,72.127752341248,False
LSTM,ar_bounded-no_cluster,0.01,0.2,Dataset_10,0.8701522076646298,32.167398806102696,51.85902957734712,-0.028257890465773577,0.0809534210711717,51.85902957734754,False
LSTM,ar_unbounded-kmeans_8,0.01,0.2,Dataset_10,1.2106450539487255,81.15418372667513,86.04405176321136,-0.06861976656352238,0.076102549675852,86.04405176321184,False
LSTM,ar_unbounded-no_cluster,0.01,0.2,Dataset_10,0.9408205047701378,40.89206847472929,58.75991066991586,-0.22371609686728214,0.0803010305389761,58.759910669916266,False
LSTM,no_ar-kmeans_8,0.01,0.2,Dataset_10,0.8839744896246672,46.704843867208474,62.185020755877545,0.1727644232689392,0.0796786388382315,62.18502075587797,False
LSTM,no_ar-no_cluster,0.01,0.2,Dataset_10,0.8724150910466608,34.27532826578954,55.10352299987639,-0.008904511057621732,0.0818059900775551,55.10352299987679,False
ParetoNBD,-,0.01,0.2,Dataset_10,0.8370896337512078,13.95657372601559,45.72278050370931,0.222211763073465,,45.722780503709465,False
Transformer,ar_bounded-kmeans_8,0.01,0.2,Dataset_10,0.8373696894292079,-22.85903213988829,44.55066112030132,0.22623520009799877,0.0759434774518013,44.55066112030117,False
Transformer,ar_bounded-no_cluster,0.01,0.2,Dataset_10,0.8606123290221684,-20.786345216737583,43.12114575672664,0.010154586402532148,0.0795287517830729,43.12114575672648,False
Transformer,ar_unbounded-kmeans_8,0.01,0.2,Dataset_10,0.9181198178833634,-63.40748962293934,66.037445430878,0.06976121927499436,0.0704878135584294,66.03744543087771,False
Transformer,ar_unbounded-no_cluster,0.01,0.2,Dataset_10,0.8639860306462404,-2.9273145643402096,40.55726886788462,-0.1399111543198503,0.0788937369361519,40.55726886788457,False
Transformer,no_ar-kmeans_8,0.01,0.2,Dataset_10,0.85885463191346,-32.5462565388092,47.36123381609253,0.17017361485207577,0.0779501358047127,47.361233816092366,False
Transformer,no_ar-no_cluster,0.01,0.2,Dataset_10,0.8526050711164328,2.1035223879274234,39.38105688614979,0.0479479449418189,0.0799865499138832,39.38105688614992,False
LSTM,ar_bounded-kmeans_8,0.01,0.2,Dataset_2,0.876796154776771,67.604345902395,85.57825939932222,0.16804255463876472,0.0763196675106883,85.57825939932272,False
LSTM,ar_bounded-no_cluster,0.01,0.2,Dataset_2,0.8533012432431779,49.515215139835355,73.4326072045314,0.06604664013113602,0.0772608881816268,73.43260720453185,False
LSTM,ar_unbounded-kmeans_8,0.01,0.2,Dataset_2,10.26093209453703,610.9891282289242,624.889128649526,-0.048624202751034934,0.0754129281267523,624.8891286495264,False
LSTM,ar_unbounded-no_cluster,0.01,0.2,Dataset_2,27.730740400959352,2537.6630432677007,2545.29782615845,-0.014508928641013052,0.0759417656809091,2545.29782615845,False
LSTM,no_ar-kmeans_8,0.01,0.2,Dataset_2,0.9342534347063823,93.15869365332826,105.40652014598523,0.1396689190669789,0.0784436529502272,105.40652014598574,False
LSTM,no_ar-no_cluster,0.01,0.2,Dataset_2,0.8640037312364455,55.65434561191948,75.41956366768626,0.01363213920965381,0.0790064791217446,75.41956366768673,False
ParetoNBD,-,0.01,0.2,Dataset_2,0.7963431612887325,13.24193050314885,54.87904343092591,0.2339835948189855,,54.879043430926096,False
Transformer,ar_bounded-kmeans_8,0.01,0.2,Dataset_2,0.827339254975412,-41.59347947605983,59.35000061179015,0.20071943901369904,0.0751567259430885,59.350000611789845,False
Transformer,ar_bounded-no_cluster,0.01,0.2,Dataset_2,0.8375504825607994,33.886954428870325,57.50869471336804,0.06051158344945763,0.0772940879687666,57.50869471336837,False
Transformer,ar_unbounded-kmeans_8,0.01,0.2,Dataset_2,0.8943752275274871,-76.46739179673429,81.47173950124713,0.11660550158323062,0.0718127377331256,81.47173950124694,False
Transformer,ar_unbounded-no_cluster,0.01,0.2,Dataset_2,0.8244534463510058,10.339128461706157,50.65652125717487,0.07569701246866392,0.0763561092317104,50.65652125717505,False
Transformer,no_ar-kmeans_8,0.01,0.2,Dataset_2,0.81553029869431,-26.591305819381198,52.13043514396201,0.15835785347565048,0.0774972364306449,52.130435143961854,False
Transformer,no_ar-no_cluster,0.01,0.2,Dataset_2,0.8199569728962578,-13.769566928968526,49.321739358989525,0.07392257201181548,0.0770804407075047,49.32173935898944,False
LSTM,ar_bounded-kmeans_8,0.01,0.2,Dataset_3,0.8635340815466526,76.27579165208606,83.13293489849232,0.1380935044992573,0.0856141166554557,83.13293489849283,False
LSTM,ar_bounded-no_cluster,0.01,0.2,Dataset_3,0.983524170774437,123.81349006512454,124.8134901499488,-0.015174464548657571,0.0876985001895162,124.8134901499494,False
LSTM,ar_unbounded-kmeans_8,0.01,0.2,Dataset_3,3.1845862540817156,139.22222028301582,150.33730025854047,-0.08288574494728304,0.0851505431863996,150.3373002585408,False
LSTM,ar_unbounded-no_cluster,0.01,0.2,Dataset_3,1.0990321382072985,88.92460111528567,91.72618874082555,-0.14089514893288946,0.0878384850091404,91.72618874082607,False
LSTM,no_ar-kmeans_8,0.01,0.2,Dataset_3,1.1216174134761616,146.03174437088686,146.0317443708868,0.08121249615726664,0.0872298007210095,146.03174437088745,False
LSTM,no_ar-no_cluster,0.01,0.2,Dataset_3,0.8563390648644092,75.86904543281894,81.44444267391101,0.036905993311204255,0.0885804502500428,81.44444267391154,False
ParetoNBD,-,0.01,0.2,Dataset_3,0.7695056014231806,17.37167835682818,43.46175922124563,0.14182111899354966,,43.46175922124566,False
Transformer,ar_bounded-kmeans_8,0.01,0.2,Dataset_3,0.8300620791238206,41.664680784996214,54.073411801696565,0.12402963265323187,0.0845817352334658,54.073411801696885,False
Transformer,ar_bounded-no_cluster,0.01,0.2,Dataset_3,0.7700937713572545,8.279759942050598,42.251984299426674,0.09576038319899796,0.0867040596074528,42.25198429942663,False
Transformer,ar_unbounded-kmeans_8,0.01,0.2,Dataset_3,0.7913173544722653,-10.958334741124046,53.35119052102705,0.04278589589652912,0.0813680820994907,53.35119052102701,False
Transformer,ar_unbounded-no_cluster,0.01,0.2,Dataset_3,0.7786186421770958,1.293648893589419,43.22619071296823,-0.03696418215175307,0.0867744353082445,43.22619071296816,False
Transformer,no_ar-kmeans_8,0.01,0.2,Dataset_3,1.061824426576201,69.71230040016044,77.50198329865367,0.09727409993710646,0.085323616862297,77.501983298654,False
Transformer,no_ar-no_cluster,0.01,0.2,Dataset_3,0.7686752575838962,-14.480160407367883,47.14285753120402,0.13253046104174548,0.0874066683981153,47.14285753120387,False
LSTM,ar_bounded-kmeans_8,0.01,0.2,Dataset_4,0.8296522541415282,49.18592775605513,61.38190840038628,0.15887837328770954,0.0699500739574432,61.38190840038672,False
LSTM,ar_bounded-no_cluster,0.01,0.2,Dataset_4,0.8129514373743879,46.61808810079736,60.0050236028263,-0.08353037286426523,0.0715829106047749,60.00502360282681,False
LSTM,ar_unbounded-kmeans_8,0.01,0.2,Dataset_4,10.358846745735393,498.3341693400808,520.7763807604733,0.051068373280482776,0.0652125966735184,520.7763807604736,False
LSTM,ar_unbounded-no_cluster,0.01,0.2,Dataset_4,0.8079384568980266,3.095475445271443,46.889446947686075,-0.13742323702140014,0.0709498096257448,46.88944694768619,False
LSTM,no_ar-kmeans_8,0.01,0.2,Dataset_4,0.8479194800130914,71.68090224556136,78.92210862210808,0.0829904577271965,0.0717299841344356,78.92210862210872,False
LSTM,no_ar-no_cluster,0.01,0.2,Dataset_4,0.8058345740760096,49.07537445931348,61.63316434670433,0.042887478591763444,0.0729444921016693,61.63316434670483,False
ParetoNBD,-,0.01,0.2,Dataset_4,0.7568809721384664,6.558310748897798,50.08385455733142,0.23631627022486373,,50.083854557331534,False
Transformer,ar_bounded-kmeans_8,0.01,0.2,Dataset_4,1.1761683232750255,195.43467155287925,195.43467155287928,0.08062848555989847,0.0685607902705669,195.43467155287988,False
Transformer,ar_bounded-no_cluster,0.01,0.2,Dataset_4,0.7937277348398382,35.36683185746691,57.160802944633154,0.008031467874892067,0.0710272188298404,57.16080294463353,False
Transformer,ar_unbounded-kmeans_8,0.01,0.2,Dataset_4,0.808723769507722,-39.97487527454052,59.27135714390632,0.13606704027904234,0.0613223756663501,59.271357143906194,False
Transformer,ar_unbounded-no_cluster,0.01,0.2,Dataset_4,0.8025980798818545,-40.3768856962915,56.72361863514989,-0.11512975184744738,0.0705431532114744,56.723618635149606,False
Transformer,no_ar-kmeans_8,0.01,0.2,Dataset_4,0.824623016902313,-64.4799002268398,71.25879447935323,0.07309160659537356,0.0708569763228297,71.2587944793529,False
Transformer,no_ar-no_cluster,0.01,0.2,Dataset_4,0.8051975214471215,46.18341472355484,61.71105400794821,0.0365804665755332,0.071184551808983,61.71105400794864,False
LSTM,ar_bounded-kmeans_8,0.01,0.2,Dataset_5,0.7675388430739207,43.833331190758464,61.70952264840365,0.07211746159157899,0.0772543288767337,61.70952264840404,False
LSTM,ar_bounded-no_cluster,0.01,0.2,Dataset_5,0.7748363371656389,29.357140860297857,49.104760980588026,-0.1914525955293572,0.0761369252577424,49.10476098058834,False
LSTM,ar_unbounded-kmeans_8,0.01,0.2,Dataset_5,0.8243086889570114,22.54999810474899,52.28809459489704,-0.16476422634856008,0.0739471968263387,52.28809459489726,False
LSTM,ar_unbounded-no_cluster,0.01,0.2,Dataset_5,0.9918320092750832,52.749997876317735,66.24999881810689,-0.19201540312634763,0.0757391708903014,66.2499988181073,False
LSTM,no_ar-kmeans_8,0.01,0.2,Dataset_5,0.8970910854930002,107.87142642951011,109.98571231118562,0.08149445038096269,0.0769115798175334,109.98571231118623,False
LSTM,no_ar-no_cluster,0.01,0.2,Dataset_5,0.8076934217032734,63.39523574958169,73.73333171098663,-0.07453789247496333,0.0783518431708216,73.73333171098714,False
ParetoNBD,-,0.01,0.2,Dataset_5,0.7228338985646641,15.10008974318263,51.810155358887826,0.22249027771682583,,51.81015535888801,False
Transformer,ar_bounded-kmeans_8,0.01,0.2,Dataset_5,0.9228562314328879,54.30952245768635,69.0857135092038,0.1548204414954166,0.0705372970551252,69.08571350920413,False
Transformer,ar_bounded-no_cluster,0.01,0.2,Dataset_5,0.7817210269131459,45.447616776273314,60.65237956875444,-0.06150560888451621,0.0760721508413553,60.65237956875492,False
Transformer,ar_unbounded-kmeans_8,0.01,0.2,Dataset_5,0.7883072886625836,-52.77381031995768,63.997619510406786,0.00470744781828733,0.0741549446247518,63.99761951040654,False
Transformer,ar_unbounded-no_cluster,0.01,0.2,Dataset_5,0.8245094094316111,72.50475972713383,75.37142659226988,0.04848628754492909,0.0753441173583269,75.37142659227054,False
Transformer,no_ar-kmeans_8,0.01,0.2,Dataset_5,0.7745087393299622,-13.716668140232448,47.426190724419094,0.08016314034444706,0.0766719286330044,47.42619072441899,False
Transformer,no_ar-no_cluster,0.01,0.2,Dataset_5,0.7931315231371578,54.657140579517346,62.95714119404855,-0.025244260298790736,0.0758952237665653,62.95714119404909,False
LSTM,ar_bounded-kmeans_8,0.01,0.2,Dataset_6,0.8752933184749053,50.53363080833875,61.60538015143718,0.16123945353282884,0.06840630620718,61.60538015143754,False
LSTM,ar_bounded-no_cluster,0.01,0.2,Dataset_6,0.8199269990283334,38.26457178470656,53.93721846813469,-0.07422567086623726,0.0703891813755035,53.93721846813512,False
LSTM,ar_unbounded-kmeans_8,0.01,0.2,Dataset_6,7.054407811337187,116.79820523810257,157.2421519332168,-0.09592693338488162,0.0677110110409557,157.24215193321686,False
LSTM,ar_unbounded-no_cluster,0.01,0.2,Dataset_6,18.369480045794127,1371.9170396015745,1375.1233177689721,-0.20566409393612398,0.0700067742727696,1375.1233177689726,False
LSTM,no_ar-kmeans_8,0.01,0.2,Dataset_6,0.8384959483740752,67.30044615442371,73.08519996134633,0.16214146941507732,0.0712199914269149,73.0851999613469,False
LSTM,no_ar-no_cluster,0.01,0.2,Dataset_6,0.8031496628963984,31.11210533797731,51.5470841502759,0.05040227173006805,0.0717894919216632,51.54708415027624,False
ParetoNBD,-,0.01,0.2,Dataset_6,0.776958525730276,3.6983638951640194,45.84995585170823,0.19372490244044435,,45.84995585170831,False
Transformer,ar_bounded-kmeans_8,0.01,0.2,Dataset_6,1.001869298044968,74.71300295173988,81.93721855560378,0.19387464957770098,0.0663599749095738,81.93721855560426,False
Transformer,ar_bounded-no_cluster,0.01,0.2,Dataset_6,0.7999240518766387,22.038114447596932,47.06950606151791,0.03402790309700736,0.0695780795067548,47.06950606151814,False
Transformer,ar_unbounded-kmeans_8,0.01,0.2,Dataset_6,0.8400185469178005,1.7690568748905804,46.60762313694891,-0.04832434617573845,0.0645365845412015,46.60762313694898,False
Transformer,ar_unbounded-no_cluster,0.01,0.2,Dataset_6,0.8042765876399772,21.818383495351828,48.76457326439907,-0.014923899238704508,0.0695845424197614,48.76457326439932,False
Transformer,no_ar-kmeans_8,0.01,0.2,Dataset_6,0.8193389258822807,-50.04708626696001,58.056054379574164,0.09250167727913594,0.0688100941479206,58.05605437957385,False
Transformer,no_ar-no_cluster,0.01,0.2,Dataset_6,0.7951018868785673,19.141253479860058,46.491030830839634,0.07000856937341339,0.0703192544169724,46.49103083083983,False
LSTM,ar_bounded-kmeans_8,0.01,0.2,Dataset_7,0.9140628940388074,62.4004611663548,78.2523136297064,0.10626549227747151,0.0818726690486073,78.25231362970683,False
LSTM,ar_bounded-no_cluster,0.01,0.2,Dataset_7,0.8766300242763762,69.34259020619845,76.54166483854887,-0.013936375269380217,0.0820596646517515,76.54166483854944,False
LSTM,ar_unbounded-kmeans_8,0.01,0.2,Dataset_7,2.944272107623739,147.85647947918895,154.4999982881423,-0.07797417151389173,0.0794266620650887,154.49999828814288,False
LSTM,ar_unbounded-no_cluster,0.01,0.2,Dataset_7,4.551454936331289,187.24999765787828,188.38425709788314,-0.11006888712152876,0.081676248461008,188.38425709788376,False
LSTM,no_ar-kmeans_8,0.01,0.2,Dataset_7,0.8838637317843078,76.25231259950812,83.00694256882916,0.15807394137165265,0.0827422076836228,83.00694256882977,False
LSTM,no_ar-no_cluster,0.01,0.2,Dataset_7,0.9567533102874722,112.06018283437109,113.29166450477314,0.03351379269533,0.0833343025296926,113.29166450477378,False
ParetoNBD,-,0.01,0.2,Dataset_7,0.7976654634429144,18.316230111146925,51.32380305876615,0.21170339196620805,,51.323803058766366,False
Transformer,ar_bounded-kmeans_8,0.01,0.2,Dataset_7,0.8545730805471956,43.92592401536872,61.54629538629034,0.143100760532823,0.0790914045646786,61.54629538629066,False
Transformer,ar_bounded-no_cluster,0.01,0.2,Dataset_7,0.9892033081543554,124.1759236695031,124.5601831150614,0.010063300151200294,0.0806006332859397,124.56018311506206,False
Transformer,ar_unbounded-kmeans_8,0.01,0.2,Dataset_7,0.8504446388389862,-49.305556487740894,59.72685229757615,0.14022432854722833,0.0782424327917397,59.72685229757594,False
Transformer,ar_unbounded-no_cluster,0.01,0.2,Dataset_7,0.8219118706170497,4.51157208902823,47.98842555869149,-0.06094400477281609,0.0808068234473466,47.98842555869164,False
Transformer,no_ar-kmeans_8,0.01,0.2,Dataset_7,0.8727929432779998,48.90740568085545,60.5555544611649,0.15859424384333476,0.0798072475008666,60.55555446116529,False
Transformer,no_ar-no_cluster,0.01,0.2,Dataset_7,0.9089261205356253,87.19907166582837,91.54629416082473,-0.0045346510063076625,0.0806073527783155,91.54629416082535,False
LSTM,ar_bounded-kmeans_8,0.01,0.2,Dataset_8,0.9456983930615624,-10.962366864526333,41.12724023620772,0.23177599120520043,0.076988966204226,41.12724023620768,False
LSTM,ar_bounded-no_cluster,0.01,0.2,Dataset_8,1.0476133794371054,62.598564494467404,67.98924615132623,-0.13839101152710812,0.0827412325888872,67.9892461513266,False
LSTM,ar_unbounded-kmeans_8,0.01,0.2,Dataset_8,1.0834086005737027,44.24731022374496,60.64157617648893,-0.14881095266971972,0.080788847990334,60.64157617648923,False
LSTM,ar_unbounded-no_cluster,0.01,0.2,Dataset_8,3.885351467547134,126.58781162513142,128.15412001610827,-0.22592949097976178,0.0827000513672828,128.1541200161087,False
LSTM,no_ar-kmeans_8,0.01,0.2,Dataset_8,0.9604116817811023,14.591396018514953,42.02508930196996,0.20735041945573107,0.0823909994214773,42.025089301970056,False
LSTM,no_ar-no_cluster,0.01,0.2,Dataset_8,1.0262337420221077,55.49103749088058,60.96057213916267,-0.04371707738574829,0.0831305626779794,60.96057213916306,False
ParetoNBD,-,0.01,0.2,Dataset_8,0.9276063716287732,7.780852760316911,40.30798752813539,0.3233500892512597,,40.30798752813546,False
Transformer,ar_bounded-kmeans_8,0.01,0.2,Dataset_8,0.9759769220060028,-44.858423801052595,50.02688227061169,0.21518205622308514,0.0790800033137202,50.026882270611424,False
Transformer,ar_bounded-no_cluster,0.01,0.2,Dataset_8,1.0239813198541587,55.26343899441819,60.99103798949546,0.0003238064114807157,0.0819519516080617,60.9910379894959,False
Transformer,ar_unbounded-kmeans_8,0.01,0.2,Dataset_8,1.0077980441945347,24.32257919822594,49.18637954392939,0.029825771174948022,0.0781128071248531,49.18637954392955,False
Transformer,ar_unbounded-no_cluster,0.01,0.2,Dataset_8,0.9868029934769662,20.245517815352475,42.39605675321254,-0.02395211501367303,0.0813703872263431,42.396056753212726,False
Transformer,no_ar-kmeans_8,0.01,0.2,Dataset_8,0.9557513258974208,29.81003417923825,47.95698861334464,0.23380971785584134,0.0821069674566388,47.95698861334486,False
Transformer,no_ar-no_cluster,0.01,0.2,Dataset_8,1.0538760560423863,70.9265213940407,74.48924561715418,0.042769537913464724,0.0817810194566845,74.48924561715468,False
LSTM,ar_bounded-kmeans_8,0.01,0.2,Dataset_9,0.9309072795995217,94.58755566202001,99.14976802658805,0.031989574688625476,0.0785873224958777,99.14976802658856,False
LSTM,ar_bounded-no_cluster,0.01,0.2,Dataset_9,0.8030881737394839,0.7465418638473782,39.43778819400258,0.0029997827850335316,0.0780866928398609,39.43778819400251,False
LSTM,ar_unbounded-kmeans_8,0.01,0.2,Dataset_9,11.674982616939895,560.430874566929,561.3387088214089,-0.02062311985142155,0.0749515555799007,561.3387088214095,False
LSTM,ar_unbounded-no_cluster,0.01,0.2,Dataset_9,7.776277781680325,573.1290302720035,573.3087538578434,-0.13730540683960468,0.0774352643638849,573.3087538578441,False
LSTM,no_ar-kmeans_8,0.01,0.2,Dataset_9,0.8876859616714361,82.52073523463942,86.45161107645954,0.15026662022915013,0.0780480988323688,86.45161107646018,False
LSTM,no_ar-no_cluster,0.01,0.2,Dataset_9,0.8479288256496783,63.58985937101696,69.53916867018921,0.05793313873277046,0.0791362337768077,69.53916867018982,False
ParetoNBD,-,0.01,0.2,Dataset_9,0.7934934314407761,17.224833633741074,46.04546611295811,0.1784170581147165,,46.04546611295832,False
Transformer,ar_bounded-kmeans_8,0.01,0.2,Dataset_9,0.8301075455003483,-54.90553091207252,62.17742008436081,0.14596097434796057,0.0753941033035516,62.17742008436042,False
Transformer,ar_bounded-no_cluster,0.01,0.2,Dataset_9,0.8059526243061018,-21.07373436200526,42.96774239738573,0.04345675258589517,0.0771985789760947,42.967742397385535,False
Transformer,ar_unbounded-kmeans_8,0.01,0.2,Dataset_9,0.877459391940565,63.05760162783725,83.19124289303285,-0.03987674205092829,0.0755878426134586,83.19124289303332,False
Transformer,ar_unbounded-no_cluster,0.01,0.2,Dataset_9,0.82095836911088,-11.52073905635956,39.22119824095603,-0.14598081832061993,0.076775181107223,39.22119824095599,False
Transformer,no_ar-kmeans_8,0.01,0.2,Dataset_9,0.7949533122164572,-1.3525363242406656,40.25576030062981,0.12439226774264152,0.0783992782235145,40.25576030062984,False
Transformer,no_ar-no_cluster,0.01,0.2,Dataset_9,0.8339236105529778,-51.9400932023539,58.99078413964317,0.05536486488773347,0.0776138072833418,58.99078413964279,False
LSTM,ar_bounded-kmeans_8,0.01,0.4,Dataset_1,0.852128804890471,158.71370658729006,161.31854565633793,0.003855666964796753,0.0735006444156169,161.3185456563388,False
LSTM,ar_bounded-no_cluster,0.01,0.4,Dataset_1,0.801871913909199,132.4193516137789,137.30644875942008,-0.060584238471834875,0.0736663490533828,137.306448759421,False
LSTM,ar_unbounded-kmeans_8,0.01,0.4,Dataset_1,4.570908921043501,312.1733852639605,312.1733852639606,0.03805571150969495,0.073413148522377,312.1733852639614,False
LSTM,ar_unbounded-no_cluster,0.01,0.4,Dataset_1,0.9476711597868696,139.92338395271824,143.762093928882,-0.1740732664880107,0.0738692246377468,143.7620939288829,False
LSTM,no_ar-kmeans_8,0.01,0.4,Dataset_1,0.7972975268445815,130.96370647676304,135.48790039719862,0.1216253895972195,0.0729428045451641,135.48790039719952,False
LSTM,no_ar-no_cluster,0.01,0.4,Dataset_1,0.8197414387541777,144.1774160766423,147.8709648543539,0.009605045781034056,0.0738403908908367,147.8709648543548,False
ParetoNBD,-,0.01,0.4,Dataset_1,0.6742602025008064,45.88786036088984,70.80019674478851,0.239357119141628,,70.80019674478892,False
Transformer,ar_bounded-kmeans_8,0.01,0.4,Dataset_1,0.7282634230433731,53.51612689123672,80.74999902427396,0.09906432514161419,0.0700978823006153,80.74999902427437,False
Transformer,ar_bounded-no_cluster,0.01,0.4,Dataset_1,0.6872439709113884,-35.54838849456996,57.76612946027612,-0.034837070368272056,0.0717133730649948,57.76612946027589,False
Transformer,ar_unbounded-kmeans_8,0.01,0.4,Dataset_1,0.7268329969404289,-61.03629080819055,76.16532298345737,-0.0871384368190291,0.0638922899961471,76.1653229834572,False
Transformer,ar_unbounded-no_cluster,0.01,0.4,Dataset_1,0.6830355519334264,-17.29032434072553,52.37903238214078,-0.06053942770506663,0.072039995342493,52.37903238214072,False
Transformer,no_ar-kmeans_8,0.01,0.4,Dataset_1,1.4927214794001715,373.5362887299881,373.5362887299883,0.18367739411149844,0.0726105757057666,373.536288729989,False
Transformer,no_ar-no_cluster,0.01,0.4,Dataset_1,0.6845063654909541,-24.250001603017264,54.95967769154151,-0.09848177868774917,0.0728763975203037,54.95967769154137,False
LSTM,ar_bounded-kmeans_8,0.01,0.4,Dataset_10,0.7709902420264894,82.4710117362808,91.31159203842317,0.1254117732756978,0.0710906088352203,91.3115920384239,False
LSTM,ar_bounded-no_cluster,0.01,0.4,Dataset_10,0.7888485045447462,85.46376526828058,93.57970791895788,-0.11541749758920154,0.070338886231184,93.5797079189586,False
LSTM,ar_unbounded-kmeans_8,0.01,0.4,Dataset_10,10.775422122792639,556.7173889190275,560.8478238927601,-0.19798923906862514,0.0657658241689205,560.8478238927605,False
LSTM,ar_unbounded-no_cluster,0.01,0.4,Dataset_10,7.010131043853059,330.3478230067615,347.8478236279134,-0.23261921165059285,0.0699813057269368,347.847823627914,False
LSTM,no_ar-kmeans_8,0.01,0.4,Dataset_10,0.8797424583868163,143.4347798332455,144.8333306696959,0.065744906020328,0.0703293308615684,144.83333066969678,False
LSTM,no_ar-no_cluster,0.01,0.4,Dataset_10,0.7733292323259027,80.00724346552323,88.6521717560457,0.08917443085890787,0.0703136995434761,88.6521717560464,False
ParetoNBD,-,0.01,0.4,Dataset_10,0.6927740632722975,6.44242072108417,58.182129736176215,0.31850540191405785,,58.1821297361762,False
Transformer,ar_bounded-kmeans_8,0.01,0.4,Dataset_10,1.1700257065588282,257.49637465046607,257.4963746504662,0.20357085513391032,0.0643672011792659,257.4963746504669,False
Transformer,ar_bounded-no_cluster,0.01,0.4,Dataset_10,0.7352489713578398,-41.85507370604511,62.95652218986379,0.04117929246637686,0.066784456372261,62.95652218986356,False
Transformer,ar_unbounded-kmeans_8,0.01,0.4,Dataset_10,0.7554787957901499,-65.36956595769871,74.07971060686383,0.06414966011379167,0.0644075870513916,74.07971060686353,False
Transformer,ar_unbounded-no_cluster,0.01,0.4,Dataset_10,0.7409311044722896,-48.35507358505412,63.94202948439947,0.04157427581043275,0.0663165375590324,63.9420294843992,False
Transformer,no_ar-kmeans_8,0.01,0.4,Dataset_10,0.7079784620705402,18.855070444902886,61.20289783533362,0.16899984046207173,0.0645914673805236,61.20289783533393,False
Transformer,no_ar-no_cluster,0.01,0.4,Dataset_10,0.8493421500908483,125.73912751833826,129.2826060050469,0.017534387071351992,0.0665055029094219,129.28260600504777,False
LSTM,ar_bounded-kmeans_8,0.01,0.4,Dataset_2,0.7712033622607967,134.60267546636467,137.31696149916283,0.06954706338093773,0.0599519844566072,137.31696149916388,False
LSTM,ar_bounded-no_cluster,0.01,0.4,Dataset_2,0.654893621419571,84.87499674000392,100.41964069324739,-0.0483538650837206,0.0622958141778196,100.41964069324813,False
LSTM,ar_unbounded-kmeans_8,0.01,0.4,Dataset_2,0.7619809499877478,115.74999688642119,124.46428327072725,-0.27252363875710073,0.0601662237729345,124.4642832707281,False
LSTM,ar_unbounded-no_cluster,0.01,0.4,Dataset_2,0.7194104900770466,97.87946107431335,107.98660485140365,-0.25291508552644837,0.0618383800610899,107.98660485140446,False
LSTM,no_ar-kmeans_8,0.01,0.4,Dataset_2,0.7866524878423834,149.33481816052608,153.54910421135202,0.09691970933651083,0.0608849702402949,153.54910421135304,False
LSTM,no_ar-no_cluster,0.01,0.4,Dataset_2,0.6957163570452162,118.42410362774517,124.48660413917446,-0.0332069418473004,0.0623734686523675,124.48660413917553,False
ParetoNBD,-,0.01,0.4,Dataset_2,0.6084141482515807,34.55701168905639,69.56288270493836,0.2613061777639598,,69.56288270493856,False
Transformer,ar_bounded-kmeans_8,0.01,0.4,Dataset_2,0.7428444580791914,73.74106941944183,86.52678451534054,0.12337296671867033,0.0570915266871452,86.52678451534095,False
Transformer,ar_bounded-no_cluster,0.01,0.4,Dataset_2,0.6701482386250716,99.91517505425439,105.45088985485715,-0.015815223481611,0.0593683794140815,105.45088985485825,False
Transformer,ar_unbounded-kmeans_8,0.01,0.4,Dataset_2,0.6550706638434898,3.0937483259801977,66.51339270590265,-0.0631296087440306,0.0560453264042735,66.51339270590272,False
Transformer,ar_unbounded-no_cluster,0.01,0.4,Dataset_2,0.7705208640536474,155.93749638147796,156.4196393692056,-0.15194420700655104,0.0595342796295881,156.41963936920678,False
Transformer,no_ar-kmeans_8,0.01,0.4,Dataset_2,1.261939122078999,299.06249848344027,299.06249848344027,0.15122474434207941,0.0583259370177984,299.06249848344095,False
Transformer,no_ar-no_cluster,0.01,0.4,Dataset_2,0.7370877004185963,144.56696064859906,145.763389510933,-0.0125923018175847,0.0597359519451856,145.7633895109341,False
LSTM,ar_bounded-kmeans_8,0.01,0.4,Dataset_3,0.7351785703952972,81.38636104169785,89.7409071493886,0.029857495751004617,0.0675768392781416,89.74090714938939,False
LSTM,ar_bounded-no_cluster,0.01,0.4,Dataset_3,0.7925143443728456,132.50454201701575,134.52272422696282,-0.19248845469888845,0.066157916560769,134.5227242269638,False
LSTM,ar_unbounded-kmeans_8,0.01,0.4,Dataset_3,0.8499088800657878,90.74999738907847,99.35908883386637,-0.30200817770817234,0.0655540948112805,99.35908883386716,False
LSTM,ar_unbounded-no_cluster,0.01,0.4,Dataset_3,0.8365683571645564,150.6590875509099,151.55908779664375,-0.2763789823466042,0.0661846734583377,151.55908779664472,False
LSTM,no_ar-kmeans_8,0.01,0.4,Dataset_3,0.7826952392660035,135.60908763584652,137.62726968154212,0.1433991236393721,0.0649898126721382,137.6272696815431,False
LSTM,no_ar-no_cluster,0.01,0.4,Dataset_3,0.7963867642573339,143.78636022352245,145.34090592610463,0.0381435145475092,0.0661204382777214,145.34090592610565,False
ParetoNBD,-,0.01,0.4,Dataset_3,0.6507928299969048,37.546472909443715,65.40147167477485,0.2686280442613149,,65.40147167477504,False
Transformer,ar_bounded-kmeans_8,0.01,0.4,Dataset_3,0.6719873600298074,-45.36818295801965,68.1409093441274,0.1366178337344091,0.0606251619756221,68.14090934412724,False
Transformer,ar_bounded-no_cluster,0.01,0.4,Dataset_3,0.6792901117809755,-39.91363768127228,64.29545472206728,-0.06181676263206687,0.0633107870817184,64.29545472206718,False
Transformer,ar_unbounded-kmeans_8,0.01,0.4,Dataset_3,0.8629173602992445,137.12272481484754,144.2499980228861,-0.001697733400670116,0.0595268663018941,144.24999802288684,False
Transformer,ar_unbounded-no_cluster,0.01,0.4,Dataset_3,0.675640957204648,-26.150001588871007,62.63181839307611,-0.08604634616091081,0.0629602894186973,62.63181839307601,False
Transformer,no_ar-kmeans_8,0.01,0.4,Dataset_3,0.9684005267943347,145.2090886700889,147.25454338826157,0.15812516013646175,0.0613002702593803,147.2545433882624,False
Transformer,no_ar-no_cluster,0.01,0.4,Dataset_3,0.6766806956581328,-35.22272866981349,63.40454565276487,-0.04621538490264285,0.0635928027331829,63.40454565276477,False
LSTM,ar_bounded-kmeans_8,0.01,0.4,Dataset_4,0.9118269186333542,80.68661782759307,93.84154789018528,0.08965544061021989,0.0706531714115824,93.8415478901859,False
LSTM,ar_bounded-no_cluster,0.01,0.4,Dataset_4,0.8192030862897883,94.94365894327395,103.71126527832352,-0.052835952528154,0.0710613206028938,103.71126527832428,False
LSTM,ar_unbounded-kmeans_8,0.01,0.4,Dataset_4,17.22659750781457,1344.2147884085034,1348.088027986789,-0.11819538546379375,0.0684065041797501,1348.0880279867897,False
LSTM,ar_unbounded-no_cluster,0.01,0.4,Dataset_4,5.141852789534173,396.0809829192305,396.728870365112,-0.21126100694405242,0.0723225027322769,396.7288703651128,False
LSTM,no_ar-kmeans_8,0.01,0.4,Dataset_4,0.8528274646320666,105.52112403994619,113.38732161257388,0.14298275938136273,0.070739060640335,113.38732161257468,False
LSTM,no_ar-no_cluster,0.01,0.4,Dataset_4,0.8270159760746821,103.62675756176601,111.45774393578466,0.06591151250533975,0.072792612016201,111.45774393578546,False
ParetoNBD,-,0.01,0.4,Dataset_4,0.7518253570474565,30.068468746993858,62.75573762529949,0.2149882763506751,,62.755737625299794,False
Transformer,ar_bounded-kmeans_8,0.01,0.4,Dataset_4,0.7477885078809857,29.908448344253006,58.0140834536504,0.15596856294841038,0.0681228600442409,58.014083453650834,False
Transformer,ar_bounded-no_cluster,0.01,0.4,Dataset_4,0.7635351079166824,47.771124048551044,67.05985762782232,0.02177779624372104,0.0696510523557663,67.0598576278229,False
Transformer,ar_unbounded-kmeans_8,0.01,0.4,Dataset_4,0.7737454195611881,10.302815247903506,48.23943628391737,0.11160542380306017,0.0642929337918758,48.23943628391749,False
Transformer,ar_unbounded-no_cluster,0.01,0.4,Dataset_4,0.7415422709260329,-29.105635313973803,53.049296118371686,0.26304010954744056,0.0694512575864791,53.0492961183715,False
Transformer,no_ar-kmeans_8,0.01,0.4,Dataset_4,0.7451088666873723,-29.250001479072132,53.71478918585686,0.1074700889715873,0.0711439326405525,53.71478918585664,False
Transformer,no_ar-no_cluster,0.01,0.4,Dataset_4,0.7472839697990785,29.183096078577645,59.33802716473311,0.1513899557426927,0.0694742277264595,59.33802716473354,False
LSTM,ar_bounded-kmeans_8,0.01,0.4,Dataset_5,0.7682040285328378,105.92104951479838,111.59774136652413,0.11498085503162558,0.0718794986605644,111.59774136652511,False
LSTM,ar_bounded-no_cluster,0.01,0.4,Dataset_5,0.8034726108496364,121.3421021399071,126.78571128307333,-0.13647380165965634,0.0721574239432811,126.78571128307428,False
LSTM,ar_unbounded-kmeans_8,0.01,0.4,Dataset_5,0.7669150577084346,95.14285437832667,106.04511062243417,0.04211986744723927,0.0713057140154498,106.04511062243492,False
LSTM,ar_unbounded-no_cluster,0.01,0.4,Dataset_5,0.8902252521264792,149.54886918509266,154.6315760624803,-0.26150812512986016,0.0722732357680797,154.6315760624812,False
LSTM,no_ar-kmeans_8,0.01,0.4,Dataset_5,0.7987414684748045,131.82330538931777,139.8909751045741,0.1903880924918136,0.0715355426073074,139.89097510457486,False
LSTM,no_ar-no_cluster,0.01,0.4,Dataset_5,0.803750986303826,124.12781652301115,130.84210258019175,-0.03332825322852469,0.0717368833720684,130.84210258019263,False
ParetoNBD,-,0.01,0.4,Dataset_5,0.6709907836926904,28.112987964142107,54.11111723780746,0.29977919750805104,,54.11111723780792,False
Transformer,ar_bounded-kmeans_8,0.01,0.4,Dataset_5,1.1313283534149394,206.36465949447447,210.31202799255385,0.22232701795153237,0.0651597864925861,210.31202799255465,False
Transformer,ar_bounded-no_cluster,0.01,0.4,Dataset_5,0.7200062663518356,62.76315498004628,74.3120279415202,-0.06009606260397843,0.0693198628723621,74.31202794152095,False
Transformer,ar_unbounded-kmeans_8,0.01,0.4,Dataset_5,0.7227593820236757,-45.71804611950717,59.28195532607428,-0.10083158602992305,0.0648190453648567,59.28195532607405,False
Transformer,ar_unbounded-no_cluster,0.01,0.4,Dataset_5,0.6940910874719921,-27.620302285663723,51.251880416324845,-0.08437007385397306,0.0695195123553276,51.25188041632449,False
Transformer,no_ar-kmeans_8,0.01,0.4,Dataset_5,0.692575480834897,-37.91353515370406,56.95112847926171,0.06821123678686633,0.070055466145277,56.95112847926137,False
Transformer,no_ar-no_cluster,0.01,0.4,Dataset_5,0.6837787726324898,-19.744362591773637,49.21804562533171,0.07359099646365168,0.0693926587700843,49.21804562533149,False
LSTM,ar_bounded-kmeans_8,0.01,0.4,Dataset_6,0.7030365145655885,122.20641865283814,127.3532080190639,0.1662861402515069,0.0592901809141039,127.35320801906492,False
LSTM,ar_bounded-no_cluster,0.01,0.4,Dataset_6,0.7685266528048011,166.77522557197918,168.29816148864043,-0.04651684164294672,0.0584792308509349,168.29816148864157,False
LSTM,ar_unbounded-kmeans_8,0.01,0.4,Dataset_6,27.059068345009308,4461.958717243797,4461.958717243797,-0.02494474126378719,0.0561584150418639,4461.958717243797,False
LSTM,ar_unbounded-no_cluster,0.01,0.4,Dataset_6,0.711729080866335,102.62843709729428,111.62843768049039,-0.19960935113668496,0.0578491017222404,111.62843768049134,False
LSTM,no_ar-kmeans_8,0.01,0.4,Dataset_6,0.7254108785134252,146.9266018035613,148.440363577677,0.21336534330591692,0.0582053558900952,148.4403635776781,False
LSTM,no_ar-no_cluster,0.01,0.4,Dataset_6,0.7236038713012037,142.5596293899295,145.56880413699753,0.04166759717551819,0.0590114537626504,145.5688041369986,False
ParetoNBD,-,0.01,0.4,Dataset_6,0.5979024549304822,35.31887178126726,67.7696604134001,0.2180929154377169,,67.76966041340042,False
Transformer,ar_bounded-kmeans_8,0.01,0.4,Dataset_6,0.598838957506608,19.532107994164505,63.174311143405575,0.19748251480770726,0.0545055456459522,63.17431114340594,False
Transformer,ar_bounded-no_cluster,0.01,0.4,Dataset_6,0.6427985955536534,77.55504257276259,94.6834840845958,0.013194973500057503,0.0563637353479862,94.6834840845966,False
Transformer,ar_unbounded-kmeans_8,0.01,0.4,Dataset_6,0.7808890147461335,135.82568489476375,139.87155681168304,-0.09826498862801082,0.0518560577183961,139.87155681168403,False
Transformer,ar_unbounded-no_cluster,0.01,0.4,Dataset_6,0.6089376621238193,16.252291270898073,60.14220104339162,-0.009823486361000087,0.0557784391567111,60.14220104339199,False
Transformer,no_ar-kmeans_8,0.01,0.4,Dataset_6,0.6954870081979313,117.5412809305359,122.88990534431787,0.042356647249360384,0.0577412005513906,122.8899053443189,False
Transformer,no_ar-no_cluster,0.01,0.4,Dataset_6,0.6088069891432893,26.80274971991392,62.3623840425397,0.09813036062111474,0.0579378035451684,62.36238404254028,False
LSTM,ar_bounded-kmeans_8,0.01,0.4,Dataset_7,0.8754842135928684,108.5035688323625,111.81071193356523,0.14950397963276726,0.0695947706699371,111.810711933566,False
LSTM,ar_bounded-no_cluster,0.01,0.4,Dataset_7,0.9117267537845581,125.64642568850536,125.98928292481406,-0.12455334216374686,0.0696583613753318,125.98928292481494,False
LSTM,ar_unbounded-kmeans_8,0.01,0.4,Dataset_7,5.9869807213622375,342.67142628452524,342.67142628452535,-0.09470021663456445,0.0704114607402256,342.6714262845261,False
LSTM,ar_unbounded-no_cluster,0.01,0.4,Dataset_7,0.9509060337059385,123.67142580915154,126.74999754809298,-0.26566271616411474,0.0701439902186393,126.74999754809376,False
LSTM,no_ar-kmeans_8,0.01,0.4,Dataset_7,0.8421247098637458,94.78928295296656,101.32499773387855,0.13951813972605662,0.0693038590252399,101.3249977338793,False
LSTM,no_ar-no_cluster,0.01,0.4,Dataset_7,0.8879858866487568,114.64999707216037,118.42856883137806,-0.05705250748520623,0.0704076364636421,118.42856883137884,False
ParetoNBD,-,0.01,0.4,Dataset_7,0.7715688789924858,33.092412291213265,69.72516534838667,0.24628213337010377,,69.72516534838687,False
Transformer,ar_bounded-kmeans_8,0.01,0.4,Dataset_7,0.7807926598463124,-8.775001173573449,56.096428611448836,0.19646378478225537,0.0636135246604681,56.09642861144884,False
Transformer,ar_bounded-no_cluster,0.01,0.4,Dataset_7,0.7961691038630356,39.28928314974168,67.56071333773396,-0.017624528217156085,0.0678355284035205,67.56071333773434,False
Transformer,ar_unbounded-kmeans_8,0.01,0.4,Dataset_7,0.807488869602584,-58.60714372912737,72.05714320497873,0.026707299834868158,0.0629895888268947,72.05714320497853,False
Transformer,ar_unbounded-no_cluster,0.01,0.4,Dataset_7,0.7934868575065208,-38.1714298635994,65.24285759577285,-0.02235678792332595,0.067006979137659,65.24285759577262,False
Transformer,no_ar-kmeans_8,0.01,0.4,Dataset_7,0.7788177503423492,-16.32857313845384,58.664285827295096,0.09774199806965243,0.0689045079052448,58.66428582729505,False
Transformer,no_ar-no_cluster,0.01,0.4,Dataset_7,0.8674607035424343,103.15356854016662,110.06071186424819,-0.016024189264769388,0.0673181749880313,110.060711864249,False
LSTM,ar_bounded-kmeans_8,0.01,0.4,Dataset_8,0.7910085836517949,144.29545121775308,150.2136332880356,0.1856790727392334,0.0615946464240551,150.2136332880367,False
LSTM,ar_bounded-no_cluster,0.01,0.4,Dataset_8,0.7525738846654784,104.00454175235062,110.81363337283679,-0.07911459826704764,0.0617311727255582,110.81363337283784,False
LSTM,ar_unbounded-kmeans_8,0.01,0.4,Dataset_8,29.15405026843327,4348.84999928234,4348.84999928234,-0.17391506680694105,0.0606165581515857,4348.84999928234,False
LSTM,ar_unbounded-no_cluster,0.01,0.4,Dataset_8,0.9993057129592876,260.69999613545036,260.69999613545053,-0.19891600480042665,0.0616728495806455,260.6999961354516,False
LSTM,no_ar-kmeans_8,0.01,0.4,Dataset_8,0.8291046910417171,174.89999603818637,176.96363255720124,0.16667699000966177,0.0606009233742952,176.96363255720246,False
LSTM,no_ar-no_cluster,0.01,0.4,Dataset_8,0.8697765120814379,194.19090505604592,195.89999612505343,0.016448793434576482,0.0614541191607713,195.89999612505463,False
ParetoNBD,-,0.01,0.4,Dataset_8,0.6854552152553555,40.549064299272885,67.51522320014443,0.25962648702062485,,67.51522320014493,False
Transformer,ar_bounded-kmeans_8,0.01,0.4,Dataset_8,0.7316568265895634,75.89545165865817,87.0227250651532,0.06552123613453284,0.0581967729542936,87.0227250651541,False
Transformer,ar_bounded-no_cluster,0.01,0.4,Dataset_8,0.7063014944824677,-40.2000012816022,57.972727628763636,-0.029054873852856548,0.0585439857095479,57.97272762876343,False
Transformer,ar_unbounded-kmeans_8,0.01,0.4,Dataset_8,0.7263558500617899,19.84545295719326,75.47272671014048,0.07992311677312613,0.0562634233917508,75.4727267101407,False
Transformer,ar_unbounded-no_cluster,0.01,0.4,Dataset_8,0.7177470048511936,75.98636041564573,89.02272481894532,0.17869168149733092,0.0596725291439465,89.02272481894629,False
Transformer,no_ar-kmeans_8,0.01,0.4,Dataset_8,1.1140592609927054,205.26818042959607,208.1318168646903,0.2112860934256157,0.0573855510779789,208.131816864691,False
Transformer,no_ar-no_cluster,0.01,0.4,Dataset_8,0.696037664009078,24.877270139244686,54.577271505681736,0.0026396534731636155,0.0603612342051097,54.57727150568231,False
LSTM,ar_bounded-kmeans_8,0.01,0.4,Dataset_9,0.781911384825638,138.30508124241015,138.65253926112635,0.14998272065818327,0.069475060062749,138.65253926112743,False
LSTM,ar_bounded-no_cluster,0.01,0.4,Dataset_9,0.7388723461401581,96.62287796421204,103.6059295521819,-0.05126965112611891,0.0691831037402153,103.6059295521828,False
LSTM,ar_unbounded-kmeans_8,0.01,0.4,Dataset_9,16.522353103800747,1331.0084711626098,1335.3898272747008,-0.06129882019138906,0.0671438957963671,1335.3898272747017,False
LSTM,ar_unbounded-no_cluster,0.01,0.4,Dataset_9,0.7321218516049567,69.3813528044737,83.77965892649226,-0.20535416319551938,0.0690297197018351,83.77965892649303,False
LSTM,no_ar-kmeans_8,0.01,0.4,Dataset_9,0.8105296820852088,145.3177933265459,145.4703359548939,0.08298926605112657,0.0692098289728164,145.47033595489495,False
LSTM,no_ar-no_cluster,0.01,0.4,Dataset_9,0.8135362659029929,153.62287768383658,153.6228776838366,-0.042466013599045886,0.0703843496739864,153.6228776838378,False
ParetoNBD,-,0.01,0.4,Dataset_9,0.6932795062995619,48.88812893915267,69.51598912588938,0.1975436140083713,,69.51598912588997,False
Transformer,ar_bounded-kmeans_8,0.01,0.4,Dataset_9,0.675609987830088,-26.411018353271935,55.9703392734342,0.16148169144879693,0.063154861330986,55.97033927343407,False
Transformer,ar_bounded-no_cluster,0.01,0.4,Dataset_9,0.7390802207819498,95.59745417702507,102.41101417864057,-0.06662831813425275,0.0683398135006427,102.41101417864152,False
Transformer,ar_unbounded-kmeans_8,0.01,0.4,Dataset_9,0.7059418647363884,-64.93644136540881,71.97881411776861,0.052801234690504316,0.0614426146660532,71.97881411776831,False
Transformer,ar_unbounded-no_cluster,0.01,0.4,Dataset_9,0.7719727069740109,119.31779307265784,122.36864080463062,-0.06167092546573677,0.0684413526739392,122.36864080463172,False
Transformer,no_ar-kmeans_8,0.01,0.4,Dataset_9,0.7486921894942923,94.27118337381579,100.8305060850858,0.05353035113397421,0.0669897746826921,100.83050608508668,False
Transformer,no_ar-no_cluster,0.01,0.4,Dataset_9,0.953025991697294,231.41525064326592,231.415250643266,-0.003969499724942129,0.0684634127787181,231.41525064326697,False
LSTM,ar_bounded-kmeans_8,0.01,0.6,Dataset_1,0.6911687507133154,225.2272678860869,229.48181381448947,0.0545640294154858,0.0562399521470069,229.48181381449103,False
LSTM,ar_bounded-no_cluster,0.01,0.6,Dataset_1,0.6163493283711972,166.27272233705443,169.96363179588687,0.2017325043374558,0.0549507647752761,169.9636317958886,False
LSTM,ar_unbounded-kmeans_8,0.01,0.6,Dataset_1,15.874641226108483,2645.1818173023103,2647.381817364896,0.015793514199074276,0.0487062335014343,2647.381817364896,False
LSTM,ar_unbounded-no_cluster,0.01,0.6,Dataset_1,9.131929955394087,861.5090849301339,861.509084930134,-0.2669215643828002,0.0566349532455205,861.5090849301355,False
LSTM,no_ar-kmeans_8,0.01,0.6,Dataset_1,0.7536626050922669,302.8727218627234,302.8727218627234,0.2033850128720532,0.0551751578847567,302.87272186272526,False
LSTM,no_ar-no_cluster,0.01,0.6,Dataset_1,0.7883259086218593,310.7909034090945,310.7909034090945,0.04624627537049562,0.0566076748073101,310.7909034090963,False
ParetoNBD,-,0.01,0.6,Dataset_1,0.523946577293942,65.38622293081077,95.98752507934658,0.28625270986938095,,95.98752507934724,False
Transformer,ar_bounded-kmeans_8,0.01,0.6,Dataset_1,0.7000402339140582,162.18181557106593,172.98181614584456,0.28762861603524936,0.0508059884111086,172.98181614584544,False
Transformer,ar_bounded-no_cluster,0.01,0.6,Dataset_1,0.541357476161766,-23.663637981835706,69.9181821519003,0.18862544519562874,0.0538220696151256,69.9181821519001,False
Transformer,ar_unbounded-kmeans_8,0.01,0.6,Dataset_1,0.5912582614297849,93.63636121492385,125.03636196594275,0.20200549238406545,0.0478002525866031,125.03636196594348,False
Transformer,ar_unbounded-no_cluster,0.01,0.6,Dataset_1,1.1352326450553472,219.54545183784458,256.63636185736743,-0.02896283202635255,0.0535538889467716,256.6363618573682,False
Transformer,no_ar-kmeans_8,0.01,0.6,Dataset_1,0.6183587116687113,109.0181790834112,124.43636146797287,0.22833717815052368,0.0523237779736518,124.43636146797375,False
Transformer,no_ar-no_cluster,0.01,0.6,Dataset_1,0.7206293479681051,256.7272672429662,256.72726724296615,0.059770239350019023,0.0542543038725853,256.7272672429681,False
LSTM,ar_bounded-kmeans_8,0.01,0.6,Dataset_10,0.8675567873071942,217.43749611778034,228.89062135072749,0.10092090257030865,0.0527740754187107,228.8906213507289,False
LSTM,ar_bounded-no_cluster,0.01,0.6,Dataset_10,0.7792577008859893,227.87499510450124,232.89062028634203,-0.052411736756551294,0.0555877164006233,232.8906202863436,False
LSTM,ar_unbounded-kmeans_8,0.01,0.6,Dataset_10,14.15507964919677,1461.7578078017673,1461.7578078017675,-0.14531736389711017,0.0550498895347118,1461.7578078017686,False
LSTM,ar_unbounded-no_cluster,0.01,0.6,Dataset_10,1.0898865950613388,419.624995817138,420.98437102540504,-0.1892344750761366,0.0560539662837982,420.9843710254063,False
LSTM,no_ar-kmeans_8,0.01,0.6,Dataset_10,0.8570978113504342,249.70312089571814,258.828121166151,0.055468502668692264,0.0545672476291656,258.8281211661524,False
LSTM,no_ar-no_cluster,0.01,0.6,Dataset_10,0.8256619937569172,266.07030775485174,273.39843309455176,0.059923227817093735,0.055608507990837,273.3984330945532,False
ParetoNBD,-,0.01,0.6,Dataset_10,0.5770925771636657,21.277991129083485,79.6280156902656,0.28548665342798063,,79.62801569026591,False
Transformer,ar_bounded-kmeans_8,0.01,0.6,Dataset_10,0.6000681343377512,-18.539064172365137,75.33593736734471,0.21897114041347712,0.0509156301617622,75.33593736734474,False
Transformer,ar_bounded-no_cluster,0.01,0.6,Dataset_10,0.6759829620652378,140.21874572208458,152.06249633920243,0.02603341066169525,0.0528112731873989,152.0624963392038,False
Transformer,ar_unbounded-kmeans_8,0.01,0.6,Dataset_10,0.6182583583682019,50.374997146717384,92.57812382857028,0.11047306465888328,0.0470623411238193,92.57812382857082,False
Transformer,ar_unbounded-no_cluster,0.01,0.6,Dataset_10,0.6096649375175147,23.648434896311834,81.22656178165889,0.04508475064697357,0.0524808794260025,81.22656178165926,False
Transformer,no_ar-kmeans_8,0.01,0.6,Dataset_10,0.6701776745273477,84.45312249677855,115.23437361029156,0.24167221582152998,0.05001732558012,115.2343736102921,False
Transformer,no_ar-no_cluster,0.01,0.6,Dataset_10,0.7194971490061036,182.89843283418864,190.1328081730738,0.09094223745122401,0.0529729686677455,190.1328081730753,False
LSTM,ar_bounded-kmeans_8,0.01,0.6,Dataset_2,0.6895642333037185,268.2115327513112,269.46153297411223,0.2013232104375633,0.0489988192915916,269.4615329741142,False
LSTM,ar_bounded-no_cluster,0.01,0.6,Dataset_2,0.6051160151713283,174.49999477069343,181.57691822673658,-0.145396914441197,0.0493822306394577,181.5769182267384,False
LSTM,ar_unbounded-kmeans_8,0.01,0.6,Dataset_2,0.8969811314056719,424.6346092281414,424.6346092281414,0.059885526230346174,0.0501802444458007,424.63460922814335,False
LSTM,ar_unbounded-no_cluster,0.01,0.6,Dataset_2,8.898519516281201,1214.9230716051518,1216.6153795461942,-0.27434706680633053,0.0503203131258487,1216.6153795461958,False
LSTM,no_ar-kmeans_8,0.01,0.6,Dataset_2,0.6616452938086522,248.78845582536871,252.40384065366803,0.18841479949931533,0.0494507037103176,252.40384065367,False
LSTM,no_ar-no_cluster,0.01,0.6,Dataset_2,0.7668534042577968,325.79807076925357,325.8173017744672,-0.0495743475343285,0.0500596366822719,325.8173017744691,False
ParetoNBD,-,0.01,0.6,Dataset_2,0.49532012724500546,43.50725137252098,86.91751359536549,0.338598813902041,,86.91751359536624,False
Transformer,ar_bounded-kmeans_8,0.01,0.6,Dataset_2,0.5312968319494011,67.28845898491711,95.61538294745677,0.30227677843419054,0.0444969169795513,95.61538294745752,False
Transformer,ar_bounded-no_cluster,0.01,0.6,Dataset_2,0.544541241099035,100.80768825092102,121.44230511576687,0.07916651700071953,0.0462700933218002,121.44230511576797,False
Transformer,ar_unbounded-kmeans_8,0.01,0.6,Dataset_2,0.5604320683486766,126.80768899332877,142.1923051803147,0.1418817687202946,0.0427135460078716,142.1923051803158,False
Transformer,ar_unbounded-no_cluster,0.01,0.6,Dataset_2,0.8192335598158392,146.759613452908,183.24038331181876,-0.0296464268845783,0.0457275010645389,183.2403833118196,False
Transformer,no_ar-kmeans_8,0.01,0.6,Dataset_2,0.6867052263340522,197.34615007092867,204.80768883135022,0.1647805997558679,0.0450625106692314,204.8076888313517,False
Transformer,no_ar-no_cluster,0.01,0.6,Dataset_2,0.5761385179683749,142.34614909912915,149.88461152936821,0.03634659390985291,0.0469461381435394,149.88461152936978,False
LSTM,ar_bounded-kmeans_8,0.01,0.6,Dataset_3,0.6982723049145445,169.49999542257623,179.13635976922876,4.474522776825717e-05,0.0498498100787401,179.1363597692301,False
LSTM,ar_bounded-no_cluster,0.01,0.6,Dataset_3,0.6874997382947132,158.1439348205795,168.2348446116177,-0.12613465813187222,0.0503743942826986,168.234844611619,False
LSTM,ar_unbounded-kmeans_8,0.01,0.6,Dataset_3,0.8246496721839057,245.81060124222373,245.81060124222373,-0.2777237101735662,0.0497969891875982,245.8106012422253,False
LSTM,ar_unbounded-no_cluster,0.01,0.6,Dataset_3,0.8961554486015592,288.8863587427418,288.8863587427417,-0.34352854685035616,0.0503871999680995,288.88635874274325,False
LSTM,no_ar-kmeans_8,0.01,0.6,Dataset_3,0.7855455955843323,242.98484379453714,243.65151063256718,0.2012528486381999,0.0487014017999172,243.6515106325687,False
LSTM,no_ar-no_cluster,0.01,0.6,Dataset_3,0.8927518593044919,305.2651466025645,305.2651466025645,-0.0507142599275571,0.0500109884887933,305.26514660256606,False
ParetoNBD,-,0.01,0.6,Dataset_3,0.5464855818960332,28.57931519649965,85.10363921353832,0.3578365055175051,,85.10363921353861,False
Transformer,ar_bounded-kmeans_8,0.01,0.6,Dataset_3,0.8328623614286339,169.93181549266546,176.9015129020597,0.17472859327807808,0.0434374138712883,176.9015129020607,False
Transformer,ar_bounded-no_cluster,0.01,0.6,Dataset_3,0.5883337728577794,-25.946971311263088,77.71969733646895,0.09441406522651669,0.0470994524657726,77.71969733646873,False
Transformer,ar_unbounded-kmeans_8,0.01,0.6,Dataset_3,0.6444944429585323,56.499997491128816,98.48484752389251,0.08261393097032103,0.0432855580002069,98.48484752389292,False
Transformer,ar_unbounded-no_cluster,0.01,0.6,Dataset_3,0.5869339361689518,-17.719698739662405,74.40151504777143,0.09756215750751702,0.0475191362202167,74.40151504777145,False
Transformer,no_ar-kmeans_8,0.01,0.6,Dataset_3,0.5970792686474987,30.772724629124607,86.92424172874169,0.10198836965261004,0.0471083186566829,86.92424172874202,False
Transformer,no_ar-no_cluster,0.01,0.6,Dataset_3,0.5863344807133061,-21.37121380955981,75.20454548242871,0.13727543040754805,0.0474360212683677,75.20454548242868,False
LSTM,ar_bounded-kmeans_8,0.01,0.6,Dataset_4,0.7705362432209433,219.7279366185217,221.00734856280843,0.11350975635110322,0.0471552535891532,221.0073485628099,False
LSTM,ar_bounded-no_cluster,0.01,0.6,Dataset_4,0.6709970681278531,142.33087821288217,147.62499650310167,-8.049144669994788e-05,0.0474590193480253,147.62499650310286,False
LSTM,ar_unbounded-kmeans_8,0.01,0.6,Dataset_4,1.2517665182189237,345.1985249898438,345.1985249898438,0.059446477917882795,0.049691321949164,345.1985249898451,False
LSTM,ar_unbounded-no_cluster,0.01,0.6,Dataset_4,2.5080768803489937,495.30881941044464,495.30881941044476,-0.2207608260345243,0.0476905833929777,495.308819410446,False
LSTM,no_ar-kmeans_8,0.01,0.6,Dataset_4,0.964023871049172,321.8161723740824,321.8161723740824,0.1370736194440992,0.0468988846987485,321.8161723740837,False
LSTM,no_ar-no_cluster,0.01,0.6,Dataset_4,0.8119040944823922,244.3161719355389,244.31617193553885,0.06522952213426876,0.047940719872713,244.31617193554035,False
ParetoNBD,-,0.01,0.6,Dataset_4,0.5696336501939374,24.492097261591937,76.95301216283502,0.23087873535764208,,76.95301216283525,False
Transformer,ar_bounded-kmeans_8,0.01,0.6,Dataset_4,0.5876305601560999,-49.91911856786345,78.93382388934077,0.10407465121125142,0.0428000763058662,78.93382388934054,False
Transformer,ar_bounded-no_cluster,0.01,0.6,Dataset_4,0.5866402177412563,45.20587932373099,82.14705776258816,0.09507289122228964,0.0451393146067857,82.14705776258864,False
Transformer,ar_unbounded-kmeans_8,0.01,0.6,Dataset_4,0.9293295100872893,49.78676315342157,81.6838227623303,0.061466429177078286,0.0450645960867404,81.68382276233066,False
Transformer,ar_unbounded-no_cluster,0.01,0.6,Dataset_4,0.582076761790594,-26.4411780764084,69.30882373879511,0.03635593818397127,0.0448395423591136,69.308823738795,False
Transformer,no_ar-kmeans_8,0.01,0.6,Dataset_4,0.5888530036571903,-46.948530530448096,76.8308828530069,0.07267127200943053,0.0449090953916311,76.83088285300661,False
Transformer,no_ar-no_cluster,0.01,0.6,Dataset_4,0.609896616985967,89.50734928469306,109.30146791643413,0.12841093503898887,0.048090636730194,109.30146791643516,False
LSTM,ar_bounded-kmeans_8,0.01,0.6,Dataset_5,0.8493414249382922,228.7608651795235,230.26811171430904,0.0673110909022305,0.0533816702663898,230.2681117143104,False
LSTM,ar_bounded-no_cluster,0.01,0.6,Dataset_5,0.774735850372347,176.10144487487517,180.52173504416788,-0.061096244122527926,0.0546734537929296,180.52173504416925,False
LSTM,ar_unbounded-kmeans_8,0.01,0.6,Dataset_5,0.8452247246960558,243.00724194938363,243.02173486465207,0.15817186398030078,0.0531617235392332,243.02173486465344,False
LSTM,ar_unbounded-no_cluster,0.01,0.6,Dataset_5,0.9888941906223913,307.9130391144869,307.9130391144869,-0.16899195662840136,0.0545403733849525,307.9130391144882,False
LSTM,no_ar-kmeans_8,0.01,0.6,Dataset_5,0.8216301962874986,224.07245925236083,224.9710101539768,0.22872181916800588,0.0532454699277877,224.9710101539782,False
LSTM,no_ar-no_cluster,0.01,0.6,Dataset_5,0.9160537143665671,275.2318794650107,275.2318794650106,0.0943681488650301,0.0543367248028516,275.231879465012,False
ParetoNBD,-,0.01,0.6,Dataset_5,0.6517341391670094,42.917028776427564,80.85063635879715,0.24985461007130527,,80.85063635879744,False
Transformer,ar_bounded-kmeans_8,0.01,0.6,Dataset_5,0.7152375773330587,95.0289828743289,114.21738934932547,0.2312916411243305,0.0491940639913082,114.21738934932628,False
Transformer,ar_bounded-no_cluster,0.01,0.6,Dataset_5,0.6990288420468495,104.86956131981835,120.99999701334188,-0.0030898741501600635,0.0520997326821088,120.999997013343,False
Transformer,ar_unbounded-kmeans_8,0.01,0.6,Dataset_5,0.6566741345586374,-55.44927627442159,79.20289898318251,0.17295160689678282,0.0461793392896652,79.20289898318225,False
Transformer,ar_unbounded-no_cluster,0.01,0.6,Dataset_5,0.9814733221334709,185.8623156094558,194.47101170898873,0.11934544867750707,0.051561415195465,194.47101170898995,False
Transformer,no_ar-kmeans_8,0.01,0.6,Dataset_5,0.6535298586750236,-50.050725683948436,76.2391309334859,0.13116511981887644,0.0483614206314086,76.2391309334856,False
Transformer,no_ar-no_cluster,0.01,0.6,Dataset_5,0.6550648427098053,28.297098747628773,77.54347761418047,0.021918852181013627,0.0517014674842357,77.54347761418076,False
LSTM,ar_bounded-kmeans_8,0.01,0.6,Dataset_6,0.8594209771104346,239.77631192384635,239.77631192384635,0.087965924667695,0.0596839028100172,239.77631192384777,False
LSTM,ar_bounded-no_cluster,0.01,0.6,Dataset_6,0.6370257186332914,96.88157524766352,111.82894484433983,0.019533861667909744,0.0602674918870131,111.8289448443408,False
LSTM,ar_unbounded-kmeans_8,0.01,0.6,Dataset_6,3.625869956745809,538.3618379256824,538.3618379256825,-0.0129411136123046,0.0619934312999248,538.3618379256835,False
LSTM,ar_unbounded-no_cluster,0.01,0.6,Dataset_6,7.601271823135169,441.4868371401849,441.4868371401851,-0.19894727238136345,0.0633625065286954,441.4868371401864,False
LSTM,no_ar-kmeans_8,0.01,0.6,Dataset_6,0.7686318861480155,199.8947324819456,199.8947324819456,0.06475750977662739,0.0609905663877725,199.89473248194707,False
LSTM,no_ar-no_cluster,0.01,0.6,Dataset_6,0.8250541167124834,249.72367971449157,249.72367971449157,-0.11076593593595156,0.062375858426094,249.72367971449307,False
ParetoNBD,-,0.01,0.6,Dataset_6,0.650549568319834,62.08980335095341,85.67278820058348,0.17361920778594825,,85.67278820058431,False
Transformer,ar_bounded-kmeans_8,0.01,0.6,Dataset_6,0.5998138850638102,-36.8289486272268,56.21052700903698,0.040925676238812395,0.0572729508082071,56.21052700903659,False
Transformer,ar_bounded-no_cluster,0.01,0.6,Dataset_6,0.5977663064713815,16.743418612320134,61.63815731844396,0.0771897995954515,0.0603240070243676,61.63815731844424,False
Transformer,ar_unbounded-kmeans_8,0.01,0.6,Dataset_6,0.9877476858813639,295.6381542730671,295.6381542730671,-0.02918313448314429,0.0548463469992081,295.63815427306844,False
Transformer,ar_unbounded-no_cluster,0.01,0.6,Dataset_6,0.6022716942642965,40.348681631055726,75.32236747639703,0.13028778410914219,0.0595098057140906,75.32236747639745,False
Transformer,no_ar-kmeans_8,0.01,0.6,Dataset_6,0.8046475851250322,194.38815427649828,194.3881542764982,0.057532433503970075,0.0580764822661876,194.3881542764996,False
Transformer,no_ar-no_cluster,0.01,0.6,Dataset_6,0.620096812354914,63.263154784706316,86.17105048983025,0.0635820969255689,0.0610214254508415,86.17105048983113,False
LSTM,ar_bounded-kmeans_8,0.01,0.6,Dataset_7,0.832852832113029,300.5084693494977,301.59321529632734,0.0013900258351902328,0.044949984550476,301.5932152963291,False
LSTM,ar_bounded-no_cluster,0.01,0.6,Dataset_7,0.6682853693989773,136.0508428207754,148.3559287942428,-0.15166992830794343,0.0450383499264717,148.35592879424408,False
LSTM,ar_unbounded-kmeans_8,0.01,0.6,Dataset_7,14.526380074970852,2091.0762687166352,2091.0762687166357,0.04685820936395989,0.044333542138338,2091.076268716636,False
LSTM,ar_unbounded-no_cluster,0.01,0.6,Dataset_7,0.9621604096074949,388.6355875880772,388.63558758807716,-0.043503851872211056,0.0457522235810756,388.6355875880789,False
LSTM,no_ar-kmeans_8,0.01,0.6,Dataset_7,0.7342822206998911,223.20338455581128,227.10169001119206,0.19901814463224352,0.044155491515994,227.10169001119368,False
LSTM,no_ar-no_cluster,0.01,0.6,Dataset_7,0.9445284352904827,378.47457059453683,378.47457059453683,0.03493644496465082,0.0454122088849544,378.4745705945386,False
ParetoNBD,-,0.01,0.6,Dataset_7,0.5905732303889186,51.43862176487868,95.15592011362884,0.24487465916119727,,95.15592011362934,False
Transformer,ar_bounded-kmeans_8,0.01,0.6,Dataset_7,0.6029890487990928,-16.01695073295016,72.33898298088774,0.09209864942348452,0.0407040938735008,72.33898298088776,False
Transformer,ar_bounded-no_cluster,0.01,0.6,Dataset_7,0.6092285161079527,11.152539957881693,77.5084738067142,-0.033808499118674694,0.0436064526438713,77.5084738067146,False
Transformer,ar_unbounded-kmeans_8,0.01,0.6,Dataset_7,0.7063017297334592,72.99999757748685,103.11864283156794,-0.024242888235230995,0.0370071340352296,103.1186428315685,False
Transformer,ar_unbounded-no_cluster,0.01,0.6,Dataset_7,0.6013428875257107,20.50847208316671,84.16949053594823,0.1539016002059707,0.0430941749364137,84.16949053594874,False
Transformer,no_ar-kmeans_8,0.01,0.6,Dataset_7,0.588294597647992,5.5847437199891035,76.4830502255233,0.2203127674790781,0.0396382715553045,76.48305022552357,False
Transformer,no_ar-no_cluster,0.01,0.6,Dataset_7,0.6076726917990235,-6.6694935294416196,72.63559307745193,-0.008873767686697676,0.043069602176547,72.635593077452,False
LSTM,ar_bounded-kmeans_8,0.01,0.6,Dataset_8,0.8815785753832187,316.04999558068647,316.58332910388543,0.061515806608992016,0.0488109687964121,316.5833291038871,False
LSTM,ar_bounded-no_cluster,0.01,0.6,Dataset_8,0.753293148969355,268.40832804950406,271.74166158462396,-0.07508124958280639,0.0488875865936279,271.74166158462566,False
LSTM,ar_unbounded-kmeans_8,0.01,0.6,Dataset_8,2.090800247569548,921.366663544127,921.3666635441273,-0.06162038577908414,0.0486995726823806,921.3666635441284,False
LSTM,ar_unbounded-no_cluster,0.01,0.6,Dataset_8,0.8082592512649546,300.7416613989803,302.0749949508641,-0.11763373094225914,0.0491835735738277,302.0749949508657,False
LSTM,no_ar-kmeans_8,0.01,0.6,Dataset_8,0.9279738693504413,339.35832904185935,339.35832904185935,0.07201863491025795,0.0482765734195709,339.358329041861,False
LSTM,no_ar-no_cluster,0.01,0.6,Dataset_8,0.720805683818807,248.0083279637602,251.99166152160439,-0.036983678047011026,0.0492811165750026,251.99166152160612,False
ParetoNBD,-,0.01,0.6,Dataset_8,0.5279627763561531,27.744378220304664,96.870494299349,0.17576091161728405,,96.87049429934932,False
Transformer,ar_bounded-kmeans_8,0.01,0.6,Dataset_8,0.5392297353562326,22.466664317373386,91.28333283277826,0.08761989147923804,0.0443285088986158,91.2833328327785,False
Transformer,ar_bounded-no_cluster,0.01,0.6,Dataset_8,0.5337698601820963,48.94999691285046,102.68333243826986,-0.02558039473270833,0.0461680866777896,102.68333243827026,False
Transformer,ar_unbounded-kmeans_8,0.01,0.6,Dataset_8,0.573246822392992,-20.200001221771576,90.98333337344229,0.07899560331259575,0.0393808275461196,90.98333337344228,False
Transformer,ar_unbounded-no_cluster,0.01,0.6,Dataset_8,0.5244073445397006,-11.475001809498695,87.74166649517905,0.0056711302103704155,0.0460621453821659,87.74166649517913,False
Transformer,no_ar-kmeans_8,0.01,0.6,Dataset_8,0.5195364560942259,-12.158335146184738,87.52499991717431,0.13639890566321364,0.0453954949975013,87.52499991717438,False
Transformer,no_ar-no_cluster,0.01,0.6,Dataset_8,0.5426240797777078,73.0166630850468,108.63333151365241,0.03219145628631292,0.0466042831540107,108.6333315136532,False
LSTM,ar_bounded-kmeans_8,0.01,0.6,Dataset_9,0.7215366335872951,220.91817657717075,230.20908605984502,0.03717976855010895,0.047357190400362,230.20908605984667,False
LSTM,ar_bounded-no_cluster,0.01,0.6,Dataset_9,0.8866187061966878,348.48181259056213,348.9909039488554,-0.039326060672873746,0.0470592137426137,348.990903948857,False
LSTM,ar_unbounded-kmeans_8,0.01,0.6,Dataset_9,0.6715963754683463,83.2818147184482,118.93636140802954,-0.2682818770525875,0.0445310316979885,118.93636140803044,False
LSTM,ar_unbounded-no_cluster,0.01,0.6,Dataset_9,1.0052505871632564,417.44544937867846,417.44544937867846,-0.21456409033198245,0.0473671723157167,417.4454493786801,False
LSTM,no_ar-kmeans_8,0.01,0.6,Dataset_9,0.8953066158647928,361.09090361744,361.85454020445843,0.24106055049270125,0.0463789086788892,361.85454020446,False
LSTM,no_ar-no_cluster,0.01,0.6,Dataset_9,0.803680229277533,291.5454489940929,297.07272214306863,0.02794704939856272,0.0471229311078786,297.0727221430703,False
ParetoNBD,-,0.01,0.6,Dataset_9,0.5533789010036204,39.89492464698892,98.23810364797819,0.28571937548525805,,98.2381036479787,False
Transformer,ar_bounded-kmeans_8,0.01,0.6,Dataset_9,0.5937382302772535,32.40908873860039,96.08181736177985,0.22720652056165005,0.0435225907713174,96.08181736178018,False
Transformer,ar_bounded-no_cluster,0.01,0.6,Dataset_9,0.5938891149102189,86.06363258747727,115.99090724336749,0.11172519170989297,0.0445874780416488,115.9909072433683,False
Transformer,ar_unbounded-kmeans_8,0.01,0.6,Dataset_9,0.5656198249214798,8.336361861702347,89.8999994671478,0.1674701752689101,0.0405855827033519,89.89999946714802,False
Transformer,ar_unbounded-no_cluster,0.01,0.6,Dataset_9,1.035493404382546,99.68181641941624,163.89999960972477,0.033897280781180476,0.0441057458519935,163.89999960972503,False
Transformer,no_ar-kmeans_8,0.01,0.6,Dataset_9,0.7221468430790144,138.93636148253532,155.8818164721801,0.28203144719892875,0.0413676686584949,155.88181647218087,False
Transformer,no_ar-no_cluster,0.01,0.6,Dataset_9,0.649445967794497,152.1818137913925,166.76363262263067,0.09152930617598048,0.0448601521551609,166.76363262263212,False
LSTM,ar_bounded-kmeans_8,0.01,0.8,Dataset_1,0.585962172261255,432.8157800788908,436.5526229829348,-0.01748738683590877,0.0347430231049656,436.552622982938,False
LSTM,ar_bounded-no_cluster,0.01,0.8,Dataset_1,0.5326777751682797,366.9473594054545,376.7368341550984,-0.08144481462831653,0.0347935282625258,376.7368341551015,False
LSTM,ar_unbounded-kmeans_8,0.01,0.8,Dataset_1,22.945794289859464,6504.52631603142,6536.473684904999,0.05886532468838332,0.0313869324163533,6536.473684904999,False
LSTM,ar_unbounded-no_cluster,0.01,0.8,Dataset_1,5.597561588273125,1184.5263043320458,1184.5263043320463,-0.18058084037567312,0.0350315916584804,1184.5263043320492,False
LSTM,no_ar-kmeans_8,0.01,0.8,Dataset_1,0.7258223125793738,618.947358488249,618.9473584882488,0.1831453963489213,0.033703445107676,618.9473584882522,False
LSTM,no_ar-no_cluster,0.01,0.8,Dataset_1,0.9886395855683255,925.2105164243563,925.2105164243563,-0.014995215894053962,0.0345978228142485,925.2105164243594,False
ParetoNBD,-,0.01,0.8,Dataset_1,0.37150171250384334,107.50398994648815,179.06490766952874,0.24675231075183718,,179.06490766952973,False
Transformer,ar_bounded-kmeans_8,0.01,0.8,Dataset_1,0.5480686519822326,370.6578885744252,381.18420513836736,0.13749459429742072,0.0301143996766768,381.1842051383696,False
Transformer,ar_bounded-no_cluster,0.01,0.8,Dataset_1,0.4172421089639166,176.94736271116017,212.36841699206323,0.1338830524592194,0.0313475527218543,212.3684169920652,False
Transformer,ar_unbounded-kmeans_8,0.01,0.8,Dataset_1,0.6047893012854566,367.8947318296269,382.78946908386706,0.21061584669163716,0.0273877182626165,382.7894690838692,False
Transformer,ar_unbounded-no_cluster,0.01,0.8,Dataset_1,0.4470814545557617,223.44736193649567,250.86841531783858,0.05112078283153588,0.0310509089031256,250.86841531784123,False
Transformer,no_ar-kmeans_8,0.01,0.8,Dataset_1,0.3972930297196278,104.4736801303512,174.3157871949819,0.1900378642927687,0.0316975442692637,174.31578719498296,False
Transformer,no_ar-no_cluster,0.01,0.8,Dataset_1,0.48694502688818203,302.63157094289267,320.157887654278,0.10960448301680553,0.0319177524652332,320.15788765428096,False
LSTM,ar_bounded-kmeans_8,0.01,0.8,Dataset_10,0.5190430095038081,230.19047044660834,283.6190436345819,0.17431414694808336,0.031666200608015,283.61904363458353,False
LSTM,ar_bounded-no_cluster,0.01,0.8,Dataset_10,0.4785268979680204,150.0714233677278,225.2142822990799,-0.0465171584101472,0.0313597886512676,225.21428229908148,False
LSTM,ar_unbounded-kmeans_8,0.01,0.8,Dataset_10,0.8782781129323803,606.4523724661669,606.4523724661669,0.07668407101355325,0.0330461449921131,606.4523724661697,False
LSTM,ar_unbounded-no_cluster,0.01,0.8,Dataset_10,1.9825323978638052,1365.8095158015665,1373.7618976228273,-0.17856920094600298,0.0331069529056549,1373.761897622829,False
LSTM,no_ar-kmeans_8,0.01,0.8,Dataset_10,0.9353610347920147,695.8095150866653,695.8095150866654,0.1688330790820444,0.0325713260099291,695.8095150866678,False
LSTM,no_ar-no_cluster,0.01,0.8,Dataset_10,0.952705475343248,712.333324711235,712.3333247112353,0.09944806302457583,0.033345628529787,712.3333247112377,False
ParetoNBD,-,0.01,0.8,Dataset_10,0.44415908209293803,56.65924655368625,179.02417151933136,0.18341889742695522,,179.02417151933247,False
Transformer,ar_bounded-kmeans_8,0.01,0.8,Dataset_10,0.45481867601385456,16.499998575696562,159.83333260796576,-0.09246820888318406,0.0292398755749066,159.8333326079661,False
Transformer,ar_bounded-no_cluster,0.01,0.8,Dataset_10,0.4382554009749806,23.0476163815514,158.28571304944936,0.22880856141467637,0.0297062499448657,158.2857130494501,False
Transformer,ar_unbounded-kmeans_8,0.01,0.8,Dataset_10,0.44508695918293845,-43.357144025642874,130.54761843578413,0.007503894157841304,0.0269419526060422,130.54761843578447,False
Transformer,ar_unbounded-no_cluster,0.01,0.8,Dataset_10,0.4559422477089621,10.66666509778632,154.4285705845266,-0.03570832951089058,0.0295694284141063,154.42857058452708,False
Transformer,no_ar-kmeans_8,0.01,0.8,Dataset_10,0.4272734142485878,-2.214287718138137,147.59523712453338,0.19901673187396,0.0294549297541379,147.59523712453387,False
Transformer,no_ar-no_cluster,0.01,0.8,Dataset_10,0.48089164788915584,167.71428032911004,235.76190110207145,0.15506466562892082,0.0302569357057412,235.76190110207315,False
LSTM,ar_bounded-kmeans_8,0.01,0.8,Dataset_2,0.49486324475724797,158.9107090174863,193.73213867324088,0.03346238839649622,0.040210073813796,193.7321386732427,False
LSTM,ar_bounded-no_cluster,0.01,0.8,Dataset_2,0.6147704242135056,308.07142129300695,319.92856472996493,-0.05492364076177661,0.0433095544576644,319.92856472996726,False
LSTM,ar_unbounded-kmeans_8,0.01,0.8,Dataset_2,0.8187280400550919,244.535710190288,283.749996917321,-0.16341834110043404,0.0395596344023942,283.7499969173223,False
LSTM,ar_unbounded-no_cluster,0.01,0.8,Dataset_2,0.7900111061083308,457.5357067165872,462.9999931003611,-0.15928822353359398,0.0429062852635979,462.9999931003632,False
LSTM,no_ar-kmeans_8,0.01,0.8,Dataset_2,0.6617590134617666,335.0178507722091,350.5892800533058,0.07989369221173147,0.0415883138775825,350.589280053308,False
LSTM,no_ar-no_cluster,0.01,0.8,Dataset_2,0.9542315812142901,617.053564328565,620.089278918955,-0.07037233125015227,0.0424912236630916,620.0892789189571,False
ParetoNBD,-,0.01,0.8,Dataset_2,0.43246027389017994,24.210558564726448,118.60298011696261,0.2522356929391036,,118.60298011696295,False
Transformer,ar_bounded-kmeans_8,0.01,0.8,Dataset_2,0.637840198944137,182.05356809776103,212.08928294945363,0.10188574618982839,0.036777215078473,212.08928294945508,False
Transformer,ar_bounded-no_cluster,0.01,0.8,Dataset_2,0.49440762420470913,180.9821374215429,214.7678525952071,0.21201256225074985,0.0382812959142029,214.767852595209,False
Transformer,ar_unbounded-kmeans_8,0.01,0.8,Dataset_2,0.8251768442785739,372.6071397707384,385.39285448246636,0.12148820061849303,0.0336473505012691,385.39285448246767,False
Transformer,ar_unbounded-no_cluster,0.01,0.8,Dataset_2,2.806169918123408,1387.339282072414,1447.83928324801,-0.2891669973530621,0.0387391955591738,1447.8392832480106,False
Transformer,no_ar-kmeans_8,0.01,0.8,Dataset_2,0.5522747831298912,126.73214011758976,169.3749982431257,0.1578311541621648,0.0380643256939947,169.3749982431265,False
Transformer,no_ar-no_cluster,0.01,0.8,Dataset_2,0.4672340754122448,107.62499579161735,153.7321399265354,0.10850071834771294,0.0391236622817814,153.7321399265368,False
LSTM,ar_bounded-kmeans_8,0.01,0.8,Dataset_3,0.5362069871766254,355.0999909639321,380.8999921257265,-0.09649345337949372,0.0279792075355847,380.89999212572974,False
LSTM,ar_bounded-no_cluster,0.01,0.8,Dataset_3,0.7864851457161004,767.1666541198849,771.6999879603544,-0.003263480344993604,0.0290824665377537,771.6999879603585,False
LSTM,ar_unbounded-kmeans_8,0.01,0.8,Dataset_3,15.14649484993294,4346.966655614472,4346.966655614472,0.025198052765132532,0.0282658866296211,4346.966655614476,False
LSTM,ar_unbounded-no_cluster,0.01,0.8,Dataset_3,0.862687782483589,869.7333205429179,869.7333205429179,-0.10021277993363088,0.029284918680787,869.7333205429217,False
LSTM,no_ar-kmeans_8,0.01,0.8,Dataset_3,0.9469704798642044,977.1999873096706,977.199987309671,0.04576538011743227,0.0285784105459849,977.1999873096744,False
LSTM,no_ar-no_cluster,0.01,0.8,Dataset_3,0.8363694317595453,836.5333204405965,836.7999876104255,0.008577988353584188,0.0290543250739574,836.7999876104295,False
ParetoNBD,-,0.01,0.8,Dataset_3,0.4738891678703366,64.34134165939824,181.8359016992785,0.16533379386508437,,181.83590169928,False
Transformer,ar_bounded-kmeans_8,0.01,0.8,Dataset_3,0.44413821786776414,53.13333038861392,174.6666651777915,0.1564731762717183,0.0245046447962522,174.6666651777923,False
Transformer,ar_bounded-no_cluster,0.01,0.8,Dataset_3,0.43740035147752604,63.5666631534676,161.5666653588406,0.1302515080494256,0.0247544832527637,161.56666535884142,False
Transformer,ar_unbounded-kmeans_8,0.01,0.8,Dataset_3,0.47609596863249565,100.09999702374007,200.36666519939828,0.11692451892271515,0.0228295158594846,200.366665199399,False
Transformer,ar_unbounded-no_cluster,0.01,0.8,Dataset_3,0.45174348259624525,137.03332830220194,205.63333079218728,0.1327343217402404,0.025212491552035,205.63333079218864,False
Transformer,no_ar-kmeans_8,0.01,0.8,Dataset_3,0.45559918830961665,64.46666351829823,180.33333176746888,0.16195200567755824,0.0255283880978822,180.33333176746964,False
Transformer,no_ar-no_cluster,0.01,0.8,Dataset_3,0.43691134718095587,27.799997230369133,162.39999866733868,0.11446654258982307,0.0250243544578552,162.39999866733947,False
LSTM,ar_bounded-kmeans_8,0.01,0.8,Dataset_4,0.4083003886138615,413.7499910468814,429.74999245876717,0.14020820048460672,0.0289312321692705,429.7499924587707,False
LSTM,ar_bounded-no_cluster,0.01,0.8,Dataset_4,0.7921863387535563,1167.9166503716208,1167.9166503716212,-0.023390564333377047,0.029938206076622,1167.916650371626,False
LSTM,ar_unbounded-kmeans_8,0.01,0.8,Dataset_4,2.1506126384802666,1918.7499855800172,1918.7499855800177,0.0053863398948268805,0.0291714556515216,1918.7499855800224,False
LSTM,ar_unbounded-no_cluster,0.01,0.8,Dataset_4,0.9176062867510221,1367.4166498162424,1367.416649816243,-0.17042278340577094,0.0302571884045998,1367.4166498162474,False
LSTM,no_ar-kmeans_8,0.01,0.8,Dataset_4,0.9444444813673722,1385.9583181406633,1385.958318140664,0.020921240516228637,0.0288776730497678,1385.958318140668,False
LSTM,no_ar-no_cluster,0.01,0.8,Dataset_4,0.941614714958541,1416.041650506663,1416.0416505066635,-0.09080358884736274,0.0299307852983474,1416.0416505066678,False
ParetoNBD,-,0.01,0.8,Dataset_4,0.32850707817164565,113.98458129667851,211.49587963508864,0.138036710707956,,211.4958796350909,False
Transformer,ar_bounded-kmeans_8,0.01,0.8,Dataset_4,0.30066986529053386,55.16666383482368,180.2499984701467,0.15880263271209388,0.023536135132114,180.24999847014743,False
Transformer,ar_bounded-no_cluster,0.01,0.8,Dataset_4,0.2847401862146022,8.791664335875177,157.0416654460124,0.02306166838366195,0.0272660131255785,157.0416654460132,False
Transformer,ar_unbounded-kmeans_8,0.01,0.8,Dataset_4,0.35871444275711306,155.74999540888754,238.24999749194686,0.07666078206132135,0.0242049427082141,238.2499974919483,False
Transformer,ar_unbounded-no_cluster,0.01,0.8,Dataset_4,0.3039340727281433,119.70832924513535,222.3749976993216,-0.051442818695613526,0.027617464462916,222.3749976993228,False
Transformer,no_ar-kmeans_8,0.01,0.8,Dataset_4,0.28825792487706436,74.49999629364437,197.58333123754588,0.08306026235858914,0.0255617555230855,197.5833312375471,False
Transformer,no_ar-no_cluster,0.01,0.8,Dataset_4,0.3375041882951612,261.2083257719216,295.6249941838877,0.030296585221804413,0.0276811532676219,295.6249941838905,False
LSTM,ar_bounded-kmeans_8,0.01,0.8,Dataset_5,0.7968754264624129,569.9565128544722,570.1304262099032,0.017483744085125427,0.0280062182573601,570.1304262099059,False
LSTM,ar_bounded-no_cluster,0.01,0.8,Dataset_5,0.836381897099143,624.9565123296924,624.9565123296926,-0.08666845291155093,0.0286964881233871,624.956512329695,False
LSTM,ar_unbounded-kmeans_8,0.01,0.8,Dataset_5,0.4209788746374687,87.60869160051375,161.86956314207967,-0.06260781611258481,0.0269020278356038,161.86956314208066,False
LSTM,ar_unbounded-no_cluster,0.01,0.8,Dataset_5,0.4063431989209966,34.13043185744436,145.21739029365983,-0.01795591868810554,0.0272984656039625,145.21739029366037,False
LSTM,no_ar-kmeans_8,0.01,0.8,Dataset_5,0.8647109990557726,648.0652085059984,648.0652085059986,0.1285584397804129,0.0282006537308916,648.0652085060011,False
LSTM,no_ar-no_cluster,0.01,0.8,Dataset_5,0.7870891285378283,578.1521645455553,578.1521645455554,-0.027591254314410053,0.0287802109960466,578.1521645455581,False
ParetoNBD,-,0.01,0.8,Dataset_5,0.4149450531073988,29.978112261828734,139.17721709578626,0.11180506265951794,,139.17721709578697,False
Transformer,ar_bounded-kmeans_8,0.01,0.8,Dataset_5,0.5788598247066452,146.0217367209806,209.41304232439202,-0.013983651450157458,0.0229182171460706,209.4130423243927,False
Transformer,ar_bounded-no_cluster,0.01,0.8,Dataset_5,0.41852221033546266,87.10869191133268,161.63043361966965,0.10448738953937695,0.0250851350137963,161.63043361967024,False
Transformer,ar_unbounded-kmeans_8,0.01,0.8,Dataset_5,0.4590370903783556,48.86956361486761,150.47826030817984,0.03704713713921202,0.0219285936327651,150.47826030818015,False
Transformer,ar_unbounded-no_cluster,0.01,0.8,Dataset_5,0.5034250019981413,154.30434411796372,199.13043270454367,-0.1297679536215248,0.0251155412988737,199.13043270454455,False
Transformer,no_ar-kmeans_8,0.01,0.8,Dataset_5,0.4741586246546571,173.93477938907176,230.28260627356468,0.04710117592399518,0.0242336565861478,230.2826062735656,False
Transformer,no_ar-no_cluster,0.01,0.8,Dataset_5,0.3972491504132366,21.34782363781965,140.99999915241497,-0.020096574386696413,0.0255133539321832,140.99999915241548,False
LSTM,ar_bounded-kmeans_8,0.01,0.8,Dataset_6,0.8264413167962763,416.8666601615627,421.5333273013414,0.1544925903894807,0.0351597890257835,421.53332730134326,False
LSTM,ar_bounded-no_cluster,0.01,0.8,Dataset_6,0.7297591450324353,341.69999324716395,351.0333273839187,-0.01013687564066231,0.0362639222294092,351.0333273839205,False
LSTM,ar_unbounded-kmeans_8,0.01,0.8,Dataset_6,1.542156377877997,428.16666001143346,433.63332722646294,0.10606038943404825,0.0362199349328875,433.6333272264649,False
LSTM,ar_unbounded-no_cluster,0.01,0.8,Dataset_6,2.0262126913969922,470.83332653778086,470.8333265377809,-0.1365278917716006,0.037857728699843,470.83332653778297,False
LSTM,no_ar-kmeans_8,0.01,0.8,Dataset_6,0.9297685681188823,491.5166602625181,495.3166605314844,0.16651406304028743,0.0347919780761003,495.3166605314861,False
LSTM,no_ar-no_cluster,0.01,0.8,Dataset_6,0.7153430277738273,328.78332684126764,340.44999423436633,-0.03112307728084401,0.0360870510339736,340.4499942343682,False
ParetoNBD,-,0.01,0.8,Dataset_6,0.48189407964091274,43.789553578147654,138.65244275015706,0.2616067548515883,,138.6524427501575,False
Transformer,ar_bounded-kmeans_8,0.01,0.8,Dataset_6,0.6795756201693134,91.04999806421414,156.88333246546443,0.11734020247442896,0.0303811884174744,156.88333246546486,False
Transformer,ar_bounded-no_cluster,0.01,0.8,Dataset_6,0.4915220720539757,-3.266668772947033,125.29999947175351,-0.06643936257175988,0.0336542334407568,125.29999947175384,False
Transformer,ar_unbounded-kmeans_8,0.01,0.8,Dataset_6,0.4930306387332583,-58.70000067787905,110.86666648276143,0.07488602226132826,0.0302566550672054,110.8666664827615,False
Transformer,ar_unbounded-no_cluster,0.01,0.8,Dataset_6,0.48347413284943924,-28.783334856853823,117.04999965615546,0.071568346353861,0.0322285909205675,117.0499996561557,False
Transformer,no_ar-kmeans_8,0.01,0.8,Dataset_6,0.47992817468065624,-16.36666836217137,120.3333329595623,0.19698638047044528,0.0310484757646918,120.33333295956254,False
Transformer,no_ar-no_cluster,0.01,0.8,Dataset_6,0.49075371659973627,7.33333103979497,128.5999994166192,-0.07321889183513304,0.0338048217818141,128.59999941661954,False
LSTM,ar_bounded-kmeans_8,0.01,0.8,Dataset_7,0.6135999205035297,204.51666106159277,225.3833281000435,0.08633950191889925,0.0418068431317806,225.38332810004556,False
LSTM,ar_bounded-no_cluster,0.01,0.8,Dataset_7,0.5522162260125454,123.91666222673962,167.81666372281694,-0.13252323755173265,0.0408306010067462,167.8166637228181,False
LSTM,ar_unbounded-kmeans_8,0.01,0.8,Dataset_7,0.5550436190716022,71.19999658626654,139.73333161013753,-0.19360013102351833,0.0384171977639198,139.7333316101382,False
LSTM,ar_unbounded-no_cluster,0.01,0.8,Dataset_7,0.578954703549239,145.24999542782516,187.68333004166558,-0.02878517036158077,0.0417186319828033,187.68333004166684,False
LSTM,no_ar-kmeans_8,0.01,0.8,Dataset_7,0.8444774082434849,405.1333271339515,414.49999419972113,0.14612759090521427,0.0413181874901056,414.499994199723,False
LSTM,no_ar-no_cluster,0.01,0.8,Dataset_7,0.6373914711223923,242.16666058947422,258.69999462117556,0.01978261842797168,0.0424158480018377,258.6999946211775,False
ParetoNBD,-,0.01,0.8,Dataset_7,0.49994614358929834,24.445199859184186,105.17356478099545,0.2723306283775703,,105.17356478099552,False
Transformer,ar_bounded-kmeans_8,0.01,0.8,Dataset_7,0.5060698668504836,-16.283334720259585,103.84999992015459,0.12259229615158586,0.0336201625565687,103.84999992015462,False
Transformer,ar_bounded-no_cluster,0.01,0.8,Dataset_7,0.5122885950567371,47.949997084213855,110.84999962088946,0.10358865342124078,0.0385480858385562,110.84999962088962,False
Transformer,ar_unbounded-kmeans_8,0.01,0.8,Dataset_7,0.5333195442951493,-21.566667941709987,102.20000000049669,0.1436801095375885,0.0346588790416717,102.2000000004967,False
Transformer,ar_unbounded-no_cluster,0.01,0.8,Dataset_7,0.5037061332235737,-13.050001831726224,101.6833333143343,0.1432114609672318,0.0373424030840396,101.68333331433436,False
Transformer,no_ar-kmeans_8,0.01,0.8,Dataset_7,0.503827064216448,-8.683335076397386,99.449999993667,0.17547674878941644,0.0372095871716737,99.449999993667,False
Transformer,no_ar-no_cluster,0.01,0.8,Dataset_7,0.5269661162666694,91.74999622317476,130.21666455703382,0.17310172883236838,0.0389613807201385,130.21666455703476,False
LSTM,ar_bounded-kmeans_8,0.01,0.8,Dataset_8,0.8347037093527722,494.4444367869007,501.2592518840101,0.12422841829951134,0.0296151228249073,501.2592518840123,False
LSTM,ar_bounded-no_cluster,0.01,0.8,Dataset_8,0.8854608936365197,548.2777695861378,548.2777695861381,-0.09514302766595392,0.0303772334009408,548.2777695861404,False
LSTM,ar_unbounded-kmeans_8,0.01,0.8,Dataset_8,1.065363201024592,700.9999925995015,700.9999925995019,-0.014762771147986032,0.0300383316352963,700.9999925995039,False
LSTM,ar_unbounded-no_cluster,0.01,0.8,Dataset_8,1.0698438519086884,709.6481403749829,709.6481403749831,-0.09177033602152014,0.0304190777242183,709.648140374985,False
LSTM,no_ar-kmeans_8,0.01,0.8,Dataset_8,0.8864481127592122,553.1296221918782,559.2777706303233,0.1987102664965056,0.0287655396386981,559.2777706303254,False
LSTM,no_ar-no_cluster,0.01,0.8,Dataset_8,0.8193370269773593,489.38888107874635,496.57406656554224,0.0014770463987402106,0.0301441214978694,496.5740665655445,False
ParetoNBD,-,0.01,0.8,Dataset_8,0.47124017457447565,9.698429470379294,128.06832074804095,0.27050148354909176,,128.06832074804151,False
Transformer,ar_bounded-kmeans_8,0.01,0.8,Dataset_8,0.6319492483263649,78.81481286000209,152.70370290511144,0.22957914614232502,0.02465764246881,152.70370290511184,False
Transformer,ar_bounded-no_cluster,0.01,0.8,Dataset_8,0.5768166808310046,213.88888334234323,241.4444402481101,-0.011226760812226039,0.0294142002239823,241.44444024811187,False
Transformer,ar_unbounded-kmeans_8,0.01,0.8,Dataset_8,0.5219748636047816,27.796295247281563,132.83333314444715,-0.0962481237534134,0.0243390412069857,132.83333314444732,False
Transformer,ar_unbounded-no_cluster,0.01,0.8,Dataset_8,0.5332594466853736,161.2407354948398,199.24073678406668,0.17418947841115437,0.0298659149557352,199.24073678406853,False
Transformer,no_ar-kmeans_8,0.01,0.8,Dataset_8,0.49261366829105496,29.77777554618981,131.3333328054456,0.20617018410739849,0.0282053519040346,131.3333328054459,False
Transformer,no_ar-no_cluster,0.01,0.8,Dataset_8,0.5321005846465099,140.5925883739063,184.14814510141116,0.1090310873386151,0.0296340445056557,184.14814510141255,False
LSTM,ar_bounded-kmeans_8,0.01,0.8,Dataset_9,0.7153319892458038,1011.4583172835358,1011.4583172835358,0.07855481697872686,0.0331107228994369,1011.458317283541,False
LSTM,ar_bounded-no_cluster,0.01,0.8,Dataset_9,0.9138667819642906,1360.041650190634,1360.0416501906345,-0.13708241268953453,0.0347282718867063,1360.041650190639,False
LSTM,ar_unbounded-kmeans_8,0.01,0.8,Dataset_9,17.112044397649175,5021.541630375817,5021.541630375817,-0.024268339297716376,0.0342443399131298,5021.54163037582,False
LSTM,ar_unbounded-no_cluster,0.01,0.8,Dataset_9,1.0690650024821646,1607.0833174356521,1607.0833174356528,-0.12330824198365867,0.0350089911371469,1607.083317435657,False
LSTM,no_ar-kmeans_8,0.01,0.8,Dataset_9,0.7913955169460127,1143.5833177451614,1143.5833177451618,-0.017586022719317963,0.0330454967916011,1143.5833177451666,False
LSTM,no_ar-no_cluster,0.01,0.8,Dataset_9,0.941898894703731,1406.499984751761,1406.4999847517618,-0.07612912562915476,0.0339372064918279,1406.499984751766,False
ParetoNBD,-,0.01,0.8,Dataset_9,0.3154465426524234,69.99420266960895,207.20201229360524,0.09310421632171104,,207.20201229360768,False
Transformer,ar_bounded-kmeans_8,0.01,0.8,Dataset_9,0.30300457365832534,115.12499593663775,229.62499756831565,0.15946071523947256,0.0280247563496232,229.6249975683168,False
Transformer,ar_bounded-no_cluster,0.01,0.8,Dataset_9,0.2943578782639764,89.74999603815137,213.24999765492836,-0.05801259994304983,0.0314214974641799,213.24999765492976,False
Transformer,ar_unbounded-kmeans_8,0.01,0.8,Dataset_9,0.3488107130594344,248.3749942931631,321.6249962880569,0.21570052900695333,0.0286137890070676,321.62499628805864,False
Transformer,ar_unbounded-no_cluster,0.01,0.8,Dataset_9,0.5414650406587914,491.24999640819715,552.6666638130926,-0.06040278146463855,0.0304725108047326,552.6666638130943,False
Transformer,no_ar-kmeans_8,0.01,0.8,Dataset_9,0.7068808608109324,489.5416594110395,499.6249935279258,0.11036214615503354,0.030595904837052,499.624993527929,False
Transformer,no_ar-no_cluster,0.01,0.8,Dataset_9,0.2906469698412799,81.99999602511276,214.833330844217,0.01689786637052085,0.0319657009094953,214.83333084421847,False
LSTM,ar_bounded-kmeans_8,0.3,0.2,Dataset_1,7.924154071171752,29.057484916424016,29.172237242643494,0.779952649038003,0.4872261397540569,29.14411658579302,True
LSTM,ar_bounded-no_cluster,0.3,0.2,Dataset_1,6.258030465603508,9.543004753904606,11.488894831782606,0.8582073024916297,0.4911004044115543,11.464623819519238,True
LSTM,ar_unbounded-kmeans_8,0.3,0.2,Dataset_1,17.421575193891822,86.61017958819055,87.59940113233495,0.7658910544877076,0.5012378171086311,87.55856094486737,True
LSTM,ar_unbounded-no_cluster,0.3,0.2,Dataset_1,29.184244039333123,219.58845931641193,219.58845931641193,0.7352658286427041,0.5559825599193573,219.5188852532104,True
LSTM,no_ar-kmeans_8,0.3,0.2,Dataset_1,8.388498432750971,32.17223728621134,32.17223728621134,0.754099305314818,0.492820743471384,32.143463532584214,True
LSTM,no_ar-no_cluster,0.3,0.2,Dataset_1,6.837524903423256,22.090364552742287,22.266085845644895,0.856519016671528,0.4933974910527468,22.23946865051141,True
ParetoNBD,-,0.3,0.2,Dataset_1,6.726996921791839,-14.107127206771535,29.419872606859705,0.8590401186636105,,29.43523782453535,True
Transformer,ar_bounded-kmeans_8,0.3,0.2,Dataset_1,7.714762563074723,19.451714747594988,28.11649428914764,0.7684068253478424,0.4926793873310089,28.13214325087853,True
Transformer,ar_bounded-no_cluster,0.3,0.2,Dataset_1,6.408875515951613,7.240228524252116,24.27866081509964,0.8145466905511822,0.499910594895482,24.29514526904215,True
Transformer,ar_unbounded-kmeans_8,0.3,0.2,Dataset_1,9.229372163728337,34.281545970872834,36.589983652559276,0.7778266568075376,0.4962855726480484,36.60378794478687,True
Transformer,ar_unbounded-no_cluster,0.3,0.2,Dataset_1,16.81472458611127,122.96445273723764,122.96445273723764,0.758667305925893,0.505105122923851,122.9159136161454,True
Transformer,no_ar-kmeans_8,0.3,0.2,Dataset_1,8.12787228004777,26.086064231463858,29.509363126478153,0.7644687089454121,0.5033094845712185,29.524708862164125,True
Transformer,no_ar-no_cluster,0.3,0.2,Dataset_1,7.32930261561004,6.584322178441266,24.3833424231148,0.7238162371105367,0.5168267842382193,24.399804087984048,True
LSTM,ar_bounded-kmeans_8,0.3,0.2,Dataset_10,8.291898942043726,26.9058099490917,27.31566496017673,0.7586698432422104,0.5103311687707901,27.31566496017673,False
LSTM,ar_bounded-no_cluster,0.3,0.2,Dataset_10,6.469449378466545,8.454874868560085,10.21816553683009,0.8586741288602276,0.5112469643354416,10.218165536830094,False
LSTM,ar_unbounded-kmeans_8,0.3,0.2,Dataset_10,13.675915692575368,65.49973720714002,68.53535396105059,0.7557156409300023,0.5340555217117071,68.53535396105059,False
LSTM,ar_unbounded-no_cluster,0.3,0.2,Dataset_10,18.491195503689887,163.56482434929563,163.56482434929563,0.7261884243249214,0.5648739039897919,163.56482434929563,False
LSTM,no_ar-kmeans_8,0.3,0.2,Dataset_10,8.557093682932319,26.972788300263055,27.058730739366283,0.7350638647930607,0.511875580996275,27.058730739366283,False
LSTM,no_ar-no_cluster,0.3,0.2,Dataset_10,7.2059796546738575,23.193370332697967,23.193370332697967,0.8541407708118556,0.5143483001738787,23.193370332697967,False
ParetoNBD,-,0.3,0.2,Dataset_10,7.081190746353645,-13.462124273776432,30.748580426801812,0.8587828998238963,,30.7485804268018,False
Transformer,ar_bounded-kmeans_8,0.3,0.2,Dataset_10,8.762635810054691,26.343454392053488,34.534040692215974,0.5130523638719899,0.5100939646363258,34.534040692215974,False
Transformer,ar_bounded-no_cluster,0.3,0.2,Dataset_10,7.333303821068137,18.988495381090285,25.435543126458143,0.7963692905409002,0.5199199467897415,25.435543126458143,False
Transformer,ar_unbounded-kmeans_8,0.3,0.2,Dataset_10,7.023146723468719,0.2624500674974658,24.546543403248197,0.8078461215388029,0.5138163417577744,24.5465434032482,False
Transformer,ar_unbounded-no_cluster,0.3,0.2,Dataset_10,13.986324708201623,90.01465627728302,90.01465627728302,0.7564815877410234,0.5274717845022678,90.01465627728302,False
Transformer,no_ar-kmeans_8,0.3,0.2,Dataset_10,8.254767626922348,19.88558514988123,24.870455954623093,0.73947691937417,0.5227955654263496,24.870455954623093,False
Transformer,no_ar-no_cluster,0.3,0.2,Dataset_10,8.00768481330691,7.372084318696012,26.458762314234786,0.6998985209630333,0.533559987321496,26.458762314234782,False
LSTM,ar_bounded-kmeans_8,0.3,0.2,Dataset_2,7.14570703979007,23.186404726842113,24.134406092588524,0.7874744700026753,0.4742282647639513,24.134406092588524,False
LSTM,ar_bounded-no_cluster,0.3,0.2,Dataset_2,6.064315673427567,9.133031590269008,11.955388794599676,0.8508740965334859,0.4801336843520403,11.955388794599676,False
LSTM,ar_unbounded-kmeans_8,0.3,0.2,Dataset_2,7.212153637806331,7.4318519256695,26.215381972381234,0.7864544249883992,0.4896121323108673,26.215381972381238,False
LSTM,ar_unbounded-no_cluster,0.3,0.2,Dataset_2,34.36312377869997,222.3665100402444,222.3665100402444,0.7549353125593546,0.522627055644989,222.3665100402444,False
LSTM,no_ar-kmeans_8,0.3,0.2,Dataset_2,7.8160930305484335,29.393139263364766,29.393139263364766,0.740873325063018,0.4779594838619232,29.39313926336477,False
LSTM,no_ar-no_cluster,0.3,0.2,Dataset_2,6.244910108127467,17.517638197265775,18.084354500489273,0.8394372658724127,0.4828784056007862,18.084354500489276,False
ParetoNBD,-,0.3,0.2,Dataset_2,6.2482402269104105,-11.062382383402253,30.9181714813066,0.8561765458763105,,30.918171481306604,False
Transformer,ar_bounded-kmeans_8,0.3,0.2,Dataset_2,8.713291992397469,46.538540760502976,48.927270592079495,0.7948444616830691,0.4799308627843857,48.927270592079495,False
Transformer,ar_bounded-no_cluster,0.3,0.2,Dataset_2,7.141401947034513,-7.144198960153907,25.26251290863086,0.8168210482240902,0.4857816062867641,25.26251290863086,False
Transformer,ar_unbounded-kmeans_8,0.3,0.2,Dataset_2,9.135522447699014,50.961573585189896,50.961573585189896,0.8100847858494459,0.4810452181845903,50.961573585189896,False
Transformer,ar_unbounded-no_cluster,0.3,0.2,Dataset_2,8.731095292664188,42.27270626567211,46.27854753931631,0.7807866217403557,0.4964753519743681,46.27854753931631,False
Transformer,no_ar-kmeans_8,0.3,0.2,Dataset_2,7.9050399661749475,19.794067008662537,28.41587437275388,0.7550872540430764,0.4920297656208277,28.41587437275388,False
Transformer,no_ar-no_cluster,0.3,0.2,Dataset_2,7.02305609101078,7.418394138388631,24.212461291921056,0.6714027550136942,0.503849720582366,24.212461291921056,False
LSTM,ar_bounded-kmeans_8,0.3,0.2,Dataset_3,7.348584138419229,19.962268989636016,20.2428105572965,0.8059109110711076,0.4924352318048477,20.2428105572965,False
LSTM,ar_bounded-no_cluster,0.3,0.2,Dataset_3,6.9906853861771125,11.894311385194433,13.534529734409542,0.8461029818255745,0.4994677305221557,13.534529734409542,False
LSTM,ar_unbounded-kmeans_8,0.3,0.2,Dataset_3,17.483049326815028,105.82131599808208,105.82131599808208,0.7620126949311172,0.5245572924613953,105.82131599808208,False
LSTM,ar_unbounded-no_cluster,0.3,0.2,Dataset_3,34.661124459255554,256.1114607803253,256.1114607803253,0.7419875243558313,0.548760250210762,256.1114607803253,False
LSTM,no_ar-kmeans_8,0.3,0.2,Dataset_3,7.557118209345027,18.57456959194428,18.79707170886126,0.7655846466135529,0.4953257143497467,18.79707170886126,False
LSTM,no_ar-no_cluster,0.3,0.2,Dataset_3,7.3053599081353235,18.866288697888166,19.072942784009932,0.8407789639662522,0.5056220181286335,19.07294278400993,False
ParetoNBD,-,0.3,0.2,Dataset_3,6.82547168957716,-16.100206016575978,29.495786102806427,0.8656430766957555,,29.495786102806434,False
Transformer,ar_bounded-kmeans_8,0.3,0.2,Dataset_3,7.104691772890364,2.0634445271378117,25.307567171644152,0.7959294715828162,0.5001232996582985,25.307567171644152,False
Transformer,ar_bounded-no_cluster,0.3,0.2,Dataset_3,9.058896617819936,49.50949815576966,49.56365432938222,0.7993761009660985,0.5047208443284035,49.56365432938222,False
Transformer,ar_unbounded-kmeans_8,0.3,0.2,Dataset_3,7.933538264085348,33.59944364846755,36.79329340109026,0.7943883307426152,0.5094716958701611,36.79329340109026,False
Transformer,ar_unbounded-no_cluster,0.3,0.2,Dataset_3,18.028328599196616,122.97281679021128,122.97281679021128,0.795810452793881,0.5145406015217304,122.97281679021128,False
Transformer,no_ar-kmeans_8,0.3,0.2,Dataset_3,8.406673660842728,30.839630536428917,33.30100755226594,0.7716434364766667,0.5085782967507839,33.30100755226594,False
Transformer,no_ar-no_cluster,0.3,0.2,Dataset_3,9.535847221133716,63.3378461971183,63.3378461971183,0.7178150872341632,0.5211387127637863,63.3378461971183,False
LSTM,ar_bounded-kmeans_8,0.3,0.2,Dataset_4,7.805879870965735,27.094928608529322,28.774167909289375,0.8080555200937426,0.4982754215598106,28.746963057085026,True
LSTM,ar_bounded-no_cluster,0.3,0.2,Dataset_4,5.982133015511856,6.167300474567745,8.982831429005284,0.8673641849664638,0.497599471360445,8.959807697848843,True
LSTM,ar_unbounded-kmeans_8,0.3,0.2,Dataset_4,15.355202368968396,112.96328565601713,112.96328565601713,0.7010039709949093,0.5336922109127045,112.91829499674682,True
LSTM,ar_unbounded-no_cluster,0.3,0.2,Dataset_4,47.70493070928138,345.3812994966967,345.3812994966967,0.72164025560913,0.5530294328927994,345.2872081690329,True
LSTM,no_ar-kmeans_8,0.3,0.2,Dataset_4,7.916812435030056,23.704173156506506,24.0535656586132,0.7798718627489305,0.496945533901453,24.02735808162817,True
LSTM,no_ar-no_cluster,0.3,0.2,Dataset_4,6.8178169424942,18.18832529935055,19.464923309607997,0.8566604097266161,0.5014521777629852,19.439685129971444,True
ParetoNBD,-,0.3,0.2,Dataset_4,6.765996283678081,-15.124700751992606,29.716099596903778,0.8712811087318366,,29.730947785433024,True
Transformer,ar_bounded-kmeans_8,0.3,0.2,Dataset_4,8.446210004046836,33.20977277187872,34.52345477150457,0.808100254692485,0.5035044215619564,34.49503532399818,True
Transformer,ar_bounded-no_cluster,0.3,0.2,Dataset_4,7.455689708479072,3.30586357248826,23.72572633510134,0.7919805439863138,0.5053939297795296,23.74184005088562,True
Transformer,ar_unbounded-kmeans_8,0.3,0.2,Dataset_4,7.058703010730665,7.504278897011148,25.71082935870733,0.8069678661191061,0.5066369138658047,25.726523701295537,True
Transformer,ar_unbounded-no_cluster,0.3,0.2,Dataset_4,6.9855499041846425,28.572583085401263,35.135816102862215,0.8089468276356215,0.5207127630710602,35.12839330448831,True
Transformer,no_ar-kmeans_8,0.3,0.2,Dataset_4,7.695377546887583,9.030480681875758,22.850660312117892,0.7625786101940832,0.5127057358622551,22.86695889449624,True
Transformer,no_ar-no_cluster,0.3,0.2,Dataset_4,12.465666331428453,84.04622272678345,84.04622272678345,0.6806433195743093,0.5228424146771431,84.0073410910537,True
LSTM,ar_bounded-kmeans_8,0.3,0.2,Dataset_5,8.20377956064382,17.82550126568574,19.805247857295118,0.7859700814887833,0.4761986304074526,19.793296016926277,True
LSTM,ar_bounded-no_cluster,0.3,0.2,Dataset_5,7.073782788091453,16.706973850285905,16.83737393536449,0.8441408556848551,0.4805613053031266,16.825718171803498,True
LSTM,ar_unbounded-kmeans_8,0.3,0.2,Dataset_5,39.00939131326324,165.36645724687244,165.36645724687244,0.7334993278160727,0.4886299616191536,165.3399841366124,True
LSTM,ar_unbounded-no_cluster,0.3,0.2,Dataset_5,38.32670071710558,278.56385298760887,278.56385298760887,0.7452174358348237,0.5342225562781096,278.5260872401041,True
LSTM,no_ar-kmeans_8,0.3,0.2,Dataset_5,8.759819239708031,23.908111304990634,26.707871865007625,0.7579009637603128,0.4797525000758469,26.69523141490138,True
LSTM,no_ar-no_cluster,0.3,0.2,Dataset_5,7.879678418685801,3.5517308832212477,10.894342932794743,0.842384296075356,0.4849125640466809,10.902733371072022,True
ParetoNBD,-,0.3,0.2,Dataset_5,7.544979579453916,-14.190484902229601,30.03942691633926,0.8489163053283231,,30.04640622331086,True
Transformer,ar_bounded-kmeans_8,0.3,0.2,Dataset_5,8.60580725832676,29.742741627994246,31.204379857384442,0.7731013169673646,0.4813451934605837,31.19129083305709,True
Transformer,ar_bounded-no_cluster,0.3,0.2,Dataset_5,6.500086676055587,0.30938829869109213,22.336326465386033,0.8335969364282013,0.4891371238045394,22.344074238085017,True
Transformer,ar_unbounded-kmeans_8,0.3,0.2,Dataset_5,10.522313829531962,38.28025532895306,39.39159926134659,0.7976458534752343,0.4833228858187794,39.37769347530696,True
Transformer,ar_unbounded-no_cluster,0.3,0.2,Dataset_5,9.798175290901105,38.044647196604934,39.803501873122045,0.7913328165977344,0.5001671351492405,39.78955499544117,True
Transformer,no_ar-kmeans_8,0.3,0.2,Dataset_5,7.799926051058375,4.563354251152335,23.328793745060132,0.7712587926463897,0.4883093577809632,23.336442508653004,True
Transformer,no_ar-no_cluster,0.3,0.2,Dataset_5,8.135550242997807,25.046842113998785,29.73475996488513,0.7366482009906553,0.5094386795535684,29.72181755068273,True
LSTM,ar_bounded-kmeans_8,0.3,0.2,Dataset_6,7.560426453892787,21.388782963373515,23.226984043935776,0.8105680031271886,0.475315136834979,23.226984043935776,False
LSTM,ar_bounded-no_cluster,0.3,0.2,Dataset_6,6.2156517433283724,3.051216843700598,9.30645499498677,0.8765331205204177,0.4773861151188612,9.30645499498677,False
LSTM,ar_unbounded-kmeans_8,0.3,0.2,Dataset_6,7.935519177013211,18.262010424570352,31.134920535569705,0.8006195653551685,0.5053359884768724,31.134920535569705,False
LSTM,ar_unbounded-no_cluster,0.3,0.2,Dataset_6,40.454000089610524,343.4304761739162,343.4304761739162,0.7137270693004726,0.536115288734436,343.4304761739162,False
LSTM,no_ar-kmeans_8,0.3,0.2,Dataset_6,8.35304189319401,31.381428466508627,32.22386233429745,0.6923164247113318,0.4789686445146799,32.22386233429745,False
LSTM,no_ar-no_cluster,0.3,0.2,Dataset_6,7.022411118436408,27.506190324379574,28.34862420166887,0.8723594395751078,0.4838279820978641,28.34862420166887,False
ParetoNBD,-,0.3,0.2,Dataset_6,7.068236491769509,-18.856224167357507,32.403468023564145,0.8816936250089835,,32.403468023564145,False
Transformer,ar_bounded-kmeans_8,0.3,0.2,Dataset_6,7.348206712077906,16.110476066668827,26.60232798455569,0.8068575171472039,0.4793918579816818,26.60232798455569,False
Transformer,ar_bounded-no_cluster,0.3,0.2,Dataset_6,6.390781759473695,2.6992062397655987,21.409047591958252,0.8406321716967498,0.4846808984875679,21.40904759195825,False
Transformer,ar_unbounded-kmeans_8,0.3,0.2,Dataset_6,9.875332693379296,48.85317445204411,48.85920620960967,0.7924524167935701,0.4824092425405979,48.85920620960967,False
Transformer,ar_unbounded-no_cluster,0.3,0.2,Dataset_6,11.13264623303635,58.36306864436144,59.24380938630926,0.809981959218931,0.4955564253032207,59.24380938630926,False
Transformer,no_ar-kmeans_8,0.3,0.2,Dataset_6,7.311398075672793,14.569312073733835,28.275238063964974,0.785423406888344,0.4894840829074383,28.275238063964974,False
Transformer,no_ar-no_cluster,0.3,0.2,Dataset_6,7.4172958712731045,22.972804119396542,30.4420105120039,0.7778561246561236,0.502663878723979,30.4420105120039,False
LSTM,ar_bounded-kmeans_8,0.3,0.2,Dataset_7,8.417616840722479,29.83288951291558,29.997132808748596,0.7912652085788394,0.5043997149914503,29.98382297637338,True
LSTM,ar_bounded-no_cluster,0.3,0.2,Dataset_7,7.129021761575474,11.680165789533158,12.905744322086031,0.8405499943588444,0.5070843584835529,12.894184401504267,True
LSTM,ar_unbounded-kmeans_8,0.3,0.2,Dataset_7,10.31962491312106,17.2232745662076,26.92929548241912,0.7580500283140024,0.523936303332448,26.91629975236052,True
LSTM,ar_unbounded-no_cluster,0.3,0.2,Dataset_7,35.810741497248245,240.9600141635399,240.9600141635399,0.7525863034003228,0.5517274402081966,240.92510477333173,True
LSTM,no_ar-kmeans_8,0.3,0.2,Dataset_7,8.92927728575831,33.68600235747285,33.68600235747285,0.7291915123925822,0.5101855657994747,33.67231483803418,True
LSTM,no_ar-no_cluster,0.3,0.2,Dataset_7,6.46765926820408,2.6564610905059562,10.869035437829394,0.8551243369341271,0.5101605243980885,10.878161163698358,True
ParetoNBD,-,0.3,0.2,Dataset_7,6.969063206995215,-13.703327144110492,30.47888741163187,0.8578216770846119,,30.4860053713522,True
Transformer,ar_bounded-kmeans_8,0.3,0.2,Dataset_7,8.517989033379749,29.75296936805253,35.57817937425556,0.7645243767003306,0.5104065760970116,35.584775239989746,True
Transformer,ar_bounded-no_cluster,0.3,0.2,Dataset_7,7.913191567676368,35.9851524671061,41.06973165140958,0.7674312191682634,0.5165819134563208,41.0757652613562,True
Transformer,ar_unbounded-kmeans_8,0.3,0.2,Dataset_7,10.498943517820885,27.036862471651116,33.54566860002792,0.7917884709878781,0.5166344717144966,33.55247256556493,True
Transformer,ar_unbounded-no_cluster,0.3,0.2,Dataset_7,16.544065271937903,111.58217268422041,111.58217268422041,0.7757543122843691,0.5205621495842934,111.56050971988292,True
Transformer,no_ar-kmeans_8,0.3,0.2,Dataset_7,10.439374010843125,53.23909460335204,53.23909460335204,0.7502185727843844,0.5205330438911915,53.22340512914263,True
Transformer,no_ar-no_cluster,0.3,0.2,Dataset_7,7.699611951260727,3.872312013248293,28.20622565853405,0.7227191672471048,0.5306527204811573,28.213576306055444,True
LSTM,ar_bounded-kmeans_8,0.3,0.2,Dataset_8,8.6627101150222,33.315168143283074,33.56748348352738,0.772074102085387,0.485908355563879,33.56748348352738,False
LSTM,ar_bounded-no_cluster,0.3,0.2,Dataset_8,6.378246935812698,14.39981921446584,14.435396368798564,0.8440357403310303,0.4874897859990597,14.435396368798564,False
LSTM,ar_unbounded-kmeans_8,0.3,0.2,Dataset_8,14.755098792701578,123.32330005559402,123.32330005559402,0.6637172182888578,0.5215001106262207,123.32330005559402,False
LSTM,ar_unbounded-no_cluster,0.3,0.2,Dataset_8,37.52268637261853,297.22052161334204,297.22052161334204,0.7136383846329265,0.5450339317321777,297.22052161334204,False
LSTM,no_ar-kmeans_8,0.3,0.2,Dataset_8,8.361764495740648,30.210526201113307,30.56290931705161,0.7547118240878479,0.4928253777325153,30.56290931705161,False
LSTM,no_ar-no_cluster,0.3,0.2,Dataset_8,6.884335360483035,22.737350245379794,22.87717406061123,0.8448989787702368,0.5012186914682388,22.87717406061123,False
ParetoNBD,-,0.3,0.2,Dataset_8,6.785749509072328,-12.161416629127558,29.518108142524856,0.8479381936058003,,29.51810814252485,False
Transformer,ar_bounded-kmeans_8,0.3,0.2,Dataset_8,7.036498245848428,13.436525803164947,26.451321418367886,0.792756876430242,0.4919554553925991,26.45132141836789,False
Transformer,ar_bounded-no_cluster,0.3,0.2,Dataset_8,10.913879539429729,69.31336107313538,69.31336107313538,0.8039455604879374,0.4970194548368454,69.31336107313538,False
Transformer,ar_unbounded-kmeans_8,0.3,0.2,Dataset_8,7.2197013091573625,10.94838474845202,30.361079677709267,0.7992498529950556,0.49987768009305,30.361079677709267,False
Transformer,ar_unbounded-no_cluster,0.3,0.2,Dataset_8,7.074862918061381,21.50383992582393,30.24124682313772,0.8014766404767261,0.5110293459147215,30.24124682313772,False
Transformer,no_ar-kmeans_8,0.3,0.2,Dataset_8,8.092166058274897,10.036085245814002,25.677716225803888,0.7530572493624555,0.5026568695902824,25.677716225803888,False
Transformer,no_ar-no_cluster,0.3,0.2,Dataset_8,8.068694527725372,-23.549299789598955,28.2201829818899,0.6962702925896755,0.5132900960743427,28.220182981889888,False
LSTM,ar_bounded-kmeans_8,0.3,0.2,Dataset_9,8.20469156451517,20.194206910446276,21.02527160448483,0.7725769888227696,0.4920460414141416,21.02527160448483,False
LSTM,ar_bounded-no_cluster,0.3,0.2,Dataset_9,6.356598001796493,5.030600284626697,8.39221266561083,0.836666122625216,0.493997823446989,8.392212665610828,False
LSTM,ar_unbounded-kmeans_8,0.3,0.2,Dataset_9,12.841252938218298,55.96438736981179,55.96438736981179,0.7979151428236811,0.5106939077377319,55.96438736981179,False
LSTM,ar_unbounded-no_cluster,0.3,0.2,Dataset_9,40.18179374135226,308.4417534999174,308.4417534999174,0.7361979045653243,0.549872599542141,308.4417534999174,False
LSTM,no_ar-kmeans_8,0.3,0.2,Dataset_9,8.43440472385144,24.563047306456276,27.037353553129478,0.7427214645053156,0.4952737875282764,27.03735355312948,False
LSTM,no_ar-no_cluster,0.3,0.2,Dataset_9,6.4968829268861406,18.3399809329249,18.3399809329249,0.8474463118131291,0.4971630536019802,18.3399809329249,False
ParetoNBD,-,0.3,0.2,Dataset_9,7.241125155006585,-15.071445394112496,29.952507164021963,0.8524237467995238,,29.95250716402197,False
Transformer,ar_bounded-kmeans_8,0.3,0.2,Dataset_9,8.572027726549157,28.867732367277934,32.46116915262132,0.7827341756994798,0.4935410805046558,32.46116915262132,False
Transformer,ar_bounded-no_cluster,0.3,0.2,Dataset_9,11.450122155072002,71.08420370850456,71.08420370850456,0.8057889396350825,0.5020448341965675,71.08420370850456,False
Transformer,ar_unbounded-kmeans_8,0.3,0.2,Dataset_9,9.938141075715393,45.24881281851944,45.77914942404806,0.780855253025542,0.5013569071888924,45.77914942404806,False
Transformer,ar_unbounded-no_cluster,0.3,0.2,Dataset_9,12.19188640001664,56.55159848827979,56.55159848827979,0.5487313371321689,0.5138222370296717,56.55159848827979,False
Transformer,no_ar-kmeans_8,0.3,0.2,Dataset_9,7.9482128161417345,24.849846951871438,28.579824821382974,0.7575632532148235,0.5054701622575521,28.57982482138297,False
Transformer,no_ar-no_cluster,0.3,0.2,Dataset_9,7.347900637586002,0.24031857799055067,22.191780054780804,0.721605221765759,0.5156754050403833,22.191780054780804,False
LSTM,ar_bounded-kmeans_8,0.3,0.4,Dataset_1,8.079381091005374,41.38791995782974,42.18515168698667,0.7684422192619595,0.3708860476811726,42.18515168698667,False
LSTM,ar_bounded-no_cluster,0.3,0.4,Dataset_1,5.685272586355444,7.5142906937709695,13.951465010736083,0.8202992650002356,0.3655644133687019,13.951465010736088,False
LSTM,ar_unbounded-kmeans_8,0.3,0.4,Dataset_1,6.176723074031335,0.6008447783575429,34.12933662843811,0.799056352188031,0.3980544917285442,34.129336628438104,False
LSTM,ar_unbounded-no_cluster,0.3,0.4,Dataset_1,9.01900885861874,52.903559094312655,54.30460174040812,0.7673453736466874,0.4064050952593485,54.30460174040812,False
LSTM,no_ar-kmeans_8,0.3,0.4,Dataset_1,8.479478127771463,55.201330043893805,55.201330043893805,0.7549615043106903,0.3737119992574056,55.201330043893805,False
LSTM,no_ar-no_cluster,0.3,0.4,Dataset_1,5.533849511709577,4.930433041161439,14.698364220090165,0.82263361164743,0.3721944252649943,14.698364220090168,False
ParetoNBD,-,0.3,0.4,Dataset_1,6.039872854086646,-11.515616037734134,31.775006783710737,0.8344698176697581,,31.77500678371073,False
Transformer,ar_bounded-kmeans_8,0.3,0.4,Dataset_1,8.166216344953588,51.021301323313914,51.539906390873824,0.7431145598528635,0.3676192015409469,51.539906390873824,False
Transformer,ar_bounded-no_cluster,0.3,0.4,Dataset_1,9.296675818354483,79.68551116656836,79.68551116656836,0.777156609995133,0.377149365345637,79.68551116656836,False
Transformer,ar_unbounded-kmeans_8,0.3,0.4,Dataset_1,7.798350678123744,33.863742415209465,37.61909030302194,0.7486375157235414,0.3765539050102234,37.61909030302194,False
Transformer,ar_unbounded-no_cluster,0.3,0.4,Dataset_1,9.899021549909122,68.73997825799059,69.44427452626554,0.6992345706737866,0.397074282169342,69.44427452626554,False
Transformer,no_ar-kmeans_8,0.3,0.4,Dataset_1,9.327641825214457,64.61702311011716,64.61702311011716,0.6932340742942318,0.3814921180407206,64.61702311011716,False
Transformer,no_ar-no_cluster,0.3,0.4,Dataset_1,7.106249308157038,16.194858751958666,26.951824543060454,0.6552458910315747,0.398552280664444,26.951824543060464,False
LSTM,ar_bounded-kmeans_8,0.3,0.4,Dataset_10,8.169491897297528,58.641240535717465,58.641240535717465,0.742597065072454,0.3556357423464457,58.641240535717465,False
LSTM,ar_bounded-no_cluster,0.3,0.4,Dataset_10,5.315872294513483,9.008388478131556,14.93757308434972,0.8056221207009906,0.356509256362915,14.937573084349726,False
LSTM,ar_unbounded-kmeans_8,0.3,0.4,Dataset_10,9.525643647074265,62.03745602529425,65.9672258474831,0.7452533419379972,0.3727915287017822,65.9672258474831,False
LSTM,ar_unbounded-no_cluster,0.3,0.4,Dataset_10,7.214394596452441,39.96673797477446,43.34871234930761,0.7570650117985656,0.3816659132639567,43.34871234930761,False
LSTM,no_ar-kmeans_8,0.3,0.4,Dataset_10,8.54354425790104,65.39758087228148,65.39758087228148,0.7185937315141082,0.3601166228453318,65.39758087228148,False
LSTM,no_ar-no_cluster,0.3,0.4,Dataset_10,5.55384774244489,15.661431753690314,18.324326846016024,0.7961585564223911,0.3599677463372548,18.32432684601603,False
ParetoNBD,-,0.3,0.4,Dataset_10,5.7431199590174336,-13.402621823746912,29.658310222718868,0.8235548846669971,,29.65831022271889,False
Transformer,ar_bounded-kmeans_8,0.3,0.4,Dataset_10,7.919849921681174,71.32354647724573,71.32354647724573,0.7596239369734683,0.3556635715067386,71.32354647724573,False
Transformer,ar_bounded-no_cluster,0.3,0.4,Dataset_10,6.715093500126653,11.726882467860298,26.66367533870354,0.4054227502175273,0.3632621069749196,26.663675338703552,False
Transformer,ar_unbounded-kmeans_8,0.3,0.4,Dataset_10,8.109708888570712,41.07774081917923,44.26872800447707,0.746309424498215,0.3617692490418752,44.26872800447707,False
Transformer,ar_unbounded-no_cluster,0.3,0.4,Dataset_10,11.198752080226692,104.63470524146796,104.63470524146796,0.589850519143378,0.3785000927746296,104.63470524146796,False
Transformer,no_ar-kmeans_8,0.3,0.4,Dataset_10,6.922656872705199,27.29311333980133,28.343445036438194,0.7091097226764214,0.3744388659795125,28.343445036438204,False
Transformer,no_ar-no_cluster,0.3,0.4,Dataset_10,6.4831885201588895,16.904994003311888,25.21069048468925,0.6611407126574282,0.3871649980545044,25.210690484689263,False
LSTM,ar_bounded-kmeans_8,0.3,0.4,Dataset_2,8.73569222509965,52.19998130243408,52.19998130243408,0.7296363089165173,0.3658134758472443,52.17165975771833,True
LSTM,ar_bounded-no_cluster,0.3,0.4,Dataset_2,6.319474369783049,-7.108133343212541,13.275451336448421,0.8006206590517334,0.3588352302710215,13.291589138581571,True
LSTM,ar_unbounded-kmeans_8,0.3,0.4,Dataset_2,10.468102253738403,45.11083179173782,50.209659281507946,0.6815239300507219,0.3961559971173604,50.18170809816565,True
LSTM,ar_unbounded-no_cluster,0.3,0.4,Dataset_2,18.137499967034163,174.0056763347131,174.0056763347131,0.6904443685414726,0.4220622442662716,173.95468904845802,True
LSTM,no_ar-kmeans_8,0.3,0.4,Dataset_2,9.92152697720064,63.35464342090475,63.35464342090475,0.6971072249938373,0.3661542177200317,63.32424620404191,True
LSTM,no_ar-no_cluster,0.3,0.4,Dataset_2,6.3595120875801,0.9697560645277636,10.993765062007203,0.8052960717357445,0.3625366826852162,11.010327442903744,True
ParetoNBD,-,0.3,0.4,Dataset_2,6.72134926109528,-18.36930302324296,32.9459028324163,0.8168499520410768,,32.958380334680456,True
Transformer,ar_bounded-kmeans_8,0.3,0.4,Dataset_2,6.884185491671566,10.27628871077166,24.858458927526947,0.7230072895319912,0.3636894710361957,24.872441350502854,True
Transformer,ar_bounded-no_cluster,0.3,0.4,Dataset_2,7.848091442876493,-39.28568786313137,41.16582925272486,0.41470342692208567,0.3684548363089561,41.17677718178089,True
Transformer,ar_unbounded-kmeans_8,0.3,0.4,Dataset_2,6.746093721680711,-15.18109077462925,50.67560024021819,0.7520620068124824,0.3670892337958018,50.68477858032977,True
Transformer,ar_unbounded-no_cluster,0.3,0.4,Dataset_2,12.860432924277474,122.53024363157088,122.53024363157088,0.7157603843613266,0.3868588656187057,122.48883495207114,True
Transformer,no_ar-kmeans_8,0.3,0.4,Dataset_2,9.868626790658135,60.09342991158494,60.09342991158494,0.669154685536747,0.3784545958042145,60.06363954502156,True
Transformer,no_ar-no_cluster,0.3,0.4,Dataset_2,7.851695513800193,38.78354723028811,41.75656047429026,0.6472711454921796,0.3938779671986898,41.73018225313764,True
LSTM,ar_bounded-kmeans_8,0.3,0.4,Dataset_3,7.280626708516521,30.643458203323124,31.154528658134957,0.7725065837684026,0.3587056994438171,31.154528658134968,False
LSTM,ar_bounded-no_cluster,0.3,0.4,Dataset_3,5.918512651575444,-6.814181295727146,14.836688097924245,0.8042611723923078,0.3574220220247904,14.83668809792424,False
LSTM,ar_unbounded-kmeans_8,0.3,0.4,Dataset_3,7.923528709334184,-14.28096993622686,27.658645968887637,0.7339583641727695,0.3788486977418264,27.65864596888764,False
LSTM,ar_unbounded-no_cluster,0.3,0.4,Dataset_3,6.516128921540183,12.58444635412241,25.2096980647759,0.7670808428285828,0.3747706611951192,25.20969806477591,False
LSTM,no_ar-kmeans_8,0.3,0.4,Dataset_3,8.228592255780736,44.34382414549235,44.56559908173276,0.7346964380610139,0.3612251917521158,44.56559908173276,False
LSTM,no_ar-no_cluster,0.3,0.4,Dataset_3,6.121346517010773,8.966514010387904,13.56816093744973,0.7963586512021882,0.362609714269638,13.568160937449742,False
ParetoNBD,-,0.3,0.4,Dataset_3,6.154252261742561,-10.18338838622314,29.287732573809844,0.8097787915836325,,29.287732573809844,False
Transformer,ar_bounded-kmeans_8,0.3,0.4,Dataset_3,8.108565261706644,40.66477567870903,41.94803280931406,0.7330144117827787,0.359240847826004,41.94803280931406,False
Transformer,ar_bounded-no_cluster,0.3,0.4,Dataset_3,8.79407723024107,62.843732657652325,62.843732657652325,0.7478693044356892,0.3651428560415903,62.843732657652325,False
Transformer,ar_unbounded-kmeans_8,0.3,0.4,Dataset_3,11.253894704066608,82.75544350678808,82.75544350678808,0.5706669437115367,0.3603770772616068,82.75544350678808,False
Transformer,ar_unbounded-no_cluster,0.3,0.4,Dataset_3,14.679442592665428,148.35672445985517,148.35672445985517,0.6692256168710887,0.3702845613161722,148.35672445985517,False
Transformer,no_ar-kmeans_8,0.3,0.4,Dataset_3,9.238283297289302,75.03101539125791,75.03101539125791,0.6996324812306025,0.373845104376475,75.03101539125791,False
Transformer,no_ar-no_cluster,0.3,0.4,Dataset_3,6.735201694061937,26.760841566244448,32.493503994384234,0.6872043103185808,0.3840256966650486,32.49350399438425,False
LSTM,ar_bounded-kmeans_8,0.3,0.4,Dataset_4,6.943926195910169,40.625761895492715,42.93962619733523,0.757101848282148,0.3522369414567947,42.962059998712334,True
LSTM,ar_bounded-no_cluster,0.3,0.4,Dataset_4,5.853844477554414,5.779252584195763,11.350344110851703,0.8123449705258893,0.3505598207314809,11.385197523821688,True
LSTM,ar_unbounded-kmeans_8,0.3,0.4,Dataset_4,12.636285490718974,129.03608628106372,129.03608628106372,0.7111747210845742,0.3793504814306895,128.94603867489857,True
LSTM,ar_unbounded-no_cluster,0.3,0.4,Dataset_4,9.612214008412762,35.01229094594142,36.22271377067636,0.7505337805642096,0.4019470773637295,36.23265174431908,True
LSTM,no_ar-kmeans_8,0.3,0.4,Dataset_4,7.5080667625659325,53.22645012228846,53.22645012228846,0.7542582780171561,0.3516909301280975,53.16620775935459,True
LSTM,no_ar-no_cluster,0.3,0.4,Dataset_4,5.657166893871754,10.673549524219919,16.410029446623742,0.8101577544288244,0.3544331719477971,16.44289359860071,True
ParetoNBD,-,0.3,0.4,Dataset_4,5.910697304710788,-14.286785738410336,30.416566109161028,0.8278338620082405,,30.443923464730467,True
Transformer,ar_bounded-kmeans_8,0.3,0.4,Dataset_4,8.598364547001223,55.354473790119066,55.46499493693971,0.7479396011342471,0.3536496738592783,55.48250427645733,True
Transformer,ar_bounded-no_cluster,0.3,0.4,Dataset_4,6.544304740500375,30.90383461492468,34.477286010361546,0.7073353153461615,0.3593359331289927,34.50304685722204,True
Transformer,ar_unbounded-kmeans_8,0.3,0.4,Dataset_4,7.673266502214322,-16.898623498499195,38.75309737998125,0.753544913232221,0.3582207640012105,38.777177152979085,True
Transformer,ar_unbounded-no_cluster,0.3,0.4,Dataset_4,8.665166301976054,63.97807263021038,65.46381502266655,0.7200588727806595,0.3756919205188751,65.39876142918408,True
Transformer,no_ar-kmeans_8,0.3,0.4,Dataset_4,8.270444286393168,45.94228109364987,46.189478757400195,0.6954492237487928,0.3715286056200663,46.210634849887946,True
Transformer,no_ar-no_cluster,0.3,0.4,Dataset_4,7.077516051392009,4.627531810115068,22.22320547937291,0.6324213820953668,0.3825824797153473,22.25378412868317,True
LSTM,ar_bounded-kmeans_8,0.3,0.4,Dataset_5,7.524903163990586,47.13058525668541,47.13058525668541,0.736661828623621,0.3559316098690033,47.13058525668541,False
LSTM,ar_bounded-no_cluster,0.3,0.4,Dataset_5,5.175920249959597,-8.013769943530757,12.054258683577835,0.8362961076701946,0.3521834631760915,12.05425868357783,False
LSTM,ar_unbounded-kmeans_8,0.3,0.4,Dataset_5,26.09366434757561,173.1335034352404,173.1335034352404,0.7384515828613345,0.3917103429635366,173.1335034352404,False
LSTM,ar_unbounded-no_cluster,0.3,0.4,Dataset_5,39.04971304862108,391.4016960786471,391.4016960786471,0.6808090304906245,0.4209626242518425,391.4016960786471,False
LSTM,no_ar-kmeans_8,0.3,0.4,Dataset_5,8.067088791127242,55.5585443615484,55.5585443615484,0.7580798579787158,0.3575594286123911,55.5585443615484,False
LSTM,no_ar-no_cluster,0.3,0.4,Dataset_5,5.133343143844249,-7.413551133155269,12.314882453924419,0.83337843845782,0.3550895869731903,12.314882453924412,False
ParetoNBD,-,0.3,0.4,Dataset_5,5.5477162661789805,-16.83543594529497,31.537520632370605,0.8484991993653356,,31.537520632370622,False
Transformer,ar_bounded-kmeans_8,0.3,0.4,Dataset_5,8.152657574857322,48.132044327050075,49.135874379708206,0.7592778474902586,0.3565569698810577,49.135874379708206,False
Transformer,ar_bounded-no_cluster,0.3,0.4,Dataset_5,5.576541967151697,5.240835099033101,26.303757000398598,0.7927277293907626,0.3598574777444204,26.30375700039861,False
Transformer,ar_unbounded-kmeans_8,0.3,0.4,Dataset_5,6.042536503623075,16.884369712449292,27.221411503134608,0.7824086548979688,0.3638360758622487,27.221411503134615,False
Transformer,ar_unbounded-no_cluster,0.3,0.4,Dataset_5,6.655986036635401,17.958872721139965,33.3196242831983,0.8027306476336171,0.3688898921012878,33.3196242831983,False
Transformer,no_ar-kmeans_8,0.3,0.4,Dataset_5,9.062221417023986,53.64617879660272,53.8922120124671,0.7284819785397261,0.3735400180021921,53.8922120124671,False
Transformer,no_ar-no_cluster,0.3,0.4,Dataset_5,6.220811137738788,-3.529728303343966,21.0845340139445,0.7132146630989308,0.3827855408191681,21.084534013944506,False
LSTM,ar_bounded-kmeans_8,0.3,0.4,Dataset_6,7.014469186483572,36.19410548980726,36.19410548980726,0.736759623994813,0.3721376677354177,36.19410548980726,False
LSTM,ar_bounded-no_cluster,0.3,0.4,Dataset_6,5.302772128372295,11.560883082835561,13.867054590201633,0.8139381830431406,0.3703504999478658,13.867054590201644,False
LSTM,ar_unbounded-kmeans_8,0.3,0.4,Dataset_6,5.806740867728849,-7.384054042352123,27.606153028865027,0.7766258508051386,0.3832424481709798,27.606153028865027,False
LSTM,ar_unbounded-no_cluster,0.3,0.4,Dataset_6,32.337547112262556,366.8001658463863,366.8001658463863,0.6663587746070418,0.4329814314842224,366.8001658463863,False
LSTM,no_ar-kmeans_8,0.3,0.4,Dataset_6,8.084991778542237,55.808573423837316,55.808573423837316,0.7453807899205549,0.3748762786388397,55.80857342383732,False
LSTM,no_ar-no_cluster,0.3,0.4,Dataset_6,5.403502287337046,16.456393038641274,17.69327409312483,0.8161664657471287,0.3745217065016428,17.693274093124842,False
ParetoNBD,-,0.3,0.4,Dataset_6,5.619185755012908,-8.807004206450449,29.39532802439676,0.8263753367702148,,29.395328024396758,False
Transformer,ar_bounded-kmeans_8,0.3,0.4,Dataset_6,7.394871927625295,34.988636289708055,37.961659214599784,0.7218362073449033,0.3717264870802561,37.96165921459978,False
Transformer,ar_bounded-no_cluster,0.3,0.4,Dataset_6,5.61293383812557,-17.151792469714625,28.075110877217714,0.7874341392544437,0.3782262146472931,28.075110877217718,False
Transformer,ar_unbounded-kmeans_8,0.3,0.4,Dataset_6,9.183497663070877,8.419345776035579,29.225886907447084,0.7432399893597137,0.372765451669693,29.225886907447087,False
Transformer,ar_unbounded-no_cluster,0.3,0.4,Dataset_6,12.151995003223947,115.36455999060719,115.36455999060719,0.7524179446132023,0.3825084030628204,115.3645599906072,False
Transformer,no_ar-kmeans_8,0.3,0.4,Dataset_6,9.071104188548782,69.47172929779596,69.47172929779596,0.6752848737882877,0.3837029715379079,69.47172929779596,False
Transformer,no_ar-no_cluster,0.3,0.4,Dataset_6,9.166869911471949,68.2533257689082,68.2533257689082,0.6425430743374227,0.3994536558787028,68.2533257689082,False
LSTM,ar_bounded-kmeans_8,0.3,0.4,Dataset_7,7.67294544750224,54.786726100471135,55.250921722880335,0.7598738616328737,0.3492920021216074,55.250921722880335,False
LSTM,ar_bounded-no_cluster,0.3,0.4,Dataset_7,5.731768426826186,1.21987178303947,10.866291470035499,0.812945096534074,0.3496666178107261,10.866291470035502,False
LSTM,ar_unbounded-kmeans_8,0.3,0.4,Dataset_7,6.773558069291032,-13.541529272977035,31.17222980878613,0.7467239882614699,0.3628780841827392,31.172229808786124,False
LSTM,ar_unbounded-no_cluster,0.3,0.4,Dataset_7,27.86765666086423,283.93285480629186,283.93285480629186,0.7449950224624297,0.3849494119485219,283.93285480629186,False
LSTM,no_ar-kmeans_8,0.3,0.4,Dataset_7,7.68772280104074,53.14564320283918,53.14564320283918,0.7619627565039216,0.357161941130956,53.14564320283918,False
LSTM,no_ar-no_cluster,0.3,0.4,Dataset_7,5.801350524275638,12.899669899205577,16.507471258743546,0.8143752182018487,0.356201367576917,16.507471258743553,False
ParetoNBD,-,0.3,0.4,Dataset_7,5.7356293595454195,-13.65105274996819,28.92998291364933,0.8391753013087634,,28.929982913649344,False
Transformer,ar_bounded-kmeans_8,0.3,0.4,Dataset_7,7.3876080708122895,29.461575656053526,32.45148445941708,0.7510147236641946,0.3515784631172816,32.45148445941709,False
Transformer,ar_bounded-no_cluster,0.3,0.4,Dataset_7,6.799260908763487,65.64690453392018,65.64690453392018,0.7892702786409007,0.3581137229998906,65.64690453392018,False
Transformer,ar_unbounded-kmeans_8,0.3,0.4,Dataset_7,6.350305738061609,18.03143794718655,26.992043469541446,0.7685073969526485,0.3537309765815735,26.992043469541457,False
Transformer,ar_unbounded-no_cluster,0.3,0.4,Dataset_7,11.67213741427507,112.27052180559548,112.27052180559548,0.690139236893847,0.3652748525142669,112.27052180559548,False
Transformer,no_ar-kmeans_8,0.3,0.4,Dataset_7,8.6269697455667,65.74034540287394,65.74034540287394,0.7116157258309717,0.3657523870468139,65.74034540287394,False
Transformer,no_ar-no_cluster,0.3,0.4,Dataset_7,7.536912447146417,43.676498911656005,47.77721699920761,0.7334636986926272,0.382962288459142,47.77721699920761,False
LSTM,ar_bounded-kmeans_8,0.3,0.4,Dataset_8,8.271277488974917,44.57905517514204,44.74643486226559,0.789523413735165,0.3605027854442596,44.74643486226559,False
LSTM,ar_bounded-no_cluster,0.3,0.4,Dataset_8,5.872017624002629,1.8395721007954942,8.976470592420101,0.8413963141033122,0.3586014052232106,8.976470592420103,False
LSTM,ar_unbounded-kmeans_8,0.3,0.4,Dataset_8,9.571955178749288,47.14197847127264,51.53823518569443,0.8255498796000993,0.373026152451833,51.53823518569443,False
LSTM,ar_unbounded-no_cluster,0.3,0.4,Dataset_8,23.205525720580027,189.52014249669796,189.52014249669796,0.7439081579874217,0.3995047271251678,189.520142496698,False
LSTM,no_ar-kmeans_8,0.3,0.4,Dataset_8,8.840218445482998,52.28957208014573,52.28957208014573,0.7671659391451525,0.3619840323925018,52.28957208014573,False
LSTM,no_ar-no_cluster,0.3,0.4,Dataset_8,6.0769335093931325,6.884402706106816,10.543404559317617,0.8357289700461245,0.3632032553354899,10.543404559317624,False
ParetoNBD,-,0.3,0.4,Dataset_8,6.28467626020844,-13.41890181223134,31.540164006681902,0.8556729366752089,,31.54016400668189,False
Transformer,ar_bounded-kmeans_8,0.3,0.4,Dataset_8,8.741458745427687,66.05534745591116,66.05534745591116,0.7902240306825442,0.356129202991724,66.05534745591116,False
Transformer,ar_bounded-no_cluster,0.3,0.4,Dataset_8,5.869029809399913,23.428787720736597,32.12647052636161,0.8300963163275545,0.3638419806957245,32.12647052636161,False
Transformer,ar_unbounded-kmeans_8,0.3,0.4,Dataset_8,8.613095747524309,36.49616739310908,38.536630872646995,0.7749888046845328,0.3641301728785038,38.536630872647,False
Transformer,ar_unbounded-no_cluster,0.3,0.4,Dataset_8,7.904106967910603,56.04518700095554,57.29634566816922,0.8057678840939273,0.3759594519933065,57.29634566816922,False
Transformer,no_ar-kmeans_8,0.3,0.4,Dataset_8,7.932631075571227,48.162655892952905,49.35124771359066,0.7596850470170007,0.3742167726159096,49.35124771359066,False
Transformer,no_ar-no_cluster,0.3,0.4,Dataset_8,8.041988895129391,32.281194104150636,35.50294099319161,0.7230186938309336,0.3849933557212353,35.502940993191615,False
LSTM,ar_bounded-kmeans_8,0.3,0.4,Dataset_9,7.048645541517436,29.111398199726562,35.05660905115577,0.7497121167699276,0.342206247150898,35.056609051155775,False
LSTM,ar_bounded-no_cluster,0.3,0.4,Dataset_9,5.412284546239375,0.7041186492504397,11.960823801685105,0.8147237833677962,0.3351938389241695,11.96082380168511,False
LSTM,ar_unbounded-kmeans_8,0.3,0.4,Dataset_9,7.507439229995753,6.852107216761058,28.291379296242248,0.708719955812204,0.3650921165943145,28.291379296242248,False
LSTM,ar_unbounded-no_cluster,0.3,0.4,Dataset_9,7.445161088535814,-36.82011504479156,47.379501970748926,0.7934365450370593,0.370814424008131,47.379501970748905,False
LSTM,no_ar-kmeans_8,0.3,0.4,Dataset_9,7.087365484956812,36.411973016704074,36.41197301670408,0.7442319389847717,0.344893886645635,36.411973016704096,False
LSTM,no_ar-no_cluster,0.3,0.4,Dataset_9,5.800585089453197,3.509099418547155,13.943007636808167,0.8054022399294869,0.3461393376191457,13.943007636808172,False
ParetoNBD,-,0.3,0.4,Dataset_9,6.1205542167709215,-16.21467517547904,32.484196958481775,0.8239534680132669,,32.48419695848177,False
Transformer,ar_bounded-kmeans_8,0.3,0.4,Dataset_9,7.653242080442472,37.89166652199623,38.962547769645134,0.7067715346743273,0.3371615763753652,38.962547769645134,False
Transformer,ar_bounded-no_cluster,0.3,0.4,Dataset_9,5.738100850954848,10.619252664322477,23.52825665998118,0.7767313812667214,0.3416992612183094,23.528256659981192,False
Transformer,ar_unbounded-kmeans_8,0.3,0.4,Dataset_9,6.761209249885999,6.291283372240071,31.266570829989742,0.7251085636129903,0.3477568738162517,31.266570829989757,False
Transformer,ar_unbounded-no_cluster,0.3,0.4,Dataset_9,6.662791081987986,-4.430172562713402,26.735344827353554,0.450739647164238,0.3595094084739685,26.735344827353558,False
Transformer,no_ar-kmeans_8,0.3,0.4,Dataset_9,6.872378416405967,20.88218373797788,33.92816087825159,0.7028165131084578,0.3524849340319633,33.9281608782516,False
Transformer,no_ar-no_cluster,0.3,0.4,Dataset_9,7.192312267487555,37.79118757031255,39.233524747356995,0.6577148164803646,0.3648696579039097,39.233524747357,False
LSTM,ar_bounded-kmeans_8,0.3,0.6,Dataset_1,6.837179082995179,79.35824342989974,79.35824342989974,0.6406960332100519,0.2392638437449932,79.3582434298998,False
LSTM,ar_bounded-no_cluster,0.3,0.6,Dataset_1,4.56598775672464,-0.2270610336762237,14.617741957413685,0.6923910829129111,0.2332025319337844,14.61774195741368,False
LSTM,ar_unbounded-kmeans_8,0.3,0.6,Dataset_1,5.626451305675344,-21.282795741386394,46.32759860483096,0.6537156899068451,0.2623064443469047,46.32759860483095,False
LSTM,ar_unbounded-no_cluster,0.3,0.6,Dataset_1,5.861984828197503,-3.798566459841728,32.18387093945777,0.6576258843629327,0.2618342414498329,32.18387093945777,False
LSTM,no_ar-kmeans_8,0.3,0.6,Dataset_1,7.650418456527871,81.60268788503002,81.60268788503006,0.6074563301741606,0.2504627065999167,81.6026878850301,False
LSTM,no_ar-no_cluster,0.3,0.6,Dataset_1,4.558052344739143,-0.5596776077971781,13.675806491091638,0.7026857078653761,0.2395757500614438,13.675806491091636,False
ParetoNBD,-,0.3,0.6,Dataset_1,4.7588248219869405,-17.938507148869004,33.370658436472354,0.7654547507008814,,33.370658436472354,False
Transformer,ar_bounded-kmeans_8,0.3,0.6,Dataset_1,7.189086346602057,37.316307907516766,43.56003560125825,0.6151469281556516,0.2382654249668121,43.56003560125828,False
Transformer,ar_bounded-no_cluster,0.3,0.6,Dataset_1,7.081914336973821,112.48960538727215,112.48960538727218,0.6759958845554298,0.2378250733017921,112.4896053872722,False
Transformer,ar_unbounded-kmeans_8,0.3,0.6,Dataset_1,6.0777679063960965,-6.492293914446246,40.700537651930816,0.6584341064956285,0.245179360466344,40.700537651930816,False
Transformer,ar_unbounded-no_cluster,0.3,0.6,Dataset_1,7.345890477824291,48.64910367552492,54.25770590539124,0.6473410527306005,0.2650975042155811,54.25770590539127,False
Transformer,no_ar-kmeans_8,0.3,0.6,Dataset_1,7.287920621386398,55.522042869566796,55.914874419362974,0.595967880795488,0.2559727802872658,55.91487441936301,False
Transformer,no_ar-no_cluster,0.3,0.6,Dataset_1,5.908936505951847,15.931899412618503,32.54229381997604,0.5762534006153855,0.2672995030879974,32.54229381997606,False
LSTM,ar_bounded-kmeans_8,0.3,0.6,Dataset_10,6.5210201322547,63.327676098111496,63.83121956024472,0.6483819721246972,0.2219569502132279,63.83121956024473,False
LSTM,ar_bounded-no_cluster,0.3,0.6,Dataset_10,4.3695704374434206,-17.680902705735974,26.824132805146196,0.6929630866853624,0.2207580347146306,26.82413280514617,False
LSTM,ar_unbounded-kmeans_8,0.3,0.6,Dataset_10,5.35487616097183,-27.06993665759472,49.5813129225545,0.6654310543898372,0.2317357446466173,49.5813129225545,False
LSTM,ar_unbounded-no_cluster,0.3,0.6,Dataset_10,5.915778652662822,39.53860488781721,46.54345387295554,0.6588150855393444,0.249486214348248,46.54345387295555,False
LSTM,no_ar-kmeans_8,0.3,0.6,Dataset_10,7.284906641461572,94.59157004981604,94.59157004981607,0.6409146900300646,0.2298545805471284,94.5915700498161,False
LSTM,no_ar-no_cluster,0.3,0.6,Dataset_10,4.471006015520026,-21.328422342417035,29.683140705102378,0.6945430799134243,0.2212368899158069,29.68314070510235,False
ParetoNBD,-,0.3,0.6,Dataset_10,4.606690140398135,-20.740186108778985,35.2897329458067,0.7655803680015046,,35.289732945806705,False
Transformer,ar_bounded-kmeans_8,0.3,0.6,Dataset_10,6.721299561788774,81.42334920354529,81.42334920354531,0.64527730205766,0.2201431031738008,81.42334920354534,False
Transformer,ar_bounded-no_cluster,0.3,0.6,Dataset_10,4.471490051540417,19.12812362141909,33.62308833275665,0.654236842305326,0.2225512372595923,33.62308833275667,False
Transformer,ar_unbounded-kmeans_8,0.3,0.6,Dataset_10,7.20277349736395,62.15218176831808,66.0212605117192,0.6134628177244063,0.2277675292321614,66.02126051171925,False
Transformer,ar_unbounded-no_cluster,0.3,0.6,Dataset_10,8.03629542764191,118.00484866506899,118.00484866506899,0.633727583834156,0.230399021080562,118.00484866506903,False
Transformer,no_ar-kmeans_8,0.3,0.6,Dataset_10,5.886890196441594,44.073106954238916,46.05035425835285,0.6032447210071957,0.2299910826342446,46.05035425835289,False
Transformer,no_ar-no_cluster,0.3,0.6,Dataset_10,5.269203155583049,2.183699901002026,31.995710543419705,0.5987278328915554,0.2495228009564536,31.99571054341971,False
LSTM,ar_bounded-kmeans_8,0.3,0.6,Dataset_2,7.831672630398652,82.4910711267172,82.49107112671723,0.6612848766412861,0.2374646642378398,82.49107112671726,False
LSTM,ar_bounded-no_cluster,0.3,0.6,Dataset_2,5.0760881402562,1.9541315166983557,14.955182079713614,0.6989727527342866,0.2342832407781056,14.955182079713614,False
LSTM,ar_unbounded-kmeans_8,0.3,0.6,Dataset_2,6.363690749240957,-33.71796226370249,51.124474833424664,0.6611328712894764,0.2565083077975681,51.12447483342464,False
LSTM,ar_unbounded-no_cluster,0.3,0.6,Dataset_2,8.21733994780485,82.5476188759165,82.56757686955523,0.6263879973434162,0.2643000249351774,82.56757686955525,False
LSTM,no_ar-kmeans_8,0.3,0.6,Dataset_2,7.495380518126353,78.34803891314073,78.34803891314075,0.6468202300453602,0.2433954966919762,78.34803891314078,False
LSTM,no_ar-no_cluster,0.3,0.6,Dataset_2,5.27709354938313,2.4054620665411353,15.37044819187457,0.7073068820647941,0.2374810289059366,15.370448191874564,False
ParetoNBD,-,0.3,0.6,Dataset_2,5.2375031512034855,-11.113634787327568,32.71988522464205,0.7599203775455786,,32.71988522464205,False
Transformer,ar_bounded-kmeans_8,0.3,0.6,Dataset_2,7.745625720197987,94.25752773683347,94.25752773683342,0.6698538096916005,0.2366110320602144,94.25752773683348,False
Transformer,ar_bounded-no_cluster,0.3,0.6,Dataset_2,5.283818094656465,12.154936713997357,28.223914547180303,0.6360972881340047,0.2384487965277263,28.223914547180318,False
Transformer,ar_unbounded-kmeans_8,0.3,0.6,Dataset_2,6.859542631976474,55.63165248646884,55.63165248646884,0.6575416058299652,0.2452676849705832,55.63165248646884,False
Transformer,ar_unbounded-no_cluster,0.3,0.6,Dataset_2,7.894580988805234,73.48459374677408,73.54866937970276,0.6879158254732403,0.2529946586915425,73.54866937970279,False
Transformer,no_ar-kmeans_8,0.3,0.6,Dataset_2,6.347656023703709,36.52871113961181,37.86659634307529,0.5906040185901956,0.2504097787397248,37.86659634307533,False
Transformer,no_ar-no_cluster,0.3,0.6,Dataset_2,7.818489223740591,101.50227565129205,101.50227565129208,0.5503388975236292,0.2645220149840627,101.50227565129212,False
LSTM,ar_bounded-kmeans_8,0.3,0.6,Dataset_3,7.179826720294587,82.72492140053464,82.72492140053467,0.6664800717219436,0.2478209084698132,82.72492140053471,False
LSTM,ar_bounded-no_cluster,0.3,0.6,Dataset_3,4.583046313441008,-2.345611428663894,15.163793104268658,0.7145953988979734,0.2453678250312805,15.163793104268658,False
LSTM,ar_unbounded-kmeans_8,0.3,0.6,Dataset_3,5.495507660392209,2.6743728845587174,31.32327591334719,0.6676937286836778,0.2660972933684076,31.323275913347175,False
LSTM,ar_unbounded-no_cluster,0.3,0.6,Dataset_3,7.069314715199635,65.51214713160952,65.51214713160952,0.7048738322784122,0.2781782160912241,65.51214713160952,False
LSTM,no_ar-kmeans_8,0.3,0.6,Dataset_3,7.923019670777247,125.80916899640316,125.80916899640319,0.652400555794231,0.254326551088265,125.80916899640324,False
LSTM,no_ar-no_cluster,0.3,0.6,Dataset_3,4.65698777569887,17.081308589305173,18.98530556442254,0.7144678028427397,0.2471813697900091,18.985305564422568,False
ParetoNBD,-,0.3,0.6,Dataset_3,4.624639712263848,3.6576277688524383,31.508150699119696,0.7610797638458672,,31.508150699119696,False
Transformer,ar_bounded-kmeans_8,0.3,0.6,Dataset_3,8.446242751320373,131.2619510656704,131.26195106567044,0.6537031368002332,0.2451209383351462,131.26195106567044,False
Transformer,ar_bounded-no_cluster,0.3,0.6,Dataset_3,5.037453051935606,31.297217581426906,37.47433364554816,0.6608683266401181,0.2510492014033453,37.47433364554819,False
Transformer,ar_unbounded-kmeans_8,0.3,0.6,Dataset_3,6.435222487276489,61.72883986312236,61.75705305118911,0.6615458822321583,0.2532426991633006,61.75705305118914,False
Transformer,ar_unbounded-no_cluster,0.3,0.6,Dataset_3,6.500530842999804,41.563675371049705,43.80623025642295,0.665745692945853,0.2647877122674669,43.80623025642299,False
Transformer,no_ar-kmeans_8,0.3,0.6,Dataset_3,7.933963536339957,116.37891815886987,116.3789181588699,0.6248826425737154,0.2588171618325369,116.37891815886994,False
Transformer,no_ar-no_cluster,0.3,0.6,Dataset_3,5.7096464570726155,62.50293867868368,62.502938678683684,0.5816550692102384,0.2784310153552464,62.50293867868374,False
LSTM,ar_bounded-kmeans_8,0.3,0.6,Dataset_4,6.933218850095881,80.76579237284993,80.76579237284993,0.6081003636629622,0.2176918036171368,80.76579237285,False
LSTM,ar_bounded-no_cluster,0.3,0.6,Dataset_4,4.4826335712124505,-19.356774081900472,22.06992460052157,0.6610212048429503,0.2139077090791293,22.069924600521546,False
LSTM,ar_unbounded-kmeans_8,0.3,0.6,Dataset_4,10.634783448492623,124.086412260539,124.086412260539,0.6321733039595019,0.2341491196836744,124.086412260539,False
LSTM,ar_unbounded-no_cluster,0.3,0.6,Dataset_4,9.47071684326511,99.07449327004467,99.0744932700447,0.6205359758068594,0.2327508394207273,99.07449327004473,False
LSTM,no_ar-kmeans_8,0.3,0.6,Dataset_4,7.164673139564453,81.33214115112263,81.3321411511226,0.6101833676887309,0.2181621864438057,81.33214115112263,False
LSTM,no_ar-no_cluster,0.3,0.6,Dataset_4,4.5689809520508575,-10.81922951594367,18.228446652044948,0.659511418036486,0.2190339565277099,18.228446652044912,False
ParetoNBD,-,0.3,0.6,Dataset_4,4.592102975561056,-15.67350349545857,33.34562068143802,0.7738671355814236,,33.345620681438035,False
Transformer,ar_bounded-kmeans_8,0.3,0.6,Dataset_4,6.609170813544572,72.30830326677105,72.97218886507841,0.6086721018842528,0.2150836884975433,72.97218886507845,False
Transformer,ar_bounded-no_cluster,0.3,0.6,Dataset_4,6.81711744465245,127.30711134155058,127.3071113415506,0.648132210840801,0.2182351063404764,127.30711134155064,False
Transformer,ar_unbounded-kmeans_8,0.3,0.6,Dataset_4,11.149547263205976,146.4896698781305,146.4896698781305,0.5624024292598344,0.2212273031473159,146.4896698781305,False
Transformer,ar_unbounded-no_cluster,0.3,0.6,Dataset_4,9.966627253449866,139.14521217030196,139.14521217030196,0.5005956081517949,0.2247271367481776,139.14521217030202,False
Transformer,no_ar-kmeans_8,0.3,0.6,Dataset_4,6.627755522850391,64.21215702773294,65.6074689241643,0.5871653187402175,0.2318110593727656,65.60746892416435,False
Transformer,no_ar-no_cluster,0.3,0.6,Dataset_4,7.2468470251853265,107.91001153427524,107.91001153427527,0.5756976036699565,0.2464768354381833,107.91001153427533,False
LSTM,ar_bounded-kmeans_8,0.3,0.6,Dataset_5,5.9367373024403465,44.702077120014415,48.05193140579429,0.6627701445361793,0.2347054460218974,48.05193140579431,False
LSTM,ar_bounded-no_cluster,0.3,0.6,Dataset_5,4.475278456137615,-10.742711471549896,19.41690969578897,0.6988468694983024,0.2336621784738131,19.416909695788945,False
LSTM,ar_unbounded-kmeans_8,0.3,0.6,Dataset_5,6.310897109380696,-35.86935138729684,40.78443883249603,0.6530384429515714,0.2411787477987153,40.784438832496015,False
LSTM,ar_unbounded-no_cluster,0.3,0.6,Dataset_5,5.663139879689058,26.708636836334758,36.81614418319253,0.6412220141284974,0.2484189782823835,36.81614418319256,False
LSTM,no_ar-kmeans_8,0.3,0.6,Dataset_5,6.170699409607665,67.04427821038331,67.04427821038331,0.6616736560602186,0.2420508116483688,67.04427821038334,False
LSTM,no_ar-no_cluster,0.3,0.6,Dataset_5,4.62401298949871,-0.8088558982534196,12.04865161426578,0.6955803506707676,0.2365017959049769,12.048651614265772,False
ParetoNBD,-,0.3,0.6,Dataset_5,4.8003284709991325,-13.154654053866757,29.576720847748003,0.7613309260660084,,29.576720847748003,False
Transformer,ar_bounded-kmeans_8,0.3,0.6,Dataset_5,11.23839461588904,160.2684035167198,160.26840351671984,0.6041909673050382,0.2331485194819314,160.26840351671984,False
Transformer,ar_bounded-no_cluster,0.3,0.6,Dataset_5,5.270932571040101,62.03389183995538,62.55430002417138,0.6743513055299959,0.2377772905996867,62.55430002417144,False
Transformer,ar_unbounded-kmeans_8,0.3,0.6,Dataset_5,5.627085762800243,29.29719358308607,40.1955173732699,0.6485078713210641,0.2386096375329154,40.19551737326993,False
Transformer,ar_unbounded-no_cluster,0.3,0.6,Dataset_5,7.2462022957982235,83.57179274937978,83.57179274937982,0.6189292598843793,0.2470735566956656,83.57179274937985,False
Transformer,no_ar-kmeans_8,0.3,0.6,Dataset_5,6.336924082720106,65.30794437513775,65.30794437513777,0.6065755976203239,0.2479826776044709,65.30794437513782,False
Transformer,no_ar-no_cluster,0.3,0.6,Dataset_5,6.128700826240346,65.4098028784791,67.05448220018295,0.633463988958108,0.2609032903398786,67.05448220018297,False
LSTM,ar_bounded-kmeans_8,0.3,0.6,Dataset_6,6.29806476449314,68.67313625205242,68.67313625205244,0.670895541867762,0.2436969535691397,68.67313625205249,False
LSTM,ar_bounded-no_cluster,0.3,0.6,Dataset_6,4.8547283214316295,0.48505659194350426,15.74235661022495,0.724299349060927,0.2384720583047185,15.742356610224956,False
LSTM,ar_unbounded-kmeans_8,0.3,0.6,Dataset_6,6.796844371782623,57.01356906967237,61.32961170960949,0.6526005956777597,0.2642711507422583,61.32961170960951,False
LSTM,ar_unbounded-no_cluster,0.3,0.6,Dataset_6,8.53492973482877,76.92528320370835,81.42098915439747,0.6433759125069136,0.2811472234981401,81.42098915439747,False
LSTM,no_ar-kmeans_8,0.3,0.6,Dataset_6,6.378274609283471,87.49415988588207,87.4941598858821,0.6427942214834026,0.2541845770818846,87.49415988588213,False
LSTM,no_ar-no_cluster,0.3,0.6,Dataset_6,5.262083536952822,8.100652426630898,19.64823073806377,0.7215634729055882,0.2427805183189255,19.6482307380638,False
ParetoNBD,-,0.3,0.6,Dataset_6,4.810454979713238,-14.756169849715132,31.603637176328537,0.7844085704495155,,31.60363717632853,False
Transformer,ar_bounded-kmeans_8,0.3,0.6,Dataset_6,5.369513923906732,40.44520764927429,42.73308123631782,0.6725493201404894,0.2408476620912552,42.73308123631786,False
Transformer,ar_bounded-no_cluster,0.3,0.6,Dataset_6,5.448344556573164,-14.796977132086665,28.03813124476088,0.7038841714610272,0.2445994679416929,28.03813124476087,False
Transformer,ar_unbounded-kmeans_8,0.3,0.6,Dataset_6,6.443125466564493,2.5834763703188273,29.130367507242436,0.6113009131365903,0.2464117386511393,29.130367507242443,False
Transformer,ar_unbounded-no_cluster,0.3,0.6,Dataset_6,9.741112677853412,164.4565438166739,164.45654381667393,0.635264457232564,0.2625834026506969,164.45654381667393,False
Transformer,no_ar-kmeans_8,0.3,0.6,Dataset_6,6.751389818410213,45.10030900334536,47.37925099862249,0.636766434273019,0.2543095925024577,47.37925099862253,False
Transformer,no_ar-no_cluster,0.3,0.6,Dataset_6,6.192996240403012,27.39110257500877,33.723977894647945,0.5909601414356753,0.2735410002725465,33.72397789464798,False
LSTM,ar_bounded-kmeans_8,0.3,0.6,Dataset_7,6.489724351554024,63.77967307800438,64.05735004199715,0.669932402755483,0.236754335463047,63.93833854396165,True
LSTM,ar_bounded-no_cluster,0.3,0.6,Dataset_7,4.941991207038984,-17.11234131023399,24.21215978172185,0.7214729702126731,0.2316433228552341,24.267138265739447,True
LSTM,ar_unbounded-kmeans_8,0.3,0.6,Dataset_7,5.241060450360062,-20.674047275647524,42.85880217994624,0.6978385300049798,0.2549144364893436,42.90025390125203,True
LSTM,ar_unbounded-no_cluster,0.3,0.6,Dataset_7,6.009247075393572,39.50471852055854,47.51851170599295,0.6707484152027023,0.2561878732272556,47.556583151980654,True
LSTM,no_ar-kmeans_8,0.3,0.6,Dataset_7,7.742675982686944,91.7257710643951,91.72577106439508,0.6724011111150846,0.2471611510430063,91.58668816917248,True
LSTM,no_ar-no_cluster,0.3,0.6,Dataset_7,5.1838392465502325,-6.416697101346443,12.965154330264772,0.7135984594732453,0.2440680797610964,13.028291686572132,True
ParetoNBD,-,0.3,0.6,Dataset_7,4.794244392355489,-8.387277031037256,30.55213514841781,0.7742086150803486,,30.60251444827388,True
Transformer,ar_bounded-kmeans_8,0.3,0.6,Dataset_7,7.923323185409479,97.2952809880154,97.29528098801542,0.6762638291501188,0.2326294332742691,97.15215782444056,True
Transformer,ar_bounded-no_cluster,0.3,0.6,Dataset_7,6.135183781281475,64.14464579722728,64.14464579722728,0.7006567680710436,0.2456642846976007,64.02557097256486,True
Transformer,ar_unbounded-kmeans_8,0.3,0.6,Dataset_7,8.039837547065632,79.19800345676043,79.19800345676047,0.671838147822304,0.2469241917133331,79.06800853223619,True
Transformer,ar_unbounded-no_cluster,0.3,0.6,Dataset_7,6.803119555163078,84.6678763351144,84.88602515144402,0.6002341448975941,0.2541815526783466,84.75190398702516,True
Transformer,no_ar-kmeans_8,0.3,0.6,Dataset_7,7.60323428564929,95.1742283078062,95.17422830780622,0.6210369196029676,0.2524374223181179,95.03264381139148,True
Transformer,no_ar-no_cluster,0.3,0.6,Dataset_7,5.822244063823255,-19.657894924736077,28.346824038827894,0.5872853586293292,0.2661788836121559,28.398803129115255,True
LSTM,ar_bounded-kmeans_8,0.3,0.6,Dataset_8,6.372130759535963,64.7928882057401,65.42815215427483,0.6720828939989689,0.2382450518863541,65.42815215427488,False
LSTM,ar_bounded-no_cluster,0.3,0.6,Dataset_8,4.40187015558069,-17.49303529327165,20.941349070743197,0.7254712434480141,0.2363793083599635,20.941349070743165,False
LSTM,ar_unbounded-kmeans_8,0.3,0.6,Dataset_8,5.769178017805041,13.137646416158457,32.55003657269828,0.6596319708817102,0.2510572597384453,32.550036572698296,False
LSTM,ar_unbounded-no_cluster,0.3,0.6,Dataset_8,8.077714254834111,102.56176664117756,102.56176664117757,0.6826109718748608,0.2628571295312473,102.5617666411776,False
LSTM,no_ar-kmeans_8,0.3,0.6,Dataset_8,7.8663827934528685,90.24651728558851,90.24651728558851,0.6308875068787828,0.2429884587015424,90.24651728558854,False
LSTM,no_ar-no_cluster,0.3,0.6,Dataset_8,4.3441946611568625,-11.771077860885589,20.51667894849207,0.7222045340104281,0.2385831017579351,20.516678948492043,False
ParetoNBD,-,0.3,0.6,Dataset_8,4.545721015990025,-13.390927370481009,29.60213346844358,0.7767875125218652,,29.602133468443576,False
Transformer,ar_bounded-kmeans_8,0.3,0.6,Dataset_8,6.116248386205164,44.2921552001061,48.475806262102374,0.6129286485597139,0.2387540968401091,48.47580626210242,False
Transformer,ar_bounded-no_cluster,0.3,0.6,Dataset_8,7.184406339893609,120.78024166386263,120.78024166386264,0.6912246248707972,0.2430353483983448,120.78024166386268,False
Transformer,ar_unbounded-kmeans_8,0.3,0.6,Dataset_8,5.18179462772709,11.878482262020805,37.57203080847754,0.6688718755670826,0.246475943497249,37.57203080847756,False
Transformer,ar_unbounded-no_cluster,0.3,0.6,Dataset_8,8.056580863415245,109.92686926449377,109.9268692644938,0.6699262414207,0.2587449039731707,109.92686926449385,False
Transformer,no_ar-kmeans_8,0.3,0.6,Dataset_8,6.775423225085991,69.41568898330668,69.4156889833067,0.60877901219233,0.258429086634091,69.41568898330675,False
Transformer,no_ar-no_cluster,0.3,0.6,Dataset_8,6.1526672061208805,64.32496309188213,64.32496309188214,0.5998721176959486,0.2686244611229215,64.3249630918822,False
LSTM,ar_bounded-kmeans_8,0.3,0.6,Dataset_9,6.933731904516931,78.0750671570918,78.07506715709181,0.6619710325698881,0.2374488445264952,78.07506715709187,False
LSTM,ar_bounded-no_cluster,0.3,0.6,Dataset_9,4.286535553482344,16.472018277326427,18.538787899828538,0.6931943156937685,0.2332957142165728,18.538787899828588,False
LSTM,ar_unbounded-kmeans_8,0.3,0.6,Dataset_9,7.295722294314009,52.646468410578265,55.4191431163985,0.6262404518031044,0.2722143509558269,55.41914311639852,False
LSTM,ar_unbounded-no_cluster,0.3,0.6,Dataset_9,5.5723888737997385,36.11790799431209,45.17078336230495,0.6772292774939932,0.2582582299198423,45.17078336230499,False
LSTM,no_ar-kmeans_8,0.3,0.6,Dataset_9,7.833972178865005,98.52566538103254,98.52566538103258,0.6200158123027828,0.2420155278273991,98.5256653810326,False
LSTM,no_ar-no_cluster,0.3,0.6,Dataset_9,4.392913432511376,10.597259532271957,18.63932844624497,0.6841230340386966,0.2386353431003434,18.639328446244985,False
ParetoNBD,-,0.3,0.6,Dataset_9,4.399781044218263,-9.39224519897852,32.34030468162126,0.7634996672259238,,32.34030468162126,False
Transformer,ar_bounded-kmeans_8,0.3,0.6,Dataset_9,5.9457773983406454,75.74797339071716,75.74797339071718,0.6586952733068484,0.2364974873406546,75.74797339071723,False
Transformer,ar_bounded-no_cluster,0.3,0.6,Dataset_9,5.341960129794187,58.82169017546657,58.948282223404696,0.614936927477747,0.238775905753885,58.94828222340475,False
Transformer,ar_unbounded-kmeans_8,0.3,0.6,Dataset_9,7.445773798574057,96.69181755429399,97.02142003549109,0.6329206643937004,0.2433534520012991,97.02142003549112,False
Transformer,ar_unbounded-no_cluster,0.3,0.6,Dataset_9,9.990704603455544,194.91219584460237,194.91219584460237,0.5883066103170627,0.2570511038814272,52.78946341959661,True
Transformer,no_ar-kmeans_8,0.3,0.6,Dataset_9,5.846213790478242,53.411616781918354,53.65013474834318,0.6097951945846888,0.2509336322546005,53.65013474834323,False
Transformer,no_ar-no_cluster,0.3,0.6,Dataset_9,5.664286552484817,-30.363373456875888,41.0221923615702,0.5717929263851911,0.2702228586588587,41.02219236157015,False
LSTM,ar_bounded-kmeans_8,0.3,0.8,Dataset_1,4.3710801251854345,101.47638226696172,101.9199306741871,0.49460275273190896,0.121111893095076,101.9199306741872,False
LSTM,ar_bounded-no_cluster,0.3,0.8,Dataset_1,3.413679392193491,-27.027073724319862,35.17108293033469,0.5256654223765869,0.1205384622638424,35.17108293033467,False
LSTM,ar_unbounded-kmeans_8,0.3,0.8,Dataset_1,4.739603768449773,36.91244236749382,48.96658980834814,0.4712299407155178,0.1295837278788288,48.966589808348175,False
LSTM,ar_unbounded-no_cluster,0.3,0.8,Dataset_1,4.392663282766555,52.340437580878486,63.28168195964174,0.4671103740903518,0.1366550528133908,63.281681959641766,False
LSTM,no_ar-kmeans_8,0.3,0.8,Dataset_1,6.080116051038163,172.10714258768581,172.10714258768584,0.48430521112358454,0.1281420635059476,172.10714258768593,False
LSTM,no_ar-no_cluster,0.3,0.8,Dataset_1,3.516736301072288,5.798962889646797,27.727534549100483,0.496633050939532,0.1230098682766159,27.727534549100504,False
ParetoNBD,-,0.3,0.8,Dataset_1,3.342748778106429,-5.758828680104515,33.93333681292793,0.692422563430181,,33.933336812927934,False
Transformer,ar_bounded-kmeans_8,0.3,0.8,Dataset_1,6.042913884073397,96.9326033438276,96.93260334382761,0.4998012084754708,0.1212970946605006,96.9326033438277,False
Transformer,ar_bounded-no_cluster,0.3,0.8,Dataset_1,3.7043783533762036,84.44527608969058,84.44527608969058,0.49735574919042136,0.1228195869674285,84.44527608969072,False
Transformer,ar_unbounded-kmeans_8,0.3,0.8,Dataset_1,3.736403882313789,-10.907834502632435,41.27188944772816,0.4941527049832891,0.1277763458589712,41.27188944772813,False
Transformer,ar_unbounded-no_cluster,0.3,0.8,Dataset_1,5.3061197597941,166.6935479218001,166.69354792180013,0.41685597301632554,0.1373993074521422,166.6935479218003,False
Transformer,no_ar-kmeans_8,0.3,0.8,Dataset_1,4.476096146505494,103.05472313220413,103.05472313220415,0.46301386336724826,0.1335159465670585,103.05472313220427,False
Transformer,no_ar-no_cluster,0.3,0.8,Dataset_1,4.0407005003001935,104.21774157318633,104.21774157318636,0.4202385427606737,0.1434689732268452,104.21774157318652,False
LSTM,ar_bounded-kmeans_8,0.3,0.8,Dataset_10,3.9698066433449686,96.78761989331478,96.7876198933148,0.5135990818341064,0.1128894553209344,96.78761989331488,False
LSTM,ar_bounded-no_cluster,0.3,0.8,Dataset_10,2.9040209363737692,-29.49839928729135,33.83244407893011,0.521285309623502,0.1135268698756893,33.83244407893007,False
LSTM,ar_unbounded-kmeans_8,0.3,0.8,Dataset_10,2.864896685110968,-0.6286021032775646,40.78975448945465,0.5023150004881509,0.1188916253546873,40.78975448945464,False
LSTM,ar_unbounded-no_cluster,0.3,0.8,Dataset_10,2.8250111326352143,5.705442748419105,29.43436505905131,0.5126644210684098,0.1224751252060135,29.43436505905131,False
LSTM,no_ar-kmeans_8,0.3,0.8,Dataset_10,5.404925536144743,146.7652077056077,146.76520770560774,0.502191508983223,0.1138310724248488,146.7652077056078,False
LSTM,no_ar-no_cluster,0.3,0.8,Dataset_10,2.8944843455699916,-15.110992667888498,30.882604041692424,0.5218441773710377,0.1143651433909932,30.882604041692414,False
ParetoNBD,-,0.3,0.8,Dataset_10,2.615188861487361,-8.172799893469179,33.15625715690598,0.7090285978226194,,33.15625715690598,False
Transformer,ar_bounded-kmeans_8,0.3,0.8,Dataset_10,3.180829381182307,46.835111761455636,50.96851631903593,0.5015507101067478,0.1115184367323915,50.96851631903598,False
Transformer,ar_bounded-no_cluster,0.3,0.8,Dataset_10,2.7425662185991206,54.58858009485415,57.07844139495205,0.42993140195901863,0.1142905935024221,57.078441394952186,False
Transformer,ar_unbounded-kmeans_8,0.3,0.8,Dataset_10,4.534198572851228,70.05549602462978,71.56776923879086,0.5050391904048933,0.1195115887870391,71.5677692387909,False
Transformer,ar_unbounded-no_cluster,0.3,0.8,Dataset_10,4.294690900386623,133.64034094455113,133.64034094455118,0.4710380402217082,0.1219153416653474,133.64034094455133,False
Transformer,no_ar-kmeans_8,0.3,0.8,Dataset_10,3.6061036141992626,107.27001042646937,107.27001042646941,0.47406419758810886,0.1235782404740651,107.27001042646955,False
Transformer,no_ar-no_cluster,0.3,0.8,Dataset_10,3.4163593518677318,35.78014911481402,54.991461981879056,0.4744313242521862,0.1339787449687719,54.9914619818791,False
LSTM,ar_bounded-kmeans_8,0.3,0.8,Dataset_2,3.523654611726393,53.27642640757557,54.557062574236184,0.4979761299835545,0.1210849084533177,54.55706257423625,False
LSTM,ar_bounded-no_cluster,0.3,0.8,Dataset_2,2.9122948937115973,-24.18194592959133,39.472871893098635,0.511682292723293,0.1193098357090583,39.472871893098606,False
LSTM,ar_unbounded-kmeans_8,0.3,0.8,Dataset_2,4.712841568084968,42.318521778319635,57.89101948836159,0.5013848827226461,0.1245957463979721,57.891019488361614,False
LSTM,ar_unbounded-no_cluster,0.3,0.8,Dataset_2,3.4710023956437603,-22.519176968236643,36.076707293264676,0.47737203408676093,0.1298145307944371,36.07670729326466,False
LSTM,no_ar-kmeans_8,0.3,0.8,Dataset_2,4.392768069914628,83.42516347129931,83.42516347129927,0.4865999184969291,0.1300735273040258,83.4251634712994,False
LSTM,no_ar-no_cluster,0.3,0.8,Dataset_2,3.5465396596605276,-31.696445418136747,39.36623015769449,0.5130123464856252,0.1206460921810223,39.36623015769446,False
ParetoNBD,-,0.3,0.8,Dataset_2,2.9391572996374435,-24.142812579931473,36.25659239647915,0.6995011185202145,,36.25659239647914,False
Transformer,ar_bounded-kmeans_8,0.3,0.8,Dataset_2,3.2435871277651667,59.19410626214922,65.01730562669503,0.40063492260639505,0.1204974129796028,65.0173056266951,False
Transformer,ar_bounded-no_cluster,0.3,0.8,Dataset_2,2.5881714890299223,10.197848033584993,29.498128959137148,0.4916795692040813,0.1199264761347037,29.49812895913719,False
Transformer,ar_unbounded-kmeans_8,0.3,0.8,Dataset_2,4.5589268857201235,58.50280616815756,61.2623945295016,0.48895081809541757,0.1211222868699293,61.26239452950161,False
Transformer,ar_unbounded-no_cluster,0.3,0.8,Dataset_2,5.101912045653598,128.2235730369727,128.22357303697265,0.4373844533915076,0.1261135563254356,128.22357303697277,False
Transformer,no_ar-kmeans_8,0.3,0.8,Dataset_2,4.022550674051153,44.189896961191366,50.99812898344039,0.48892297741709945,0.1286794239511856,50.99812898344044,False
Transformer,no_ar-no_cluster,0.3,0.8,Dataset_2,3.618426568137164,-3.927502640975344,35.22871839635288,0.4801282637109073,0.139030006642525,35.2287183963529,False
LSTM,ar_bounded-kmeans_8,0.3,0.8,Dataset_3,4.059864219142447,99.50624255000444,99.50624255000447,0.4477426417046243,0.1165849789977073,99.50624255000464,False
LSTM,ar_bounded-no_cluster,0.3,0.8,Dataset_3,2.7884826504923823,30.779795348432675,45.47219052953082,0.4829246544416276,0.1156968586146831,45.4721905295309,False
LSTM,ar_unbounded-kmeans_8,0.3,0.8,Dataset_3,3.456841089927577,-18.76731003919002,39.85244037031656,0.4515633656828345,0.1347689937267984,39.852440370316536,False
LSTM,ar_unbounded-no_cluster,0.3,0.8,Dataset_3,3.232310009006811,11.95743453914081,36.18785462857018,0.4602688500362608,0.1307035429137093,36.1878546285702,False
LSTM,no_ar-kmeans_8,0.3,0.8,Dataset_3,6.505643880859682,235.19920508676412,235.19920508676412,0.4442013577771605,0.1311693008129413,235.19920508676415,False
LSTM,no_ar-no_cluster,0.3,0.8,Dataset_3,3.4431611005871456,-29.003405350363092,42.763904658136724,0.48253453552714337,0.1247559376060962,42.76390465813669,False
ParetoNBD,-,0.3,0.8,Dataset_3,2.901597350987826,1.6084938197281253,37.03679480166779,0.6579364125637923,,37.0367948016678,False
Transformer,ar_bounded-kmeans_8,0.3,0.8,Dataset_3,4.783489254773853,96.06583376481657,96.64131623125124,0.402302727687463,0.1167355962097644,96.64131623125137,False
Transformer,ar_bounded-no_cluster,0.3,0.8,Dataset_3,3.0434653366207383,32.236662348700456,45.977865771372436,0.46938079273278077,0.117638086900115,45.97786577137253,False
Transformer,ar_unbounded-kmeans_8,0.3,0.8,Dataset_3,4.112643103532068,47.85868308298644,56.18331423705854,0.4048024529315979,0.1180879417806863,56.1833142370586,False
Transformer,ar_unbounded-no_cluster,0.3,0.8,Dataset_3,9.93515111069094,294.2542558596188,294.2542558596188,0.4247834364460712,0.1276218984276056,294.2542558596189,False
Transformer,no_ar-kmeans_8,0.3,0.8,Dataset_3,6.308262559740307,170.33654923701934,170.33654923701937,0.41777608300630886,0.1237347945570945,170.33654923701954,False
Transformer,no_ar-no_cluster,0.3,0.8,Dataset_3,5.639280694616241,251.3234954152918,251.3234954152918,0.3984635724570625,0.1399924661964178,251.323495415292,False
LSTM,ar_bounded-kmeans_8,0.3,0.8,Dataset_4,4.293972089261283,55.25915466423872,59.075117123798506,0.4875991761542705,0.1218841356726793,59.07511712379858,False
LSTM,ar_bounded-no_cluster,0.3,0.8,Dataset_4,2.8515441195556845,-15.949765401127289,28.163849829648075,0.4923680913928,0.1208098539366172,28.163849829648026,False
LSTM,ar_unbounded-kmeans_8,0.3,0.8,Dataset_4,3.3729455359916254,-15.756338255243852,31.979812315179863,0.4788532740963452,0.1294909535119166,31.97981231517985,False
LSTM,ar_unbounded-no_cluster,0.3,0.8,Dataset_4,3.396344850093921,19.343661839675836,34.747417734175066,0.4851038784123677,0.1339119386214476,34.74741773417508,False
LSTM,no_ar-kmeans_8,0.3,0.8,Dataset_4,4.9062945237151885,128.79624374814213,128.79624374814213,0.46638574876684163,0.1322967203763815,128.79624374814227,False
LSTM,no_ar-no_cluster,0.3,0.8,Dataset_4,2.8907887457951467,-12.875117586112465,27.49107989521937,0.49923140873221244,0.1212073378264904,27.49107989521933,False
ParetoNBD,-,0.3,0.8,Dataset_4,2.9330431880667045,-19.502077218278107,34.65761146185511,0.7046603408014099,,34.657611461855105,False
Transformer,ar_bounded-kmeans_8,0.3,0.8,Dataset_4,6.84334917943087,184.40328593763724,184.40328593763724,0.4767011332944287,0.1228551337352165,184.40328593763735,False
Transformer,ar_bounded-no_cluster,0.3,0.8,Dataset_4,3.273871321711085,49.66995282693285,53.66807493062007,0.4630751601799781,0.1232101470232009,53.668074930620165,False
Transformer,ar_unbounded-kmeans_8,0.3,0.8,Dataset_4,3.2656094177535255,-11.149296073041977,46.55962446730743,0.4415831666938472,0.1279346707921761,46.559624467307415,False
Transformer,ar_unbounded-no_cluster,0.3,0.8,Dataset_4,3.667166196302183,64.8615019801706,68.23708892288336,0.4021969118013601,0.1294213785574986,68.23708892288343,False
Transformer,no_ar-kmeans_8,0.3,0.8,Dataset_4,4.736593148433963,129.96619688661787,129.9661968866178,0.4483264781638302,0.1352785499050067,129.96619688661795,False
Transformer,no_ar-no_cluster,0.3,0.8,Dataset_4,3.165416373546461,30.35727658995493,40.15727678768572,0.46558933838624483,0.145999996134868,40.15727678768582,False
LSTM,ar_bounded-kmeans_8,0.3,0.8,Dataset_5,4.603216011750337,97.5789707183453,97.57897071834535,0.5340001978429999,0.1386565305292606,97.57897071834546,False
LSTM,ar_bounded-no_cluster,0.3,0.8,Dataset_5,3.112194144982161,0.6200359449199504,29.262635437015177,0.5707327812062938,0.1362263206392526,29.262635437015188,False
LSTM,ar_unbounded-kmeans_8,0.3,0.8,Dataset_5,4.384137415101516,24.745487166898048,40.27978331388546,0.5330891547361772,0.1439562961459159,40.279783313885495,False
LSTM,ar_unbounded-no_cluster,0.3,0.8,Dataset_5,5.982333927930318,112.89305044422153,113.25676885537719,0.5143425252855488,0.1513908617198467,113.25676885537725,False
LSTM,no_ar-kmeans_8,0.3,0.8,Dataset_5,6.602510258767911,169.87093826402844,169.87093826402844,0.5063266216093167,0.1466210753871844,169.87093826402852,False
LSTM,no_ar-no_cluster,0.3,0.8,Dataset_5,3.2963926757297344,-12.852436995944133,18.6268051354121,0.5690793582178396,0.1408920758045636,18.62680513541204,False
ParetoNBD,-,0.3,0.8,Dataset_5,3.0040917893630765,-2.6430610586112833,31.00914721144878,0.7281181604260417,,31.009147211448788,False
Transformer,ar_bounded-kmeans_8,0.3,0.8,Dataset_5,5.22019981513926,171.29151592214345,171.34566756515053,0.5194438907575945,0.1354509349912405,171.34566756515068,False
Transformer,ar_bounded-no_cluster,0.3,0.8,Dataset_5,3.500506084846124,59.58754463425556,61.91877211042288,0.5416729701888033,0.137152150273323,61.918772110423,False
Transformer,ar_unbounded-kmeans_8,0.3,0.8,Dataset_5,4.166683826983469,37.620487186758425,53.433664169058254,0.49127087324305196,0.1461295995574731,53.43366416905828,False
Transformer,ar_unbounded-no_cluster,0.3,0.8,Dataset_5,3.6777722650899207,47.694042964505485,51.81949427536264,0.4804941612083555,0.152695408807351,51.81949427536275,False
Transformer,no_ar-kmeans_8,0.3,0.8,Dataset_5,6.659540052650185,180.48601058330246,180.48601058330243,0.48436923191226555,0.1544768214225769,180.4860105833025,False
Transformer,no_ar-no_cluster,0.3,0.8,Dataset_5,4.373538167910077,98.10830278285101,98.31046887760843,0.48260168921885,0.1648430967560181,98.31046887760854,False
LSTM,ar_bounded-kmeans_8,0.3,0.8,Dataset_6,4.132594036004241,71.1018233310917,71.22036437018033,0.46279711116667993,0.1197625050942103,71.22036437018045,False
LSTM,ar_bounded-no_cluster,0.3,0.8,Dataset_6,3.557819512621845,-25.270516882823276,38.13981775726593,0.49640349855693316,0.1146281079078714,38.13981775726591,False
LSTM,ar_unbounded-kmeans_8,0.3,0.8,Dataset_6,4.1069393410758614,-34.0207701774452,44.79179334814501,0.4713488094279528,0.1267149746417999,44.791793348145006,False
LSTM,ar_unbounded-no_cluster,0.3,0.8,Dataset_6,3.678102543709638,-4.000000141678117,33.78216823574303,0.46437641842530597,0.1263368086268504,33.78216823574303,False
LSTM,no_ar-kmeans_8,0.3,0.8,Dataset_6,5.175164852884829,102.85612946789487,102.85612946789489,0.4662550713073459,0.1235166167219479,102.85612946789496,False
LSTM,no_ar-no_cluster,0.3,0.8,Dataset_6,3.935162411245281,-26.54255334063316,36.53546109155821,0.49484375609515835,0.1171695956339438,36.53546109155817,False
ParetoNBD,-,0.3,0.8,Dataset_6,3.66053981720354,-25.068190176335385,39.67523042694784,0.6952633162819422,,39.67523042694784,False
Transformer,ar_bounded-kmeans_8,0.3,0.8,Dataset_6,4.8090353935660515,33.66767951139177,44.32928048861193,0.45076504708213383,0.1179040915643175,44.32928048861199,False
Transformer,ar_bounded-no_cluster,0.3,0.8,Dataset_6,3.558139660176778,-0.5775079127353429,32.555217743335085,0.4879173128102702,0.1183141426493724,32.5552177433351,False
Transformer,ar_unbounded-kmeans_8,0.3,0.8,Dataset_6,4.87700628106906,28.627152865131652,44.38095227065056,0.4878923092138481,0.1209319733704129,44.380952270650575,False
Transformer,ar_unbounded-no_cluster,0.3,0.8,Dataset_6,4.231135252519125,27.31104320992745,47.67781137559548,0.45583833765141485,0.1298081402977307,47.67781137559552,False
Transformer,no_ar-kmeans_8,0.3,0.8,Dataset_6,5.030452859630699,96.8885509701107,97.04052664022487,0.4400095378448233,0.1295706188927094,97.04052664022495,False
Transformer,no_ar-no_cluster,0.3,0.8,Dataset_6,4.2919273905495725,82.36423459360708,83.3844980283468,0.42680710976933545,0.1415116017063458,83.38449802834695,False
LSTM,ar_bounded-kmeans_8,0.3,0.8,Dataset_7,4.029963707085802,80.08937425707951,80.08937425707953,0.5099383557412546,0.1242332948992649,80.0893742570796,False
LSTM,ar_bounded-no_cluster,0.3,0.8,Dataset_7,3.060937415355957,-27.41906668106702,38.94538241193487,0.532362304485584,0.1247255454460779,38.94538241193483,False
LSTM,ar_unbounded-kmeans_8,0.3,0.8,Dataset_7,3.7635821676044072,-40.81727915277936,63.531281105996456,0.5139582669427565,0.1368887058148781,63.53128110599642,False
LSTM,ar_unbounded-no_cluster,0.3,0.8,Dataset_7,6.559258220626499,116.97715955389639,116.97715955389639,0.5031686042088398,0.1396097503602504,116.97715955389648,False
LSTM,no_ar-kmeans_8,0.3,0.8,Dataset_7,5.645358280028387,151.26961234100563,151.26961234100565,0.4927607678355925,0.1350816798706849,151.2696123410057,False
LSTM,no_ar-no_cluster,0.3,0.8,Dataset_7,2.8610380040076877,-13.990069601163238,32.63257199929809,0.5359829487946104,0.1249756018320719,32.63257199929807,False
ParetoNBD,-,0.3,0.8,Dataset_7,2.9685766986053475,-12.836496680811143,35.65329408758843,0.7283036134300614,,35.653294087588414,False
Transformer,ar_bounded-kmeans_8,0.3,0.8,Dataset_7,4.70047106746451,115.14051600785727,115.14051600785727,0.5168374483768833,0.1252898915360371,115.14051600785736,False
Transformer,ar_bounded-no_cluster,0.3,0.8,Dataset_7,3.1620828611941576,49.45481585851062,54.79145945431773,0.5227179659741129,0.1263166517019271,54.791459454317845,False
Transformer,ar_unbounded-kmeans_8,0.3,0.8,Dataset_7,4.347934210983365,21.258192428950846,38.374379228212305,0.49282783200299896,0.1341906463106473,38.374379228212334,False
Transformer,ar_unbounded-no_cluster,0.3,0.8,Dataset_7,4.848170757858582,77.670803969835,85.2408139658453,0.47639929734768344,0.1398300640285015,120.37735817299152,True
Transformer,no_ar-kmeans_8,0.3,0.8,Dataset_7,4.085995311768889,38.871896502311145,41.06454803009974,0.4781582020150195,0.1357380431145429,41.06454803009981,False
Transformer,no_ar-no_cluster,0.3,0.8,Dataset_7,3.846496408506985,-8.370904048281565,29.58639528779935,0.41579245727850916,0.1504841869076093,29.586395287799327,False
LSTM,ar_bounded-kmeans_8,0.3,0.8,Dataset_8,3.626075562283647,43.14131382316285,46.603960122889575,0.49942690199888723,0.0938316974788904,46.60396012288965,False
LSTM,ar_bounded-no_cluster,0.3,0.8,Dataset_8,2.9439397293974365,-8.926192714650869,32.82718268213887,0.5101749020400298,0.0935149868018925,32.82718268213886,False
LSTM,ar_unbounded-kmeans_8,0.3,0.8,Dataset_8,4.0796734820072285,-16.159766123309087,40.494599505172566,0.4910963862476634,0.1010176506824791,40.49459950517256,False
LSTM,ar_unbounded-no_cluster,0.3,0.8,Dataset_8,9.862023642077565,199.2812779556011,202.6080106772335,0.49615048014591967,0.1180255664512515,202.6080106772335,False
LSTM,no_ar-kmeans_8,0.3,0.8,Dataset_8,4.655157579371505,78.03735343259888,79.45139483095186,0.488959843109492,0.0990431508980691,79.45139483095194,False
LSTM,no_ar-no_cluster,0.3,0.8,Dataset_8,3.449216494203566,-19.832583375587014,30.764176443631637,0.5099724667115235,0.1098921786134059,30.764176443631616,False
ParetoNBD,-,0.3,0.8,Dataset_8,3.2284815412368113,-25.49455671301546,34.43782880651881,0.7360048090521252,,34.43782880651879,False
Transformer,ar_bounded-kmeans_8,0.3,0.8,Dataset_8,3.09793698559091,10.724572150638492,22.92169215447669,0.49895941635714863,0.0952861639671027,22.92169215447671,False
Transformer,ar_bounded-no_cluster,0.3,0.8,Dataset_8,3.1398991988773615,54.49099856655958,55.28397789370827,0.5075353538429971,0.0951451701112091,55.28397789370842,False
Transformer,ar_unbounded-kmeans_8,0.3,0.8,Dataset_8,5.473836528270245,60.91089105597357,62.28352828801318,0.48933271130315104,0.0964121557772159,62.28352828801322,False
Transformer,ar_unbounded-no_cluster,0.3,0.8,Dataset_8,3.279137491847985,5.557155403418302,28.545454462519036,0.4843295275902351,0.1043025879189372,28.545454462519054,False
Transformer,no_ar-kmeans_8,0.3,0.8,Dataset_8,6.380924636404096,176.33978359553785,176.3397835955378,0.46317523539078737,0.1037823758088052,176.3397835955379,False
Transformer,no_ar-no_cluster,0.3,0.8,Dataset_8,4.394069196917329,133.92214201270016,133.9221420127002,0.43892450663584187,0.1146246464923024,133.9221420127003,False
LSTM,ar_bounded-kmeans_8,0.3,0.8,Dataset_9,4.153193326152277,134.51192227473967,134.51192227473967,0.4122099228510011,0.1118919253349304,134.5119222747398,False
LSTM,ar_bounded-no_cluster,0.3,0.8,Dataset_9,2.5844356059919136,1.2242918473219069,33.09016398802378,0.42962446718376435,0.1109842831889788,33.090163988023775,False
LSTM,ar_unbounded-kmeans_8,0.3,0.8,Dataset_9,3.374249773692464,26.540238181081843,58.67287620094265,0.4255821844632015,0.1156240757554769,58.67287620094268,False
LSTM,ar_unbounded-no_cluster,0.3,0.8,Dataset_9,2.8962023968139348,9.789120592454456,32.437406915577256,0.4220685015049168,0.12122659633557,32.43740691557726,False
LSTM,no_ar-kmeans_8,0.3,0.8,Dataset_9,4.018110549794327,147.72131096435646,147.72131096435652,0.43072757016548563,0.1255694416662057,147.72131096435663,False
LSTM,no_ar-no_cluster,0.3,0.8,Dataset_9,2.80041969719203,1.5558865834609794,35.169895618720915,0.4453631485026861,0.1124104851235946,35.16989561872093,False
ParetoNBD,-,0.3,0.8,Dataset_9,2.7064269245409562,5.4049157330005535,34.063955166850725,0.6474230477925634,,34.063955166850725,False
Transformer,ar_bounded-kmeans_8,0.3,0.8,Dataset_9,3.5032339044412617,57.53725751368358,59.47764501025566,0.41816836109560335,0.1127609424293041,59.47764501025576,False
Transformer,ar_bounded-no_cluster,0.3,0.8,Dataset_9,3.1111067777865595,67.14008895919025,68.6721307297698,0.42171096283673803,0.1124063121775786,68.67213072976995,False
Transformer,ar_unbounded-kmeans_8,0.3,0.8,Dataset_9,3.529011549221364,83.86587135968425,84.72727228625043,0.3764500073960982,0.1146017176409562,84.72727228625054,False
Transformer,ar_unbounded-no_cluster,0.3,0.8,Dataset_9,4.101433477650888,141.19895624410452,141.19895624410455,0.3318523046021389,0.1216152776032686,141.19895624410466,False
Transformer,no_ar-kmeans_8,0.3,0.8,Dataset_9,4.339511970203221,139.0454544417903,139.0454544417903,0.3902539991607388,0.12446106535693,139.04545444179044,False
Transformer,no_ar-no_cluster,0.3,0.8,Dataset_9,3.7685360883294314,132.00968649535346,132.35245848979488,0.39804664455199384,0.1360745678345362,132.35245848979503,False
LSTM,ar_bounded-kmeans_8,0.05,0.2,Dataset_1,2.2215546556033337,35.612508119345776,42.112839107680806,0.45107432587221336,0.1646689389433179,42.11283910768088,False
LSTM,ar_bounded-no_cluster,0.05,0.2,Dataset_1,2.324620888338081,63.47485106151162,63.919589639604865,0.48262722902295124,0.1721441341297967,63.91958963960498,False
LSTM,ar_unbounded-kmeans_8,0.05,0.2,Dataset_1,15.807047418007562,184.15618773967677,186.31568478363664,0.3956208854790692,0.167840233870915,186.31568478363675,False
LSTM,ar_unbounded-no_cluster,0.05,0.2,Dataset_1,23.642974151933725,407.1628061970689,407.16280619706896,0.465362655054819,0.1733202598989009,407.16280619706896,False
LSTM,no_ar-kmeans_8,0.05,0.2,Dataset_1,2.105863444284339,29.5774319696083,39.44374579895578,0.42860876759268474,0.1663891885961805,39.44374579895586,False
LSTM,no_ar-no_cluster,0.05,0.2,Dataset_1,2.5110892394862088,46.555592275324976,49.17835867486041,-0.005755559238917493,0.1755714230239391,49.17835867486051,False
ParetoNBD,-,0.05,0.2,Dataset_1,1.8853097691876195,7.3544065459761025,34.49150975823579,0.5600869071208964,,34.491509758235814,False
Transformer,ar_bounded-kmeans_8,0.05,0.2,Dataset_1,3.1382288630474076,101.37756440972171,101.37756440972171,0.5104598984736595,0.1632552593946457,101.37756440972184,False
Transformer,ar_bounded-no_cluster,0.05,0.2,Dataset_1,2.69851849144241,84.92819329811228,84.92819329811223,0.4606755034653085,0.1709332764148712,84.92819329811239,False
Transformer,ar_unbounded-kmeans_8,0.05,0.2,Dataset_1,2.005197929188542,-18.947717121880697,32.670417027628126,0.5034160692555245,0.1645889324801308,32.67041702762808,False
Transformer,ar_unbounded-no_cluster,0.05,0.2,Dataset_1,2.3043986785472512,68.45665115925942,68.45665115925941,0.5368133492176801,0.1697905175387859,68.45665115925954,False
Transformer,no_ar-kmeans_8,0.05,0.2,Dataset_1,1.963324479708955,12.116809851600141,31.893117080826556,0.5500116136049168,0.163760244846344,31.8931170808266,False
Transformer,no_ar-no_cluster,0.05,0.2,Dataset_1,2.6306396400631686,77.73527461729691,77.73527461729691,0.4516716948180166,0.1716381348669529,77.73527461729702,False
LSTM,ar_bounded-kmeans_8,0.05,0.2,Dataset_10,2.1346687352383045,29.557361221860877,39.7842574005719,0.42963914516128027,0.1771663065467562,39.78425740057197,False
LSTM,ar_bounded-no_cluster,0.05,0.2,Dataset_10,2.2673032424262547,50.991395771755016,53.54971317639665,0.5425113695131277,0.1764185763895511,53.54971317639675,False
LSTM,ar_unbounded-kmeans_8,0.05,0.2,Dataset_10,12.437692245656336,216.72339063966393,216.72339063966396,0.4635037218382807,0.180389329791069,216.72339063966405,False
LSTM,ar_unbounded-no_cluster,0.05,0.2,Dataset_10,16.511331344107703,244.14595317302073,244.14595317302076,0.4344753291169662,0.1814332939684391,244.14595317302084,False
LSTM,no_ar-kmeans_8,0.05,0.2,Dataset_10,2.27666120545969,43.244423033578066,49.174952098044294,0.426814708087174,0.1764806233919583,49.17495209804437,False
LSTM,no_ar-no_cluster,0.05,0.2,Dataset_10,2.6307943876592486,53.705226238448844,53.70522623844884,0.0474327132169298,0.1800284683704376,53.70522623844896,False
ParetoNBD,-,0.05,0.2,Dataset_10,1.936733541526763,12.173120590975433,37.14254259373318,0.5814756579434949,,37.142542593733225,False
Transformer,ar_bounded-kmeans_8,0.05,0.2,Dataset_10,2.7760366594690065,99.4165073848139,99.46876996415826,0.5153026917675633,0.1742717139422893,99.46876996415835,False
Transformer,ar_bounded-no_cluster,0.05,0.2,Dataset_10,2.7934235807915218,86.76099437469969,87.36328881476099,0.45788232773202514,0.1777773946523666,87.3632888147611,False
Transformer,ar_unbounded-kmeans_8,0.05,0.2,Dataset_10,2.4573898017306925,70.06500959995864,72.9547482979328,0.48202566181375794,0.1749234162271022,72.9547482979329,False
Transformer,ar_unbounded-no_cluster,0.05,0.2,Dataset_10,3.222013130193671,131.55481221078344,131.55481221078344,0.5209928638395016,0.178829975426197,131.55481221078355,False
Transformer,no_ar-kmeans_8,0.05,0.2,Dataset_10,2.6295591958565185,86.22944563190359,86.70745710702808,0.4349538869564898,0.1739089749753475,86.7074571070282,False
Transformer,no_ar-no_cluster,0.05,0.2,Dataset_10,2.5052941398690796,56.0860420127889,57.546845078824354,0.42035651337236757,0.1799156740307808,57.54684507882447,False
LSTM,ar_bounded-kmeans_8,0.05,0.2,Dataset_2,2.1954526344455974,16.02719393420642,33.65574781644777,0.4281839594308229,0.1660807430744171,33.65574781644781,False
LSTM,ar_bounded-no_cluster,0.05,0.2,Dataset_2,2.3803563366696947,35.60939425883437,37.33250921366469,0.4026297066981893,0.1720583917839186,37.33250921366481,False
LSTM,ar_unbounded-kmeans_8,0.05,0.2,Dataset_2,10.5590804787389,155.1084671682379,155.1084671682379,0.46665782038320625,0.1702455319464206,155.108467168238,False
LSTM,ar_unbounded-no_cluster,0.05,0.2,Dataset_2,11.379041125849795,144.067675961361,144.067675961361,0.47378592549008947,0.1732490360736847,144.06767596136112,False
LSTM,no_ar-kmeans_8,0.05,0.2,Dataset_2,2.3308484797950833,48.411928219386766,52.25370825004692,0.41656726968886354,0.1670154609850474,52.25370825004703,False
LSTM,no_ar-no_cluster,0.05,0.2,Dataset_2,2.547974920684188,41.232385642697515,45.88442520285648,-0.06053041126543019,0.1750627309083938,45.88442520285658,False
ParetoNBD,-,0.05,0.2,Dataset_2,1.9312106227719659,1.221885291239756,33.746168167793634,0.5818536238938861,,33.74616816779362,False
Transformer,ar_bounded-kmeans_8,0.05,0.2,Dataset_2,2.6204689432387283,84.15822009567496,84.5315204750819,0.49316079020605824,0.1643027924001217,84.53152047508202,False
Transformer,ar_bounded-no_cluster,0.05,0.2,Dataset_2,2.562702372657921,60.63504327757432,62.43726823942861,0.437969086356554,0.1703698746860027,62.43726823942872,False
Transformer,ar_unbounded-kmeans_8,0.05,0.2,Dataset_2,3.3594543998873774,87.03553756331722,88.72280580323176,0.21920922706182416,0.1662348679133824,88.72280580323185,False
Transformer,ar_unbounded-no_cluster,0.05,0.2,Dataset_2,2.842383969048287,101.62453653206819,101.6245365320682,0.5222149703652178,0.1705603040754795,101.6245365320683,False
Transformer,no_ar-kmeans_8,0.05,0.2,Dataset_2,2.468908373201923,70.18294192738912,71.24042029559315,0.5226259833471643,0.1663096536483083,71.24042029559327,False
Transformer,no_ar-no_cluster,0.05,0.2,Dataset_2,2.5484524393806467,59.82849194112192,61.610321361774055,0.46249014905117847,0.17219253256917,61.61032136177416,False
LSTM,ar_bounded-kmeans_8,0.05,0.2,Dataset_3,2.200396183273085,28.45915114958868,36.47941720516822,0.41195463995509024,0.1740750521421432,36.479417205168296,False
LSTM,ar_bounded-no_cluster,0.05,0.2,Dataset_3,2.384436454455117,48.16782766566179,48.60101323969948,0.49930651896030653,0.1801644426125746,48.6010132396996,False
LSTM,ar_unbounded-kmeans_8,0.05,0.2,Dataset_3,12.6592434943778,227.37523757152488,227.37523757152493,0.4777997727287743,0.1793177835643291,227.375237571525,False
LSTM,ar_unbounded-no_cluster,0.05,0.2,Dataset_3,16.928204315027607,229.15231190713854,229.15231190713857,0.41446068746654435,0.1827987767755985,229.15231190713865,False
LSTM,no_ar-kmeans_8,0.05,0.2,Dataset_3,2.1589851967235574,29.38473697898024,36.22767561627869,0.3849523075611362,0.1751409731805324,36.227675616278766,False
LSTM,no_ar-no_cluster,0.05,0.2,Dataset_3,2.5424588874851963,30.630145540214286,37.90183653883945,-0.01728445042397986,0.1844398416578769,37.90183653883952,False
ParetoNBD,-,0.05,0.2,Dataset_3,1.99831132691691,8.563669319248339,32.29519449801712,0.547980041527231,,32.29519449801713,False
Transformer,ar_bounded-kmeans_8,0.05,0.2,Dataset_3,2.587488825427609,73.23559212183983,73.23559212183983,0.4868091996409819,0.1717290356755256,73.23559212183994,False
Transformer,ar_bounded-no_cluster,0.05,0.2,Dataset_3,2.3789001372617458,-9.144078724515788,28.481633948578622,0.40635685535779126,0.1802053855998175,28.481633948578608,False
Transformer,ar_unbounded-kmeans_8,0.05,0.2,Dataset_3,2.652052736105598,81.87745414430087,81.87745414430087,0.43484440584601475,0.1730074025690555,81.87745414430097,False
Transformer,ar_unbounded-no_cluster,0.05,0.2,Dataset_3,2.9710674854057277,110.95281833649481,110.95281833649484,0.4913058823154619,0.1784338280558586,110.95281833649491,False
Transformer,no_ar-kmeans_8,0.05,0.2,Dataset_3,2.108403456887112,15.05098137208273,29.36003791991714,0.4688096587029279,0.1760974434705881,29.36003791991718,False
Transformer,no_ar-no_cluster,0.05,0.2,Dataset_3,2.704332980303161,75.57124767524425,75.57124767524424,0.37761195750180143,0.1805493012070655,75.57124767524436,False
LSTM,ar_bounded-kmeans_8,0.05,0.2,Dataset_4,2.1914151761301595,33.81859239784831,42.00581008745163,0.48098526108480505,0.166055679321289,42.00581008745171,False
LSTM,ar_bounded-no_cluster,0.05,0.2,Dataset_4,2.1811902777867167,34.289218732104636,38.115558378744645,0.5480068642307708,0.1719683557748794,38.11555837874473,False
LSTM,ar_unbounded-kmeans_8,0.05,0.2,Dataset_4,4.953148539753928,65.85151692647945,68.40800500996137,0.3992213216207609,0.1709626604403768,68.40800500996146,False
LSTM,ar_unbounded-no_cluster,0.05,0.2,Dataset_4,13.587320554796777,231.50774689260174,231.50774689260177,0.40483036940465394,0.1749663821288517,231.50774689260183,False
LSTM,no_ar-kmeans_8,0.05,0.2,Dataset_4,2.152980078964423,26.423498857381478,36.20206579990472,0.4473196471236051,0.1670061222144535,36.20206579990478,False
LSTM,no_ar-no_cluster,0.05,0.2,Dataset_4,2.068386620437044,33.72562925720286,35.373143852779066,0.5111116006115616,0.1710985483867781,35.37314385277916,False
ParetoNBD,-,0.05,0.2,Dataset_4,1.9289743032438802,6.06583887730075,33.15105460957597,0.5920639440529953,,33.151054609575986,False
Transformer,ar_bounded-kmeans_8,0.05,0.2,Dataset_4,2.619772212774839,82.98870245087339,82.98870245087339,0.4515758786680337,0.1663238406181335,82.9887024508735,False
Transformer,ar_bounded-no_cluster,0.05,0.2,Dataset_4,2.6881760986432197,82.68624925468853,82.6862492546885,0.4654185784030106,0.171452345592635,82.68624925468865,False
Transformer,ar_unbounded-kmeans_8,0.05,0.2,Dataset_4,2.7988831933868776,101.38766954408248,101.38766954408248,0.4542154484531479,0.1660461686551571,101.3876695440826,False
Transformer,ar_unbounded-no_cluster,0.05,0.2,Dataset_4,2.845201945784746,108.06262111754234,108.06262111754234,0.4867950654877662,0.1713208705186844,108.06262111754243,False
Transformer,no_ar-kmeans_8,0.05,0.2,Dataset_4,2.5948565511436317,86.56875408056744,86.56875408056744,0.5029633036201656,0.1655180837426866,86.56875408056756,False
Transformer,no_ar-no_cluster,0.05,0.2,Dataset_4,2.740895048685466,74.20690763126049,74.20690763126046,0.14464958621126195,0.1728503044162477,74.2069076312606,False
LSTM,ar_bounded-kmeans_8,0.05,0.2,Dataset_5,2.1160269223257218,31.099368943964908,37.79842259709008,0.49611614980808527,0.166475806917463,37.79842259709015,False
LSTM,ar_bounded-no_cluster,0.05,0.2,Dataset_5,2.3218535894162096,28.39463713558303,34.591482591342206,0.5258119877578017,0.1721504947968891,34.591482591342285,False
LSTM,ar_unbounded-kmeans_8,0.05,0.2,Dataset_5,10.984356246136107,167.4378547767523,167.4378547767523,0.5670579347133122,0.1720616966485977,167.4378547767524,False
LSTM,ar_unbounded-no_cluster,0.05,0.2,Dataset_5,15.961167362730428,249.4214511827832,249.42145118278324,0.5167486929362012,0.17349499091506,249.4214511827833,False
LSTM,no_ar-kmeans_8,0.05,0.2,Dataset_5,2.060211195179393,35.70378533479297,40.23438473505309,0.5983865979773194,0.1664381793567112,40.234384735053176,False
LSTM,no_ar-no_cluster,0.05,0.2,Dataset_5,2.139598513010074,18.07570961318687,23.967192327832777,0.48278954532280355,0.1735398609723363,23.96719232783285,False
ParetoNBD,-,0.05,0.2,Dataset_5,1.8462106922976618,6.886462648703755,34.78766408755812,0.6584838651138639,,34.78766408755816,False
Transformer,ar_bounded-kmeans_8,0.05,0.2,Dataset_5,2.5684179778765275,70.15772861754658,70.7848579384832,0.6082977924210711,0.1622125889573778,70.78485793848331,False
Transformer,ar_bounded-no_cluster,0.05,0.2,Dataset_5,2.7233959193770523,87.32492118051458,87.32492118051458,0.5130406131509917,0.1706989221274852,87.32492118051469,False
Transformer,ar_unbounded-kmeans_8,0.05,0.2,Dataset_5,2.0299868664119627,3.7895897181250766,28.144794959774718,0.5918198415782604,0.1656826521669115,28.14479495977472,False
Transformer,ar_unbounded-no_cluster,0.05,0.2,Dataset_5,2.8039835163765523,100.69337548358995,100.69337548358995,0.5751783676463705,0.1709636636078357,100.69337548359006,False
Transformer,no_ar-kmeans_8,0.05,0.2,Dataset_5,2.1665323923039743,40.475709684522066,44.651104034708986,0.5933342828337469,0.1643900275230407,44.65110403470906,False
Transformer,no_ar-no_cluster,0.05,0.2,Dataset_5,2.7260450442793513,67.26277597659853,68.00283906540649,0.2120966985243518,0.173116348683834,68.0028390654066,False
LSTM,ar_bounded-kmeans_8,0.05,0.2,Dataset_6,2.100611708105575,19.85820883054467,32.28606963466468,0.49078166272783863,0.1678938886948994,32.28606963466473,False
LSTM,ar_bounded-no_cluster,0.05,0.2,Dataset_6,2.1244771835617353,32.81996259894396,33.79073374272215,0.5706902662380332,0.1735747754573822,33.79073374272227,False
LSTM,ar_unbounded-kmeans_8,0.05,0.2,Dataset_6,13.787922662252097,287.249999923518,287.249999923518,0.48893681817222207,0.1743845327624253,287.24999992351803,False
LSTM,ar_unbounded-no_cluster,0.05,0.2,Dataset_6,14.889223404062545,392.3594525536239,392.35945255362395,0.4330422702909771,0.1777625477739743,392.359452553624,False
LSTM,no_ar-kmeans_8,0.05,0.2,Dataset_6,2.6125277732016743,68.25186554081866,69.01243768686845,0.5020177202311406,0.1696972357375281,69.01243768686855,False
LSTM,no_ar-no_cluster,0.05,0.2,Dataset_6,2.0291905080673365,25.230721300305564,26.936567045484015,0.5429733914469959,0.1730709650686809,26.93656704548413,False
ParetoNBD,-,0.05,0.2,Dataset_6,1.9163282011657805,9.198903218878291,32.83920639366996,0.5939353687938342,,32.83920639366999,False
Transformer,ar_bounded-kmeans_8,0.05,0.2,Dataset_6,2.276207880540884,36.67070877452168,43.39521132989902,0.5387281991982215,0.1716430815202849,43.39521132989912,False
Transformer,ar_bounded-no_cluster,0.05,0.2,Dataset_6,2.7241616465952254,78.8109453523586,79.75186574520689,0.49801883266442576,0.1748137846589088,79.75186574520701,False
Transformer,ar_unbounded-kmeans_8,0.05,0.2,Dataset_6,2.6140702134453906,83.81250003504496,85.0270522740409,0.4990231721303551,0.1705183663538524,85.02705227404101,False
Transformer,ar_unbounded-no_cluster,0.05,0.2,Dataset_6,2.0859470115951497,33.15951475150761,38.097325729586046,0.5468656401358204,0.174600140856845,38.09732572958615,False
Transformer,no_ar-kmeans_8,0.05,0.2,Dataset_6,2.788329421979801,98.26150506466098,98.26150506466098,0.4981762336419797,0.1728843078017234,98.26150506466108,False
Transformer,no_ar-no_cluster,0.05,0.2,Dataset_6,3.363234198492356,121.57742565564931,121.91262465440636,-0.0564924845457245,0.1767889851970332,121.91262465440644,False
LSTM,ar_bounded-kmeans_8,0.05,0.2,Dataset_7,2.0212087201274516,21.641246439822226,39.10145885094906,0.45657662489112233,0.164519190788269,39.10145885094912,False
LSTM,ar_bounded-no_cluster,0.05,0.2,Dataset_7,2.221402488747106,54.83222810115495,55.746684322906766,0.48857524630406374,0.1704687625169754,55.74668432290688,False
LSTM,ar_unbounded-kmeans_8,0.05,0.2,Dataset_7,5.702025826069556,142.12897877068067,142.12897877068067,0.4112269115718277,0.1721581380282129,142.1289787706808,False
LSTM,ar_unbounded-no_cluster,0.05,0.2,Dataset_7,8.381886671342649,161.9860741493244,161.9860741493244,0.41754064156222004,0.1738243581993239,161.9860741493245,False
LSTM,no_ar-kmeans_8,0.05,0.2,Dataset_7,2.266623625146302,50.85742688664923,57.122678950549904,0.43199771648472474,0.165923787014825,57.12267895055001,False
LSTM,no_ar-no_cluster,0.05,0.2,Dataset_7,2.1218714674615864,44.268235994690535,48.83189651156599,0.46485156949050827,0.1714719768081392,48.8318965115661,False
ParetoNBD,-,0.05,0.2,Dataset_7,1.8589629839836777,12.537173498017351,38.67645976487266,0.5363566681100971,,38.67645976487266,False
Transformer,ar_bounded-kmeans_8,0.05,0.2,Dataset_7,2.3041231530027257,41.96883281915182,49.8627320732377,0.4692976149283262,0.1644893874015127,49.86273207323779,False
Transformer,ar_bounded-no_cluster,0.05,0.2,Dataset_7,1.9253376696263071,1.2055699724643232,30.263262586322284,0.4935166516570553,0.1706887504884175,30.263262586322284,False
Transformer,ar_unbounded-kmeans_8,0.05,0.2,Dataset_7,2.793849428630883,58.10610050809822,61.4602119286373,0.47198555330753766,0.1643585743648665,61.46021192863741,False
Transformer,ar_unbounded-no_cluster,0.05,0.2,Dataset_7,2.815682945456058,109.46551730469677,109.4655173046968,0.5003933825240885,0.1705441953880446,109.46551730469687,False
Transformer,no_ar-kmeans_8,0.05,0.2,Dataset_7,2.1969033166958054,37.19330223929372,45.37301051000554,0.4705782256741691,0.1671334132552147,45.37301051000563,False
Transformer,no_ar-no_cluster,0.05,0.2,Dataset_7,2.7723898167552807,85.14257298457605,85.57161808091719,0.2555366474254488,0.1725213836346353,85.57161808091732,False
LSTM,ar_bounded-kmeans_8,0.05,0.2,Dataset_8,2.5117057519094663,38.448076694009664,45.86794854905926,0.396632239218455,0.1734957545995712,45.86794854905934,False
LSTM,ar_bounded-no_cluster,0.05,0.2,Dataset_8,2.294018774232637,61.66057690124327,62.05416665466205,0.48652954460733083,0.178111905498164,62.05416665466216,False
LSTM,ar_unbounded-kmeans_8,0.05,0.2,Dataset_8,11.847772499928467,187.38076936035668,187.3807693603567,0.4446944773009048,0.1796054691076278,187.3807693603568,False
LSTM,ar_unbounded-no_cluster,0.05,0.2,Dataset_8,7.951750498772749,141.52403842604062,141.52403842604062,0.4342327510767664,0.1835465542972087,141.52403842604073,False
LSTM,no_ar-kmeans_8,0.05,0.2,Dataset_8,2.411666066721936,41.78685880367608,46.86891012807154,0.4732835742953945,0.1730760580727032,46.86891012807162,False
LSTM,no_ar-no_cluster,0.05,0.2,Dataset_8,2.294934146608557,55.39583324609934,55.39583324609934,0.4420352270349398,0.1773040635245187,55.39583324609945,False
ParetoNBD,-,0.05,0.2,Dataset_8,2.0142366333370054,15.646953325298693,40.46606288536006,0.5413700770692695,,40.46606288536009,False
Transformer,ar_bounded-kmeans_8,0.05,0.2,Dataset_8,2.686297139352032,90.2173077652397,90.2173077652397,0.4843929843385759,0.1720343120396137,90.2173077652398,False
Transformer,ar_bounded-no_cluster,0.05,0.2,Dataset_8,2.4477843404525546,61.308012788649535,62.95288461206757,0.468758060873803,0.1784596570900508,62.95288461206768,False
Transformer,ar_unbounded-kmeans_8,0.05,0.2,Dataset_8,3.1852383399451685,69.70224341389545,70.7830126911926,0.48697388571102407,0.1719429567456245,70.78301269119271,False
Transformer,ar_unbounded-no_cluster,0.05,0.2,Dataset_8,2.807527744849702,105.07948723120174,105.07948723120174,0.47620125075455844,0.1776573040655681,105.07948723120184,False
Transformer,no_ar-kmeans_8,0.05,0.2,Dataset_8,2.5761639164274626,76.30673071393397,76.82339735890322,0.42873068090230365,0.1722965549145426,76.82339735890332,False
Transformer,no_ar-no_cluster,0.05,0.2,Dataset_8,2.202486478723591,13.804807574786606,36.95160252991343,0.3802067191662659,0.1799144202045031,36.95160252991347,False
LSTM,ar_bounded-kmeans_8,0.05,0.2,Dataset_9,2.2877949082582787,34.731493284562845,42.05746741965404,0.4415076109103809,0.1664973774126597,42.05746741965413,False
LSTM,ar_bounded-no_cluster,0.05,0.2,Dataset_9,2.3629508216343,55.23506493712824,56.53051948954957,0.4686695383186501,0.1728860565594264,56.53051948954968,False
LSTM,ar_unbounded-kmeans_8,0.05,0.2,Dataset_9,14.903330567956882,250.45097417796816,250.45097417796822,0.4912389152217661,0.1709214619227818,250.45097417796828,False
LSTM,ar_unbounded-no_cluster,0.05,0.2,Dataset_9,13.029706477648745,197.63376624946315,197.63376624946318,0.4190633693327366,0.1748524866998195,197.6337662494633,False
LSTM,no_ar-kmeans_8,0.05,0.2,Dataset_9,2.207829795613364,30.785714187840632,39.559740187938836,0.4921786714475907,0.1652992750917162,39.55974018793892,False
LSTM,no_ar-no_cluster,0.05,0.2,Dataset_9,2.385004631558423,68.6827921688362,68.6827921688362,0.47822210896264555,0.1708290257624217,68.68279216883631,False
ParetoNBD,-,0.05,0.2,Dataset_9,1.9117376226548937,4.327039365792501,35.125893487940836,0.5637804996628064,,35.12589348794085,False
Transformer,ar_bounded-kmeans_8,0.05,0.2,Dataset_9,2.888341115203122,92.19318171636516,92.19318171636516,0.4965225808865154,0.165254030908857,92.19318171636527,False
Transformer,ar_bounded-no_cluster,0.05,0.2,Dataset_9,2.6975521060935574,75.79740263086236,75.79740263086232,0.3215920579542829,0.1706360642399106,75.79740263086248,False
Transformer,ar_unbounded-kmeans_8,0.05,0.2,Dataset_9,2.7239353667422677,69.05292212793762,69.05292212793762,0.5360986375991419,0.1631213533026831,69.05292212793773,False
Transformer,ar_unbounded-no_cluster,0.05,0.2,Dataset_9,2.1800626756932378,28.73603870777713,34.76915568004463,0.5366755568438842,0.1713063142129353,34.76915568004471,False
Transformer,no_ar-kmeans_8,0.05,0.2,Dataset_9,2.863794953249126,102.14577932497355,102.1457793249735,0.4019180855953369,0.16637051318373,102.14577932497366,False
Transformer,no_ar-no_cluster,0.05,0.2,Dataset_9,2.759816035536863,87.21298711707006,87.21298711707003,0.4287677528163171,0.1724245526960917,87.21298711707017,False
LSTM,ar_bounded-kmeans_8,0.05,0.4,Dataset_1,1.9547523189263,51.18657526071661,54.14220673149691,0.4446909428523319,0.1303024478256702,54.142206731497126,False
LSTM,ar_bounded-no_cluster,0.05,0.4,Dataset_1,1.9290062584703533,34.36916900684229,39.54891885119019,0.48971738929754,0.1323858176668485,39.54891885119036,False
LSTM,ar_unbounded-kmeans_8,0.05,0.4,Dataset_1,16.119460918566855,246.36461809436443,246.36461809436443,0.30815819711572523,0.1345946999887625,246.36461809436463,False
LSTM,ar_unbounded-no_cluster,0.05,0.4,Dataset_1,4.334256212017281,178.84186560995815,178.84186560995818,0.3965414694630504,0.1380758713930845,178.84186560995835,False
LSTM,no_ar-kmeans_8,0.05,0.4,Dataset_1,2.0494957493684973,57.57792927017489,59.491467369408674,0.33219827406593166,0.1304916130999724,59.49146736940884,False
LSTM,no_ar-no_cluster,0.05,0.4,Dataset_1,2.3645027394593057,96.39021597984858,96.4732649052711,-0.061654472754558765,0.1392210653672615,96.47326490527126,False
ParetoNBD,-,0.05,0.4,Dataset_1,1.6497854550992355,4.86600632728739,35.27436561819273,0.592980103191987,,35.274365618192746,False
Transformer,ar_bounded-kmeans_8,0.05,0.4,Dataset_1,1.827644253600645,20.669510458363806,38.15073928667539,0.49350411662336807,0.1278718436757723,38.15073928667552,False
Transformer,ar_bounded-no_cluster,0.05,0.4,Dataset_1,1.8834415520485037,49.76962418449053,56.27588136831494,0.509587493495614,0.1324527058750391,56.275881368315126,False
Transformer,ar_unbounded-kmeans_8,0.05,0.4,Dataset_1,2.2298676372374877,31.395903970215336,53.13993154614898,0.12118482394300699,0.1290676357845465,53.13993154614909,False
Transformer,ar_unbounded-no_cluster,0.05,0.4,Dataset_1,2.0844608844043497,91.75426593671223,93.82821362300314,0.5288222640476566,0.1333773868779341,93.82821362300334,False
Transformer,no_ar-kmeans_8,0.05,0.4,Dataset_1,2.191099776587721,98.46416356792152,100.18885073361133,0.3674144415191473,0.1282203439623117,100.18885073361152,False
Transformer,no_ar-no_cluster,0.05,0.4,Dataset_1,2.6899162989688223,154.06655275694098,154.06655275694098,0.310625900922668,0.1355411640057961,154.06655275694118,False
LSTM,ar_bounded-kmeans_8,0.05,0.4,Dataset_10,2.065475078299975,69.28099617200121,71.43395099009723,0.3934231121407457,0.1410467258344094,71.43395099009744,False
LSTM,ar_bounded-no_cluster,0.05,0.4,Dataset_10,1.660573224047294,29.888180193414424,37.626303249251194,0.5818815739637697,0.1427306613574425,37.62630324925135,False
LSTM,ar_unbounded-kmeans_8,0.05,0.4,Dataset_10,12.042587684578189,318.74623400345854,318.74623400345865,0.4387755949980283,0.1484437063336372,318.7462340034588,False
LSTM,ar_unbounded-no_cluster,0.05,0.4,Dataset_10,6.892735601087377,349.49884106710465,349.4988410671047,0.31198757356962953,0.1486472686131795,349.4988410671048,False
LSTM,no_ar-kmeans_8,0.05,0.4,Dataset_10,2.241604979000325,84.9252603718251,85.86152923279363,0.39618222420060206,0.1411960969368616,85.86152923279383,False
LSTM,no_ar-no_cluster,0.05,0.4,Dataset_10,2.132221171674573,73.86732301895992,75.57647718323825,0.0649069919506142,0.1501017411549886,75.57647718323841,False
ParetoNBD,-,0.05,0.4,Dataset_10,1.5649421002949486,17.612104219892082,38.84375585103316,0.6017688452550901,,38.84375585103321,False
Transformer,ar_bounded-kmeans_8,0.05,0.4,Dataset_10,1.8384767974759912,28.334877981565604,37.677867704007305,0.48319514922082996,0.1405286019047101,37.67786770400743,False
Transformer,ar_bounded-no_cluster,0.05,0.4,Dataset_10,1.6747257779883669,20.225375977173012,39.09327905130838,0.5617428579944416,0.1443323468168576,39.09327905130846,False
Transformer,ar_unbounded-kmeans_8,0.05,0.4,Dataset_10,2.1095535196849164,16.878910488983013,39.30185394942203,0.49403928603550773,0.140601742391785,39.30185394942208,False
Transformer,ar_unbounded-no_cluster,0.05,0.4,Dataset_10,1.743505533140369,41.12688244038763,47.69930434386256,0.5581124009192194,0.1443647189686695,47.69930434386275,False
Transformer,no_ar-kmeans_8,0.05,0.4,Dataset_10,2.4442617006534486,90.44495910095291,90.79374243868959,0.40222225750317864,0.1377067323774099,90.7937424386898,False
Transformer,no_ar-no_cluster,0.05,0.4,Dataset_10,2.517279106567154,145.26129766482828,145.26129766482828,0.4163905677008317,0.1472581612567106,145.26129766482848,False
LSTM,ar_bounded-kmeans_8,0.05,0.4,Dataset_2,2.062687473607044,66.03032166442563,67.39170781041635,0.4568775089349722,0.1296885112921396,67.39170781041652,False
LSTM,ar_bounded-no_cluster,0.05,0.4,Dataset_2,1.8620907751371818,70.96782142566126,71.27722738838578,0.5677418553167761,0.1337177747239669,71.27722738838598,False
LSTM,ar_unbounded-kmeans_8,0.05,0.4,Dataset_2,1.9792336891193054,-3.2599016204524993,38.17698036304376,0.39333319390576266,0.1340498806287845,38.17698036304371,False
LSTM,ar_unbounded-no_cluster,0.05,0.4,Dataset_2,10.561688446411118,314.9096534880208,314.9096534880208,0.5156822964387252,0.1404144720484813,314.90965348802104,False
LSTM,no_ar-kmeans_8,0.05,0.4,Dataset_2,2.018154925920301,90.03094024287681,90.14851452141868,0.5350541039529956,0.1325295114268859,90.14851452141887,False
LSTM,no_ar-no_cluster,0.05,0.4,Dataset_2,2.2126237761672294,112.13923244377447,112.13923244377453,0.506860370520751,0.1403285097330808,112.13923244377467,False
ParetoNBD,-,0.05,0.4,Dataset_2,1.6259924016614855,19.848742948516072,40.463548928097914,0.6235381030807187,,40.46354892809801,False
Transformer,ar_bounded-kmeans_8,0.05,0.4,Dataset_2,1.9243804535629812,76.50804428526611,78.45730171723292,0.5547584095641549,0.1274761321643988,78.4573017172331,False
Transformer,ar_bounded-no_cluster,0.05,0.4,Dataset_2,1.662683267202991,36.07054402634455,42.872524437941614,0.5923497075735689,0.133776381611824,42.8725244379418,False
Transformer,ar_unbounded-kmeans_8,0.05,0.4,Dataset_2,1.823099408193346,11.076113525063215,33.40284636481613,0.4786562916831843,0.127586561255157,33.40284636481619,False
Transformer,ar_unbounded-no_cluster,0.05,0.4,Dataset_2,1.6976940427622593,25.426360883975658,37.83230168691887,0.5647877474678794,0.1343431274096171,37.83230168691901,False
Transformer,no_ar-kmeans_8,0.05,0.4,Dataset_2,2.350165094510017,43.08972710035814,55.15903424907299,0.5454864234788971,0.1290079286942879,55.159034249073095,False
Transformer,no_ar-no_cluster,0.05,0.4,Dataset_2,2.403754304927912,138.93193049174204,138.9319304917421,0.43223273810594315,0.1378950408349434,138.93193049174226,False
LSTM,ar_bounded-kmeans_8,0.05,0.4,Dataset_3,1.8802258986123557,47.52222183176799,53.18304069688778,0.42740043824457064,0.1370906637360652,53.18304069688794,False
LSTM,ar_bounded-no_cluster,0.05,0.4,Dataset_3,1.9063317476909565,72.76023356505371,74.06783594014594,0.49815443705596774,0.1402805584172407,74.06783594014614,False
LSTM,ar_unbounded-kmeans_8,0.05,0.4,Dataset_3,2.6081066818904155,20.00701694645789,35.69941492881942,0.1950058087815476,0.1427217870950698,35.69941492881953,False
LSTM,ar_unbounded-no_cluster,0.05,0.4,Dataset_3,7.798371829019412,214.62865513253783,214.6286551325379,0.33889978556892286,0.1474844242135683,214.62865513253809,False
LSTM,no_ar-kmeans_8,0.05,0.4,Dataset_3,2.035871891076556,83.04619843565038,84.34444413569393,0.405802670854362,0.1405612913270791,84.34444413569413,False
LSTM,no_ar-no_cluster,0.05,0.4,Dataset_3,2.220042022547303,114.23976594865388,114.23976594865393,0.4479980894402829,0.1462459675967693,114.2397659486541,False
ParetoNBD,-,0.05,0.4,Dataset_3,1.629276825974758,19.850031703862236,39.97672691677019,0.5715243500593525,,39.97672691677026,False
Transformer,ar_bounded-kmeans_8,0.05,0.4,Dataset_3,2.028899452486828,24.86491195519831,34.58421042058279,0.520340248912934,0.134223415205876,34.5842104205829,False
Transformer,ar_bounded-no_cluster,0.05,0.4,Dataset_3,1.6905037807666525,-4.776608851242924,28.617543839680685,0.5211507036270361,0.140511001770695,28.617543839680696,False
Transformer,ar_unbounded-kmeans_8,0.05,0.4,Dataset_3,1.9771315803780312,69.8508768185579,70.518713082508,0.41111695915281626,0.1361839032421509,70.51871308250821,False
Transformer,ar_unbounded-no_cluster,0.05,0.4,Dataset_3,2.343747732682491,138.7847952740755,138.78479527407555,0.5106641847654403,0.1405235975980758,138.78479527407572,False
Transformer,no_ar-kmeans_8,0.05,0.4,Dataset_3,2.7521127273858976,180.17660825714796,180.17660825714802,0.4847216764614179,0.1358529571443796,180.1766082571482,False
Transformer,no_ar-no_cluster,0.05,0.4,Dataset_3,2.5602562614998514,147.77076015346907,147.77076015346913,0.3556818048194963,0.1443355698138475,147.7707601534693,False
LSTM,ar_bounded-kmeans_8,0.05,0.4,Dataset_4,1.9379303847933296,42.159305709452184,43.7786538192078,0.4527547783102969,0.1421815132101377,43.77865381920798,False
LSTM,ar_bounded-no_cluster,0.05,0.4,Dataset_4,1.9606920738559077,36.121976460485705,39.68349072061751,0.5459697165305392,0.1434593902279933,39.68349072061769,False
LSTM,ar_unbounded-kmeans_8,0.05,0.4,Dataset_4,11.74536551228124,191.77234449798905,191.77234449798905,0.3554959721186029,0.1457409063975016,191.77234449798925,False
LSTM,ar_unbounded-no_cluster,0.05,0.4,Dataset_4,13.687098929192736,359.80021039172834,359.8002103917284,0.4111906307339854,0.1507451931635538,359.8002103917285,False
LSTM,no_ar-kmeans_8,0.05,0.4,Dataset_4,2.0340674188645993,58.60620375769634,59.39695037329468,0.47997928453988453,0.1400972524036964,59.39695037329485,False
LSTM,no_ar-no_cluster,0.05,0.4,Dataset_4,2.1620679501279167,90.16298615823155,90.16298615823158,0.49378457825202526,0.1486709335198005,90.16298615823172,False
ParetoNBD,-,0.05,0.4,Dataset_4,1.7003453742228516,17.21358478425569,37.25918588080142,0.5938188798088933,,37.25918588080145,False
Transformer,ar_bounded-kmeans_8,0.05,0.4,Dataset_4,2.2147168765658614,64.92586730167517,65.1424814033253,0.46552246644029655,0.1392303084333737,65.14248140332545,False
Transformer,ar_bounded-no_cluster,0.05,0.4,Dataset_4,1.798926963045081,-3.0904317529312326,27.790746694091915,0.5596970278422845,0.1439516960332791,27.79074669409187,False
Transformer,ar_unbounded-kmeans_8,0.05,0.4,Dataset_4,2.8471632056423664,174.12986335531642,174.12986335531642,0.4568314609321478,0.140614698951443,174.12986335531662,False
Transformer,ar_unbounded-no_cluster,0.05,0.4,Dataset_4,2.506660524933587,133.43638255105157,133.43638255105157,0.5492191992440537,0.144478098799785,133.43638255105174,False
Transformer,no_ar-kmeans_8,0.05,0.4,Dataset_4,2.893692456221496,176.63196646916876,176.6319664691688,0.4421912189294647,0.1420793843766053,176.63196646916896,False
Transformer,no_ar-no_cluster,0.05,0.4,Dataset_4,1.8992383752304862,35.48054629770311,44.21661384756244,0.46521372013227613,0.1471540623654922,44.21661384756257,False
LSTM,ar_bounded-kmeans_8,0.05,0.4,Dataset_5,1.883882229421114,58.34355416855704,61.30976194891129,0.4557135166992549,0.1305105481296777,61.30976194891151,False
LSTM,ar_bounded-no_cluster,0.05,0.4,Dataset_5,1.8607440044822772,54.0882347996702,58.96808465485798,0.5006595397658048,0.1371034209926923,58.96808465485821,False
LSTM,ar_unbounded-kmeans_8,0.05,0.4,Dataset_5,2.5256467711859805,137.81789695070069,137.81789695070069,0.37123204329210785,0.1388963535428047,137.81789695070088,False
LSTM,ar_unbounded-no_cluster,0.05,0.4,Dataset_5,11.529919660545103,447.5068835068366,447.5068835068367,0.3681440179641006,0.1404325912396113,447.5068835068368,False
LSTM,no_ar-kmeans_8,0.05,0.4,Dataset_5,2.1711455629911423,111.54630737978292,111.75531866366909,0.5330253250453573,0.133308857679367,111.75531866366931,False
LSTM,no_ar-no_cluster,0.05,0.4,Dataset_5,2.4158746301377194,126.01689592059749,126.01689592059752,0.016057522010001643,0.1420873006184896,126.01689592059772,False
ParetoNBD,-,0.05,0.4,Dataset_5,1.6146559040024637,18.585048659747002,38.90782222113496,0.5874093364043086,,38.90782222113513,False
Transformer,ar_bounded-kmeans_8,0.05,0.4,Dataset_5,1.8867902747719631,63.75531885651697,67.421151150498,0.5346539603591832,0.1309681224326292,67.4211511504982,False
Transformer,ar_bounded-no_cluster,0.05,0.4,Dataset_5,1.8486012073754847,66.37046260348917,68.07259028096743,0.5212806001494092,0.1365343648940324,68.07259028096763,False
Transformer,ar_unbounded-kmeans_8,0.05,0.4,Dataset_5,2.1985240841088034,89.95244025214272,90.9148933323977,0.5268235147486071,0.1315118509034315,90.91489333239792,False
Transformer,ar_unbounded-no_cluster,0.05,0.4,Dataset_5,2.0757004367495218,108.62077553785653,109.55444263697616,0.5416398274801553,0.1358590299884478,109.5544426369764,False
Transformer,no_ar-kmeans_8,0.05,0.4,Dataset_5,2.098546162446725,98.78222755201894,99.42302856342536,0.5454497239854135,0.1285970273117224,99.42302856342552,False
Transformer,no_ar-no_cluster,0.05,0.4,Dataset_5,2.200761959320509,116.89486827908787,117.4680848153672,0.38833332564411804,0.1392143468062082,117.4680848153674,False
LSTM,ar_bounded-kmeans_8,0.05,0.4,Dataset_6,2.026157346160355,50.031431629381885,54.25261912446743,0.4239054108048706,0.13472932515045,54.25261912446759,False
LSTM,ar_bounded-no_cluster,0.05,0.4,Dataset_6,1.8767225347425427,48.29569216654967,50.25960377973677,0.5946461391606752,0.138298703978459,50.25960377973696,False
LSTM,ar_unbounded-kmeans_8,0.05,0.4,Dataset_6,5.448537353711009,143.88940572582504,144.64493542324138,0.37375242661180497,0.1382302101701498,144.64493542324158,False
LSTM,ar_unbounded-no_cluster,0.05,0.4,Dataset_6,9.790027214977481,359.8864957769383,359.8864957769384,0.3568770025177413,0.145157095665733,359.8864957769385,False
LSTM,no_ar-kmeans_8,0.05,0.4,Dataset_6,2.1450157631931352,89.34866084182683,89.37310790090137,0.4766157980942025,0.1370031703263521,89.37310790090157,False
LSTM,no_ar-no_cluster,0.05,0.4,Dataset_6,2.4672756477708835,116.0791617227289,116.07916172272893,0.04874343243029031,0.1455267077932755,116.07916172272913,False
ParetoNBD,-,0.05,0.4,Dataset_6,1.6512683844040286,6.291627086057144,35.9852390408264,0.627552989071927,,35.985239040826464,False
Transformer,ar_bounded-kmeans_8,0.05,0.4,Dataset_6,2.0259592807628053,20.080907659862973,44.210127987101956,0.5706550122274074,0.1321617911259333,44.210127987102005,False
Transformer,ar_bounded-no_cluster,0.05,0.4,Dataset_6,2.5078520763543266,145.00873104416516,145.00873104416522,0.5843899484866321,0.1376857385039329,145.00873104416536,False
Transformer,ar_unbounded-kmeans_8,0.05,0.4,Dataset_6,2.4070098473320556,122.2694993879952,122.26949938799524,0.5365935339931961,0.1341278670976559,122.2694993879954,False
Transformer,ar_unbounded-no_cluster,0.05,0.4,Dataset_6,2.69793142778543,148.49126867459887,148.49126867459884,0.5820072970429159,0.1374339312314987,148.49126867459907,False
Transformer,no_ar-kmeans_8,0.05,0.4,Dataset_6,2.0711904416960527,60.848078876733595,62.46856782711134,0.4927034941425026,0.1335146601001421,62.46856782711149,False
Transformer,no_ar-no_cluster,0.05,0.4,Dataset_6,2.041597746709344,52.072758608680694,55.13445832023901,0.3896682376174084,0.1434358848879734,55.1344583202392,False
LSTM,ar_bounded-kmeans_8,0.05,0.4,Dataset_7,1.948545142820522,38.295037423269356,46.85814433239844,0.4332019668159646,0.131926288207372,46.85814433239859,False
LSTM,ar_bounded-no_cluster,0.05,0.4,Dataset_7,1.938757865155738,48.14401254110107,51.58090577626575,0.5325885923771216,0.1356111286828915,51.58090577626595,False
LSTM,ar_unbounded-kmeans_8,0.05,0.4,Dataset_7,2.2050814300204844,6.778316618120926,34.45145628578806,0.3136767050821774,0.135288817808032,34.45145628578808,False
LSTM,ar_unbounded-no_cluster,0.05,0.4,Dataset_7,13.193428009623455,237.72923380162592,237.72923380162595,0.41636841436797944,0.1431535966694355,237.7292338016261,False
LSTM,no_ar-kmeans_8,0.05,0.4,Dataset_7,2.0340731866568444,68.53667725070471,71.16019396712142,0.505276523255827,0.1358307773868242,71.16019396712157,False
LSTM,no_ar-no_cluster,0.05,0.4,Dataset_7,1.916633147322498,66.85760482279674,67.62675261687562,0.4747912668286088,0.1399290915578603,67.62675261687579,False
ParetoNBD,-,0.05,0.4,Dataset_7,1.624350341357149,8.111082701164804,37.38136086359914,0.5926119418472336,,37.381360863599184,False
Transformer,ar_bounded-kmeans_8,0.05,0.4,Dataset_7,2.2481142327592627,89.46008612346508,90.63592217099048,0.5346079013144679,0.1307987893621126,90.63592217099064,False
Transformer,ar_bounded-no_cluster,0.05,0.4,Dataset_7,1.7283272599604467,43.67745364538923,49.32146670513777,0.5914028335182996,0.1363574856271346,49.32146670513795,False
Transformer,ar_unbounded-kmeans_8,0.05,0.4,Dataset_7,1.7313205097473252,-2.7060413979269122,31.405070042207488,0.5528954564538042,0.1294829963395992,31.405070042207495,False
Transformer,ar_unbounded-no_cluster,0.05,0.4,Dataset_7,2.0673071004105488,95.13484327235072,95.13484327235072,0.5388789773753732,0.1366772036999464,95.1348432723509,False
Transformer,no_ar-kmeans_8,0.05,0.4,Dataset_7,2.6649691751005458,146.55771298874492,146.5577129887449,0.4978403861971434,0.1308152017494042,146.55771298874512,False
Transformer,no_ar-no_cluster,0.05,0.4,Dataset_7,2.0338174052900597,77.14724891990838,77.14724891990839,0.5289762674641899,0.1405411586165428,77.14724891990858,False
LSTM,ar_bounded-kmeans_8,0.05,0.4,Dataset_8,2.3432699546781564,115.78983663332392,116.05081533045583,0.42185433921639487,0.1304904346664746,116.05081533045605,False
LSTM,ar_bounded-no_cluster,0.05,0.4,Dataset_8,1.8881213974666793,68.79297319000361,69.49937220410408,0.48961184761854004,0.1336567644029855,69.49937220410429,False
LSTM,ar_unbounded-kmeans_8,0.05,0.4,Dataset_8,12.408449963794402,417.1882056599595,417.1882056599596,0.4714705749822674,0.137831804032127,417.18820565995975,False
LSTM,ar_unbounded-no_cluster,0.05,0.4,Dataset_8,7.12356072864665,203.29109173772866,203.2910917377287,0.37590465857344035,0.1420799742142359,203.2910917377289,False
LSTM,no_ar-kmeans_8,0.05,0.4,Dataset_8,2.050762154330503,75.07214504814073,76.79987408879802,0.42437444615192205,0.133810726304849,76.79987408879822,False
LSTM,no_ar-no_cluster,0.05,0.4,Dataset_8,2.2954548709228844,102.23086551486152,102.64240882898123,-0.007479261080795929,0.1413393045465151,102.6424088289814,False
ParetoNBD,-,0.05,0.4,Dataset_8,1.6611405916264161,14.527891690627822,36.76365528288819,0.5552889302790202,,36.76365528288828,False
Transformer,ar_bounded-kmeans_8,0.05,0.4,Dataset_8,1.8317632034776234,22.298619467087114,33.83437870385829,0.4594703921052051,0.1300888396799564,33.83437870385843,False
Transformer,ar_bounded-no_cluster,0.05,0.4,Dataset_8,1.792305966774525,20.123587803473182,36.02070231902093,0.47235604185313634,0.1339903213083744,36.020702319021055,False
Transformer,ar_unbounded-kmeans_8,0.05,0.4,Dataset_8,2.127735745256677,99.38143008707567,99.38143008707567,0.5158696436484469,0.128537155687809,99.38143008707588,False
Transformer,ar_unbounded-no_cluster,0.05,0.4,Dataset_8,4.004718061876748,168.46674994484897,168.46674994484897,0.18134607081576823,0.1333645805716514,168.46674994484917,False
Transformer,no_ar-kmeans_8,0.05,0.4,Dataset_8,2.0738152549964743,74.24278513048115,75.1323711181962,0.5096365232957979,0.1304164367417494,75.13237111819639,False
Transformer,no_ar-no_cluster,0.05,0.4,Dataset_8,2.103309048144569,94.13738995404843,94.41969861244878,0.4475236234982083,0.1372796893119812,94.41969861244895,False
LSTM,ar_bounded-kmeans_8,0.05,0.4,Dataset_9,1.912938068065333,68.90340880638983,74.17159066260352,0.5724903011595476,0.1418736825386683,74.17159066260369,False
LSTM,ar_bounded-no_cluster,0.05,0.4,Dataset_9,1.8857398751153076,56.50852230282226,63.00624961869521,0.5705304152499593,0.1442521282782157,63.00624961869537,False
LSTM,ar_unbounded-kmeans_8,0.05,0.4,Dataset_9,26.967288840880762,726.5426138282583,726.5426138282584,0.5235003347915201,0.1442732512950897,726.5426138282584,False
LSTM,ar_unbounded-no_cluster,0.05,0.4,Dataset_9,18.87816056421837,464.81647719840754,464.8164771984076,0.40094579833640703,0.1493771274884542,464.8164771984077,False
LSTM,no_ar-kmeans_8,0.05,0.4,Dataset_9,2.1158465554999117,92.70681781673106,94.72613604231296,0.5124335014223984,0.1433432002862294,94.72613604231314,False
LSTM,no_ar-no_cluster,0.05,0.4,Dataset_9,2.2613528613352814,84.90852252156877,87.8517043560911,-0.024288002765500034,0.150833452741305,87.85170435609126,False
ParetoNBD,-,0.05,0.4,Dataset_9,1.5632196973893722,25.831799481346966,45.9866754521505,0.640710274856339,,45.98667545215064,False
Transformer,ar_bounded-kmeans_8,0.05,0.4,Dataset_9,2.158965476660328,64.34545444684426,68.63977260548947,0.5300353350846401,0.1383531540632248,68.6397726054896,False
Transformer,ar_bounded-no_cluster,0.05,0.4,Dataset_9,2.497729014345306,155.13465908811068,155.13465908811074,0.5761310767924523,0.1425961603720983,155.13465908811088,False
Transformer,ar_unbounded-kmeans_8,0.05,0.4,Dataset_9,2.0271469954014085,63.15113621425201,70.27613623681547,0.5107473734418253,0.1390304788947105,70.27613623681563,False
Transformer,ar_unbounded-no_cluster,0.05,0.4,Dataset_9,1.8176335720022718,55.319317761512046,59.46249959884529,0.5891096252222572,0.1441320975621541,59.462499598845504,False
Transformer,no_ar-kmeans_8,0.05,0.4,Dataset_9,2.1859673062175795,77.06761345129694,80.87670436393537,0.5070949861627077,0.1408638879656791,80.87670436393554,False
Transformer,no_ar-no_cluster,0.05,0.4,Dataset_9,2.3792958599063265,122.20909077335467,122.93977258875104,0.45196177374223334,0.145907857765754,122.9397725887512,False
LSTM,ar_bounded-kmeans_8,0.05,0.6,Dataset_1,1.8046718704123486,127.27435805428826,127.27435805428826,0.45883428655336256,0.1020133018493652,127.27435805428868,False
LSTM,ar_bounded-no_cluster,0.05,0.6,Dataset_1,1.4305467961926255,81.4153832674786,82.68974237239469,0.48256245719247975,0.1045195370912552,82.68974237239513,False
LSTM,ar_unbounded-kmeans_8,0.05,0.6,Dataset_1,5.20668122202645,160.91666604272794,160.91666604272794,0.2615799751528375,0.1067566707730293,160.9166660427283,False
LSTM,ar_unbounded-no_cluster,0.05,0.6,Dataset_1,14.71972526843495,620.3666660586035,620.3666660586035,0.3810163341375715,0.1121668567260106,620.3666660586038,False
LSTM,no_ar-kmeans_8,0.05,0.6,Dataset_1,2.161478809784569,223.46923002638835,223.46923002638843,0.3892218837308066,0.1042299315333366,223.4692300263888,False
LSTM,no_ar-no_cluster,0.05,0.6,Dataset_1,1.816785821699052,148.94871700841608,148.9487170084161,0.011447152099870206,0.1135085051258405,148.94871700841648,False
ParetoNBD,-,0.05,0.6,Dataset_1,1.2560145477894602,21.652814486280434,45.129071014101484,0.5401199449478815,,45.129071014101655,False
Transformer,ar_bounded-kmeans_8,0.05,0.6,Dataset_1,1.348355230286099,33.99871734878348,49.76538438373829,0.4734003813391567,0.0992844589054584,49.76538438373842,False
Transformer,ar_bounded-no_cluster,0.05,0.6,Dataset_1,1.3313362046746307,69.63076810089777,71.46922972053244,0.5215063753652022,0.1040465958416461,71.4692297205329,False
Transformer,ar_unbounded-kmeans_8,0.05,0.6,Dataset_1,1.3763563884472831,55.466665633929765,60.87948651339541,0.44547765010231205,0.0987698849290609,60.87948651339572,False
Transformer,ar_unbounded-no_cluster,0.05,0.6,Dataset_1,1.6159336814677558,113.8038454725379,113.80384547253796,0.5026143963991949,0.1051896780729293,113.80384547253831,False
Transformer,no_ar-kmeans_8,0.05,0.6,Dataset_1,2.254156675026816,249.89871752400586,249.89871752400586,0.4950419139999323,0.1007827192544937,249.8987175240062,False
Transformer,no_ar-no_cluster,0.05,0.6,Dataset_1,1.4539213154514037,45.73461434779976,57.444871152535946,0.2897654107725898,0.1090779580175876,57.44487115253623,False
LSTM,ar_bounded-kmeans_8,0.05,0.6,Dataset_10,1.9336520104261328,83.05476086058921,85.35714200365186,0.41950407887856606,0.097552715986967,85.35714200365224,False
LSTM,ar_bounded-no_cluster,0.05,0.6,Dataset_10,1.5672357613535437,81.68452265228852,82.8607132733751,0.519495318242071,0.097541069984436,82.86071327337552,False
LSTM,ar_unbounded-kmeans_8,0.05,0.6,Dataset_10,13.422755083851486,263.32261793847556,263.410713200324,0.33649820842051686,0.1033597357571125,263.4107132003243,False
LSTM,ar_unbounded-no_cluster,0.05,0.6,Dataset_10,9.576458958413147,379.73809492086883,379.73809492086866,0.2698840407583719,0.1075088992714881,379.738094920869,False
LSTM,no_ar-kmeans_8,0.05,0.6,Dataset_10,1.9438865251981026,173.92142763183898,173.921427631839,0.45231969040076714,0.1002519100904464,173.9214276318394,False
LSTM,no_ar-no_cluster,0.05,0.6,Dataset_10,2.049073521282474,161.4238088216541,161.4238088216541,0.04401987937737355,0.1082268893718719,161.4238088216544,False
ParetoNBD,-,0.05,0.6,Dataset_10,1.4800611889196817,18.993577680771697,46.66385156340549,0.5699481612068598,,46.66385156340567,False
Transformer,ar_bounded-kmeans_8,0.05,0.6,Dataset_10,2.5927420851687897,280.3690472072253,280.3690472072253,0.48783750765626,0.0933748736977577,280.36904720722566,False
Transformer,ar_bounded-no_cluster,0.05,0.6,Dataset_10,1.561629265605165,83.32976086486443,87.02023718395186,0.5344287770225751,0.0975508086383342,87.02023718395226,False
Transformer,ar_unbounded-kmeans_8,0.05,0.6,Dataset_10,1.9092590286949525,92.20952361533841,94.63809508763768,0.5140849242413233,0.0894993364810943,94.63809508763786,False
Transformer,ar_unbounded-no_cluster,0.05,0.6,Dataset_10,1.5615533695716202,37.82499909711338,53.02023759688268,0.5282266516855767,0.0976918250322342,53.02023759688295,False
Transformer,no_ar-kmeans_8,0.05,0.6,Dataset_10,1.832546923167781,94.36904711360522,97.62380907600274,0.4959427150372388,0.0938392058014869,97.62380907600304,False
Transformer,no_ar-no_cluster,0.05,0.6,Dataset_10,1.677456918776125,62.63452248315151,69.99880850558976,0.40044832262476027,0.1020104348659515,69.99880850559012,False
LSTM,ar_bounded-kmeans_8,0.05,0.6,Dataset_2,1.7672481144289576,112.63144249816567,114.22422605124979,0.30524505489432524,0.0997190311551094,114.22422605125024,False
LSTM,ar_bounded-no_cluster,0.05,0.6,Dataset_2,1.3789099391436621,67.31829764393409,72.29767935950578,0.5010683047378006,0.1020203910768032,72.29767935950616,False
LSTM,ar_unbounded-kmeans_8,0.05,0.6,Dataset_2,8.383562503757139,111.41365878307934,117.62242196295757,0.14050654871876359,0.1030257247388362,117.62242196295794,False
LSTM,ar_unbounded-no_cluster,0.05,0.6,Dataset_2,12.292226328563148,396.30412217205566,396.30412217205566,0.3888447712128892,0.1078754141926765,396.304122172056,False
LSTM,no_ar-kmeans_8,0.05,0.6,Dataset_2,1.8842397451839599,180.25128767878428,181.26675166386462,0.14548481748058656,0.1045054256916046,181.26675166386497,False
LSTM,no_ar-no_cluster,0.05,0.6,Dataset_2,1.889665488062782,170.97422599230774,172.07731884140873,-0.08042638811399279,0.109394346922636,172.07731884140907,False
ParetoNBD,-,0.05,0.6,Dataset_2,1.2423294378948715,11.079813497018003,42.45610931886104,0.5589843872165404,,42.45610931886119,False
Transformer,ar_bounded-kmeans_8,0.05,0.6,Dataset_2,2.071916459855353,169.13144318986969,169.1314431898696,0.38157983249331806,0.0987555176019668,169.1314431898699,False
Transformer,ar_bounded-no_cluster,0.05,0.6,Dataset_2,1.4441552626224883,59.536081068361305,65.03092683347619,0.495857365096503,0.1016917705535888,65.03092683347653,False
Transformer,ar_unbounded-kmeans_8,0.05,0.6,Dataset_2,1.7838993889766261,141.17783435245877,141.17783435245883,0.4455582866427214,0.0956245318055152,141.17783435245917,False
Transformer,ar_unbounded-no_cluster,0.05,0.6,Dataset_2,1.974138102002403,214.2139168151352,214.21391681513532,0.5150801668828158,0.1015095852315425,214.2139168151357,False
Transformer,no_ar-kmeans_8,0.05,0.6,Dataset_2,1.7730744948428718,127.27577252140631,127.27577252140637,0.4612696910085479,0.0979692429304122,127.27577252140672,False
Transformer,no_ar-no_cluster,0.05,0.6,Dataset_2,2.1614300861684557,245.59664917082407,245.59664917082407,0.23521026299535688,0.1067610122263431,245.5966491708244,False
LSTM,ar_bounded-kmeans_8,0.05,0.6,Dataset_3,1.7137390109710255,124.81830500351225,124.81830500351225,0.39808970521741677,0.0995067983865738,124.81830500351276,False
LSTM,ar_bounded-no_cluster,0.05,0.6,Dataset_3,1.4203158458028904,92.93169254599893,92.9316925459989,0.4985194971138935,0.0987723834812641,92.93169254599944,False
LSTM,ar_unbounded-kmeans_8,0.05,0.6,Dataset_3,1.7093285113963124,65.91666576508494,71.23907048794634,0.40725401951824336,0.1008984491229057,71.23907048794659,False
LSTM,ar_unbounded-no_cluster,0.05,0.6,Dataset_3,5.389917139794509,265.23907050602304,265.23907050602304,0.31947529063778013,0.1076697744429111,265.23907050602344,False
LSTM,no_ar-kmeans_8,0.05,0.6,Dataset_3,1.7996675592663762,147.15983527636146,147.1598352763615,0.39922314144806176,0.1001569345593452,147.15983527636186,False
LSTM,no_ar-no_cluster,0.05,0.6,Dataset_3,1.7331065212507748,145.13797696674698,145.13797696674698,0.03642360485873695,0.107895703613758,145.1379769667474,False
ParetoNBD,-,0.05,0.6,Dataset_3,1.3064774261393404,18.510773896876827,45.31987279829669,0.5254296766213129,,45.31987279829683,False
Transformer,ar_bounded-kmeans_8,0.05,0.6,Dataset_3,2.1215325306730013,234.66256746584554,234.66256746584557,0.4688432382798092,0.0954601846635341,234.662567465846,False
Transformer,ar_bounded-no_cluster,0.05,0.6,Dataset_3,1.5815466850307263,139.40300428883583,139.4030042888358,0.4672185725668093,0.0988434001803398,139.40300428883626,False
Transformer,ar_unbounded-kmeans_8,0.05,0.6,Dataset_3,1.6927943559577865,37.28961678695082,48.55464450796144,0.40399327263087254,0.0933804050087928,48.554644507961605,False
Transformer,ar_unbounded-no_cluster,0.05,0.6,Dataset_3,1.522496748385128,55.36748523737351,60.94398838544203,0.477329559075368,0.0994366094470024,60.94398838544234,False
Transformer,no_ar-kmeans_8,0.05,0.6,Dataset_3,2.1646063938922873,164.32376996858284,164.32376996858284,0.428114436033662,0.0982629085580508,164.3237699685832,False
Transformer,no_ar-no_cluster,0.05,0.6,Dataset_3,1.991317235874174,236.1762290522758,236.1762290522758,0.3276309977550362,0.1038040071725845,236.1762290522761,False
LSTM,ar_bounded-kmeans_8,0.05,0.6,Dataset_4,1.9826929111746021,98.51268464502462,98.6205070677268,0.3795363565954591,0.0988465316593647,98.62050706772705,False
LSTM,ar_bounded-no_cluster,0.05,0.6,Dataset_4,1.7058834700351717,64.73361429055414,64.73361429055409,0.5474957204488412,0.1005795888602733,64.73361429055448,False
LSTM,ar_unbounded-kmeans_8,0.05,0.6,Dataset_4,12.070327255436382,421.74312836425577,421.74312836425565,0.5132186049846016,0.1055316299200058,421.743128364256,False
LSTM,ar_unbounded-no_cluster,0.05,0.6,Dataset_4,10.123469259325452,261.6141643918591,261.6141643918591,0.2858095986073478,0.1079176664352417,261.6141643918594,False
LSTM,no_ar-kmeans_8,0.05,0.6,Dataset_4,2.281563192161266,141.4693436213228,141.46934362132285,0.40738223305436627,0.102700550854206,141.46934362132316,False
LSTM,no_ar-no_cluster,0.05,0.6,Dataset_4,2.0654245058840344,101.9968280170984,101.99682801709837,0.06747638827330578,0.1085788242518901,101.99682801709872,False
ParetoNBD,-,0.05,0.6,Dataset_4,1.4088755923715317,-1.3217600359434603,35.70031287819718,0.5782319007289758,,35.700312878197195,False
Transformer,ar_bounded-kmeans_8,0.05,0.6,Dataset_4,2.232330668679648,142.7093020949439,142.7093020949439,0.4793149905772778,0.0952028598636388,142.70930209494418,False
Transformer,ar_bounded-no_cluster,0.05,0.6,Dataset_4,1.490586174987205,5.367863604337778,33.505285174505055,0.5118769575658342,0.1000084049999713,33.505285174505154,False
Transformer,ar_unbounded-kmeans_8,0.05,0.6,Dataset_4,1.764119263766138,59.598308328310495,62.67864667981783,0.4307152560022927,0.0964634034782648,62.678646679818,False
Transformer,ar_unbounded-no_cluster,0.05,0.6,Dataset_4,1.865680642364784,79.45243064294407,84.70824481171181,0.3670160050666076,0.1004098862409591,84.70824481171199,False
Transformer,no_ar-kmeans_8,0.05,0.6,Dataset_4,1.950130684129199,86.93128909096565,86.9630015843071,0.49767376672438923,0.0982227284461259,86.96300158430734,False
Transformer,no_ar-no_cluster,0.05,0.6,Dataset_4,2.2991465610292265,181.7801266764908,181.7801266764908,0.3775229390151688,0.1034081168472766,181.78012667649108,False
LSTM,ar_bounded-kmeans_8,0.05,0.6,Dataset_5,1.86430835994184,94.91267880718921,94.98684152461662,0.42756646438648205,0.1037743814289569,94.98684152461696,False
LSTM,ar_bounded-no_cluster,0.05,0.6,Dataset_5,1.3071015434868296,53.47727160125423,57.67822878871915,0.536797062149766,0.1064939461648464,57.67822878871951,False
LSTM,ar_unbounded-kmeans_8,0.05,0.6,Dataset_5,1.726221112571002,88.74641065641698,96.73923382081028,0.4372015993441115,0.1095828309655189,96.73923382081055,False
LSTM,ar_unbounded-no_cluster,0.05,0.6,Dataset_5,11.020017721538634,359.3122006737085,359.31220067370845,0.37981847346982955,0.1157659987608591,359.3122006737088,False
LSTM,no_ar-kmeans_8,0.05,0.6,Dataset_5,2.02232089485296,153.18301329210928,153.1830132921093,0.4167399494665385,0.1046858549118042,153.1830132921097,False
LSTM,no_ar-no_cluster,0.05,0.6,Dataset_5,2.134504976264777,198.20693719387916,198.20693719387916,0.04171971161989888,0.1165884681046009,198.20693719387947,False
ParetoNBD,-,0.05,0.6,Dataset_5,1.288546535135872,8.61742786936049,36.21887317062561,0.5589870816715001,,36.21887317062573,False
Transformer,ar_bounded-kmeans_8,0.05,0.6,Dataset_5,1.8980833132904666,111.82416214932917,111.82416214932921,0.3732760557191642,0.1010739684104919,111.82416214932952,False
Transformer,ar_bounded-no_cluster,0.05,0.6,Dataset_5,1.41600923755161,24.971290635675345,39.44019073660518,0.5330240892800427,0.1071299642324447,39.44019073660543,False
Transformer,ar_unbounded-kmeans_8,0.05,0.6,Dataset_5,1.738937612731655,39.233253252108554,48.180621766828246,0.48359298653974747,0.1024718277156353,48.1806217668284,False
Transformer,ar_unbounded-no_cluster,0.05,0.6,Dataset_5,1.4558676966548139,72.48684115993021,73.92703262179978,0.5390283587425269,0.1070233799517154,73.92703262180018,False
Transformer,no_ar-kmeans_8,0.05,0.6,Dataset_5,1.8066902163481533,122.13157862825865,122.13157862825865,0.4775535105270517,0.1013595059514045,122.13157862825898,False
Transformer,no_ar-no_cluster,0.05,0.6,Dataset_5,1.6644290904236332,45.2033478158419,51.571769276455285,0.32911580006083746,0.1132884375751018,51.57176927645561,False
LSTM,ar_bounded-kmeans_8,0.05,0.6,Dataset_6,1.5736156934580319,129.04622764383234,133.01946375056735,0.4791216521077597,0.0942766591906547,133.01946375056775,False
LSTM,ar_bounded-no_cluster,0.05,0.6,Dataset_6,1.3549428170137192,63.982967033510455,69.70802811302946,0.5392625800665447,0.0980682562698017,69.70802811302988,False
LSTM,ar_unbounded-kmeans_8,0.05,0.6,Dataset_6,6.410286557272404,275.4793181385469,275.479318138547,0.43702132258869153,0.0958907604217529,275.47931813854734,False
LSTM,ar_unbounded-no_cluster,0.05,0.6,Dataset_6,10.437344963904803,531.0133816209819,531.0133816209819,0.35429029382371136,0.1011019721627235,531.0133816209824,False
LSTM,no_ar-kmeans_8,0.05,0.6,Dataset_6,1.8927980552850117,187.2311426911254,188.70559529539548,0.44055561704343854,0.0954329992334048,188.70559529539588,False
LSTM,no_ar-no_cluster,0.05,0.6,Dataset_6,1.7308939329532398,122.93065585050954,124.64111820905637,0.02656373132838596,0.1018166815241177,124.64111820905676,False
ParetoNBD,-,0.05,0.6,Dataset_6,1.1939752076480905,3.4223979158068194,40.631322794474166,0.5747933057910941,,40.63132279447418,False
Transformer,ar_bounded-kmeans_8,0.05,0.6,Dataset_6,1.8692465530856486,174.37104555798558,174.3710455579856,0.4848044704133775,0.0924903404983607,174.37104555798598,False
Transformer,ar_bounded-no_cluster,0.05,0.6,Dataset_6,1.2888351805572225,-12.451339094761769,35.025547444820404,0.5257794996302324,0.0924483363827069,35.025547444820404,False
Transformer,ar_unbounded-kmeans_8,0.05,0.6,Dataset_6,3.575277145707924,339.78345455769465,339.7834545576946,0.13057123777452057,0.0883416831493377,339.78345455769494,False
Transformer,ar_unbounded-no_cluster,0.05,0.6,Dataset_6,1.6775149031905958,165.33211593871889,165.3321159387189,0.5173103591614192,0.0941092446446418,165.3321159387193,False
Transformer,no_ar-kmeans_8,0.05,0.6,Dataset_6,1.4752765752422967,64.30048606066129,69.61435479884649,0.47415970852869893,0.0899008587002754,69.61435479884673,False
Transformer,no_ar-no_cluster,0.05,0.6,Dataset_6,2.069868683918294,228.07542544306924,228.07542544306924,0.40134906472756404,0.09866497417291,228.07542544306955,False
LSTM,ar_bounded-kmeans_8,0.05,0.6,Dataset_7,2.096165083548642,180.45535619627185,180.45535619627188,0.45670006626960924,0.093250024318695,180.45535619627228,False
LSTM,ar_bounded-no_cluster,0.05,0.6,Dataset_7,1.405640275250403,51.42984572959518,56.404335756918826,0.5116661168289902,0.095926958322525,56.40433575691922,False
LSTM,ar_unbounded-kmeans_8,0.05,0.6,Dataset_7,15.044405874825785,907.6760195012733,907.6760195012733,0.47828259799484296,0.1008525744080543,907.6760195012736,False
LSTM,ar_unbounded-no_cluster,0.05,0.6,Dataset_7,3.7617394525459837,243.1428564227734,243.1428564227734,0.40420650050645274,0.1033091073234876,243.14285642277372,False
LSTM,no_ar-kmeans_8,0.05,0.6,Dataset_7,1.9456631843843866,192.49744810430025,192.49744810430033,0.43837966862116085,0.0983999133110046,192.49744810430067,False
LSTM,no_ar-no_cluster,0.05,0.6,Dataset_7,2.0307288769536473,185.78954024658486,185.78954024658486,0.01366474715876818,0.1055726751685142,185.7895402465852,False
ParetoNBD,-,0.05,0.6,Dataset_7,1.2787045194160493,2.6408236807882317,41.3754473181482,0.5637519952651673,,41.3754473181482,False
Transformer,ar_bounded-kmeans_8,0.05,0.6,Dataset_7,2.248914158014093,184.2295913595931,184.2295913595931,0.4811717528795146,0.0910966942707697,184.22959135959343,False
Transformer,ar_bounded-no_cluster,0.05,0.6,Dataset_7,1.412569129796319,79.0255090905995,80.72448878130848,0.5162860119675877,0.095954093337059,80.72448878130895,False
Transformer,ar_unbounded-kmeans_8,0.05,0.6,Dataset_7,1.6866798264822536,69.27423434336741,72.46045894013244,0.45179694423260425,0.0922693692147731,72.46045894013261,False
Transformer,ar_unbounded-no_cluster,0.05,0.6,Dataset_7,1.695096589868366,147.17857061115484,147.1785706111549,0.5157950804493083,0.0975909568369388,147.1785706111553,False
Transformer,no_ar-kmeans_8,0.05,0.6,Dataset_7,2.3894242483872876,258.3124996521696,258.31249965216966,0.46401964046524236,0.0940722122788429,258.31249965217,False
Transformer,no_ar-no_cluster,0.05,0.6,Dataset_7,2.1323461719825145,231.7359690872797,231.7359690872797,0.371467755485285,0.101105985045433,231.73596908728004,False
LSTM,ar_bounded-kmeans_8,0.05,0.6,Dataset_8,1.5998517889621682,53.64648865211105,65.52300212733412,0.523370461970192,0.0888258464634418,65.5230021273343,False
LSTM,ar_bounded-no_cluster,0.05,0.6,Dataset_8,1.4368769954951324,-4.070218962326762,36.36561729031953,0.5057772839608634,0.0933795645833015,36.3656172903196,False
LSTM,ar_unbounded-kmeans_8,0.05,0.6,Dataset_8,2.5701413116809375,228.0302656124416,228.03026561244172,0.17239405040887165,0.0979444712400436,228.03026561244204,False
LSTM,ar_unbounded-no_cluster,0.05,0.6,Dataset_8,14.471356047502416,471.6525416036493,471.6525416036491,0.4195193706983052,0.1036161378026008,471.6525416036495,False
LSTM,no_ar-kmeans_8,0.05,0.6,Dataset_8,1.756958685594783,116.1113789816976,116.46246867407677,0.2415226422392963,0.0982020422816276,116.46246867407716,False
LSTM,no_ar-no_cluster,0.05,0.6,Dataset_8,1.911511539140666,139.91646405498824,140.38377652264936,0.06915000121095631,0.1041769795119762,140.3837765226497,False
ParetoNBD,-,0.05,0.6,Dataset_8,1.3469612242651356,-16.9663168705799,41.87850357125471,0.5751785269216323,,41.878503571254704,False
Transformer,ar_bounded-kmeans_8,0.05,0.6,Dataset_8,1.720828047350025,59.883776970532196,69.41404338727621,0.5344568117805366,0.0880419217050075,69.41404338727635,False
Transformer,ar_bounded-no_cluster,0.05,0.6,Dataset_8,1.7606314647963097,146.15254166082738,146.1525416608274,0.5325927401877565,0.0938332341611385,146.15254166082775,False
Transformer,ar_unbounded-kmeans_8,0.05,0.6,Dataset_8,1.5141611124772316,30.88256617417178,50.83414028076214,0.5064607190498467,0.0895783133804798,50.83414028076225,False
Transformer,ar_unbounded-no_cluster,0.05,0.6,Dataset_8,2.0714923962348606,186.30266298875904,186.30266298875904,0.3620593112221398,0.0938527673482894,186.30266298875932,False
Transformer,no_ar-kmeans_8,0.05,0.6,Dataset_8,1.4937495470643198,22.686440132549034,48.91404335795197,0.488691912569671,0.0880297608673572,48.914043357952096,False
Transformer,no_ar-no_cluster,0.05,0.6,Dataset_8,1.7764454184746217,140.1743333940064,140.1743333940064,0.482762792863423,0.0994558282196521,140.17433339400674,False
LSTM,ar_bounded-kmeans_8,0.05,0.6,Dataset_9,1.6637552717251234,74.99666620749535,77.01666623643678,0.448339636890577,0.1023246183991432,77.01666623643703,False
LSTM,ar_bounded-no_cluster,0.05,0.6,Dataset_9,1.330243950302648,45.713332285690186,51.05999921945201,0.5539276204530674,0.1037282772362232,51.05999921945234,False
LSTM,ar_unbounded-kmeans_8,0.05,0.6,Dataset_9,18.50557821182554,1045.225555413506,1045.225555413506,0.44295345086921073,0.1128727172811826,1045.225555413506,False
LSTM,ar_unbounded-no_cluster,0.05,0.6,Dataset_9,15.76381507032141,1088.8522223888172,1088.8522223888172,0.32577437824090405,0.1149228438735008,1088.8522223888172,False
LSTM,no_ar-kmeans_8,0.05,0.6,Dataset_9,2.224879438171062,203.43999915880423,203.43999915880428,0.47388464531763863,0.1075506314635276,203.43999915880465,False
LSTM,no_ar-no_cluster,0.05,0.6,Dataset_9,2.169825830156458,197.73555508794027,197.73555508794027,0.08673080421231295,0.1145173214375972,197.73555508794053,False
ParetoNBD,-,0.05,0.6,Dataset_9,1.3714008493109624,21.571695338459953,46.784553654812285,0.586851590841294,,46.78455365481244,False
Transformer,ar_bounded-kmeans_8,0.05,0.6,Dataset_9,2.0670748057676125,128.69333292812905,128.87555518725654,0.5359228652844531,0.1006972670555114,128.8755551872568,False
Transformer,ar_bounded-no_cluster,0.05,0.6,Dataset_9,1.401051662396969,68.79888787306805,74.2766658396767,0.5371607885565554,0.105071235448122,74.27666583967705,False
Transformer,ar_unbounded-kmeans_8,0.05,0.6,Dataset_9,1.9771865529867738,110.11888881731339,112.18999992476547,0.5301420901253401,0.0973061062395572,112.18999992476569,False
Transformer,ar_unbounded-no_cluster,0.05,0.6,Dataset_9,1.8619218772502162,142.8577770245154,142.85777702451546,0.5498739658066188,0.1059203937649726,142.8577770245158,False
Transformer,no_ar-kmeans_8,0.05,0.6,Dataset_9,1.914885531371003,118.57444443491575,119.71666666223751,0.5398639092955131,0.0959689930081367,119.71666666223771,False
Transformer,no_ar-no_cluster,0.05,0.6,Dataset_9,1.4491455493150343,20.963332451879573,44.94555551351766,0.5103915683768918,0.1082982517778873,44.945555513517725,False
LSTM,ar_bounded-kmeans_8,0.05,0.8,Dataset_1,1.7891989531464312,479.82733613148025,479.8273361314803,0.40123212378394996,0.061406604014337,479.8273361314812,False
LSTM,ar_bounded-no_cluster,0.05,0.8,Dataset_1,0.9848457078323998,77.28417021818622,90.2913651904821,0.40370797240677087,0.0597900836728513,90.29136519048282,False
LSTM,ar_unbounded-kmeans_8,0.05,0.8,Dataset_1,11.126130160092524,1038.8129492766022,1038.8129492766022,0.30589396448878237,0.0671292878687381,1038.812949276603,False
LSTM,ar_unbounded-no_cluster,0.05,0.8,Dataset_1,9.350866978255597,916.0395676203119,916.0395676203119,0.2342518552247455,0.0678935479372739,916.0395676203126,False
LSTM,no_ar-kmeans_8,0.05,0.8,Dataset_1,2.286523888597899,587.4028756973331,587.4028756973332,0.3486384633649362,0.0607782024890184,587.402875697334,False
LSTM,no_ar-no_cluster,0.05,0.8,Dataset_1,1.7546604264199777,462.64028588926215,462.64028588926215,-0.033794508514744116,0.0677679111249744,462.640285889263,False
ParetoNBD,-,0.05,0.8,Dataset_1,0.9081845540327164,27.986970777497532,65.36323671000483,0.4464526145333433,,65.36323671000513,False
Transformer,ar_bounded-kmeans_8,0.05,0.8,Dataset_1,1.092591218324625,110.99640103324953,118.50719267314749,0.4130527292772606,0.0591720934025943,118.50719267314824,False
Transformer,ar_bounded-no_cluster,0.05,0.8,Dataset_1,0.9805738925677393,33.66906271925738,70.23740910435822,0.4325489643176654,0.0596731700934469,70.23740910435859,False
Transformer,ar_unbounded-kmeans_8,0.05,0.8,Dataset_1,1.05386597458865,57.16906390454332,75.55035920679647,0.392655331594314,0.0570762171410024,75.55035920679677,False
Transformer,ar_unbounded-no_cluster,0.05,0.8,Dataset_1,1.0654132592503802,42.74100607743421,68.90647413557458,0.41704645452376343,0.0604846668429672,68.9064741355749,False
Transformer,no_ar-kmeans_8,0.05,0.8,Dataset_1,1.1845471762970587,174.04316351313398,174.04316351313395,0.3505737967088299,0.060694639571011,174.0431635131349,False
Transformer,no_ar-no_cluster,0.05,0.8,Dataset_1,1.1175424648885857,128.96402561969998,131.19424189836124,0.31746383630345276,0.0642405147664249,131.19424189836215,False
LSTM,ar_bounded-kmeans_8,0.05,0.8,Dataset_10,2.0204181787707967,339.74621051033347,339.7462105103336,0.32485959351550986,0.0631985710933804,339.7462105103345,False
LSTM,ar_bounded-no_cluster,0.05,0.8,Dataset_10,1.0119330592386617,19.238634447030023,59.632575315789964,0.31607507864275936,0.0661254725418984,59.63257531579019,False
LSTM,ar_unbounded-kmeans_8,0.05,0.8,Dataset_10,7.472948811078802,214.7840888895593,216.74621030476544,0.2677147809435703,0.0694209765642881,216.7462103047662,False
LSTM,ar_unbounded-no_cluster,0.05,0.8,Dataset_10,2.544543447373249,273.3143927007343,273.3143927007343,0.3487460396150326,0.0688265734352171,273.3143927007349,False
LSTM,no_ar-kmeans_8,0.05,0.8,Dataset_10,2.094811995203888,526.8901494197595,526.8901494197595,0.2614329272982601,0.0702131581492722,526.8901494197604,False
LSTM,no_ar-no_cluster,0.05,0.8,Dataset_10,1.621730281096619,406.01514921467094,406.015149214671,-0.020466054489994345,0.0744904088787734,406.0151492146719,False
ParetoNBD,-,0.05,0.8,Dataset_10,0.9404097984133302,34.01468400705034,63.16511841829442,0.3942880480800672,,63.165118418294696,False
Transformer,ar_bounded-kmeans_8,0.05,0.8,Dataset_10,1.15558947352977,72.15908990509645,87.71212070432436,0.2913922372214755,0.0608716504648327,87.71212070432463,False
Transformer,ar_bounded-no_cluster,0.05,0.8,Dataset_10,1.0727356404560362,83.0606030046251,91.07575541728974,0.3506667997177206,0.0668334402143955,91.07575541729052,False
Transformer,ar_unbounded-kmeans_8,0.05,0.8,Dataset_10,1.1122034358147648,95.75757486040115,109.56060539818137,0.33000908961247183,0.0618443572893738,109.5606053981817,False
Transformer,ar_unbounded-no_cluster,0.05,0.8,Dataset_10,1.0271412890181988,99.07575562582124,105.9393924541031,0.29681946658203917,0.0667799320071935,105.93939245410375,False
Transformer,no_ar-kmeans_8,0.05,0.8,Dataset_10,1.0351374592009213,35.61363459536452,64.46212052339379,0.3708906093286642,0.0612520356662571,64.46212052339406,False
Transformer,no_ar-no_cluster,0.05,0.8,Dataset_10,1.066237299101852,30.333331093953145,60.40909009999701,0.329085395938773,0.0689844363369047,60.40909009999736,False
LSTM,ar_bounded-kmeans_8,0.05,0.8,Dataset_2,2.330464879136117,638.8088216779142,638.8088216779142,0.3649821319928407,0.0677754636853933,638.8088216779151,False
LSTM,ar_bounded-no_cluster,0.05,0.8,Dataset_2,0.8714995452001532,32.31617444989121,62.367646189351326,0.3724907575118376,0.0677694296464324,62.36764618935173,False
LSTM,ar_unbounded-kmeans_8,0.05,0.8,Dataset_2,10.683395520511112,1097.941174864193,1097.941174864193,0.2916929622965649,0.0746089899912476,1097.9411748641935,False
LSTM,ar_unbounded-no_cluster,0.05,0.8,Dataset_2,14.133541976174863,2056.8382341072283,2056.8382341072293,0.13482805596460012,0.0765975750982761,2056.8382341072293,False
LSTM,no_ar-kmeans_8,0.05,0.8,Dataset_2,2.0032615297315024,552.3676448871427,552.3676448871428,0.3170585353418455,0.0712773352861404,552.3676448871437,False
LSTM,no_ar-no_cluster,0.05,0.8,Dataset_2,1.9833973339876312,608.9999984381437,608.9999984381438,0.04119326788687851,0.0772626930847764,608.9999984381446,False
ParetoNBD,-,0.05,0.8,Dataset_2,0.8655984915245076,34.80294988689408,64.39019330995052,0.42991014519090553,,64.39019330995086,False
Transformer,ar_bounded-kmeans_8,0.05,0.8,Dataset_2,1.1613723006289762,202.66911660677079,202.66911660677084,0.40262120265158974,0.0652920319698751,202.6691166067715,False
Transformer,ar_bounded-no_cluster,0.05,0.8,Dataset_2,0.9165323014277134,-7.683825305225636,49.47794116348683,0.39505765685616084,0.0687268581241369,49.47794116348685,False
Transformer,ar_unbounded-kmeans_8,0.05,0.8,Dataset_2,0.9100909695336288,22.518381204537725,59.97426429256671,0.37935135864860803,0.0642796740867197,59.97426429256687,False
Transformer,ar_unbounded-no_cluster,0.05,0.8,Dataset_2,0.9215877095810208,1.3272045481505088,56.400735277737326,0.24561492282797565,0.0692481189034879,56.400735277737326,False
Transformer,no_ar-kmeans_8,0.05,0.8,Dataset_2,1.5827948978671442,257.2279402219189,257.227940221919,0.3787777556430896,0.0679708407260477,257.2279402219197,False
Transformer,no_ar-no_cluster,0.05,0.8,Dataset_2,0.9491801542486539,81.09190918655744,92.37132173045194,0.29975710782001985,0.0729490499943494,92.37132173045264,False
LSTM,ar_bounded-kmeans_8,0.05,0.8,Dataset_3,1.8097857815620642,407.1827561511038,407.18275615110383,0.3342535000353485,0.0561400931328535,407.1827561511048,False
LSTM,ar_bounded-no_cluster,0.05,0.8,Dataset_3,1.0565062510005443,-34.43103542551454,55.824138208067815,0.38877309532366666,0.0543063119985163,55.82413820806762,False
LSTM,ar_unbounded-kmeans_8,0.05,0.8,Dataset_3,16.20940959182624,1418.0000012252344,1418.0000012252344,0.32357585820084567,0.0599236581474542,1418.000001225235,False
LSTM,ar_unbounded-no_cluster,0.05,0.8,Dataset_3,18.8550579683558,1664.7931018786435,1664.7931018786435,0.30345516456007865,0.0616527255624532,1664.7931018786442,False
LSTM,no_ar-kmeans_8,0.05,0.8,Dataset_3,1.9017509810598212,517.0448261640701,517.0448261640701,0.30112277200946147,0.0588557221926748,517.0448261640709,False
LSTM,no_ar-no_cluster,0.05,0.8,Dataset_3,2.0175532687787907,526.8344814266102,526.8344814266102,0.005176609602331072,0.0626389347016811,526.834481426611,False
ParetoNBD,-,0.05,0.8,Dataset_3,0.9246704572511706,-18.018478154272774,57.607476739609,0.409273040703177,,57.60747673960887,False
Transformer,ar_bounded-kmeans_8,0.05,0.8,Dataset_3,1.1495670121008417,11.237929889867496,49.9206893338724,0.3055894348932528,0.050958146341145,49.92068933387255,False
Transformer,ar_bounded-no_cluster,0.05,0.8,Dataset_3,1.1492591120072932,181.09310050270062,181.09310050270057,0.4123536090189865,0.0557176466099917,181.09310050270167,False
Transformer,ar_unbounded-kmeans_8,0.05,0.8,Dataset_3,1.0983449313355362,49.28620592787297,72.15517189482135,0.3455596344639069,0.050353929400444,72.15517189482162,False
Transformer,ar_unbounded-no_cluster,0.05,0.8,Dataset_3,1.2941716648957242,143.12068810943316,150.41034344647917,-0.1073394274250878,0.0562929227016866,150.4103434464798,False
Transformer,no_ar-kmeans_8,0.05,0.8,Dataset_3,1.0841266099595486,81.93448124517585,93.48620583399568,0.37843655315731894,0.0523616489954292,93.48620583399617,False
Transformer,no_ar-no_cluster,0.05,0.8,Dataset_3,1.2227837270093378,134.93447966873535,137.62413505079314,0.32488319880271277,0.0601394642144441,137.62413505079417,False
LSTM,ar_bounded-kmeans_8,0.05,0.8,Dataset_4,1.312320584288865,167.90704946093268,175.1698703355841,0.3872167257812233,0.059458321891725,175.16987033558485,False
LSTM,ar_bounded-no_cluster,0.05,0.8,Dataset_4,0.9689730208333759,21.435895587842133,59.42948648097105,0.3995306516463994,0.058893525507301,59.42948648097137,False
LSTM,ar_unbounded-kmeans_8,0.05,0.8,Dataset_4,15.350210579493366,1625.0448704362866,1625.0448704362866,0.2051816360550021,0.0650408547371625,1625.044870436287,False
LSTM,ar_unbounded-no_cluster,0.05,0.8,Dataset_4,1.6632764123255568,124.36217852354667,130.10576852322637,0.40596555421262537,0.062401199247688,130.10576852322674,False
LSTM,no_ar-kmeans_8,0.05,0.8,Dataset_4,1.884840455488135,431.58974164905743,431.58974164905754,0.40004520769798035,0.0611909171566367,431.5897416490584,False
LSTM,no_ar-no_cluster,0.05,0.8,Dataset_4,2.0934384650088935,554.2916654913606,554.2916654913607,-0.0505385996056285,0.0684322412125766,554.2916654913614,False
ParetoNBD,-,0.05,0.8,Dataset_4,0.8656128830822563,8.377025003557984,52.26453020222125,0.4479163143012469,,52.264530202221344,False
Transformer,ar_bounded-kmeans_8,0.05,0.8,Dataset_4,1.1726378403880144,134.57371637057912,143.2788447787357,0.4199313564342632,0.0561632886528968,143.27884477873644,False
Transformer,ar_bounded-no_cluster,0.05,0.8,Dataset_4,1.0715216373059993,-19.788463054918118,50.35897439333779,0.44024626154440866,0.0593327768146991,50.358974393337775,False
Transformer,ar_unbounded-kmeans_8,0.05,0.8,Dataset_4,1.0360174538034812,16.878203358739196,55.03205076361479,0.41910731153971514,0.0554823232814669,55.03205076361505,False
Transformer,ar_unbounded-no_cluster,0.05,0.8,Dataset_4,0.9423960791635811,36.75961423462245,62.548076543503065,0.4201297502956077,0.0600288175046443,62.54807654350327,False
Transformer,no_ar-kmeans_8,0.05,0.8,Dataset_4,1.7981794831548294,321.9262810029942,321.9262810029942,0.4230340508421171,0.0565100433304905,321.9262810029949,False
Transformer,no_ar-no_cluster,0.05,0.8,Dataset_4,1.205672148333032,184.7339713026592,184.73397130265914,0.39199490101264345,0.065702645573765,184.73397130266025,False
LSTM,ar_bounded-kmeans_8,0.05,0.8,Dataset_5,1.1403060407098724,144.31428442642553,148.335713118181,0.35500744682031554,0.0535735855810344,148.3357131181817,False
LSTM,ar_bounded-no_cluster,0.05,0.8,Dataset_5,1.0462652114764557,6.9357123811320776,44.57142810470272,0.37664964640470927,0.0521066456567496,44.57142810470292,False
LSTM,ar_unbounded-kmeans_8,0.05,0.8,Dataset_5,1.0429014861105839,-29.935714887854626,61.64285731701453,0.3908126383850345,0.0518810267094522,61.64285731701447,False
LSTM,ar_unbounded-no_cluster,0.05,0.8,Dataset_5,2.2658945211844497,171.02142778956954,173.07142792469125,0.39332655318542503,0.0546022686176002,173.07142792469156,False
LSTM,no_ar-kmeans_8,0.05,0.8,Dataset_5,2.0114737414996293,576.4892841569538,576.4892841569539,0.4089633322043147,0.0567071144469082,576.4892841569547,False
LSTM,no_ar-no_cluster,0.05,0.8,Dataset_5,1.7344241591891503,456.36428347323,456.36428347323005,0.007762775981436346,0.0617186389863491,456.3642834732309,False
ParetoNBD,-,0.05,0.8,Dataset_5,0.90762448814779,-0.7373421372266924,46.60315838711383,0.4216011491479635,,46.60315838711384,False
Transformer,ar_bounded-kmeans_8,0.05,0.8,Dataset_5,1.1025665483580211,-28.217858247060303,50.12500023269771,0.35838084149581273,0.0500153622124344,50.1250002326976,False
Transformer,ar_bounded-no_cluster,0.05,0.8,Dataset_5,1.0826445494157235,-13.453573084969364,48.62499997219336,0.3451842039089258,0.0522238542325794,48.62499997219337,False
Transformer,ar_unbounded-kmeans_8,0.05,0.8,Dataset_5,1.049440230995247,-42.50357225869953,54.43214323172097,0.33418433034066136,0.0487721227109432,54.4321432317208,False
Transformer,ar_unbounded-no_cluster,0.05,0.8,Dataset_5,1.1699758581204358,62.28571312102831,100.12857103454193,-0.12757960863919135,0.0531864929944276,100.12857103454216,False
Transformer,no_ar-kmeans_8,0.05,0.8,Dataset_5,1.0609283515469035,-29.271429811072736,50.67857183715615,0.35932822749190824,0.0519339758902788,50.67857183715595,False
Transformer,no_ar-no_cluster,0.05,0.8,Dataset_5,1.1674851809591116,142.59642644585682,143.98214080969578,0.30969836431863534,0.0596931953914463,143.9821408096967,False
LSTM,ar_bounded-kmeans_8,0.05,0.8,Dataset_6,1.117351044326334,49.37671115706917,65.6826477604128,0.3947560812167574,0.0707910023629665,65.68264776041315,False
LSTM,ar_bounded-no_cluster,0.05,0.8,Dataset_6,1.0545580895397344,-5.052512369999453,43.19406385027448,0.5144602700572376,0.0713849663734436,43.1940638502745,False
LSTM,ar_unbounded-kmeans_8,0.05,0.8,Dataset_6,13.184244002552148,281.56849300982105,303.1575343137835,0.4838736483279724,0.073019066825509,303.1575343137837,False
LSTM,ar_unbounded-no_cluster,0.05,0.8,Dataset_6,24.055530971841996,2359.406392677734,2359.406392677734,0.32153462866117466,0.0812373156659305,2359.406392677734,False
LSTM,no_ar-kmeans_8,0.05,0.8,Dataset_6,1.8461794846435688,246.5182634040741,246.5182634040741,0.4155404674888618,0.0766473920084536,246.51826340407476,False
LSTM,no_ar-no_cluster,0.05,0.8,Dataset_6,2.3164335336355877,426.2579904184522,426.25799041845227,-0.012629741829796167,0.0824019182473421,426.2579904184528,False
ParetoNBD,-,0.05,0.8,Dataset_6,0.9770605963878668,8.4129220919289,45.60496540730806,0.5528991840755053,,45.60496540730816,False
Transformer,ar_bounded-kmeans_8,0.05,0.8,Dataset_6,1.1148524098870658,-19.031964569910155,46.19178098528632,0.4756905753764925,0.0679042753763496,46.19178098528624,False
Transformer,ar_bounded-no_cluster,0.05,0.8,Dataset_6,1.030684217536651,37.767121712059904,57.55251062668181,0.5135919848746459,0.0712170870974659,57.552510626682135,False
Transformer,ar_unbounded-kmeans_8,0.05,0.8,Dataset_6,2.285870437580814,318.92922363928636,318.92922363928636,0.4392118065780476,0.0684922514483332,318.9292236392867,False
Transformer,ar_unbounded-no_cluster,0.05,0.8,Dataset_6,1.0685969459690643,41.952053482588376,55.96575260494021,0.5276469618968579,0.0717089404352009,55.965752604940576,False
Transformer,no_ar-kmeans_8,0.05,0.8,Dataset_6,1.1228385130021585,-1.013699654047912,46.319634569000776,0.4589668841287826,0.0689158919267356,46.31963456900085,False
Transformer,no_ar-no_cluster,0.05,0.8,Dataset_6,1.1936989975291594,42.1986284984703,59.267122437113976,0.39558388053252347,0.0768143227323889,59.26712243711431,False
LSTM,ar_bounded-kmeans_8,0.05,0.8,Dataset_7,1.4202337481325684,205.59054935336258,205.59054935336252,0.3297738374669077,0.051546277012676,205.59054935336349,False
LSTM,ar_bounded-no_cluster,0.05,0.8,Dataset_7,0.9272978798300593,2.039368326708835,56.52755871488453,0.3515556971959235,0.0512064518406987,56.52755871488471,False
LSTM,ar_unbounded-kmeans_8,0.05,0.8,Dataset_7,13.909709881323302,1294.2401569219314,1294.2401569219314,0.23317327489682196,0.0576195949688553,1294.240156921932,False
LSTM,ar_unbounded-no_cluster,0.05,0.8,Dataset_7,20.473157564984202,1644.653537617189,1644.653537617189,0.20651902829863394,0.0587742845527827,1644.6535376171896,False
LSTM,no_ar-kmeans_8,0.05,0.8,Dataset_7,2.2124235909206273,607.8936988847158,607.893698884716,0.221709655280922,0.0553945014253258,607.8936988847169,False
LSTM,no_ar-no_cluster,0.05,0.8,Dataset_7,1.9874458318998443,617.1653528514449,617.1653528514448,-0.031244998816686523,0.058540232013911,617.1653528514457,False
ParetoNBD,-,0.05,0.8,Dataset_7,0.7988738882072693,-19.69801758540028,58.10090617725435,0.3975548812946543,,58.10090617725431,False
Transformer,ar_bounded-kmeans_8,0.05,0.8,Dataset_7,0.9777577605577406,-11.157481741952793,54.81889756968404,0.3194878935539422,0.0487454254180192,54.81889756968406,False
Transformer,ar_bounded-no_cluster,0.05,0.8,Dataset_7,1.0239668329216864,133.59054784972363,136.4173199900775,0.33572121125249005,0.0510973199270665,136.41731999007854,False
Transformer,ar_unbounded-kmeans_8,0.05,0.8,Dataset_7,0.9235301986584049,-4.807087578114596,50.83070853358407,0.3443010944536374,0.0474511128850281,50.830708533584136,False
Transformer,ar_unbounded-no_cluster,0.05,0.8,Dataset_7,0.9754990993940587,-34.11023754582586,59.992126427503095,0.31487736391715077,0.0520820254459977,59.992126427502846,False
Transformer,no_ar-kmeans_8,0.05,0.8,Dataset_7,1.4426272679935175,346.0984241070703,346.0984241070703,0.3307755557372668,0.0492021073587238,346.09842410707097,False
Transformer,no_ar-no_cluster,0.05,0.8,Dataset_7,1.0675878159913172,107.6299180357346,112.36220213225177,0.1470302827926495,0.0575925814919173,112.36220213225272,False
LSTM,ar_bounded-kmeans_8,0.05,0.8,Dataset_8,1.3795237788020227,205.56028193946022,205.56028193946028,0.41085316475965517,0.065348339267075,205.56028193946108,False
LSTM,ar_bounded-no_cluster,0.05,0.8,Dataset_8,0.8976414042131927,50.73404000503904,75.62056605882412,0.41573866130536,0.0671742856502533,75.62056605882466,False
LSTM,ar_unbounded-kmeans_8,0.05,0.8,Dataset_8,5.118561786237336,1153.9680827739278,1153.968082773928,0.38539256233131614,0.0705670919269323,1153.9680827739285,False
LSTM,ar_unbounded-no_cluster,0.05,0.8,Dataset_8,12.811652929697136,2298.957445804716,2298.957445804717,0.1429221031803065,0.0747582968324422,2298.957445804717,False
LSTM,no_ar-kmeans_8,0.05,0.8,Dataset_8,1.7797883582425804,467.95744410061985,467.95744410061997,0.375677972751713,0.0684472997672855,467.9574441006209,False
LSTM,no_ar-no_cluster,0.05,0.8,Dataset_8,1.5387068550897962,409.0602814781319,409.0602814781319,-0.024653727919985588,0.0753216557204723,409.0602814781328,False
ParetoNBD,-,0.05,0.8,Dataset_8,0.8804340335237881,48.240642713736314,75.6986954071548,0.45729158016335947,,75.69869540715521,False
Transformer,ar_bounded-kmeans_8,0.05,0.8,Dataset_8,1.142324818698555,142.45035363136608,142.45035363136606,0.4169203679938398,0.0622381172142922,142.45035363136665,False
Transformer,ar_bounded-no_cluster,0.05,0.8,Dataset_8,0.9108403359378777,103.7304938070677,106.59574239534494,0.4189133688715513,0.0671559795737266,106.59574239534584,False
Transformer,ar_unbounded-kmeans_8,0.05,0.8,Dataset_8,0.8655858316564167,13.652480957064714,59.35460962553275,0.4365246607698348,0.0608182232826948,59.35460962553291,False
Transformer,ar_unbounded-no_cluster,0.05,0.8,Dataset_8,1.489738327832619,255.0141831608944,262.25531822242164,-0.1536629540777111,0.0675779646262526,262.25531822242215,False
Transformer,no_ar-kmeans_8,0.05,0.8,Dataset_8,0.9394935080162896,35.042551887742874,70.52482212794564,0.3763445103256066,0.0613738130778074,70.52482212794588,False
Transformer,no_ar-no_cluster,0.05,0.8,Dataset_8,1.2362380729845346,255.92552987752873,255.92552987752885,0.3303905985904389,0.0706466720439493,255.9255298775297,False
LSTM,ar_bounded-kmeans_8,0.05,0.8,Dataset_9,1.482205121680752,228.47142626996975,231.0999977794865,0.2906238949209481,0.058319064322859,231.0999977794875,False
LSTM,ar_bounded-no_cluster,0.05,0.8,Dataset_9,0.9026672601034779,17.70356980351918,56.524999585401616,0.4395366165170795,0.0579584976658225,56.5249995854018,False
LSTM,ar_unbounded-kmeans_8,0.05,0.8,Dataset_9,20.336024753328335,984.9464282579714,984.9464282579714,0.2796020548920553,0.0626514074392616,984.946428257972,False
LSTM,ar_unbounded-no_cluster,0.05,0.8,Dataset_9,15.257107317754226,1631.0642832743797,1631.0642832743797,0.12794187884387373,0.0658551827073097,1631.0642832743802,False
LSTM,no_ar-kmeans_8,0.05,0.8,Dataset_9,1.8914235697484556,548.6999982362604,548.6999982362605,0.36083988136373607,0.0608284883201122,548.6999982362613,False
LSTM,no_ar-no_cluster,0.05,0.8,Dataset_9,1.7841420732833013,504.171426803804,504.1714268038041,0.05999474862050244,0.0665356814861297,504.1714268038049,False
ParetoNBD,-,0.05,0.8,Dataset_9,0.8454260292685923,6.444579133049372,53.15521441492538,0.43163456046153825,,53.155214414925474,False
Transformer,ar_bounded-kmeans_8,0.05,0.8,Dataset_9,0.999461099977349,0.12142744048312741,47.37142863151218,0.33738561385271,0.0541293160058558,47.37142863151218,False
Transformer,ar_bounded-no_cluster,0.05,0.8,Dataset_9,1.1322359388222591,228.02856824294156,228.02856824294142,0.403540187148133,0.05848576920107,228.02856824294264,False
Transformer,ar_unbounded-kmeans_8,0.05,0.8,Dataset_9,1.2017795539611273,102.67142784582144,113.48571377872857,0.38228745520118923,0.053299659397453,113.48571377872888,False
Transformer,ar_unbounded-no_cluster,0.05,0.8,Dataset_9,0.9857129495454602,51.55714156239102,77.49999924828934,0.11584202032923689,0.0581772425211966,77.49999924828964,False
Transformer,no_ar-kmeans_8,0.05,0.8,Dataset_9,1.6128696572288599,389.3464259344276,389.3464259344276,0.129814072440405,0.0571700390428304,389.3464259344286,False
Transformer,no_ar-no_cluster,0.05,0.8,Dataset_9,1.0458204254867147,-5.178573236003307,43.792857211748434,0.3114226277239027,0.0616738926619291,43.792857211748405,False
