group,panel,cal,label,source,study,rmse,rmse_customer_total,bias_percent,mape_aggregate,spearman
N,cdnow,2y,ValendinLSTM,real_panel_benchmarks__ValendinLSTM__cdnow__r00,1,0.14959723670219763,1.882228906403775,22.736253863013598,35.376253534884825,0.44528895610957436
N,cdnow,2y,ValendinLSTM,real_panel_benchmarks__ValendinLSTM__cdnow__r01,1,0.14669392875624912,1.7567213269149886,-29.225118128044876,35.09192572509767,0.3899111579499872
N,cdnow,2y,ValendinLSTM,real_panel_benchmarks__ValendinLSTM__cdnow__r02,1,0.14686620698368155,1.6918655423451265,21.06691352477509,39.76770466532658,0.4249045559342164
N,cdnow,2y,ValendinLSTM,real_panel_benchmarks__ValendinLSTM__cdnow__r03,1,0.14628079813194325,1.67885676999847,-20.344168226883514,27.54184675229704,0.38977424306293584
N,cdnow,2y,ValendinLSTM,real_panel_benchmarks__ValendinLSTM__cdnow__r04,1,0.14697974654415524,1.801732846372431,-45.140579858473046,45.86416831344507,0.4149501395233029
N,cdnow,2y,ValendinLSTM,real_panel_benchmarks__ValendinLSTM__cdnow__r05,1,0.14733999599129863,1.8606198051434504,-37.29561943954027,40.09160898989549,0.3938294399354709
N,cdnow,2y,ValendinLSTM,real_panel_benchmarks__ValendinLSTM__cdnow__r06,1,0.1462474549877776,1.6887078748074786,-8.36780945033267,26.580580376349115,0.40558466932939435
N,cdnow,2y,ValendinLSTM,real_panel_benchmarks__ValendinLSTM__cdnow__r07,1,0.1459926727914641,1.6671867840877272,-7.170025832376249,23.556728129543025,0.3935759967393968
N,cdnow,2y,ValendinLSTM,real_panel_benchmarks__ValendinLSTM__cdnow__r08,1,0.14660021958339844,1.7088521372330352,-15.900052207151232,29.191028782876792,0.36088409480001254
N,cdnow,2y,ValendinLSTM,real_panel_benchmarks__ValendinLSTM__cdnow__r09,1,0.1465840896303732,1.6900657753208188,-23.037888557579056,35.948917926301505,0.44135471894811246
N,cdnow,2y,ValendinLSTM,real_panel_benchmarks__ValendinLSTM__cdnow__r10,1,0.1475288826232245,1.8831200829933534,-46.80886484415958,48.715988896249165,0.3707149402544308
N,cdnow,2y,ValendinLSTM,real_panel_benchmarks__ValendinLSTM__cdnow__r11,1,0.14663224843418798,1.7515833937647265,-38.31725534890845,41.48707083914202,0.42292815513518855
N,cdnow,2y,ValendinLSTM,real_panel_benchmarks__ValendinLSTM__cdnow__r12,1,0.14640187602648017,1.7465909313473786,-40.12949806678625,40.98649019138329,0.4306777155110326
N,cdnow,2y,ValendinLSTM,real_panel_benchmarks__ValendinLSTM__cdnow__r13,1,0.147198369350042,1.831181679514189,-53.350289651551634,54.39324484539715,0.3910776822321912
N,cdnow,2y,ValendinLSTM,real_panel_benchmarks__ValendinLSTM__cdnow__r14,1,0.14690204263133408,1.7999156628478872,-29.43134504616142,32.63113408433019,0.37036293820788924
N,cdnow,2y,ValendinLSTM,real_panel_benchmarks__ValendinLSTM__cdnow__r15,1,0.14688693251439547,1.7713047068436354,-28.46606802033147,34.53804705953017,0.4119459441020375
N,cdnow,2y,ValendinLSTM,real_panel_benchmarks__ValendinLSTM__cdnow__r16,1,0.14629132981988663,1.6929526596810562,-28.04485428627441,33.903851841728866,0.41869261755575743
N,cdnow,2y,ValendinLSTM,real_panel_benchmarks__ValendinLSTM__cdnow__r17,1,0.1460032975317959,1.6804903021516884,-10.69751920052,22.86448521616982,0.38464467471371333
N,cdnow,2y,ValendinLSTM,real_panel_benchmarks__ValendinLSTM__cdnow__r18,1,0.14665250645328964,1.7109625841044331,-19.942901806284347,34.43577817905364,0.386519839486108
N,cdnow,2y,ValendinLSTM,real_panel_benchmarks__ValendinLSTM__cdnow__r19,1,0.14643611934042483,1.7395055569247775,-36.66047433343313,41.069551078826386,0.4244688038475775
O,cdnow,2y,LSTM + bounded32,real_panel_lstm_bounded32__LSTM__cdnow__r000,1,0.14647644096274406,1.7490115073235182,-40.737413626992485,41.14670125292115,0.39715064867026
O,cdnow,2y,LSTM + bounded32,real_panel_lstm_bounded32__LSTM__cdnow__r001,1,0.14770875427813954,1.848199339852994,13.92084485729572,24.825963203470828,0.02686911264570365
O,cdnow,2y,LSTM + bounded32,real_panel_lstm_bounded32__LSTM__cdnow__r002,1,0.14955623156152117,1.9214010631203677,76.82416948948115,82.78511916848727,0.17249023379723663
O,cdnow,2y,LSTM + bounded32,real_panel_lstm_bounded32__LSTM__cdnow__r003,1,0.1514262211942554,1.9207633765730667,54.599261893313134,77.66796850788562,0.021149977398652053
O,cdnow,2y,LSTM + bounded32,real_panel_lstm_bounded32__LSTM__cdnow__r004,1,0.14922947046618193,1.9103552187477502,60.153773792498214,71.70817977290514,-0.06660092349004182
O,cdnow,2y,LSTM + bounded32,real_panel_lstm_bounded32__LSTM__cdnow__r005,1,0.14774060528050964,1.8292155114312967,53.49709808433257,60.17593692209176,0.06888218324903655
O,cdnow,2y,LSTM + bounded32,real_panel_lstm_bounded32__LSTM__cdnow__r006,1,0.14710156669111113,1.8053771394066465,13.277362052653293,25.009076799988403,0.1439177867049893
O,cdnow,2y,LSTM + bounded32,real_panel_lstm_bounded32__LSTM__cdnow__r007,1,0.14892420142193613,1.8202096589147763,50.646755250777595,67.36084460795637,0.14134159197818116
O,cdnow,2y,LSTM + bounded32,real_panel_lstm_bounded32__LSTM__cdnow__r008,1,0.14662774457562555,1.7700104323948167,-23.25055348802387,25.64105502619743,0.3355618385720864
O,cdnow,2y,LSTM + bounded32,real_panel_lstm_bounded32__LSTM__cdnow__r009,1,0.15086627917983095,1.9474141582232452,55.33657059239298,81.71440644878989,-0.10680012991429733
O,cdnow,2y,LSTM + bounded32,real_panel_lstm_bounded32__LSTM__cdnow__r010,1,0.14754011400106148,1.8727301078484158,-36.81720258940846,37.19757200651244,0.24723982790056595
O,cdnow,2y,LSTM + bounded32,real_panel_lstm_bounded32__LSTM__cdnow__r011,1,0.151470042277817,1.995029035336858,77.22416951864113,85.6349344697527,0.006908644049591013
O,cdnow,2y,LSTM + bounded32,real_panel_lstm_bounded32__LSTM__cdnow__r012,1,0.15432623174091203,2.076522654408572,92.52474999839131,106.38058086363272,-0.0427560128344044
O,cdnow,2y,LSTM + bounded32,real_panel_lstm_bounded32__LSTM__cdnow__r013,1,0.15266554158305606,2.088741437179892,94.56073948328357,108.13836454068569,-0.04682057043299204
O,cdnow,2y,LSTM + bounded32,real_panel_lstm_bounded32__LSTM__cdnow__r014,1,0.1469974967339945,1.7981288006792329,-19.2194189770041,26.678416573191978,0.1773516512915143
O,cdnow,2y,LSTM + bounded32,real_panel_lstm_bounded32__LSTM__cdnow__r015,1,0.1470475916167252,1.8089474712513638,-33.73488066698343,36.1258042924658,0.34379838560945114
O,cdnow,2y,LSTM + bounded32,real_panel_lstm_bounded32__LSTM__cdnow__r016,1,0.15492253719396484,1.97916418451925,39.41646506244391,95.48401037662352,-0.05729353627634718
O,cdnow,2y,LSTM + bounded32,real_panel_lstm_bounded32__LSTM__cdnow__r017,1,0.1461002844820143,1.6817752582695502,-14.793772455120754,20.891081544836087,0.37300479845659273
O,cdnow,2y,LSTM + bounded32,real_panel_lstm_bounded32__LSTM__cdnow__r018,1,0.15495214013275574,2.0871392589242923,74.30205872626392,99.55482878397882,-0.1578000164851658
O,cdnow,2y,LSTM + bounded32,real_panel_lstm_bounded32__LSTM__cdnow__r019,1,0.15242623462412394,2.019290424597398,83.63240171900851,91.61488166207923,-0.042680606774746666
O,cdnow,2y,LSTM + bounded32,real_panel_lstm_bounded32__LSTM__cdnow__r020,1,0.14664660696099988,1.7564147800337562,-2.6154084548744323,18.7188390467075,0.26696048487649576
O,cdnow,2y,LSTM + bounded32,real_panel_lstm_bounded32__LSTM__cdnow__r021,1,0.15221029855672638,2.105220077244008,85.1912407685035,106.5590504453072,-0.17093944534712052
O,cdnow,2y,LSTM + bounded32,real_panel_lstm_bounded32__LSTM__cdnow__r022,1,0.15108616395177407,1.9623670264923814,74.5018476068033,87.42258608593085,0.0005924024094170584
O,cdnow,2y,LSTM + bounded32,real_panel_lstm_bounded32__LSTM__cdnow__r023,1,0.1476933803435177,1.8718445174449718,-28.45371977443332,35.82258538102207,0.0374283230020368
O,cdnow,2y,LSTM + bounded32,real_panel_lstm_bounded32__LSTM__cdnow__r024,1,0.1462391975357448,1.723515799985249,-16.405698652379407,24.150078878467767,0.3048100118615513
O,cdnow,2y,LSTM + bounded32,real_panel_lstm_bounded32__LSTM__cdnow__r025,1,0.15189516264970834,2.045992262812952,115.2651194471982,117.95725654535431,0.029633604184524057
O,cdnow,2y,LSTM + bounded32,real_panel_lstm_bounded32__LSTM__cdnow__r026,1,0.1476376287417584,1.8854870856492476,-40.571081198329445,41.42005224955483,0.2486888525529175
O,cdnow,2y,LSTM + bounded32,real_panel_lstm_bounded32__LSTM__cdnow__r027,1,0.14661313612090338,1.7336221053991305,1.419103399685596,25.291187343136016,0.2930452628579507
O,cdnow,2y,LSTM + bounded32,real_panel_lstm_bounded32__LSTM__cdnow__r028,1,0.1466830646413065,1.7536651157066538,-25.47271704538388,35.43514476928101,0.20784152196793487
O,cdnow,2y,LSTM + bounded32,real_panel_lstm_bounded32__LSTM__cdnow__r029,1,0.15054628172940437,1.9813223884070643,85.11767873877154,89.27894504711334,-0.0249524503194885
O,cdnow,2y,LSTM + bounded32,real_panel_lstm_bounded32__LSTM__cdnow__r030,1,0.15130988427489983,1.9843528416391192,89.33657059804727,94.73730926190571,0.026245489719258754
O,cdnow,2y,LSTM + bounded32,real_panel_lstm_bounded32__LSTM__cdnow__r031,1,0.1468288581171617,1.7904732477251566,-12.425434889903578,19.5209497454304,0.2990387828920588
O,cdnow,2y,LSTM + bounded32,real_panel_lstm_bounded32__LSTM__cdnow__r032,1,0.15030036585348175,2.0361653059600533,63.446544156628306,74.40527745883772,-0.13651568472235107
O,cdnow,2y,LSTM + bounded32,real_panel_lstm_bounded32__LSTM__cdnow__r033,1,0.14815830392751825,1.7823672940884683,11.631979487091602,50.46068585999954,0.09314341512334935
O,cdnow,2y,LSTM + bounded32,real_panel_lstm_bounded32__LSTM__cdnow__r034,1,0.14804097751850231,1.8410155718876178,11.883694459548849,37.0627968553896,0.08855769943249535
O,cdnow,2y,LSTM + bounded32,real_panel_lstm_bounded32__LSTM__cdnow__r035,1,0.14704623658104873,1.8173663388621315,-27.103957236710254,30.31809986562858,0.12252078442027327
O,cdnow,2y,LSTM + bounded32,real_panel_lstm_bounded32__LSTM__cdnow__r036,1,0.14719956779302393,1.8324467611050108,-41.80622630134626,41.806226301346264,0.3340552450207317
O,cdnow,2y,LSTM + bounded32,real_panel_lstm_bounded32__LSTM__cdnow__r037,1,0.14839432426235474,1.8858627236909977,6.446227504242521,51.183324451607476,-0.013719907524541584
O,cdnow,2y,LSTM + bounded32,real_panel_lstm_bounded32__LSTM__cdnow__r038,1,0.14866636977826353,1.9038701534111155,-30.920632616039484,44.68612106939622,0.12927706812700795
O,cdnow,2y,LSTM + bounded32,real_panel_lstm_bounded32__LSTM__cdnow__r039,1,0.1468353552901984,1.7784359808461259,-22.94374611001422,27.06068562364617,0.2573777158461365
O,cdnow,2y,LSTM + bounded32,real_panel_lstm_bounded32__LSTM__cdnow__r040,1,0.1484985633882915,1.9775017582361687,-28.801371441714384,32.62575159147935,0.23585421359911682
O,cdnow,2y,LSTM + bounded32,real_panel_lstm_bounded32__LSTM__cdnow__r041,1,0.1534648954484548,2.06902620044566,104.99071312607505,108.72285024846563,-0.08759946315814365
O,cdnow,2y,LSTM + bounded32,real_panel_lstm_bounded32__LSTM__cdnow__r042,1,0.15260930252792157,2.092672556016981,71.60876060534977,87.08316660263768,-0.16927473878573468
O,cdnow,2y,LSTM + bounded32,real_panel_lstm_bounded32__LSTM__cdnow__r043,1,0.15072698522097866,1.987265676785449,91.12021178438366,96.2106601177962,0.05838966054934495
O,cdnow,2y,LSTM + bounded32,real_panel_lstm_bounded32__LSTM__cdnow__r044,1,0.14660264225260372,1.7351103595830897,-3.4618463834729933,32.302163445813456,0.22072050855032044
O,cdnow,2y,LSTM + bounded32,real_panel_lstm_bounded32__LSTM__cdnow__r045,1,0.15108031789704973,2.0042070080425716,85.282111497925,96.20517197686748,-0.04199424344367397
O,cdnow,2y,LSTM + bounded32,real_panel_lstm_bounded32__LSTM__cdnow__r046,1,0.15069267235997505,1.9744967832932996,59.68738850958056,72.88696608899306,-0.0930116791556617
O,cdnow,2y,LSTM + bounded32,real_panel_lstm_bounded32__LSTM__cdnow__r047,1,0.15163072789820548,2.0875396881151502,105.66395852665612,114.47577889266566,-0.027780845378298974
O,cdnow,2y,LSTM + bounded32,real_panel_lstm_bounded32__LSTM__cdnow__r048,1,0.15249935197446388,1.9514305178582214,77.92538328585258,89.04939358894237,0.09780883403077721
O,cdnow,2y,LSTM + bounded32,real_panel_lstm_bounded32__LSTM__cdnow__r049,1,0.14822117510317895,1.824960978985255,32.64063379262852,47.19050157684971,0.20799804635525718
O,cdnow,2y,LSTM + bounded32,real_panel_lstm_bounded32__LSTM__cdnow__r050,1,0.14723821033137258,1.84171312389575,-46.12042156002676,46.3593661794588,0.3924516768850701
O,cdnow,2y,LSTM + bounded32,real_panel_lstm_bounded32__LSTM__cdnow__r051,1,0.15401439651184196,2.1144711182726326,91.04939385073973,108.01234867578576,0.05361762399142639
O,cdnow,2y,LSTM + bounded32,real_panel_lstm_bounded32__LSTM__cdnow__r052,1,0.15032978570045186,1.8796334838229445,49.725910967331195,75.68073882506353,0.04860259802677973
O,cdnow,2y,LSTM + bounded32,real_panel_lstm_bounded32__LSTM__cdnow__r053,1,0.14908122112448427,1.904156705762051,29.763166835546144,53.87335100085877,-0.08291179862939085
O,cdnow,2y,LSTM + bounded32,real_panel_lstm_bounded32__LSTM__cdnow__r054,1,0.1516040551079176,2.011503808652709,74.4767289151163,86.08897137005945,-0.07783108981422324
O,cdnow,2y,LSTM + bounded32,real_panel_lstm_bounded32__LSTM__cdnow__r055,1,0.1510747947987899,2.0136656217595204,85.63472362044728,100.51957816886895,0.1222163429045826
O,cdnow,2y,LSTM + bounded32,real_panel_lstm_bounded32__LSTM__cdnow__r056,1,0.15178340713398267,1.9434166320464963,111.07778436397393,113.81804812717972,0.15979804195044012
O,cdnow,2y,LSTM + bounded32,real_panel_lstm_bounded32__LSTM__cdnow__r057,1,0.1459805603009837,1.6843602062708392,-18.449181450622,22.060158023682078,0.36368832741673085
O,cdnow,2y,LSTM + bounded32,real_panel_lstm_bounded32__LSTM__cdnow__r058,1,0.1501387663764166,1.968060704834964,63.825224920158576,77.94659665023954,-0.04048964787439532
O,cdnow,2y,LSTM + bounded32,real_panel_lstm_bounded32__LSTM__cdnow__r059,1,0.14964502002857893,1.9588850153850454,43.86311407433189,60.37076539007356,-0.10953032576514016
O,cdnow,2y,LSTM + bounded32,real_panel_lstm_bounded32__LSTM__cdnow__r060,1,0.14836029184837965,1.880133217728483,43.16337784361517,58.17657013239433,0.21877513618741304
O,cdnow,2y,LSTM + bounded32,real_panel_lstm_bounded32__LSTM__cdnow__r061,1,0.15363755156440723,2.084665680972516,87.41445976393008,96.12960469365933,-0.1006546649068836
O,cdnow,2y,LSTM + bounded32,real_panel_lstm_bounded32__LSTM__cdnow__r062,1,0.14733230941110495,1.7947584100583645,-9.460052197730473,22.227968185019577,0.33501960839832096
O,cdnow,2y,LSTM + bounded32,real_panel_lstm_bounded32__LSTM__cdnow__r063,1,0.1515128028342627,1.996184079880158,99.4014783128529,107.44285013977583,0.11194492882638331
O,cdnow,2y,LSTM + bounded32,real_panel_lstm_bounded32__LSTM__cdnow__r064,1,0.15091019304666284,1.9904241034833376,80.6603700070736,90.9263328599465,-0.01733241577010284
O,cdnow,2y,LSTM + bounded32,real_panel_lstm_bounded32__LSTM__cdnow__r065,1,0.15186920761124562,1.9971166952620376,43.59240174993834,78.10089716665686,-0.09256225448408469
O,cdnow,2y,LSTM + bounded32,real_panel_lstm_bounded32__LSTM__cdnow__r066,1,0.14910304061769925,1.9206152079986238,21.492771018593622,59.49889176865516,0.004718345713956065
O,cdnow,2y,LSTM + bounded32,real_panel_lstm_bounded32__LSTM__cdnow__r067,1,0.1524317363047602,1.9695020293715348,70.39377376908973,87.35736182278956,-0.07391520661296903
O,cdnow,2y,LSTM + bounded32,real_panel_lstm_bounded32__LSTM__cdnow__r068,1,0.15061790512419843,1.8923494719156149,60.32464445212291,74.58934065190414,0.038232643934973914
O,cdnow,2y,LSTM + bounded32,real_panel_lstm_bounded32__LSTM__cdnow__r069,1,0.1506843951301796,1.8865161816270775,41.379736782085836,65.64443275970125,0.057711619401371435
O,cdnow,2y,LSTM + bounded32,real_panel_lstm_bounded32__LSTM__cdnow__r070,1,0.14727363562441734,1.847236978117002,-45.36685952629253,45.36685952629254,0.32228524111810863
O,cdnow,2y,LSTM + bounded32,real_panel_lstm_bounded32__LSTM__cdnow__r071,1,0.15115579575392726,1.8908285671114067,78.5530349557436,88.85910327941917,0.21106773595620518
O,cdnow,2y,LSTM + bounded32,real_panel_lstm_bounded32__LSTM__cdnow__r072,1,0.14696727111528898,1.7906778656101248,-5.129709232618394,18.537414187914408,0.26397712984861166
O,cdnow,2y,LSTM + bounded32,real_panel_lstm_bounded32__LSTM__cdnow__r073,1,0.154230812901412,1.9057970713030319,66.64643880748972,105.40042233419922,-0.08755482692645288
O,cdnow,2y,LSTM + bounded32,real_panel_lstm_bounded32__LSTM__cdnow__r074,1,0.1507818149970514,1.973261637185408,69.38807449754466,80.52643839644608,-0.09879660921535896
O,cdnow,2y,LSTM + bounded32,real_panel_lstm_bounded32__LSTM__cdnow__r075,1,0.15127234669501974,1.984709849430659,57.42606922803491,68.24042253106536,-0.07938637728945881
O,cdnow,2y,LSTM + bounded32,real_panel_lstm_bounded32__LSTM__cdnow__r076,1,0.14741022000061796,1.8601453722939243,-42.268073271338494,42.54459047890321,0.23473965189892007
O,cdnow,2y,LSTM + bounded32,real_panel_lstm_bounded32__LSTM__cdnow__r077,1,0.14627583114455214,1.7197130210684828,-12.31145060467639,21.051503725160767,0.33856331348259566
O,cdnow,2y,LSTM + bounded32,real_panel_lstm_bounded32__LSTM__cdnow__r078,1,0.14608768792793791,1.6935284141388478,-15.481899123378584,21.61889155186466,0.36937580571583745
O,cdnow,2y,LSTM + bounded32,real_panel_lstm_bounded32__LSTM__cdnow__r079,1,0.15341376477748941,2.1320296885859684,108.49351002967414,115.44781061046622,-0.1270907555984451
O,cdnow,2y,LSTM + bounded32,real_panel_lstm_bounded32__LSTM__cdnow__r080,1,0.1505413383618898,1.8666220460998741,63.30448611018949,72.03166265056599,0.0487353823918316
O,cdnow,2y,LSTM + bounded32,real_panel_lstm_bounded32__LSTM__cdnow__r081,1,0.1478476903648064,1.8529689709767665,1.468391092764243,43.43482835832642,-0.03841859044414658
O,cdnow,2y,LSTM + bounded32,real_panel_lstm_bounded32__LSTM__cdnow__r082,1,0.14971084386605013,1.818018708945045,30.960106191367682,60.32073877472922,-0.03532924203571943
O,cdnow,2y,LSTM + bounded32,real_panel_lstm_bounded32__LSTM__cdnow__r083,1,0.15388067934921498,2.151937155214706,70.7024808310457,88.89984196424234,-0.2348246602618471
O,cdnow,2y,LSTM + bounded32,real_panel_lstm_bounded32__LSTM__cdnow__r084,1,0.15183699750708296,2.063236443437596,49.07387927964576,74.90353582688606,-0.17817074100153665
O,cdnow,2y,LSTM + bounded32,real_panel_lstm_bounded32__LSTM__cdnow__r085,1,0.14723778152540945,1.7969513101249766,24.445277552948312,30.454353898429332,0.30273349046117587
O,cdnow,2y,LSTM + bounded32,real_panel_lstm_bounded32__LSTM__cdnow__r086,1,0.14676974544096202,1.7847219913297185,-9.779313403589837,27.491609366121683,0.09621623123305797
O,cdnow,2y,LSTM + bounded32,real_panel_lstm_bounded32__LSTM__cdnow__r087,1,0.15444701672648165,2.0261911526563696,91.53551525916728,115.21424821109848,-0.0038414818114829792
O,cdnow,2y,LSTM + bounded32,real_panel_lstm_bounded32__LSTM__cdnow__r088,1,0.15175835457745107,2.073834155681177,87.2957262268293,93.15810074014847,-0.04427227664423075
O,cdnow,2y,LSTM + bounded32,real_panel_lstm_bounded32__LSTM__cdnow__r089,1,0.15143621473413013,1.966235022163952,68.74986870912201,80.08728271301108,-0.07481349177067127
O,cdnow,2y,LSTM + bounded32,real_panel_lstm_bounded32__LSTM__cdnow__r090,1,0.15234718305468362,1.8676228026012944,70.47599011392002,83.72221664074647,0.270757290533428
O,cdnow,2y,LSTM + bounded32,real_panel_lstm_bounded32__LSTM__cdnow__r091,1,0.15176808051559124,2.0368839962257335,50.86248087302313,77.71968348085693,-0.12817651167539482
O,cdnow,2y,LSTM + bounded32,real_panel_lstm_bounded32__LSTM__cdnow__r092,1,0.14622790342933276,1.7235394362024632,-41.48675398448976,41.62796772674902,0.3205180797327377
O,cdnow,2y,LSTM + bounded32,real_panel_lstm_bounded32__LSTM__cdnow__r093,1,0.14688839120858613,1.7941329162340895,-13.904379386354263,20.165698984379915,0.3554966387874638
O,cdnow,2y,LSTM + bounded32,real_panel_lstm_bounded32__LSTM__cdnow__r094,1,0.15318786559160702,1.9687164488838589,100.98100332663644,108.15271818081503,0.25577473583909843
O,cdnow,2y,LSTM + bounded32,real_panel_lstm_bounded32__LSTM__cdnow__r095,1,0.15292624538609292,2.0161355934554606,66.3555679722665,89.36960452708037,-0.08105877125092571
O,cdnow,2y,LSTM + bounded32,real_panel_lstm_bounded32__LSTM__cdnow__r096,1,0.14583245953817484,1.666371558919459,-10.6708173666859,21.68211058042656,0.3384349084651582
O,cdnow,2y,LSTM + bounded32,real_panel_lstm_bounded32__LSTM__cdnow__r097,1,0.15168159281115376,2.148389590736384,62.74089774164772,76.83672860985993,-0.23654072073800644
O,cdnow,2y,LSTM + bounded32,real_panel_lstm_bounded32__LSTM__cdnow__r098,1,0.14665551618755843,1.7418396722232612,1.5972564891494836,33.23947211726275,0.18333171102154996
O,cdnow,2y,LSTM + bounded32,real_panel_lstm_bounded32__LSTM__cdnow__r099,1,0.15141071949415644,2.0158941547895,102.9875468656586,105.65329874189935,0.021567875233883704
O,cdnow,2y,LSTM + log,real_panel_lstm_log__LSTM__cdnow__r000,1,0.15159042926758093,2.2402606725478393,63.539525726601056,64.63799531577698,0.44906350787199395
O,cdnow,2y,LSTM + log,real_panel_lstm_log__LSTM__cdnow__r001,1,0.1555628222074151,2.5932268330765043,89.5016365065938,89.6538264406254,0.44171127815183603
O,cdnow,2y,LSTM + log,real_panel_lstm_log__LSTM__cdnow__r002,1,0.15165943332190493,2.248967298107056,73.46849677242605,73.53097695222057,0.45007015070756073
O,cdnow,2y,LSTM + log,real_panel_lstm_log__LSTM__cdnow__r003,1,0.16750788854120302,3.3711879569983223,114.7668609380386,114.76686093803865,0.4435637210869587
O,cdnow,2y,LSTM + log,real_panel_lstm_log__LSTM__cdnow__r004,1,0.14971915269815542,2.026377804218665,37.420475602943505,41.57942005363096,0.4436086207457033
O,cdnow,2y,LSTM + log,real_panel_lstm_log__LSTM__cdnow__r005,1,0.15391478461641583,2.419130234939676,80.34881333497367,81.58659692889306,0.4392035495629618
O,cdnow,2y,LSTM + log,real_panel_lstm_log__LSTM__cdnow__r006,1,0.15782671600874354,2.7345303887429036,80.56200594754287,81.76369454215286,0.44072947943221097
O,cdnow,2y,LSTM + log,real_panel_lstm_log__LSTM__cdnow__r007,1,0.15389260990516737,2.446052833351039,70.9655944457507,71.5971511330867,0.4406458332421479
O,cdnow,2y,LSTM + log,real_panel_lstm_log__LSTM__cdnow__r008,1,0.14772798440312912,1.8065181552977865,28.595040288058218,39.42501358302069,0.43758726228060474
O,cdnow,2y,LSTM + log,real_panel_lstm_log__LSTM__cdnow__r009,1,0.15187864339948515,2.216215308712419,73.22269203677008,75.58110881527986,0.4437957319304406
O,cdnow,2y,LSTM + log,real_panel_lstm_log__LSTM__cdnow__r010,1,0.1576080864378826,2.69937131290365,84.6800006109861,86.67746753617376,0.44561100462705616
O,cdnow,2y,LSTM + log,real_panel_lstm_log__LSTM__cdnow__r011,1,0.14878557523117153,1.972818959833928,31.422269791290805,34.343430562274,0.44276232711161045
O,cdnow,2y,LSTM + log,real_panel_lstm_log__LSTM__cdnow__r012,1,0.1467202476373062,1.7082453361489807,7.740264484280266,24.07905040244938,0.4456126485071719
O,cdnow,2y,LSTM + log,real_panel_lstm_log__LSTM__cdnow__r013,1,0.17400369354586245,3.751449517971618,123.55577908305182,124.51788985724536,0.4471645100482096
O,cdnow,2y,LSTM + log,real_panel_lstm_log__LSTM__cdnow__r014,1,0.14833641280430862,1.9139673994021633,38.90448622372341,42.19187390935254,0.44333219452452927
O,cdnow,2y,LSTM + log,real_panel_lstm_log__LSTM__cdnow__r015,1,0.15047641815664076,2.1149619197688914,36.8722961294048,40.51134609071756,0.4571813713498741
O,cdnow,2y,LSTM + log,real_panel_lstm_log__LSTM__cdnow__r016,1,0.15288421526972576,2.375003700395098,77.80918267812308,77.80918267812311,0.44268022190252243
O,cdnow,2y,LSTM + log,real_panel_lstm_log__LSTM__cdnow__r017,1,0.15068113590228183,2.0985194951307196,34.19219060683004,40.62490801263028,0.44360064743173977
O,cdnow,2y,LSTM + log,real_panel_lstm_log__LSTM__cdnow__r018,1,0.15145160552218706,2.225980845892629,71.68168936747952,72.36200595756188,0.44708725975844066
O,cdnow,2y,LSTM + log,real_panel_lstm_log__LSTM__cdnow__r019,1,0.15779446145020065,2.752656999194008,107.3555679635283,107.3800534201357,0.45387788651871386
O,cdnow,2y,LSTM + log,real_panel_lstm_log__LSTM__cdnow__r020,1,0.1564135028460042,2.5649294212801825,67.3167289400688,70.7107129849193,0.4569467558533464
O,cdnow,2y,LSTM + log,real_panel_lstm_log__LSTM__cdnow__r021,1,0.15274286175199114,2.3175412444234755,61.70533044683907,63.393562576367295,0.44261519386049175
O,cdnow,2y,LSTM + log,real_panel_lstm_log__LSTM__cdnow__r022,1,0.15049157183820577,2.1342479833388954,55.7541958952203,56.3844860701803,0.45087192096321727
O,cdnow,2y,LSTM + log,real_panel_lstm_log__LSTM__cdnow__r023,1,0.1559741579645861,2.6052466954511484,94.9576787513588,95.0851721305148,0.44735417303378966
O,cdnow,2y,LSTM + log,real_panel_lstm_log__LSTM__cdnow__r024,1,0.14995411780187057,2.0607518250340724,51.36876056459779,53.66321959117495,0.4466129579632011
O,cdnow,2y,LSTM + log,real_panel_lstm_log__LSTM__cdnow__r025,1,0.15797274014023632,2.695660766419233,63.34554159511259,65.96738845125903,0.4491444060210891
O,cdnow,2y,LSTM + log,real_panel_lstm_log__LSTM__cdnow__r026,1,0.15308155387424208,2.3126235753632325,78.83071312147587,80.20337797045244,0.4463208669478117
O,cdnow,2y,LSTM + log,real_panel_lstm_log__LSTM__cdnow__r027,1,0.15006747657535313,2.09120553744529,53.566016489578274,55.11810086985745,0.44856981590942896
O,cdnow,2y,LSTM + log,real_panel_lstm_log__LSTM__cdnow__r028,1,0.1492904950816197,2.029947019529506,40.533298806429706,42.848232746465676,0.43187782974915034
O,cdnow,2y,LSTM + log,real_panel_lstm_log__LSTM__cdnow__r029,1,0.15266906453271065,2.3507349659866166,74.77118802196661,74.77118802196664,0.44151507975239435
O,cdnow,2y,LSTM + log,real_panel_lstm_log__LSTM__cdnow__r030,1,0.15072686250470196,2.133673770555313,73.34754691348641,74.34385294106954,0.44536301213173235
O,cdnow,2y,LSTM + log,real_panel_lstm_log__LSTM__cdnow__r031,1,0.1571518002480064,2.6219449117490927,134.19482903586962,136.92643843583826,0.31169726662963854
O,cdnow,2y,LSTM + log,real_panel_lstm_log__LSTM__cdnow__r032,1,0.14759363334616257,1.839724747047395,43.286122109379555,46.06037000271582,0.44659881521761646
O,cdnow,2y,LSTM + log,real_panel_lstm_log__LSTM__cdnow__r033,1,0.15967805270709887,2.8707833623017875,97.32717745026953,98.09150458661223,0.4534030903298713
O,cdnow,2y,LSTM + log,real_panel_lstm_log__LSTM__cdnow__r034,1,0.16206730149458184,3.027305300334658,102.59398485001866,103.20485553277844,0.4600482693298773
O,cdnow,2y,LSTM + log,real_panel_lstm_log__LSTM__cdnow__r035,1,0.16233987310330886,3.0191949245211758,79.72580545134632,81.63482908601802,0.44893666879586736
O,cdnow,2y,LSTM + log,real_panel_lstm_log__LSTM__cdnow__r036,1,0.16529242787591442,3.2361653486052515,97.56316696414042,98.80854948605632,0.4416250342788079
O,cdnow,2y,LSTM + log,real_panel_lstm_log__LSTM__cdnow__r037,1,0.15123731176192398,2.197764557000856,62.88474999074525,64.19113513769072,0.4503803379299554
O,cdnow,2y,LSTM + log,real_panel_lstm_log__LSTM__cdnow__r038,1,0.15436417192709712,2.4894999198795467,89.43187410934591,89.72147829922783,0.44668340410394825
O,cdnow,2y,LSTM + log,real_panel_lstm_log__LSTM__cdnow__r039,1,0.15554822082463335,2.572671975614171,68.4265970161532,68.88907720654267,0.4502517206143734
O,cdnow,2y,LSTM + log,real_panel_lstm_log__LSTM__cdnow__r040,1,0.16235660595595272,3.0982031486158066,105.42490830099425,105.42490830099428,0.44584426106522046
O,cdnow,2y,LSTM + log,real_panel_lstm_log__LSTM__cdnow__r041,1,0.15527897264004425,2.5577377485811317,67.38585821215273,67.90364181153502,0.4437351211370698
O,cdnow,2y,LSTM + log,real_panel_lstm_log__LSTM__cdnow__r042,1,0.1471466041255527,1.7826495804091183,16.067546867878377,28.035039905677305,0.4311176822057297
O,cdnow,2y,LSTM + log,real_panel_lstm_log__LSTM__cdnow__r043,1,0.15176029877725478,2.2411457559605963,63.33298216055383,64.79599001446337,0.4426465274789751
O,cdnow,2y,LSTM + log,real_panel_lstm_log__LSTM__cdnow__r044,1,0.15209262685002445,2.299195069839245,60.878734188535034,62.36643857913603,0.44343190548542216
O,cdnow,2y,LSTM + log,real_panel_lstm_log__LSTM__cdnow__r045,1,0.14937692188976398,2.041866490778692,62.61847033010565,63.50691357371936,0.4460766268691038
O,cdnow,2y,LSTM + log,real_panel_lstm_log__LSTM__cdnow__r046,1,0.14795025863979622,1.863865953830121,40.95588457792745,44.48242792149495,0.4365127854367936
O,cdnow,2y,LSTM + log,real_panel_lstm_log__LSTM__cdnow__r047,1,0.14858984399576325,1.9232058669115273,42.843905699139405,47.156306553206775,0.4305403034481661
O,cdnow,2y,LSTM + log,real_panel_lstm_log__LSTM__cdnow__r048,1,0.1510400944968457,2.209045063456206,47.01224338725234,48.33868131154548,0.4346074048033547
O,cdnow,2y,LSTM + log,real_panel_lstm_log__LSTM__cdnow__r049,1,0.1475658853874039,1.8448310311100908,19.843800155922484,26.073879040310704,0.4349469044819173
O,cdnow,2y,LSTM + log,real_panel_lstm_log__LSTM__cdnow__r050,1,0.15404993193822789,2.4297222342453004,85.43366824597406,86.44242809482131,0.44899766266136254
O,cdnow,2y,LSTM + log,real_panel_lstm_log__LSTM__cdnow__r051,1,0.1712883361223953,3.6269073445184925,122.25678167374673,122.5229557855717,0.4475755695899197
O,cdnow,2y,LSTM + log,real_panel_lstm_log__LSTM__cdnow__r052,1,0.15106806514053409,2.1904606602214862,57.548074584975105,58.91989510951153,0.4558494512457064
O,cdnow,2y,LSTM + log,real_panel_lstm_log__LSTM__cdnow__r053,1,0.1535112222074971,2.4120766923142565,72.3806866952327,72.9223225598952,0.4410017013744924
O,cdnow,2y,LSTM + log,real_panel_lstm_log__LSTM__cdnow__r054,1,0.15066620521069277,2.1083731090960165,55.94691359351977,58.70131983979538,0.45108176077751405
O,cdnow,2y,LSTM + log,real_panel_lstm_log__LSTM__cdnow__r055,1,0.15539536122741207,2.610721816879852,51.138048147190275,52.7213726006078,0.4386737012187294
O,cdnow,2y,LSTM + log,real_panel_lstm_log__LSTM__cdnow__r056,1,0.15696782593396483,2.6678834245241823,99.84675525017998,100.00485548802385,0.44401618181527325
O,cdnow,2y,LSTM + log,real_panel_lstm_log__LSTM__cdnow__r057,1,0.15459133176837309,2.4295547091912257,59.357784295793586,61.833351456700136,0.44552800297032
O,cdnow,2y,LSTM + log,real_panel_lstm_log__LSTM__cdnow__r058,1,0.16271012954942599,3.07684740554055,118.91715110403696,119.28527771543186,0.44223837037563696
O,cdnow,2y,LSTM + log,real_panel_lstm_log__LSTM__cdnow__r059,1,0.1520421820280668,2.245805826166113,53.96168926067262,56.27810078781172,0.4419557722698706
O,cdnow,2y,LSTM + log,real_panel_lstm_log__LSTM__cdnow__r060,1,0.1508063047832293,2.14176268987602,39.760211754079,44.62353604599959,0.4347613927021883
O,cdnow,2y,LSTM + log,real_panel_lstm_log__LSTM__cdnow__r061,1,0.16071527554300247,2.967200560514987,119.33224342681085,119.3322434268109,0.4437255438747872
O,cdnow,2y,LSTM + log,real_panel_lstm_log__LSTM__cdnow__r062,1,0.15507558771999158,2.5384679720990238,74.5514518582558,75.51757315412094,0.436973718815852
O,cdnow,2y,LSTM + log,real_panel_lstm_log__LSTM__cdnow__r063,1,0.1473927275483733,1.8122931396001205,20.11736212647196,28.607704820268577,0.4395439244176866
O,cdnow,2y,LSTM + log,real_panel_lstm_log__LSTM__cdnow__r064,1,0.1498819606217611,2.0455037137748375,47.27694001349808,49.68601644767732,0.4463616806846104
O,cdnow,2y,LSTM + log,real_panel_lstm_log__LSTM__cdnow__r065,1,0.15029527997026834,2.1302729984279094,59.42701916989306,60.897837050976506,0.4408257715804616
O,cdnow,2y,LSTM + log,real_panel_lstm_log__LSTM__cdnow__r066,1,0.15249499925707968,2.296385345077482,50.63187398544759,53.250976784552705,0.43357850684438837
O,cdnow,2y,LSTM + log,real_panel_lstm_log__LSTM__cdnow__r067,1,0.1509666031542387,2.1728488167383238,61.72116168393764,62.423641864691874,0.43387029825475515
O,cdnow,2y,LSTM + log,real_panel_lstm_log__LSTM__cdnow__r068,1,0.14916982532276174,2.0018071379739824,39.8982592560546,42.95366809133297,0.4498017565168128
O,cdnow,2y,LSTM + log,real_panel_lstm_log__LSTM__cdnow__r069,1,0.15081466910407204,2.1606465594560667,50.36168932638272,52.59852298118877,0.44470355267501177
O,cdnow,2y,LSTM + log,real_panel_lstm_log__LSTM__cdnow__r070,1,0.15507017213589336,2.5209900074164358,77.91746769612762,78.17161015602244,0.44574593539045837
O,cdnow,2y,LSTM + log,real_panel_lstm_log__LSTM__cdnow__r071,1,0.15609969419321837,2.619418999760224,41.835884580924215,46.63841736778152,0.44564568904837853
O,cdnow,2y,LSTM + log,real_panel_lstm_log__LSTM__cdnow__r072,1,0.14715068488858646,1.7709574009124256,12.117889801354684,28.474195507922612,0.4333681653788739
O,cdnow,2y,LSTM + log,real_panel_lstm_log__LSTM__cdnow__r073,1,0.14938759127206247,2.017681283868174,38.65688722355812,41.796095530861145,0.4467372333187294
O,cdnow,2y,LSTM + log,real_panel_lstm_log__LSTM__cdnow__r074,1,0.14848471892662574,1.8726954905538686,20.329499282962484,31.72242774393422,0.43529937193911944
O,cdnow,2y,LSTM + log,real_panel_lstm_log__LSTM__cdnow__r075,1,0.16249811890295363,3.03043101102222,81.1229558409458,82.85424862120851,0.4423710289068959
O,cdnow,2y,LSTM + log,real_panel_lstm_log__LSTM__cdnow__r076,1,0.14660693852452208,1.746864908465833,17.063852930465927,28.48992115815498,0.4315898862109459
O,cdnow,2y,LSTM + log,real_panel_lstm_log__LSTM__cdnow__r077,1,0.14696196999506428,1.7871451065573216,27.091504636903597,31.14005327941026,0.4396000097718304
O,cdnow,2y,LSTM + log,real_panel_lstm_log__LSTM__cdnow__r078,1,0.1508632128307036,2.1338350596243143,43.64749410405918,49.906702296252924,0.43489818713529044
O,cdnow,2y,LSTM + log,real_panel_lstm_log__LSTM__cdnow__r079,1,0.1501139650443439,2.069132132773644,54.168021826031584,57.48707186441735,0.43784833450892424
O,cdnow,2y,LSTM + log,real_panel_lstm_log__LSTM__cdnow__r080,1,0.15275944799041938,2.3498827836075353,61.73783714602879,62.73963129769575,0.4373156026925664
O,cdnow,2y,LSTM + log,real_panel_lstm_log__LSTM__cdnow__r081,1,0.15549967361622535,2.5631195360075703,91.99968415603642,92.44063399165688,0.44336963496462084
O,cdnow,2y,LSTM + log,real_panel_lstm_log__LSTM__cdnow__r082,1,0.14794843332301966,1.8828819013225941,30.27978956198062,35.25920890362572,0.4388207267385091
O,cdnow,2y,LSTM + log,real_panel_lstm_log__LSTM__cdnow__r083,1,0.15957606521811438,2.8493888485709546,98.19472366721551,98.5852249448941,0.44301539027202164
O,cdnow,2y,LSTM + log,real_panel_lstm_log__LSTM__cdnow__r084,1,0.1487551081945655,1.9766361962256513,49.56380016652059,50.65087136864094,0.43597572374903576
O,cdnow,2y,LSTM + log,real_panel_lstm_log__LSTM__cdnow__r085,1,0.1609507351509361,3.0225869227540048,108.41351004607348,108.41351004607353,0.4467203568430178
O,cdnow,2y,LSTM + log,real_panel_lstm_log__LSTM__cdnow__r086,1,0.15147820803963682,2.2318419937318152,67.41393205924751,69.27588449502326,0.4381309957817511
O,cdnow,2y,LSTM + log,real_panel_lstm_log__LSTM__cdnow__r087,1,0.166521968524814,3.2393736799736104,122.87071302533131,124.88295566266035,0.4368026260810411
O,cdnow,2y,LSTM + log,real_panel_lstm_log__LSTM__cdnow__r088,1,0.15441287277018892,2.4585311722003205,84.065119433364,85.15746769973242,0.4427457030230586
O,cdnow,2y,LSTM + log,real_panel_lstm_log__LSTM__cdnow__r089,1,0.14863296995976075,1.9219472260689763,31.59683442984182,37.992190416474635,0.44620396587534544
O,cdnow,2y,LSTM + log,real_panel_lstm_log__LSTM__cdnow__r090,1,0.15450318379829825,2.5004451769289537,96.12137275958037,96.12137275958041,0.45104750275134387
O,cdnow,2y,LSTM + log,real_panel_lstm_log__LSTM__cdnow__r091,1,0.14957495661860856,2.009414454472586,34.00633312452145,40.51081838209101,0.43906273406579444
O,cdnow,2y,LSTM + log,real_panel_lstm_log__LSTM__cdnow__r092,1,0.1567163930702334,2.6832474997323614,104.93361551259284,104.9336155125929,0.4422022032387912
O,cdnow,2y,LSTM + log,real_panel_lstm_log__LSTM__cdnow__r093,1,0.15724671433286522,2.7123688173235703,82.99387929559298,83.74659692818202,0.4586734075893446
O,cdnow,2y,LSTM + log,real_panel_lstm_log__LSTM__cdnow__r094,1,0.15057317140718107,2.138496930687409,66.54153103543315,66.85899801983541,0.4523651101765148
O,cdnow,2y,LSTM + log,real_panel_lstm_log__LSTM__cdnow__r095,1,0.1484427456213571,1.9043005668205075,34.08337798690785,39.04401102138912,0.4416783940520095
O,cdnow,2y,LSTM + log,real_panel_lstm_log__LSTM__cdnow__r096,1,0.15413365970239742,2.4467038440121134,86.93762601232801,86.99060750063643,0.446523220951274
O,cdnow,2y,LSTM + log,real_panel_lstm_log__LSTM__cdnow__r097,1,0.14967417720233506,2.0626603426555206,50.30005339288571,51.60876046248147,0.4447690074667263
O,cdnow,2y,LSTM + log,real_panel_lstm_log__LSTM__cdnow__r098,1,0.16255948310504845,3.0553900360824224,130.3030086110902,130.84928826497742,0.4206800299320119
O,cdnow,2y,LSTM + log,real_panel_lstm_log__LSTM__cdnow__r099,1,0.152800965521487,2.37992995575916,51.93171560529625,52.886227428099595,0.4438862368048042
O,cdnow,2y,LSTM + ratio,real_panel_lstm_ratio__LSTM__cdnow__r000,1,0.14673035751381622,1.7126159775915388,55.730765807678075,57.49076569699827,0.4375162829476696
O,cdnow,2y,LSTM + ratio,real_panel_lstm_ratio__LSTM__cdnow__r001,1,0.14575441118623597,1.6278940608660237,4.339947888878102,21.453826098941143,0.431491402034974
O,cdnow,2y,LSTM + ratio,real_panel_lstm_ratio__LSTM__cdnow__r002,1,0.14649829751561533,1.7049210341405676,53.52337795662328,54.82300850551677,0.44820087500479805
O,cdnow,2y,LSTM + ratio,real_panel_lstm_ratio__LSTM__cdnow__r003,1,0.1460853851053178,1.6895675070274594,34.51535676125575,38.43514551830005,0.4477251356035573
O,cdnow,2y,LSTM + ratio,real_panel_lstm_ratio__LSTM__cdnow__r004,1,0.14597406445855377,1.6732997916923997,31.686438692568814,35.45255988623717,0.440031978091014
O,cdnow,2y,LSTM + ratio,real_panel_lstm_ratio__LSTM__cdnow__r005,1,0.14599054880287507,1.6504024987475459,12.725277709993183,22.84939338025534,0.43890760147444624
O,cdnow,2y,LSTM + ratio,real_panel_lstm_ratio__LSTM__cdnow__r006,1,0.1459846002059717,1.6567992452393425,33.346491379289645,36.44263899781895,0.45085153125985306
O,cdnow,2y,LSTM + ratio,real_panel_lstm_ratio__LSTM__cdnow__r007,1,0.14599211886985014,1.6578128496702575,27.213404361529474,31.45087117839119,0.43777357269270484
O,cdnow,2y,LSTM + ratio,real_panel_lstm_ratio__LSTM__cdnow__r008,1,0.14639507871966426,1.6962213396211023,-4.510395159062908,21.74670181830603,0.43938222474128347
O,cdnow,2y,LSTM + ratio,real_panel_lstm_ratio__LSTM__cdnow__r009,1,0.14624153587395655,1.649884493978737,32.70131986532931,38.44168905285482,0.44191252465645775
O,cdnow,2y,LSTM + ratio,real_panel_lstm_ratio__LSTM__cdnow__r010,1,0.1465902417733217,1.689742158055814,2.2379952882068146,18.93815310842706,0.4505189401485443
O,cdnow,2y,LSTM + ratio,real_panel_lstm_ratio__LSTM__cdnow__r011,1,0.14628058465711516,1.650957104066345,15.594301359668812,23.433878908528403,0.44328084608019885
O,cdnow,2y,LSTM + ratio,real_panel_lstm_ratio__LSTM__cdnow__r012,1,0.14619884232794766,1.6516505036189377,7.863114070869535,26.2413721655232,0.43712855855555255
O,cdnow,2y,LSTM + ratio,real_panel_lstm_ratio__LSTM__cdnow__r013,1,0.14600624215351277,1.658694125581964,6.527599604962334,21.809710023290645,0.43211136031689457
O,cdnow,2y,LSTM + ratio,real_panel_lstm_ratio__LSTM__cdnow__r014,1,0.14600613841988422,1.6496323296379412,-13.7389967059669,26.60126635034407,0.4269979496636027
O,cdnow,2y,LSTM + ratio,real_panel_lstm_ratio__LSTM__cdnow__r015,1,0.1463404600983935,1.6636401173900746,32.49361544292116,37.56147803937743,0.44335813837941873
O,cdnow,2y,LSTM + ratio,real_panel_lstm_ratio__LSTM__cdnow__r016,1,0.14595124944504095,1.6575127014434183,-2.085593052756597,19.637678158764345,0.445130877232026
O,cdnow,2y,LSTM + ratio,real_panel_lstm_ratio__LSTM__cdnow__r017,1,0.14638807599815792,1.721861173138922,-13.167176149173839,20.715250427279415,0.43768240240333284
O,cdnow,2y,LSTM + ratio,real_panel_lstm_ratio__LSTM__cdnow__r018,1,0.14673705372059345,1.7612128582726037,30.388496652439457,33.77488169414873,0.43925544214929113
O,cdnow,2y,LSTM + ratio,real_panel_lstm_ratio__LSTM__cdnow__r019,1,0.14654811835842624,1.7349897693770335,63.693615356619745,64.81382641534609,0.45883192121993366
O,cdnow,2y,LSTM + ratio,real_panel_lstm_ratio__LSTM__cdnow__r020,1,0.14632076541654493,1.7135401746560104,-10.882426851581592,22.048654181718153,0.45275135438170705
O,cdnow,2y,LSTM + ratio,real_panel_lstm_ratio__LSTM__cdnow__r021,1,0.14625605026052468,1.6894864881137353,-9.249181452730868,20.212981457475568,0.4458830059346218
O,cdnow,2y,LSTM + ratio,real_panel_lstm_ratio__LSTM__cdnow__r022,1,0.1478572376819686,1.8328977445598764,29.674512365682837,33.36063362833706,0.4499487151228161
O,cdnow,2y,LSTM + ratio,real_panel_lstm_ratio__LSTM__cdnow__r023,1,0.14640369061708713,1.661196155559939,30.611187874248408,42.00791586681914,0.44220213689943316
O,cdnow,2y,LSTM + ratio,real_panel_lstm_ratio__LSTM__cdnow__r024,1,0.1462622898152799,1.6789464327417716,10.92601646105236,24.187863078963474,0.45336859413227154
O,cdnow,2y,LSTM + ratio,real_panel_lstm_ratio__LSTM__cdnow__r025,1,0.14649064216333063,1.6888389631540128,19.996623350233435,31.692032036236263,0.43697157755201277
O,cdnow,2y,LSTM + ratio,real_panel_lstm_ratio__LSTM__cdnow__r026,1,0.14739588468321707,1.8145700955499466,58.393246093310104,59.364433396781955,0.44751993741336804
O,cdnow,2y,LSTM + ratio,real_panel_lstm_ratio__LSTM__cdnow__r027,1,0.1460170174098074,1.6666771518919468,16.602322489556254,25.32042244551226,0.45743225099065427
O,cdnow,2y,LSTM + ratio,real_panel_lstm_ratio__LSTM__cdnow__r028,1,0.14951465373717768,1.949591254670998,8.17942014745464,20.773614891792423,0.4220809745236231
O,cdnow,2y,LSTM + ratio,real_panel_lstm_ratio__LSTM__cdnow__r029,1,0.14673471808458333,1.751949604356592,-19.019630030657808,23.27778327202629,0.4347007439959157
O,cdnow,2y,LSTM + ratio,real_panel_lstm_ratio__LSTM__cdnow__r030,1,0.153005737010936,2.054535466988172,72.30723017029258,73.9135626200118,0.434177971907327
O,cdnow,2y,LSTM + ratio,real_panel_lstm_ratio__LSTM__cdnow__r031,1,0.14617332041187248,1.659038442788572,34.43387914445271,37.00147803033633,0.444847770123826
O,cdnow,2y,LSTM + ratio,real_panel_lstm_ratio__LSTM__cdnow__r032,1,0.14707034527568744,1.7868393714594455,71.86986865216508,72.24496097059411,0.4499921459891007
O,cdnow,2y,LSTM + ratio,real_panel_lstm_ratio__LSTM__cdnow__r033,1,0.14646938402184356,1.7194248680872997,-6.839155101188034,19.28770435702472,0.4444907931909647
O,cdnow,2y,LSTM + ratio,real_panel_lstm_ratio__LSTM__cdnow__r034,1,0.14588197340087972,1.6468506785442703,-8.47071178751405,19.51155660280809,0.4521981564020734
O,cdnow,2y,LSTM + ratio,real_panel_lstm_ratio__LSTM__cdnow__r035,1,0.14625294054161897,1.7034440216516744,36.83419578899131,39.48158351840844,0.4508002857292062
O,cdnow,2y,LSTM + ratio,real_panel_lstm_ratio__LSTM__cdnow__r036,1,0.14623115387224905,1.6355703839750888,8.843589083741087,29.94332467891409,0.43733994464106807
O,cdnow,2y,LSTM + ratio,real_panel_lstm_ratio__LSTM__cdnow__r037,1,0.1459829251580466,1.651304344394459,6.6299742132197315,20.58459124510663,0.45285932742834606
O,cdnow,2y,LSTM + ratio,real_panel_lstm_ratio__LSTM__cdnow__r038,1,0.14857939632669717,1.8528543398724366,-2.0093925566338253,19.97730873021391,0.439043588402994
O,cdnow,2y,LSTM + ratio,real_panel_lstm_ratio__LSTM__cdnow__r039,1,0.146554445979006,1.7097173708589521,-5.526754037737743,19.955883779720313,0.43726089393653755
O,cdnow,2y,LSTM + ratio,real_panel_lstm_ratio__LSTM__cdnow__r040,1,0.14741306563221057,1.7473734613128207,45.3532459799046,47.95926172240796,0.4342562483937082
O,cdnow,2y,LSTM + ratio,real_panel_lstm_ratio__LSTM__cdnow__r041,1,0.14857334035278422,1.8717510244411366,37.79556784882021,40.77203207757397,0.4415975095179856
O,cdnow,2y,LSTM + ratio,real_panel_lstm_ratio__LSTM__cdnow__r042,1,0.1472030556165177,1.7256012953505577,59.622480850580565,71.25941988126192,0.4271890990080233
O,cdnow,2y,LSTM + ratio,real_panel_lstm_ratio__LSTM__cdnow__r043,1,0.1457829024082774,1.6582788000875412,31.07767871447075,33.885910843036854,0.4358024618246508
O,cdnow,2y,LSTM + ratio,real_panel_lstm_ratio__LSTM__cdnow__r044,1,0.14621208880987244,1.6507051754465936,15.27546233044166,23.904485815121028,0.44033150549073147
O,cdnow,2y,LSTM + ratio,real_panel_lstm_ratio__LSTM__cdnow__r045,1,0.146594779451334,1.6966176540562574,42.40633314132602,45.44042267397984,0.43987185753533914
O,cdnow,2y,LSTM + ratio,real_panel_lstm_ratio__LSTM__cdnow__r046,1,0.14603658619154894,1.6810022560507476,25.669129805032238,32.75704512698196,0.42722353005482117
O,cdnow,2y,LSTM + ratio,real_panel_lstm_ratio__LSTM__cdnow__r047,1,0.15235099846940645,2.1714556738706117,40.622375226274706,42.931610007431075,0.42340223333655874
O,cdnow,2y,LSTM + ratio,real_panel_lstm_ratio__LSTM__cdnow__r048,1,0.1468831621265729,1.732561091233706,36.3210560033209,38.92242796426636,0.421221158446874
O,cdnow,2y,LSTM + ratio,real_panel_lstm_ratio__LSTM__cdnow__r049,1,0.1462290349876058,1.690467692177015,-11.261846354651631,20.83039556731941,0.4437862814819397
O,cdnow,2y,LSTM + ratio,real_panel_lstm_ratio__LSTM__cdnow__r050,1,0.1458038745579522,1.6513159224803926,-4.9449070507667345,18.65445902777499,0.45943604872585525
O,cdnow,2y,LSTM + ratio,real_panel_lstm_ratio__LSTM__cdnow__r051,1,0.14645545057869347,1.725938348177038,53.457309313850544,54.76918259411935,0.4336083324695777
O,cdnow,2y,LSTM + ratio,real_panel_lstm_ratio__LSTM__cdnow__r052,1,0.14594668924777332,1.6717380889276237,-5.898574603190911,20.12464374429142,0.4444498558272246
O,cdnow,2y,LSTM + ratio,real_panel_lstm_ratio__LSTM__cdnow__r053,1,0.1461634776276466,1.6720505273051713,42.249710360433625,45.05498729825574,0.4419278894971749
O,cdnow,2y,LSTM + ratio,real_panel_lstm_ratio__LSTM__cdnow__r054,1,0.1460743043055142,1.6814694217987751,1.2897103543251327,20.790712507220444,0.44319685663743213
O,cdnow,2y,LSTM + ratio,real_panel_lstm_ratio__LSTM__cdnow__r055,1,0.14616960251258224,1.6637370816300598,5.001900275741416,28.153139832171558,0.40794008099604584
O,cdnow,2y,LSTM + ratio,real_panel_lstm_ratio__LSTM__cdnow__r056,1,0.14593795903277196,1.648386282618623,11.967177378052854,28.06554105437518,0.4362778859590693
O,cdnow,2y,LSTM + ratio,real_panel_lstm_ratio__LSTM__cdnow__r057,1,0.14600672837261447,1.6779589784140836,5.040844873448833,20.542269306979758,0.433788020789086
O,cdnow,2y,LSTM + ratio,real_panel_lstm_ratio__LSTM__cdnow__r058,1,0.14606819170711902,1.6569562687629256,20.02870768306163,32.23345677102941,0.43031945269298927
O,cdnow,2y,LSTM + ratio,real_panel_lstm_ratio__LSTM__cdnow__r059,1,0.145893791487792,1.6632113626698657,-1.4375718696890012,18.94385223120873,0.4327131111693735
O,cdnow,2y,LSTM + ratio,real_panel_lstm_ratio__LSTM__cdnow__r060,1,0.1455366325690278,1.6141400804058577,-3.714827830389845,18.656253285956698,0.43323612484476937
O,cdnow,2y,LSTM + ratio,real_panel_lstm_ratio__LSTM__cdnow__r061,1,0.14615804770620117,1.670397045606632,42.25741480882592,44.966649549882845,0.4339492335809562
O,cdnow,2y,LSTM + ratio,real_panel_lstm_ratio__LSTM__cdnow__r062,1,0.14713826786565415,1.7416763959146873,28.864697182494314,34.324327577458256,0.42925414327536143
O,cdnow,2y,LSTM + ratio,real_panel_lstm_ratio__LSTM__cdnow__r063,1,0.14730565055986308,1.7903786856398185,-14.595355640023175,21.319788706926374,0.42456683202000683
O,cdnow,2y,LSTM + ratio,real_panel_lstm_ratio__LSTM__cdnow__r064,1,0.15027342176928554,2.158102795548501,62.17393208017411,62.89752044569991,0.45373833072927683
O,cdnow,2y,LSTM + ratio,real_panel_lstm_ratio__LSTM__cdnow__r065,1,0.14690196920683443,1.7316236100166797,55.89044924927389,57.99831194251436,0.4403991282991861
O,cdnow,2y,LSTM + ratio,real_panel_lstm_ratio__LSTM__cdnow__r066,1,0.14582697625417526,1.646878318578074,13.008127281255337,22.591029348387472,0.4314003317999372
O,cdnow,2y,LSTM + ratio,real_panel_lstm_ratio__LSTM__cdnow__r067,1,0.14605920164196606,1.6747258972225176,4.865752556533078,20.008971111856273,0.430436286628061
O,cdnow,2y,LSTM + ratio,real_panel_lstm_ratio__LSTM__cdnow__r068,1,0.14605977259287267,1.6637820769454101,18.4056997559545,26.241688935791267,0.446235154877363
O,cdnow,2y,LSTM + ratio,real_panel_lstm_ratio__LSTM__cdnow__r069,1,0.14582014825586237,1.6502708720208825,20.48918264411803,27.253298470308028,0.4415293684668217
O,cdnow,2y,LSTM + ratio,real_panel_lstm_ratio__LSTM__cdnow__r070,1,0.14570138373514885,1.638208851140938,1.1221114158048524,19.57192619151794,0.440599975196725
O,cdnow,2y,LSTM + ratio,real_panel_lstm_ratio__LSTM__cdnow__r071,1,0.14646813074221238,1.662479984741143,11.39736207028817,22.510818210970964,0.4395227374528869
O,cdnow,2y,LSTM + ratio,real_panel_lstm_ratio__LSTM__cdnow__r072,1,0.14565425603297583,1.631120889573311,-5.3275983035934695,19.272506566396313,0.4349568335961475
O,cdnow,2y,LSTM + ratio,real_panel_lstm_ratio__LSTM__cdnow__r073,1,0.14649664596159914,1.73608451896903,-20.160843724075473,26.05551416727683,0.4392755814638935
O,cdnow,2y,LSTM + ratio,real_panel_lstm_ratio__LSTM__cdnow__r074,1,0.14578668349270388,1.6287784726423804,3.9544070016659627,19.436200638780807,0.43396498068918654
O,cdnow,2y,LSTM + ratio,real_panel_lstm_ratio__LSTM__cdnow__r075,1,0.14588510375512367,1.6631417529117558,6.685910896142374,20.189234963569028,0.4511552294296638
O,cdnow,2y,LSTM + ratio,real_panel_lstm_ratio__LSTM__cdnow__r076,1,0.14640595199371634,1.6446326958156692,3.13540958327598,35.557150474987836,0.4448897799124373
O,cdnow,2y,LSTM + ratio,real_panel_lstm_ratio__LSTM__cdnow__r077,1,0.14635798574980985,1.6945915952210604,48.1754096274417,50.17161006386816,0.43902985343062695
O,cdnow,2y,LSTM + ratio,real_panel_lstm_ratio__LSTM__cdnow__r078,1,0.14626818012389184,1.6733667290934238,38.66596357331722,43.03197924723456,0.43076456639030813
O,cdnow,2y,LSTM + ratio,real_panel_lstm_ratio__LSTM__cdnow__r079,1,0.14673366768061413,1.7236271078228822,39.08063382348936,45.6516098297055,0.4241302039307244
O,cdnow,2y,LSTM + ratio,real_panel_lstm_ratio__LSTM__cdnow__r080,1,0.14606887881913058,1.6617744677069213,21.35377377433816,28.573615210435392,0.4389120863430499
O,cdnow,2y,LSTM + ratio,real_panel_lstm_ratio__LSTM__cdnow__r081,1,0.14606343672749614,1.6709468494390118,-0.333719724853344,19.433245456932294,0.4255417756458154
O,cdnow,2y,LSTM + ratio,real_panel_lstm_ratio__LSTM__cdnow__r082,1,0.14805922894205714,1.847465073692313,-9.81783583985125,20.27841675470005,0.433428291049809
O,cdnow,2y,LSTM + ratio,real_panel_lstm_ratio__LSTM__cdnow__r083,1,0.14599386115877847,1.6549606134658699,33.135409513316205,38.22015864494437,0.4282716362729684
O,cdnow,2y,LSTM + ratio,real_panel_lstm_ratio__LSTM__cdnow__r084,1,0.1469694306158795,1.7237030974142107,-2.394194650970159,18.729182067622073,0.436760685414954
O,cdnow,2y,LSTM + ratio,real_panel_lstm_ratio__LSTM__cdnow__r085,1,0.14624146656610526,1.676447882283397,27.046438558862445,32.68992118711881,0.440977837709788
O,cdnow,2y,LSTM + ratio,real_panel_lstm_ratio__LSTM__cdnow__r086,1,0.1477633896182426,1.8237743579113634,72.15102965732167,73.02110878524596,0.44013310427329444
O,cdnow,2y,LSTM + ratio,real_panel_lstm_ratio__LSTM__cdnow__r087,1,0.1460151862558319,1.665851864000081,-0.09287538755173509,21.942163606341364,0.4379118423706903
O,cdnow,2y,LSTM + ratio,real_panel_lstm_ratio__LSTM__cdnow__r088,1,0.14717931206115004,1.7349421979424062,13.473879239389033,24.531187621033634,0.44810586765401694
O,cdnow,2y,LSTM + ratio,real_panel_lstm_ratio__LSTM__cdnow__r089,1,0.1461193605561557,1.6456482149135794,32.50775777190501,39.12622721537709,0.4511310965900072
O,cdnow,2y,LSTM + ratio,real_panel_lstm_ratio__LSTM__cdnow__r090,1,0.14646032889062563,1.7357885512671531,-2.6638517190279063,19.14807394904998,0.45098082052230404
O,cdnow,2y,LSTM + ratio,real_panel_lstm_ratio__LSTM__cdnow__r091,1,0.14615430838926305,1.672965702659058,10.93593723197156,23.795039819081595,0.43549393438145506
O,cdnow,2y,LSTM + ratio,real_panel_lstm_ratio__LSTM__cdnow__r092,1,0.14607102641229366,1.6795475075030117,5.691715585372384,21.226490947828214,0.4375950996580448
O,cdnow,2y,LSTM + ratio,real_panel_lstm_ratio__LSTM__cdnow__r093,1,0.14797977294245898,1.924432794456626,-1.0595245706902323,19.504485591044396,0.4557062497034772
O,cdnow,2y,LSTM + ratio,real_panel_lstm_ratio__LSTM__cdnow__r094,1,0.14896055781460196,2.0304959886405376,3.8421114175492517,19.985435505589226,0.43458514423361444
O,cdnow,2y,LSTM + ratio,real_panel_lstm_ratio__LSTM__cdnow__r095,1,0.14612115093530698,1.671014759404075,7.132137796219669,20.333614943642353,0.43621206007464014
O,cdnow,2y,LSTM + ratio,real_panel_lstm_ratio__LSTM__cdnow__r096,1,0.14667894222627334,1.7667076517609106,-33.43155615396648,37.78976209175424,0.4317306954768235
O,cdnow,2y,LSTM + ratio,real_panel_lstm_ratio__LSTM__cdnow__r097,1,0.1459760214518681,1.6618399625967937,8.443377877764782,20.948918379676066,0.43059312966889196
O,cdnow,2y,LSTM + ratio,real_panel_lstm_ratio__LSTM__cdnow__r098,1,0.14633939053021439,1.7038806406739937,52.675990031338976,53.90364170826384,0.44640959675601055
O,cdnow,2y,LSTM + ratio,real_panel_lstm_ratio__LSTM__cdnow__r099,1,0.1470443273718554,1.8024884688742633,-35.80717619714937,36.23145066585045,0.42811290734039265
O,cdnow,2y,LSTM + bounded32ratio,real_panel_lstm_bounded32ratio__LSTM__cdnow__r000,1,0.1457442805052816,1.6436991617944758,1.4612143277618737,19.48612147150926,0.43921400683410194
O,cdnow,2y,LSTM + bounded32ratio,real_panel_lstm_bounded32ratio__LSTM__cdnow__r001,1,0.14601365044438494,1.674219180224987,-22.629339766853466,30.523799154710968,0.4304445028832583
O,cdnow,2y,LSTM + bounded32ratio,real_panel_lstm_bounded32ratio__LSTM__cdnow__r002,1,0.145950436269946,1.6760005784177532,15.924011117196143,24.144802391823873,0.43810714201390477
O,cdnow,2y,LSTM + bounded32ratio,real_panel_lstm_bounded32ratio__LSTM__cdnow__r003,1,0.14629893476012246,1.6906928215227708,43.90944657643309,46.962955700661,0.409597297323907
O,cdnow,2y,LSTM + bounded32ratio,real_panel_lstm_bounded32ratio__LSTM__cdnow__r004,1,0.14614703433672735,1.6686925387204086,12.029763089239621,29.91071255620817,0.43477408893449865
O,cdnow,2y,LSTM + bounded32ratio,real_panel_lstm_bounded32ratio__LSTM__cdnow__r005,1,0.14788851191972027,1.8239805973787582,79.14153089472823,80.38248074025954,0.4273729990172984
O,cdnow,2y,LSTM + bounded32ratio,real_panel_lstm_bounded32ratio__LSTM__cdnow__r006,1,0.1457065541543964,1.63715962009328,25.710924086418785,30.344380321285726,0.43870619060330146
O,cdnow,2y,LSTM + bounded32ratio,real_panel_lstm_bounded32ratio__LSTM__cdnow__r007,1,0.14616614986923515,1.6902597608617864,20.03292934962905,29.335092636756496,0.4300985486707548
O,cdnow,2y,LSTM + bounded32ratio,real_panel_lstm_bounded32ratio__LSTM__cdnow__r008,1,0.14587659445377218,1.6534857988484335,15.488021631557842,25.80633271420438,0.43450766382507816
O,cdnow,2y,LSTM + bounded32ratio,real_panel_lstm_bounded32ratio__LSTM__cdnow__r009,1,0.14601516138555057,1.6320224369968919,30.88158375680634,43.22036972214116,0.45009525927673144
O,cdnow,2y,LSTM + bounded32ratio,real_panel_lstm_bounded32ratio__LSTM__cdnow__r010,1,0.14607705102561785,1.6629912538089275,2.1280216677775923,22.357678299396184,0.4371270283581984
O,cdnow,2y,LSTM + bounded32ratio,real_panel_lstm_bounded32ratio__LSTM__cdnow__r011,1,0.1455444653989111,1.6112889404446995,10.3541958667852,26.04643820130103,0.44432649208399283
O,cdnow,2y,LSTM + bounded32ratio,real_panel_lstm_bounded32ratio__LSTM__cdnow__r012,1,0.14645241991968708,1.6966429949429591,44.385435933045514,46.499208943982076,0.4434852690225102
O,cdnow,2y,LSTM + bounded32ratio,real_panel_lstm_bounded32ratio__LSTM__cdnow__r013,1,0.1458512409682305,1.6538820446337397,27.63799526331814,33.176992431879995,0.42411493989221105
O,cdnow,2y,LSTM + bounded32ratio,real_panel_lstm_bounded32ratio__LSTM__cdnow__r014,1,0.14650349364928175,1.6894212702522398,18.289815894374556,30.89583146769179,0.422780936540907
O,cdnow,2y,LSTM + bounded32ratio,real_panel_lstm_bounded32ratio__LSTM__cdnow__r015,1,0.14583624497032047,1.66233931408808,-1.1891286804202632,18.772031717631446,0.44147655180757434
O,cdnow,2y,LSTM + bounded32ratio,real_panel_lstm_bounded32ratio__LSTM__cdnow__r016,1,0.14565412457159255,1.64704773629502,1.1979953183896277,19.24907664969893,0.4309156319272737
O,cdnow,2y,LSTM + bounded32ratio,real_panel_lstm_bounded32ratio__LSTM__cdnow__r017,1,0.14759902831651223,1.7939501815631516,39.2886548967401,41.47609546958724,0.41975558904663235
O,cdnow,2y,LSTM + bounded32ratio,real_panel_lstm_bounded32ratio__LSTM__cdnow__r018,1,0.14654558802894233,1.7077227434850586,53.15630664806892,54.646755118146466,0.42502815362432966
O,cdnow,2y,LSTM + bounded32ratio,real_panel_lstm_bounded32ratio__LSTM__cdnow__r019,1,0.146248270863055,1.6851903188789956,27.92327242074048,36.53815336595463,0.4260087241923429
O,cdnow,2y,LSTM + bounded32ratio,real_panel_lstm_bounded32ratio__LSTM__cdnow__r020,1,0.1458057643200586,1.6502579530924135,2.7243277190329853,19.90701859577316,0.4280149643540185
O,cdnow,2y,LSTM + bounded32ratio,real_panel_lstm_bounded32ratio__LSTM__cdnow__r021,1,0.14610458183133773,1.6825814146540112,19.85857569839845,28.268496272606193,0.4368068702206535
O,cdnow,2y,LSTM + bounded32ratio,real_panel_lstm_bounded32ratio__LSTM__cdnow__r022,1,0.14598644902466476,1.6320546466274308,22.938997957064014,33.656464702914064,0.4423318421334091
O,cdnow,2y,LSTM + bounded32ratio,real_panel_lstm_bounded32ratio__LSTM__cdnow__r023,1,0.14561325414015286,1.6274877262576213,15.02469711503275,25.5604224098049,0.4285621159481431
O,cdnow,2y,LSTM + bounded32ratio,real_panel_lstm_bounded32ratio__LSTM__cdnow__r024,1,0.1527069787493238,1.978251297528655,115.74015901795028,127.10965749647919,0.25021854182801473
O,cdnow,2y,LSTM + bounded32ratio,real_panel_lstm_bounded32ratio__LSTM__cdnow__r025,1,0.146627502120813,1.6908585013402677,2.609077108763273,43.92073862578988,0.3856845928090732
O,cdnow,2y,LSTM + bounded32ratio,real_panel_lstm_bounded32ratio__LSTM__cdnow__r026,1,0.145724079887096,1.628719680924828,7.40242808025144,23.772453999928167,0.43961916154427083
O,cdnow,2y,LSTM + bounded32ratio,real_panel_lstm_bounded32ratio__LSTM__cdnow__r027,1,0.1464406702491909,1.7012165658198235,30.1830084891349,39.18522457300986,0.4478964117221846
O,cdnow,2y,LSTM + bounded32ratio,real_panel_lstm_bounded32ratio__LSTM__cdnow__r028,1,0.1467277591330058,1.7520914622866048,63.11366808025693,63.84232239598654,0.4348815283401416
O,cdnow,2y,LSTM + bounded32ratio,real_panel_lstm_bounded32ratio__LSTM__cdnow__r029,1,0.1462314884955288,1.6766671612444917,27.920000536027995,37.69836437227415,0.43885402393731454
O,cdnow,2y,LSTM + bounded32ratio,real_panel_lstm_bounded32ratio__LSTM__cdnow__r030,1,0.1460644374254963,1.6704194464547137,-6.882532410210775,25.217519659760352,0.44269373086862684
O,cdnow,2y,LSTM + bounded32ratio,real_panel_lstm_bounded32ratio__LSTM__cdnow__r031,1,0.14730418138938628,1.722020540959343,50.458892428618235,61.479683681796544,0.4137751132903733
O,cdnow,2y,LSTM + bounded32ratio,real_panel_lstm_bounded32ratio__LSTM__cdnow__r032,1,0.14621576369829434,1.6887845613854366,43.60538310430296,46.429868520465874,0.4368893755164431
O,cdnow,2y,LSTM + bounded32ratio,real_panel_lstm_bounded32ratio__LSTM__cdnow__r033,1,0.14602912062081408,1.6702242774077902,7.100264422133334,24.00580495465687,0.43594155877213575
O,cdnow,2y,LSTM + bounded32ratio,real_panel_lstm_bounded32ratio__LSTM__cdnow__r034,1,0.1512282683645095,1.890137357403169,80.59788981289154,84.00601628402329,0.3762097665358409
O,cdnow,2y,LSTM + bounded32ratio,real_panel_lstm_bounded32ratio__LSTM__cdnow__r035,1,0.14563227612416552,1.6479228738129759,7.758100848290926,20.413509430683163,0.4110397173183703
O,cdnow,2y,LSTM + bounded32ratio,real_panel_lstm_bounded32ratio__LSTM__cdnow__r036,1,0.14548010230090225,1.6207562555553812,-21.659946615739027,29.13751947736534,0.4351901429247663
O,cdnow,2y,LSTM + bounded32ratio,real_panel_lstm_bounded32ratio__LSTM__cdnow__r037,1,0.14602262647608774,1.6712233228377489,30.978892370984553,34.05435401413053,0.42963796742239546
O,cdnow,2y,LSTM + bounded32ratio,real_panel_lstm_bounded32ratio__LSTM__cdnow__r038,1,0.14618025140630594,1.6490273766888668,31.936148343629707,43.211082066581184,0.4223415871794041
O,cdnow,2y,LSTM + bounded32ratio,real_panel_lstm_bounded32ratio__LSTM__cdnow__r039,1,0.1458943555186919,1.641097855632822,26.211821173003003,32.775620416968955,0.439888403271888
O,cdnow,2y,LSTM + bounded32ratio,real_panel_lstm_bounded32ratio__LSTM__cdnow__r040,1,0.15090076190205065,2.1362599802923756,74.30775790931122,82.6115043837414,0.43705773560751987
O,cdnow,2y,LSTM + bounded32ratio,real_panel_lstm_bounded32ratio__LSTM__cdnow__r041,1,0.14661663919827758,1.7225826145914942,9.867019077005915,27.03092367710209,0.4365020834624566
O,cdnow,2y,LSTM + bounded32ratio,real_panel_lstm_bounded32ratio__LSTM__cdnow__r042,1,0.14611230648736614,1.7000558301936746,-23.956938730811004,26.03377259607963,0.4152283943479723
O,cdnow,2y,LSTM + bounded32ratio,real_panel_lstm_bounded32ratio__LSTM__cdnow__r043,1,0.1466348271346656,1.7111624316903402,51.75588452157675,56.54364155790948,0.4000452029235122
O,cdnow,2y,LSTM + bounded32ratio,real_panel_lstm_bounded32ratio__LSTM__cdnow__r044,1,0.1505477954636889,2.1871120709280243,37.11831190647897,44.02891851998461,0.40934923408757207
O,cdnow,2y,LSTM + bounded32ratio,real_panel_lstm_bounded32ratio__LSTM__cdnow__r045,1,0.14684505747607188,1.7111552744356364,28.65393193391941,33.98923516167822,0.4166943115128365
O,cdnow,2y,LSTM + bounded32ratio,real_panel_lstm_bounded32ratio__LSTM__cdnow__r046,1,0.1493643483888606,1.7954832713437379,82.91113529704482,89.4314516238538,0.4368638893973768
O,cdnow,2y,LSTM + bounded32ratio,real_panel_lstm_bounded32ratio__LSTM__cdnow__r047,1,0.147111291977565,1.7068665767227928,49.948285592432214,59.69393178222243,0.42096130236739326
O,cdnow,2y,LSTM + bounded32ratio,real_panel_lstm_bounded32ratio__LSTM__cdnow__r048,1,0.14584995179068175,1.6276740757540347,21.23799529414369,32.555778612736475,0.4182708287274846
O,cdnow,2y,LSTM + bounded32ratio,real_panel_lstm_bounded32ratio__LSTM__cdnow__r049,1,0.1456203205797098,1.6304186765380588,-13.49646375137387,21.833772759818334,0.4222730089997377
O,cdnow,2y,LSTM + bounded32ratio,real_panel_lstm_bounded32ratio__LSTM__cdnow__r050,1,0.14724216904871246,1.734978813571213,50.55229613601671,54.679367190502,0.4367851574220021
O,cdnow,2y,LSTM + bounded32ratio,real_panel_lstm_bounded32ratio__LSTM__cdnow__r051,1,0.14601485294467467,1.6594408306309383,20.659736732529446,32.54005307443478,0.42123416442450407
O,cdnow,2y,LSTM + bounded32ratio,real_panel_lstm_bounded32ratio__LSTM__cdnow__r052,1,0.1456723878958523,1.6259798585433396,20.722111414891714,31.22891845862252,0.4504518219768905
O,cdnow,2y,LSTM + bounded32ratio,real_panel_lstm_bounded32ratio__LSTM__cdnow__r053,1,0.1458363701819664,1.6566734286035962,34.20559425502849,37.04865488736064,0.43647103123317194
O,cdnow,2y,LSTM + bounded32ratio,real_panel_lstm_bounded32ratio__LSTM__cdnow__r054,1,0.1497683339117389,1.8068697222282715,95.85878704314527,107.22891867963101,0.3991612692227984
O,cdnow,2y,LSTM + bounded32ratio,real_panel_lstm_bounded32ratio__LSTM__cdnow__r055,1,0.14599991385643146,1.667394051565551,12.317362013014732,27.985541004623585,0.3882848779698933
O,cdnow,2y,LSTM + bounded32ratio,real_panel_lstm_bounded32ratio__LSTM__cdnow__r056,1,0.14576424278464759,1.6440649118462074,13.962639073600265,23.35007942442606,0.42551927361280123
O,cdnow,2y,LSTM + bounded32ratio,real_panel_lstm_bounded32ratio__LSTM__cdnow__r057,1,0.1459840629152463,1.6632932117548025,28.713984683003467,34.40643835974977,0.4355197933299325
O,cdnow,2y,LSTM + bounded32ratio,real_panel_lstm_bounded32ratio__LSTM__cdnow__r058,1,0.1469889285518893,1.6991126336584748,38.82205868760316,57.017519990176304,0.41440094978281633
O,cdnow,2y,LSTM + bounded32ratio,real_panel_lstm_bounded32ratio__LSTM__cdnow__r059,1,0.14647434005870727,1.6827940200873381,44.592823862776186,48.952084872048296,0.43739639342809333
O,cdnow,2y,LSTM + bounded32ratio,real_panel_lstm_bounded32ratio__LSTM__cdnow__r060,1,0.1460260132002462,1.6708557183972956,27.93129339835054,34.43746735094874,0.42411393801801966
O,cdnow,2y,LSTM + bounded32ratio,real_panel_lstm_bounded32ratio__LSTM__cdnow__r061,1,0.14585879140450847,1.6526917912563401,-4.230922868998918,19.998100281933848,0.4283646903069826
O,cdnow,2y,LSTM + bounded32ratio,real_panel_lstm_bounded32ratio__LSTM__cdnow__r062,1,0.14608296638855314,1.6671170689079338,26.48960487032413,35.3605280562959,0.4330614678432832
O,cdnow,2y,LSTM + bounded32ratio,real_panel_lstm_bounded32ratio__LSTM__cdnow__r063,1,0.14611186064194348,1.6616840067046614,19.50628021889222,31.035989667890913,0.42087334423399236
O,cdnow,2y,LSTM + bounded32ratio,real_panel_lstm_bounded32ratio__LSTM__cdnow__r064,1,0.14567279877634798,1.621820209330812,13.583430622097179,27.71134581316088,0.43002673887755655
O,cdnow,2y,LSTM + bounded32ratio,real_panel_lstm_bounded32ratio__LSTM__cdnow__r065,1,0.1459724202814625,1.6672548370225335,0.8669135686608027,25.468496074457683,0.4116793496974737
O,cdnow,2y,LSTM + bounded32ratio,real_panel_lstm_bounded32ratio__LSTM__cdnow__r066,1,0.14566571365920783,1.6419452599223543,3.8698686760698435,19.669973725701162,0.4327820232841168
O,cdnow,2y,LSTM + bounded32ratio,real_panel_lstm_bounded32ratio__LSTM__cdnow__r067,1,0.15805065103990593,2.4088720096802687,216.2958321888563,217.71810125794227,0.4319699157187866
O,cdnow,2y,LSTM + bounded32ratio,real_panel_lstm_bounded32ratio__LSTM__cdnow__r068,1,0.14594185951916905,1.6495527517218567,12.521583644714811,25.09234848954414,0.4385271881677146
O,cdnow,2y,LSTM + bounded32ratio,real_panel_lstm_bounded32ratio__LSTM__cdnow__r069,1,0.1461479854909776,1.6592962729440581,9.539103470939096,34.21920845606964,0.4282968043385183
O,cdnow,2y,LSTM + bounded32ratio,real_panel_lstm_bounded32ratio__LSTM__cdnow__r070,1,0.147127344326775,1.7652712650587525,35.000422704733694,43.620791848070596,0.4124418324752659
O,cdnow,2y,LSTM + bounded32ratio,real_panel_lstm_bounded32ratio__LSTM__cdnow__r071,1,0.1460135251370447,1.662062501390275,34.7360427328322,39.72580506236558,0.4404712810567716
O,cdnow,2y,LSTM + bounded32ratio,real_panel_lstm_bounded32ratio__LSTM__cdnow__r072,1,0.1459691446988291,1.6164933029190924,15.249182719523313,27.537308969475873,0.4399511197407758
O,cdnow,2y,LSTM + bounded32ratio,real_panel_lstm_bounded32ratio__LSTM__cdnow__r073,1,0.1457269085708853,1.638616758756413,4.886966366947272,19.624485659712786,0.4317044013324252
O,cdnow,2y,LSTM + bounded32ratio,real_panel_lstm_bounded32ratio__LSTM__cdnow__r074,1,0.14587634088294013,1.6529580252672744,-22.929498006916692,28.769498247368293,0.4234385950387394
O,cdnow,2y,LSTM + bounded32ratio,real_panel_lstm_bounded32ratio__LSTM__cdnow__r075,1,0.1463159395548075,1.6923672419648625,37.14712464412788,42.717361862041265,0.43624706761064286
O,cdnow,2y,LSTM + bounded32ratio,real_panel_lstm_bounded32ratio__LSTM__cdnow__r076,1,0.14591216437052862,1.6531018362782124,14.941425369474796,31.663957964837735,0.4121024319133031
O,cdnow,2y,LSTM + bounded32ratio,real_panel_lstm_bounded32ratio__LSTM__cdnow__r077,1,0.14589238892828246,1.656926940791048,15.65445968766965,30.085910490423966,0.41675792765164676
O,cdnow,2y,LSTM + bounded32ratio,real_panel_lstm_bounded32ratio__LSTM__cdnow__r078,1,0.14688112123609026,1.7251305252847517,44.41139900811135,53.97129317573544,0.41572839538416534
O,cdnow,2y,LSTM + bounded32ratio,real_panel_lstm_bounded32ratio__LSTM__cdnow__r079,1,0.14636108879805587,1.668402193973306,8.187652348754318,31.056886585330997,0.42940397852796663
O,cdnow,2y,LSTM + bounded32ratio,real_panel_lstm_bounded32ratio__LSTM__cdnow__r080,1,0.1457835717695991,1.6443262583065106,24.18723012436172,31.660580804551724,0.429384384469646
O,cdnow,2y,LSTM + bounded32ratio,real_panel_lstm_bounded32ratio__LSTM__cdnow__r081,1,0.14594474812245373,1.6572517080196343,32.32358896580203,38.42469692828568,0.42862810933449047
O,cdnow,2y,LSTM + bounded32ratio,real_panel_lstm_bounded32ratio__LSTM__cdnow__r082,1,0.1460284157424893,1.6567281876769486,11.149763135647204,26.447282516640737,0.42254901878520973
O,cdnow,2y,LSTM + bounded32ratio,real_panel_lstm_bounded32ratio__LSTM__cdnow__r083,1,0.1472694915086169,1.749109861046895,56.477678684950035,61.28675501321806,0.427354147646186
O,cdnow,2y,LSTM + bounded32ratio,real_panel_lstm_bounded32ratio__LSTM__cdnow__r084,1,0.14588401247472083,1.6482715074298362,-14.936569296818968,25.27493376467915,0.43066616670339414
O,cdnow,2y,LSTM + bounded32ratio,real_panel_lstm_bounded32ratio__LSTM__cdnow__r085,1,0.14607405261470313,1.6561239738136277,40.82406396726938,46.27820620969378,0.44070271525510635
O,cdnow,2y,LSTM + bounded32ratio,real_panel_lstm_bounded32ratio__LSTM__cdnow__r086,1,0.1460708108797983,1.684150054367961,34.46121430412742,38.656253703282445,0.4254805111594808
O,cdnow,2y,LSTM + bounded32ratio,real_panel_lstm_bounded32ratio__LSTM__cdnow__r087,1,0.1456548698280908,1.643414920812737,-8.024062645390755,18.554089626845347,0.43474163920757414
O,cdnow,2y,LSTM + bounded32ratio,real_panel_lstm_bounded32ratio__LSTM__cdnow__r088,1,0.14606080938978927,1.669817996101439,-13.820579884989284,31.087493148612737,0.41477643475228215
O,cdnow,2y,LSTM + bounded32ratio,real_panel_lstm_bounded32ratio__LSTM__cdnow__r089,1,0.1459977452717888,1.676492099171293,34.130132502512346,37.46395820784945,0.42894510977085204
O,cdnow,2y,LSTM + bounded32ratio,real_panel_lstm_bounded32ratio__LSTM__cdnow__r090,1,0.14651685885725346,1.7102285720066397,14.406016430802609,29.023219236482273,0.4167377735597053
O,cdnow,2y,LSTM + bounded32ratio,real_panel_lstm_bounded32ratio__LSTM__cdnow__r091,1,0.14757295769424478,1.764480200547726,65.06258635725167,76.52242781115207,0.3113604033693999
O,cdnow,2y,LSTM + bounded32ratio,real_panel_lstm_bounded32ratio__LSTM__cdnow__r092,1,0.14649778718593234,1.6897475212279303,37.79820645670326,50.706491078665294,0.39992383519788827
O,cdnow,2y,LSTM + bounded32ratio,real_panel_lstm_bounded32ratio__LSTM__cdnow__r093,1,0.1467633426089143,1.7153772199274935,52.37783701987156,61.250237868189465,0.43795166259819035
O,cdnow,2y,LSTM + bounded32ratio,real_panel_lstm_bounded32ratio__LSTM__cdnow__r094,1,0.1457013773188337,1.6375900838810233,6.558628572165617,22.64137227722192,0.440538648546672
O,cdnow,2y,LSTM + bounded32ratio,real_panel_lstm_bounded32ratio__LSTM__cdnow__r095,1,0.14550899892804528,1.6140518467934597,9.720739374664422,25.876095199313585,0.4440184394283612
O,cdnow,2y,LSTM + bounded32ratio,real_panel_lstm_bounded32ratio__LSTM__cdnow__r096,1,0.1460756546723923,1.6912624894534938,-0.08042161043329898,22.545646400876482,0.4374251904950265
O,cdnow,2y,LSTM + bounded32ratio,real_panel_lstm_bounded32ratio__LSTM__cdnow__r097,1,0.146331148524648,1.7063074209846998,67.34279742187957,68.07124065993324,0.44429211933265705
O,cdnow,2y,LSTM + bounded32ratio,real_panel_lstm_bounded32ratio__LSTM__cdnow__r098,1,0.1464244398221336,1.7199699572022475,-25.81920784135124,33.0880207626032,0.4251358556633251
O,cdnow,2y,LSTM + bounded32ratio,real_panel_lstm_bounded32ratio__LSTM__cdnow__r099,1,0.14716917065827617,1.7678168998772967,32.69393198983356,47.983219218968586,0.4120912551366956
N,electronics,2y,ValendinLSTM,real_panel_benchmarks__ValendinLSTM__electronics__r00,1,0.37674305550575865,3.604192629678842,43.7595096509458,63.753238152496685,0.022511300806696763
N,electronics,2y,ValendinLSTM,real_panel_benchmarks__ValendinLSTM__electronics__r01,1,0.3766688750192078,3.590058625965753,38.64567185272453,67.64008207137142,0.02944260907928362
N,electronics,2y,ValendinLSTM,real_panel_benchmarks__ValendinLSTM__electronics__r02,1,0.3770986359999373,3.6514571604652213,55.6730747501915,75.84076370004668,0.07110585148739534
N,electronics,2y,ValendinLSTM,real_panel_benchmarks__ValendinLSTM__electronics__r03,1,0.3775241785041812,3.708229739864564,64.25385188289742,80.70374949471464,-0.0027035647321287624
N,electronics,2y,ValendinLSTM,real_panel_benchmarks__ValendinLSTM__electronics__r04,1,0.3771887551034561,3.6732991819659513,57.26871215941496,71.41186119452105,-0.038981330796027946
N,electronics,2y,ValendinLSTM,real_panel_benchmarks__ValendinLSTM__electronics__r05,1,0.3768139102153404,3.6099721167711976,44.09120700870588,68.90075005982611,0.04360652453324207
N,electronics,2y,ValendinLSTM,real_panel_benchmarks__ValendinLSTM__electronics__r06,1,0.37644882855110356,3.5695723027719297,31.396864767388735,57.194001609732446,0.034778379445677556
N,electronics,2y,ValendinLSTM,real_panel_benchmarks__ValendinLSTM__electronics__r07,1,0.37677782359966955,3.588230910606332,38.35051168283548,70.06748487800544,0.026220316438262316
N,electronics,2y,ValendinLSTM,real_panel_benchmarks__ValendinLSTM__electronics__r08,1,0.3768058796997592,3.5937580312998105,38.49556958521866,66.48929808072958,0.05889537315357253
N,electronics,2y,ValendinLSTM,real_panel_benchmarks__ValendinLSTM__electronics__r09,1,0.37705605047773605,3.6561693502030574,55.840354914990805,74.26134994880105,0.06582836129456245
N,electronics,2y,ValendinLSTM,real_panel_benchmarks__ValendinLSTM__electronics__r10,1,0.3774476088344327,3.6456911594799113,52.35092070149836,78.42263151195095,0.031351378132797925
N,electronics,2y,ValendinLSTM,real_panel_benchmarks__ValendinLSTM__electronics__r11,1,0.3774296901634229,3.6576588831007437,55.9462853958137,77.76550814790623,0.08270707502754229
N,electronics,2y,ValendinLSTM,real_panel_benchmarks__ValendinLSTM__electronics__r12,1,0.3769102743755118,3.701566912415314,62.74110480727795,76.25766908994346,-0.009338486146500466
N,electronics,2y,ValendinLSTM,real_panel_benchmarks__ValendinLSTM__electronics__r13,1,0.37661125303930043,3.517441666573625,0.7957740314652755,64.27852763594701,0.060921660270529844
N,electronics,2y,ValendinLSTM,real_panel_benchmarks__ValendinLSTM__electronics__r14,1,0.37739130414603883,3.572557563408751,32.51220219295292,73.45862323956291,0.039714594737008266
N,electronics,2y,ValendinLSTM,real_panel_benchmarks__ValendinLSTM__electronics__r15,1,0.37667778973712057,3.593618366101741,39.018268990216,67.23258370105374,0.022221738062393765
N,electronics,2y,ValendinLSTM,real_panel_benchmarks__ValendinLSTM__electronics__r16,1,0.37678274409680973,3.6307685507476504,47.434083570712765,67.42726674778908,-0.012493481409763193
N,electronics,2y,ValendinLSTM,real_panel_benchmarks__ValendinLSTM__electronics__r17,1,0.37711921976496365,3.7107795999769215,66.97518800095794,81.64730783210373,0.07746603800520985
N,electronics,2y,ValendinLSTM,real_panel_benchmarks__ValendinLSTM__electronics__r18,1,0.37690526507020183,3.632434489080326,48.8674851256944,68.2248127790854,-0.008584994850771016
N,electronics,2y,ValendinLSTM,real_panel_benchmarks__ValendinLSTM__electronics__r19,1,0.37695088519206177,3.616285493366908,46.23844627698525,65.05753269095928,0.040718911825039776
O,electronics,2y,LSTM + bounded32,real_panel_lstm_bounded32__LSTM__electronics__r000,1,0.37569677286786884,3.402495819336699,-3.3158824003468497,42.05644168342185,0.2136914650739151
O,electronics,2y,LSTM + bounded32,real_panel_lstm_bounded32__LSTM__electronics__r001,1,0.3754580628762808,3.3245253044180716,-6.986502695405991,43.411315579110806,0.2845345784091271
O,electronics,2y,LSTM + bounded32,real_panel_lstm_bounded32__LSTM__electronics__r002,1,0.3758250905120052,3.429858670433983,0.29338821256108216,45.06339466460517,0.25468801018633236
O,electronics,2y,LSTM + bounded32,real_panel_lstm_bounded32__LSTM__electronics__r003,1,0.3757367937332921,3.401979441783525,19.015542296857667,49.11370157431132,0.2770268736441602
O,electronics,2y,LSTM + bounded32,real_panel_lstm_bounded32__LSTM__electronics__r004,1,0.37561882613528746,3.392662376653541,-20.099386153822152,44.75160181652833,0.2528502232753199
O,electronics,2y,LSTM + bounded32,real_panel_lstm_bounded32__LSTM__electronics__r005,1,0.37526069327033457,3.2836582959900498,4.7735518037391715,42.15650995102935,0.29778315573240316
O,electronics,2y,LSTM + bounded32,real_panel_lstm_bounded32__LSTM__electronics__r006,1,0.37583209702755305,3.3799294939013405,3.2587597130757837,45.60449897596038,0.2628455510051283
O,electronics,2y,LSTM + bounded32,real_panel_lstm_bounded32__LSTM__electronics__r007,1,0.37542520829812004,3.30826879774743,5.20763498446533,40.03271988339735,0.29058276189420534
O,electronics,2y,LSTM + bounded32,real_panel_lstm_bounded32__LSTM__electronics__r008,1,0.37568243776657256,3.383135406265596,-18.194137363797577,44.693387814368315,0.33007617967678105
O,electronics,2y,LSTM + bounded32,real_panel_lstm_bounded32__LSTM__electronics__r009,1,0.37587365885271834,3.4760117161857127,-13.84362614722827,45.05207903088651,0.23611699274138498
O,electronics,2y,LSTM + bounded32,real_panel_lstm_bounded32__LSTM__electronics__r010,1,0.3757091825049482,3.3318347895549585,40.184322173149035,54.89788708418611,0.31864394772308724
O,electronics,2y,LSTM + bounded32,real_panel_lstm_bounded32__LSTM__electronics__r011,1,0.3754859997456635,3.29412873566755,5.915883149498925,40.116837163787146,0.3217951949161297
O,electronics,2y,LSTM + bounded32,real_panel_lstm_bounded32__LSTM__electronics__r012,1,0.37620491452453486,3.456135993548186,53.08439036753161,64.5376962694658,0.30918616314953984
O,electronics,2y,LSTM + bounded32,real_panel_lstm_bounded32__LSTM__electronics__r013,1,0.37592539421139465,3.475313470988581,-17.270074673403425,45.92992495716853,0.2481258328159825
O,electronics,2y,LSTM + bounded32,real_panel_lstm_bounded32__LSTM__electronics__r014,1,0.3756230469252492,3.3927449481537924,-27.694205524658383,45.72419893628543,0.2551750283210237
O,electronics,2y,LSTM + bounded32,real_panel_lstm_bounded32__LSTM__electronics__r015,1,0.3759370866811108,3.48549696376251,-16.64839777738394,44.335378266108535,0.1737380875682837
O,electronics,2y,LSTM + bounded32,real_panel_lstm_bounded32__LSTM__electronics__r016,1,0.3758953839894592,3.4236427469249975,8.53087967529883,41.411860942876736,0.22919575912495982
O,electronics,2y,LSTM + bounded32,real_panel_lstm_bounded32__LSTM__electronics__r017,1,0.3759121968896523,3.461841895357822,1.1520112431705303,43.43721880885405,0.17133052420832665
O,electronics,2y,LSTM + bounded32,real_panel_lstm_bounded32__LSTM__electronics__r018,1,0.3755496483488162,3.3522463951757944,0.14819396713999003,43.00436266853797,0.27983147003145215
O,electronics,2y,LSTM + bounded32,real_panel_lstm_bounded32__LSTM__electronics__r019,1,0.3756300410129517,3.371287506346572,23.321200119859547,48.25153388743218,0.2800229741452809
O,electronics,2y,LSTM + bounded32,real_panel_lstm_bounded32__LSTM__electronics__r020,1,0.37583211652088816,3.4842279988489593,-15.061076711809442,41.921608644345916,0.24202968409769984
O,electronics,2y,LSTM + bounded32,real_panel_lstm_bounded32__LSTM__electronics__r021,1,0.37571325507121994,3.3944624115343975,8.53933232026029,44.120790779920064,0.3051439747284399
O,electronics,2y,LSTM + bounded32,real_panel_lstm_bounded32__LSTM__electronics__r022,1,0.37580726385533014,3.432256327035335,-15.91683678018245,43.772324425169614,0.2594145394277518
O,electronics,2y,LSTM + bounded32,real_panel_lstm_bounded32__LSTM__electronics__r023,1,0.3755122661182706,3.296954122470052,2.464349352882768,41.97573277598719,0.3247585286053298
O,electronics,2y,LSTM + bounded32,real_panel_lstm_bounded32__LSTM__electronics__r024,1,0.3758289383750282,3.444061109553064,-26.484798588225107,47.29461479186441,0.3036402285885039
O,electronics,2y,LSTM + bounded32,real_panel_lstm_bounded32__LSTM__electronics__r025,1,0.375784430246342,3.427247744876336,-13.454669083871234,42.77191541578885,0.2833597434579401
O,electronics,2y,LSTM + bounded32,real_panel_lstm_bounded32__LSTM__electronics__r026,1,0.37582228006689355,3.4314405435858575,1.0374918208508983,42.900613485898965,0.25340760053663636
O,electronics,2y,LSTM + bounded32,real_panel_lstm_bounded32__LSTM__electronics__r027,1,0.37610138282000977,3.477206056171806,-2.495432548125379,48.39318337799165,0.17434543164758784
O,electronics,2y,LSTM + bounded32,real_panel_lstm_bounded32__LSTM__electronics__r028,1,0.3753776147154122,3.2518363415271527,-2.4164958822084452,41.72638030586245,0.2897048146872804
O,electronics,2y,LSTM + bounded32,real_panel_lstm_bounded32__LSTM__electronics__r029,1,0.37584064446787413,3.4382638361723044,3.5896390744108526,42.446080433908165,0.265041716532143
O,electronics,2y,LSTM + bounded32,real_panel_lstm_bounded32__LSTM__electronics__r030,1,0.37594836253137515,3.49924743666275,-17.145330292485834,44.933196958586144,0.12867811500552725
O,electronics,2y,LSTM + bounded32,real_panel_lstm_bounded32__LSTM__electronics__r031,1,0.3755068601928719,3.3211742637562396,-5.239536148088524,41.97191546616178,0.26994330065755795
O,electronics,2y,LSTM + bounded32,real_panel_lstm_bounded32__LSTM__electronics__r032,1,0.3758192466435418,3.3920185646376164,-23.317791101882825,45.88302653133693,0.23637422011462994
O,electronics,2y,LSTM + bounded32,real_panel_lstm_bounded32__LSTM__electronics__r033,1,0.37572306919553183,3.412398808646843,33.87852796496546,51.91588295677931,0.28979318594182213
O,electronics,2y,LSTM + bounded32,real_panel_lstm_bounded32__LSTM__electronics__r034,1,0.37598924962901853,3.477384033816733,-34.91492812303063,50.20518055407557,0.2400471825446842
O,electronics,2y,LSTM + bounded32,real_panel_lstm_bounded32__LSTM__electronics__r035,1,0.37555966253995193,3.3250486871450873,4.3916840842513025,44.09202455291262,0.2665597221944664
O,electronics,2y,LSTM + bounded32,real_panel_lstm_bounded32__LSTM__electronics__r036,1,0.3754077000587525,3.281249027228238,-4.514791749242688,42.62685749972469,0.2896580084304289
O,electronics,2y,LSTM + bounded32,real_panel_lstm_bounded32__LSTM__electronics__r037,1,0.37565531235924143,3.319557921778188,18.65207950337622,41.253033591956154,0.3057878344940229
O,electronics,2y,LSTM + bounded32,real_panel_lstm_bounded32__LSTM__electronics__r038,1,0.3758454114685076,3.3955266741816468,46.948466711565125,60.70497644590314,0.3075727949786962
O,electronics,2y,LSTM + bounded32,real_panel_lstm_bounded32__LSTM__electronics__r039,1,0.37572142254361324,3.322398655467743,-6.00081766584498,44.67321060203972,0.2472816541679064
O,electronics,2y,LSTM + bounded32,real_panel_lstm_bounded32__LSTM__electronics__r040,1,0.3759587406478449,3.481122040354455,-16.56632552844889,45.04594404687477,0.2640822712011646
O,electronics,2y,LSTM + bounded32,real_panel_lstm_bounded32__LSTM__electronics__r041,1,0.375429869366638,3.3088077494176034,2.870757025352161,42.45276078353262,0.26711937860918644
O,electronics,2y,LSTM + bounded32,real_panel_lstm_bounded32__LSTM__electronics__r042,1,0.37573542572503554,3.2897188337072216,43.130743390107156,57.376414658701655,0.33371011537634454
O,electronics,2y,LSTM + bounded32,real_panel_lstm_bounded32__LSTM__electronics__r043,1,0.3755284980892176,3.330936605059785,-11.43217415291125,44.763326486820205,0.2650786603785959
O,electronics,2y,LSTM + bounded32,real_panel_lstm_bounded32__LSTM__electronics__r044,1,0.3759193158149194,3.4395147427082002,-19.283844274468844,43.92924327255706,0.24012180853279363
O,electronics,2y,LSTM + bounded32,real_panel_lstm_bounded32__LSTM__electronics__r045,1,0.37571877506321744,3.440258632403397,-29.248534113847494,47.3336058958442,0.2812660140364922
O,electronics,2y,LSTM + bounded32,real_panel_lstm_bounded32__LSTM__electronics__r046,1,0.37556476306864667,3.3058005872522465,-1.9412403150945974,42.60027269204606,0.25807845485534553
O,electronics,2y,LSTM + bounded32,real_panel_lstm_bounded32__LSTM__electronics__r047,1,0.3758215157841524,3.4565653103796867,-26.695705224438132,46.54492154363837,0.2562529918506281
O,electronics,2y,LSTM + bounded32,real_panel_lstm_bounded32__LSTM__electronics__r048,1,0.3755449219509859,3.354637797377473,-1.470892628414989,39.429720456539904,0.2871531844029622
O,electronics,2y,LSTM + bounded32,real_panel_lstm_bounded32__LSTM__electronics__r049,1,0.3755363384788968,3.366078868041479,-20.531560698220783,43.75473750645998,0.27889461811175176
O,electronics,2y,LSTM + bounded32,real_panel_lstm_bounded32__LSTM__electronics__r050,1,0.3759128004233717,3.366689357263901,38.5878668151142,55.80422654271819,0.28482548427295584
O,electronics,2y,LSTM + bounded32,real_panel_lstm_bounded32__LSTM__electronics__r051,1,0.37564573768270365,3.393953837671775,-17.076073298449913,43.81608717734264,0.2708630462311459
O,electronics,2y,LSTM + bounded32,real_panel_lstm_bounded32__LSTM__electronics__r052,1,0.3757835514425217,3.3710625172719744,11.452488434369455,47.13646905139927,0.24983515174286713
O,electronics,2y,LSTM + bounded32,real_panel_lstm_bounded32__LSTM__electronics__r053,1,0.37563592190501566,3.348359520534719,-11.536604976700648,44.162099498521535,0.26182094548102613
O,electronics,2y,LSTM + bounded32,real_panel_lstm_bounded32__LSTM__electronics__r054,1,0.37570590391038244,3.422408923174674,-6.256850363798538,39.449216015275056,0.2548288186865393
O,electronics,2y,LSTM + bounded32,real_panel_lstm_bounded32__LSTM__electronics__r055,1,0.37556485459702793,3.3607956667008008,-25.725153015101935,46.468166222344486,0.27176493429357335
O,electronics,2y,LSTM + bounded32,real_panel_lstm_bounded32__LSTM__electronics__r056,1,0.37608876889529863,3.3959635852204366,44.95064804708826,58.80040925138336,0.2843563300308576
O,electronics,2y,LSTM + bounded32,real_panel_lstm_bounded32__LSTM__electronics__r057,1,0.375736605427604,3.3297213771124987,23.92174543237686,47.576278270918614,0.2958753314551371
O,electronics,2y,LSTM + bounded32,real_panel_lstm_bounded32__LSTM__electronics__r058,1,0.3755325591348113,3.350191370416805,-8.741921941234379,43.65289703942518,0.2810249234799807
O,electronics,2y,LSTM + bounded32,real_panel_lstm_bounded32__LSTM__electronics__r059,1,0.37591585133669875,3.4793951345393226,-17.123653393174788,45.69516012858697,0.19352436582309562
O,electronics,2y,LSTM + bounded32,real_panel_lstm_bounded32__LSTM__electronics__r060,1,0.37551894660276447,3.3623000238434373,-14.987729745806048,43.92978864199475,0.2652557228551189
O,electronics,2y,LSTM + bounded32,real_panel_lstm_bounded32__LSTM__electronics__r061,1,0.375788157668502,3.413755408815025,-13.572324161184916,44.796318991202405,0.25895392113323423
O,electronics,2y,LSTM + bounded32,real_panel_lstm_bounded32__LSTM__electronics__r062,1,0.3759128628661163,3.4532413633494707,-15.2507154236726,41.3221539941254,0.2583521028496036
O,electronics,2y,LSTM + bounded32,real_panel_lstm_bounded32__LSTM__electronics__r063,1,0.37570211662929365,3.406832345969707,-18.78050412851301,43.2955691232216,0.23635447405928942
O,electronics,2y,LSTM + bounded32,real_panel_lstm_bounded32__LSTM__electronics__r064,1,0.37541852318074836,3.267520686048748,23.43135687343868,47.602045159750695,0.3129900437556858
O,electronics,2y,LSTM + bounded32,real_panel_lstm_bounded32__LSTM__electronics__r065,1,0.3756678878632395,3.3544802878124966,-1.6593043317374552,40.4786639438495,0.28588633228597116
O,electronics,2y,LSTM + bounded32,real_panel_lstm_bounded32__LSTM__electronics__r066,1,0.37567819135377134,3.4196027857538382,-23.81826825884336,45.52842529624545,0.29534256924073277
O,electronics,2y,LSTM + bounded32,real_panel_lstm_bounded32__LSTM__electronics__r067,1,0.37580762508207477,3.3974621400220557,-14.601226652710332,43.45248801619114,0.2796380247665077
O,electronics,2y,LSTM + bounded32,real_panel_lstm_bounded32__LSTM__electronics__r068,1,0.3755895721073404,3.3814854350753767,-20.393864714096907,43.49243347904435,0.2582182292588203
O,electronics,2y,LSTM + bounded32,real_panel_lstm_bounded32__LSTM__electronics__r069,1,0.3758291642843225,3.4449850878795187,-5.517109422249451,42.75310151961435,0.23933925943886028
O,electronics,2y,LSTM + bounded32,real_panel_lstm_bounded32__LSTM__electronics__r070,1,0.3756066860108676,3.3155601732825013,-2.5040214844957096,44.045671414639145,0.2647509944998474
O,electronics,2y,LSTM + bounded32,real_panel_lstm_bounded32__LSTM__electronics__r071,1,0.3755100473612144,3.355950535405176,-3.166461848649533,41.26080434439905,0.23820235083009064
O,electronics,2y,LSTM + bounded32,real_panel_lstm_bounded32__LSTM__electronics__r072,1,0.3755949890759796,3.2574084272336994,21.572461215132787,46.68329942608965,0.2992898390405783
O,electronics,2y,LSTM + bounded32,real_panel_lstm_bounded32__LSTM__electronics__r073,1,0.3756174750090228,3.3216555108001247,16.923245105825004,43.64308130491872,0.33203931802268455
O,electronics,2y,LSTM + bounded32,real_panel_lstm_bounded32__LSTM__electronics__r074,1,0.37582325703614233,3.4243349667441128,-22.696114190960277,45.92828895190724,0.16320366746324014
O,electronics,2y,LSTM + bounded32,real_panel_lstm_bounded32__LSTM__electronics__r075,1,0.37579607548839555,3.4239532069428478,31.575460555066687,52.6306750512019,0.30789389094988723
O,electronics,2y,LSTM + bounded32,real_panel_lstm_bounded32__LSTM__electronics__r076,1,0.3755111699619325,3.3260653838016974,9.594274388820358,43.51438313072523,0.22515865210009267
O,electronics,2y,LSTM + bounded32,real_panel_lstm_bounded32__LSTM__electronics__r077,1,0.3758280417789976,3.482930015986606,-16.25453272422416,44.92937963803178,0.18565193779126055
O,electronics,2y,LSTM + bounded32,real_panel_lstm_bounded32__LSTM__electronics__r078,1,0.37523932135690874,3.2466178010149216,12.334151685729132,44.34478530205082,0.30325660078680605
O,electronics,2y,LSTM + bounded32,real_panel_lstm_bounded32__LSTM__electronics__r079,1,0.37581215854650896,3.3964398767331705,5.470484328007261,44.58459445783877,0.26460020525038985
O,electronics,2y,LSTM + bounded32,real_panel_lstm_bounded32__LSTM__electronics__r080,1,0.37570383401097057,3.341583650924588,10.000000345512934,40.95323794908962,0.2693725809621303
O,electronics,2y,LSTM + bounded32,real_panel_lstm_bounded32__LSTM__electronics__r081,1,0.37583553842606154,3.4759773359328907,-17.684662240464174,44.255896298444625,0.196921850707639
O,electronics,2y,LSTM + bounded32,real_panel_lstm_bounded32__LSTM__electronics__r082,1,0.37580418526435705,3.3891682505851923,19.379550484678727,45.09979565869109,0.3134263684788204
O,electronics,2y,LSTM + bounded32,real_panel_lstm_bounded32__LSTM__electronics__r083,1,0.375663409230479,3.431431281405382,-15.051806087278198,38.75351050234101,0.2344811313981494
O,electronics,2y,LSTM + bounded32,real_panel_lstm_bounded32__LSTM__electronics__r084,1,0.3754141698477015,3.2932077091081124,-1.561690198293241,36.53156099972412,0.25121411215568334
O,electronics,2y,LSTM + bounded32,real_panel_lstm_bounded32__LSTM__electronics__r085,1,0.37551184838425083,3.4395221257376902,-18.439399821435664,41.06489428029865,0.2719290475174845
O,electronics,2y,LSTM + bounded32,real_panel_lstm_bounded32__LSTM__electronics__r086,1,0.3755907776152853,3.279372864550046,18.785276457342817,44.69502400021218,0.2943086185320918
O,electronics,2y,LSTM + bounded32,real_panel_lstm_bounded32__LSTM__electronics__r087,1,0.37558191206908553,3.3520778325502003,-18.435173489384592,44.290933816775635,0.28618609427483077
O,electronics,2y,LSTM + bounded32,real_panel_lstm_bounded32__LSTM__electronics__r088,1,0.3754958983852451,3.311021949398382,1.1855490947548577,43.68043627746111,0.30082695069311904
O,electronics,2y,LSTM + bounded32,real_panel_lstm_bounded32__LSTM__electronics__r089,1,0.37549633170304036,3.2968857600063566,-5.529788355473312,42.20463528295302,0.29941669310121494
O,electronics,2y,LSTM + bounded32,real_panel_lstm_bounded32__LSTM__electronics__r090,1,0.3753632354099366,3.3374684923986697,-18.068711328334295,44.65276070214344,0.30572341444499007
O,electronics,2y,LSTM + bounded32,real_panel_lstm_bounded32__LSTM__electronics__r091,1,0.37576967143162976,3.4771629900930803,-10.553101242149287,45.01826855547323,0.21879844322220185
O,electronics,2y,LSTM + bounded32,real_panel_lstm_bounded32__LSTM__electronics__r092,1,0.3755597675459403,3.355484814516104,1.8646219999375182,42.171370145806364,0.24046110197459933
O,electronics,2y,LSTM + bounded32,real_panel_lstm_bounded32__LSTM__electronics__r093,1,0.3758539212109875,3.457001743074399,-3.313292125392456,43.50797545117844,0.21659908220634244
O,electronics,2y,LSTM + bounded32,real_panel_lstm_bounded32__LSTM__electronics__r094,1,0.3759391232385169,3.426845888090005,35.85957781392332,53.583913002478624,0.28630009317505806
O,electronics,2y,LSTM + bounded32,real_panel_lstm_bounded32__LSTM__electronics__r095,1,0.37578028880176706,3.4655828320340962,-6.730470053081023,43.17491479277046,0.18400323183110667
O,electronics,2y,LSTM + bounded32,real_panel_lstm_bounded32__LSTM__electronics__r096,1,0.37574443383313677,3.43873871637082,-13.720790379656693,43.942467570980995,0.2204418717098539
O,electronics,2y,LSTM + bounded32,real_panel_lstm_bounded32__LSTM__electronics__r097,1,0.3755018552728023,3.3337811656677556,8.897887194851554,41.7935923921438,0.3106123442976796
O,electronics,2y,LSTM + bounded32,real_panel_lstm_bounded32__LSTM__electronics__r098,1,0.37588640714154986,3.5037927263547006,-15.504294164410974,47.87730058810998,0.13311844991911836
O,electronics,2y,LSTM + bounded32,real_panel_lstm_bounded32__LSTM__electronics__r099,1,0.3756731775986991,3.4160544818142657,-9.519699732195418,42.102658438773084,0.2532978443941787
O,electronics,2y,LSTM + log,real_panel_lstm_log__LSTM__electronics__r000,1,0.37685036762095797,3.6927976553217805,24.835583214532402,49.44826191557527,0.2965056229008385
O,electronics,2y,LSTM + log,real_panel_lstm_log__LSTM__electronics__r001,1,0.375499811176467,3.3835628427778235,13.8922975957583,42.67375608011011,0.29876924261777366
O,electronics,2y,LSTM + log,real_panel_lstm_log__LSTM__electronics__r002,1,0.37660975317344536,3.6137629830216165,29.9888211809067,54.850988548335295,0.29900498380113144
O,electronics,2y,LSTM + log,real_panel_lstm_log__LSTM__electronics__r003,1,0.3785870317095066,4.185725148952673,39.15732831752262,57.03026612358125,0.302982511264641
O,electronics,2y,LSTM + log,real_panel_lstm_log__LSTM__electronics__r004,1,0.3761841562061889,3.548912721943907,26.105112902614945,50.74751206663202,0.2975224325148023
O,electronics,2y,LSTM + log,real_panel_lstm_log__LSTM__electronics__r005,1,0.3765384367006924,3.520325490225702,22.11165683684908,48.32651682820829,0.29496191614567996
O,electronics,2y,LSTM + log,real_panel_lstm_log__LSTM__electronics__r006,1,0.38293549337251426,5.059087196184454,78.46598539980093,85.70606709926444,0.2903862240753941
O,electronics,2y,LSTM + log,real_panel_lstm_log__LSTM__electronics__r007,1,0.37888375821115067,4.229052138954187,43.56659892851242,57.40899822668971,0.29215848342148665
O,electronics,2y,LSTM + log,real_panel_lstm_log__LSTM__electronics__r008,1,0.3759990429925811,3.4300243530981054,5.7458763456938495,44.307021164061034,0.32184216522502085
O,electronics,2y,LSTM + log,real_panel_lstm_log__LSTM__electronics__r009,1,0.37576765619743796,3.4407869401726257,13.352829271714043,43.22794825505226,0.3062613493848912
O,electronics,2y,LSTM + log,real_panel_lstm_log__LSTM__electronics__r010,1,0.38654240230427556,5.710965725460857,59.26012309942949,69.36400850733891,0.30890202572794756
O,electronics,2y,LSTM + log,real_panel_lstm_log__LSTM__electronics__r011,1,0.3769366386506958,3.7348894512215436,36.351602322383116,54.83367438469363,0.29731123167609697
O,electronics,2y,LSTM + log,real_panel_lstm_log__LSTM__electronics__r012,1,0.3757266925133053,3.438868631390291,9.6019090710514,44.98050450091834,0.28214650510401423
O,electronics,2y,LSTM + log,real_panel_lstm_log__LSTM__electronics__r013,1,0.37905936799323764,4.231424252471078,42.750102683127785,58.940968245992174,0.30100494633581076
O,electronics,2y,LSTM + log,real_panel_lstm_log__LSTM__electronics__r014,1,0.3764927705315865,3.630513889564057,31.34165008600926,50.655896652374935,0.28291124750300806
O,electronics,2y,LSTM + log,real_panel_lstm_log__LSTM__electronics__r015,1,0.37586981366661776,3.460166245345561,0.6858899497255342,42.303340196759926,0.2810742616995305
O,electronics,2y,LSTM + log,real_panel_lstm_log__LSTM__electronics__r016,1,0.3827392676648133,4.945026856500336,47.75051168950444,60.940150286314726,0.2978581529115384
O,electronics,2y,LSTM + log,real_panel_lstm_log__LSTM__electronics__r017,1,0.3850301381014002,5.4140035141069704,42.39754637040823,59.59345623373094,0.27751736063407345
O,electronics,2y,LSTM + log,real_panel_lstm_log__LSTM__electronics__r018,1,0.37595313147518106,3.4555115787942685,10.970552561213498,44.532651748954486,0.29218587563505577
O,electronics,2y,LSTM + log,real_panel_lstm_log__LSTM__electronics__r019,1,0.38021827483751025,4.326797922992312,36.63640120314281,58.42863002797709,0.29921439606955974
O,electronics,2y,LSTM + log,real_panel_lstm_log__LSTM__electronics__r020,1,0.38224161157633524,4.863952544371301,19.58677610028499,51.39127477415312,0.29159863836690697
O,electronics,2y,LSTM + log,real_panel_lstm_log__LSTM__electronics__r021,1,0.37945567973751787,4.26356551697647,44.63435624252825,60.177096345331066,0.30435152721312914
O,electronics,2y,LSTM + log,real_panel_lstm_log__LSTM__electronics__r022,1,0.375408394714868,3.303523542691677,-13.942330906386108,44.1596454971209,0.3015055996426758
O,electronics,2y,LSTM + log,real_panel_lstm_log__LSTM__electronics__r023,1,0.3758373251944212,3.3962548423696295,16.063667784223316,46.865576082693245,0.30163820031684
O,electronics,2y,LSTM + log,real_panel_lstm_log__LSTM__electronics__r024,1,0.37667912625500766,3.624284234999608,26.887525993652503,51.099659319130254,0.3050239849913934
O,electronics,2y,LSTM + log,real_panel_lstm_log__LSTM__electronics__r025,1,0.37878225101900775,4.216810546092669,41.791138734005585,58.3550104484769,0.2992577197092942
O,electronics,2y,LSTM + log,real_panel_lstm_log__LSTM__electronics__r026,1,0.3860373334387506,5.516905205524229,18.963735910743793,46.33360601586731,0.3027479545288175
O,electronics,2y,LSTM + log,real_panel_lstm_log__LSTM__electronics__r027,1,0.37615250862428457,3.457103405827415,15.708112192258175,45.88834366084396,0.30566563147666337
O,electronics,2y,LSTM + log,real_panel_lstm_log__LSTM__electronics__r028,1,0.37635069384376335,3.544645407456798,14.844581147499563,42.87375607832515,0.2919159989253705
O,electronics,2y,LSTM + log,real_panel_lstm_log__LSTM__electronics__r029,1,0.40407973200941744,8.2092739150736,84.59986407898899,89.75160230632328,0.29751639840448724
O,electronics,2y,LSTM + log,real_panel_lstm_log__LSTM__electronics__r030,1,0.39369331633526544,6.795797371167055,41.85916871007331,60.052760970021964,0.28479625700095645
O,electronics,2y,LSTM + log,real_panel_lstm_log__LSTM__electronics__r031,1,0.3767906882963656,3.6735275848158615,32.307566877171254,50.7048399692011,0.3023272277645009
O,electronics,2y,LSTM + log,real_panel_lstm_log__LSTM__electronics__r032,1,0.37608620629035533,3.468264396349361,10.15269296528188,43.42467630661046,0.28686912474529586
O,electronics,2y,LSTM + log,real_panel_lstm_log__LSTM__electronics__r033,1,0.37817424490147483,3.9992334607672375,67.05657853186246,75.0233132503266,0.31625359232634553
O,electronics,2y,LSTM + log,real_panel_lstm_log__LSTM__electronics__r034,1,0.38314322856751976,5.036756260371471,17.1411046860821,53.37232465645639,0.3090985857500276
O,electronics,2y,LSTM + log,real_panel_lstm_log__LSTM__electronics__r035,1,0.37621793296422323,3.547830656625005,9.385549181490651,43.66912070252938,0.2911690840948932
O,electronics,2y,LSTM + log,real_panel_lstm_log__LSTM__electronics__r036,1,0.37555234989351505,3.3164912467587544,2.3188824965519066,41.37409684699327,0.2898527799657001
O,electronics,2y,LSTM + log,real_panel_lstm_log__LSTM__electronics__r037,1,0.3861949131519351,5.602598679292082,62.30674885197809,70.43299277507629,0.2840614761458561
O,electronics,2y,LSTM + log,real_panel_lstm_log__LSTM__electronics__r038,1,0.3762463794181114,3.5067563026012256,18.660395797776825,45.03149293106294,0.30205220507868524
O,electronics,2y,LSTM + log,real_panel_lstm_log__LSTM__electronics__r039,1,0.37644632288097857,3.601157748411254,26.264076764141635,49.98268590804855,0.2994820355723597
O,electronics,2y,LSTM + log,real_panel_lstm_log__LSTM__electronics__r040,1,0.4252433255413319,10.384691961038005,82.18909370128546,88.6400820864059,0.2886278889525622
O,electronics,2y,LSTM + log,real_panel_lstm_log__LSTM__electronics__r041,1,0.37641400814141024,3.565862357945724,22.91274754919008,49.73319719317629,0.29816169826373135
O,electronics,2y,LSTM + log,real_panel_lstm_log__LSTM__electronics__r042,1,0.37617888238180724,3.4558341058947306,13.986912456876805,45.308793581696484,0.31112220539646857
O,electronics,2y,LSTM + log,real_panel_lstm_log__LSTM__electronics__r043,1,0.37574205989716286,3.4284395154474145,0.5717795602334994,42.93769603271681,0.29698382631561127
O,electronics,2y,LSTM + log,real_panel_lstm_log__LSTM__electronics__r044,1,0.3757626027605284,3.4178026805681534,8.688752992896223,45.05248816151248,0.29998811879466364
O,electronics,2y,LSTM + log,real_panel_lstm_log__LSTM__electronics__r045,1,0.37666047742396,3.7019199079583913,28.800136732472595,47.726653282208055,0.29544094503313745
O,electronics,2y,LSTM + log,real_panel_lstm_log__LSTM__electronics__r046,1,0.3763384725638052,3.5582057829974256,20.352693000679995,46.530743137709166,0.2937966775708982
O,electronics,2y,LSTM + log,real_panel_lstm_log__LSTM__electronics__r047,1,0.3771902885778843,3.780194414613669,30.874847070835713,49.480163815987375,0.2955546912850924
O,electronics,2y,LSTM + log,real_panel_lstm_log__LSTM__electronics__r048,1,0.37656127262836714,3.644066105236072,25.06680345816948,49.64839820294549,0.3014211388628951
O,electronics,2y,LSTM + log,real_panel_lstm_log__LSTM__electronics__r049,1,0.39646322400218664,7.2330016186432875,48.716973777144176,62.80831651490407,0.2722082664328488
O,electronics,2y,LSTM + log,real_panel_lstm_log__LSTM__electronics__r050,1,0.37721656009461696,3.812111900804203,23.804362945007107,48.18064090827553,0.29530132576771084
O,electronics,2y,LSTM + log,real_panel_lstm_log__LSTM__electronics__r051,1,0.37585675807778146,3.4573995847825705,8.559918577430995,42.57137017067768,0.2852498121007383
O,electronics,2y,LSTM + log,real_panel_lstm_log__LSTM__electronics__r052,1,0.3760219378329162,3.4526305136531423,20.356646637227747,46.46625785560526,0.302640979682907
O,electronics,2y,LSTM + log,real_panel_lstm_log__LSTM__electronics__r053,1,0.37634490979698054,3.571757847221891,22.017451042363877,49.343149403005995,0.30168642591382294
O,electronics,2y,LSTM + log,real_panel_lstm_log__LSTM__electronics__r054,1,0.39062869541004636,6.364728944215204,59.42917550039792,75.18214065344756,0.28912599679934586
O,electronics,2y,LSTM + log,real_panel_lstm_log__LSTM__electronics__r055,1,0.3977868765348817,7.168284464941244,92.87607397474007,100.78800303690717,0.28054755614849847
O,electronics,2y,LSTM + log,real_panel_lstm_log__LSTM__electronics__r056,1,0.3777717840797263,3.9408368763516433,38.185685451333455,55.3117930204445,0.29749479484566704
O,electronics,2y,LSTM + log,real_panel_lstm_log__LSTM__electronics__r057,1,0.3757574783877051,3.3958483449429457,-5.092433120531088,42.6763463271788,0.2908207090726838
O,electronics,2y,LSTM + log,real_panel_lstm_log__LSTM__electronics__r058,1,0.3778281692148671,3.989540617915487,24.5286984323766,47.008043823918584,0.291703008143754
O,electronics,2y,LSTM + log,real_panel_lstm_log__LSTM__electronics__r059,1,0.4104881703979854,8.945661806553119,104.07252938795477,106.92897104982266,0.29314573833379043
O,electronics,2y,LSTM + log,real_panel_lstm_log__LSTM__electronics__r060,1,0.4498060278124258,12.731086170818179,140.2902525722828,142.12828934747822,0.29580079747409654
O,electronics,2y,LSTM + log,real_panel_lstm_log__LSTM__electronics__r061,1,0.40508108273284826,8.282927164454456,66.60940730093567,77.47730087443173,0.28952467156293943
O,electronics,2y,LSTM + log,real_panel_lstm_log__LSTM__electronics__r062,1,0.37569450014688915,3.3673967336611157,-4.501158429735818,42.33047036803564,0.29308290199506676
O,electronics,2y,LSTM + log,real_panel_lstm_log__LSTM__electronics__r063,1,0.3781300361671322,4.019818409472803,35.400954693293514,54.08479914758932,0.30530379754086356
O,electronics,2y,LSTM + log,real_panel_lstm_log__LSTM__electronics__r064,1,0.38119660226555835,4.6241078349011415,48.439264178927296,60.80245420405916,0.29942761436518106
O,electronics,2y,LSTM + log,real_panel_lstm_log__LSTM__electronics__r065,1,0.37603136054683156,3.5710406264171004,6.14314963714156,43.1040218769399,0.30305614771947353
O,electronics,2y,LSTM + log,real_panel_lstm_log__LSTM__electronics__r066,1,0.37576793352914994,3.478857414421577,18.61636033011861,47.872529094168996,0.29912571245414266
O,electronics,2y,LSTM + log,real_panel_lstm_log__LSTM__electronics__r067,1,0.3781360518721583,4.004556888530845,44.95814630610002,59.12419938140789,0.30823664878123463
O,electronics,2y,LSTM + log,real_panel_lstm_log__LSTM__electronics__r068,1,0.37649105467765365,3.5975140659526397,21.472802035838647,47.514519566779846,0.29237242530852514
O,electronics,2y,LSTM + log,real_panel_lstm_log__LSTM__electronics__r069,1,0.37666679968736677,3.645175868173029,32.864213142535654,50.9869123468919,0.28329093883802364
O,electronics,2y,LSTM + log,real_panel_lstm_log__LSTM__electronics__r070,1,0.37568669230712065,3.380148465490813,2.037764555265372,41.847443795317275,0.30699392144642845
O,electronics,2y,LSTM + log,real_panel_lstm_log__LSTM__electronics__r071,1,0.3755714241129695,3.42077511580144,1.0170420028341849,42.93169739056852,0.2862597022813688
O,electronics,2y,LSTM + log,real_panel_lstm_log__LSTM__electronics__r072,1,0.3770857215178338,3.7691672023213267,23.044444815079103,46.33115216083096,0.30635327555204966
O,electronics,2y,LSTM + log,real_panel_lstm_log__LSTM__electronics__r073,1,0.37615379484978323,3.451868359813192,22.817860006455565,46.2245400517927,0.30413767802176217
O,electronics,2y,LSTM + log,real_panel_lstm_log__LSTM__electronics__r074,1,0.3759448763866653,3.4925249553539355,17.32651709779531,44.01826869563691,0.2912827045540792
O,electronics,2y,LSTM + log,real_panel_lstm_log__LSTM__electronics__r075,1,0.3761778603135184,3.534244350824729,25.55078431838843,48.04512625909326,0.3020395447034916
O,electronics,2y,LSTM + log,real_panel_lstm_log__LSTM__electronics__r076,1,0.37865003441906125,4.12749339387064,37.39986407499743,53.06012290528314,0.29056412247954516
O,electronics,2y,LSTM + log,real_panel_lstm_log__LSTM__electronics__r077,1,0.37765114069735356,3.869772475487445,45.630129954578194,58.64717131561512,0.2840976019742608
O,electronics,2y,LSTM + log,real_panel_lstm_log__LSTM__electronics__r078,1,0.3817334342220493,4.835555733070004,26.488889260049202,47.569188971504715,0.3113532284183802
O,electronics,2y,LSTM + log,real_panel_lstm_log__LSTM__electronics__r079,1,0.3772987905847166,3.842475455493362,22.5858217491256,46.25862320271159,0.29566802012053084
O,electronics,2y,LSTM + log,real_panel_lstm_log__LSTM__electronics__r080,1,0.3759654504828525,3.461935939947233,22.80095474240272,49.793456155989574,0.3029340822850858
O,electronics,2y,LSTM + log,real_panel_lstm_log__LSTM__electronics__r081,1,0.37906059303954964,4.121631257838474,55.55950965817711,69.0698025971441,0.2930060592733965
O,electronics,2y,LSTM + log,real_panel_lstm_log__LSTM__electronics__r082,1,0.3773781305470679,3.8070477756709735,22.720791108940443,45.40163614617652,0.30240758780874444
O,electronics,2y,LSTM + log,real_panel_lstm_log__LSTM__electronics__r083,1,0.3762646665336622,3.554232717400132,22.996183102899543,48.82958431340287,0.295963068416005
O,electronics,2y,LSTM + log,real_panel_lstm_log__LSTM__electronics__r084,1,0.3777400408661808,3.898216037372598,29.11111149553136,51.84948898519522,0.30067519456893144
O,electronics,2y,LSTM + log,real_panel_lstm_log__LSTM__electronics__r085,1,0.37679965861741527,3.719410208125548,38.49188867009194,53.703885778579,0.2894857687215336
O,electronics,2y,LSTM + log,real_panel_lstm_log__LSTM__electronics__r086,1,0.40753555636305083,8.594312075821302,106.62045012802399,110.68588969808435,0.2815781016347455
O,electronics,2y,LSTM + log,real_panel_lstm_log__LSTM__electronics__r087,1,0.37820754433675985,4.111849440013294,54.56155460540843,66.79522862253818,0.2995045990743167
O,electronics,2y,LSTM + log,real_panel_lstm_log__LSTM__electronics__r088,1,0.391603857426884,6.548664461812765,40.37764185116485,57.60927082616488,0.30116536733143207
O,electronics,2y,LSTM + log,real_panel_lstm_log__LSTM__electronics__r089,1,0.3789833860174723,4.222774156867328,50.357055579897356,62.362781396162916,0.30355367094433255
O,electronics,2y,LSTM + log,real_panel_lstm_log__LSTM__electronics__r090,1,0.3765348883416428,3.6066549586189516,10.248807449231402,47.05944110070566,0.24147932270242664
O,electronics,2y,LSTM + log,real_panel_lstm_log__LSTM__electronics__r091,1,0.3877405364862426,5.760967791983893,58.50374947677227,67.38609435352927,0.2867123601050966
O,electronics,2y,LSTM + log,real_panel_lstm_log__LSTM__electronics__r092,1,0.391323376670996,6.142135311938754,51.707430488519385,66.63122041256942,0.28955607024332014
O,electronics,2y,LSTM + log,real_panel_lstm_log__LSTM__electronics__r093,1,0.3762459541531546,3.584233024972617,11.680300344951625,45.59986365118824,0.2984316961816836
O,electronics,2y,LSTM + log,real_panel_lstm_log__LSTM__electronics__r094,1,0.3863688920919862,5.704805455545874,64.9277440420825,73.50334044550327,0.29613165306441247
O,electronics,2y,LSTM + log,real_panel_lstm_log__LSTM__electronics__r095,1,0.3794563335165704,4.332898659466594,19.825221916889724,44.86816642971307,0.2905898847359448
O,electronics,2y,LSTM + log,real_panel_lstm_log__LSTM__electronics__r096,1,0.3759696642861452,3.432364177098134,7.623722292714463,45.85957744816823,0.29135687630691404
O,electronics,2y,LSTM + log,real_panel_lstm_log__LSTM__electronics__r097,1,0.4184754402603499,9.76706735558994,63.34001385819805,74.59291086670883,0.31169198708314927
O,electronics,2y,LSTM + log,real_panel_lstm_log__LSTM__electronics__r098,1,0.3756673006136618,3.3678438498066523,12.38718513732963,45.20272677781752,0.2842880757350064
O,electronics,2y,LSTM + log,real_panel_lstm_log__LSTM__electronics__r099,1,0.3772308173124805,3.8305642348820395,30.74819396298186,51.809407142546405,0.28598019782049083
O,electronics,2y,LSTM + ratio,real_panel_lstm_ratio__LSTM__electronics__r000,1,0.3760994319232494,3.436792859595977,34.59700110649973,57.93796880708731,0.2860101175225999
O,electronics,2y,LSTM + ratio,real_panel_lstm_ratio__LSTM__electronics__r001,1,0.37602418933929116,3.372322164081107,30.63094792322541,51.106203309702735,0.30566659179023936
O,electronics,2y,LSTM + ratio,real_panel_lstm_ratio__LSTM__electronics__r002,1,0.3769328542955198,3.5908291776163805,74.75760109257894,82.09257030684363,0.32415195203452063
O,electronics,2y,LSTM + ratio,real_panel_lstm_ratio__LSTM__electronics__r003,1,0.3761776209340837,3.3911053137788083,18.11970045479623,58.41499668090197,0.3059408950661243
O,electronics,2y,LSTM + ratio,real_panel_lstm_ratio__LSTM__electronics__r004,1,0.3762630168526547,3.4769641709876846,47.99672844140425,65.37177940369044,0.2942591112712624
O,electronics,2y,LSTM + ratio,real_panel_lstm_ratio__LSTM__electronics__r005,1,0.3756918124514096,3.3763169199613516,33.06230444911203,55.40940712635217,0.3249533451862802
O,electronics,2y,LSTM + ratio,real_panel_lstm_ratio__LSTM__electronics__r006,1,0.37563599799853586,3.334337066200442,22.192638454483806,50.08984336587605,0.3095400651464005
O,electronics,2y,LSTM + ratio,real_panel_lstm_ratio__LSTM__electronics__r007,1,0.37600206976038403,3.3914084026639033,21.842672523246204,55.075937403532905,0.3042115585562828
O,electronics,2y,LSTM + ratio,real_panel_lstm_ratio__LSTM__electronics__r008,1,0.3770105730312251,3.430771504968998,36.85085249764118,65.90143168097816,0.30092683986121954
O,electronics,2y,LSTM + ratio,real_panel_lstm_ratio__LSTM__electronics__r009,1,0.37620902166975634,3.35972389048218,14.384185772083688,53.17845950796678,0.3163989450667858
O,electronics,2y,LSTM + ratio,real_panel_lstm_ratio__LSTM__electronics__r010,1,0.37570958852348874,3.3734431487156105,46.279482392564894,61.392229313288524,0.33537610296705844
O,electronics,2y,LSTM + ratio,real_panel_lstm_ratio__LSTM__electronics__r011,1,0.37604620114350523,3.3849816238340815,25.286026332868822,54.04485360393581,0.2974007949225021
O,electronics,2y,LSTM + ratio,real_panel_lstm_ratio__LSTM__electronics__r012,1,0.3765136615713302,3.4859702527368843,51.884526689203454,69.227130463202,0.2819975138790908
O,electronics,2y,LSTM + ratio,real_panel_lstm_ratio__LSTM__electronics__r013,1,0.37600192390899123,3.3767771189958493,14.747103270309477,56.21267900349545,0.31866712735472663
O,electronics,2y,LSTM + ratio,real_panel_lstm_ratio__LSTM__electronics__r014,1,0.37673412806248896,3.4634743184936276,52.43558326154242,69.82808477601095,0.30515480185960564
O,electronics,2y,LSTM + ratio,real_panel_lstm_ratio__LSTM__electronics__r015,1,0.37553140746190133,3.386948155241196,31.429039307532744,52.17723266130159,0.29217726486198836
O,electronics,2y,LSTM + ratio,real_panel_lstm_ratio__LSTM__electronics__r016,1,0.3799703162679889,3.8537896083724106,88.50933932673857,100.84308153138969,0.30156830129432066
O,electronics,2y,LSTM + ratio,real_panel_lstm_ratio__LSTM__electronics__r017,1,0.37657742724479254,3.47137249169615,50.27907340541018,66.699250493276,0.2977034341766204
O,electronics,2y,LSTM + ratio,real_panel_lstm_ratio__LSTM__electronics__r018,1,0.3760500354095338,3.3851503598805475,24.170007209763842,53.88398101783767,0.30276867402974594
O,electronics,2y,LSTM + ratio,real_panel_lstm_ratio__LSTM__electronics__r019,1,0.3768609618599822,3.421010184574895,38.1727339223092,66.4473075932939,0.30252279486928835
O,electronics,2y,LSTM + ratio,real_panel_lstm_ratio__LSTM__electronics__r020,1,0.37817516735138407,3.5602035417095674,54.401227478293336,74.98473097819733,0.29434711610710335
O,electronics,2y,LSTM + ratio,real_panel_lstm_ratio__LSTM__electronics__r021,1,0.37634446256868054,3.4084814275256963,26.84090022085287,62.39890948092865,0.3215055465265184
O,electronics,2y,LSTM + ratio,real_panel_lstm_ratio__LSTM__electronics__r022,1,0.37591683264102105,3.4096033062927837,6.524472072499476,50.38541248709407,0.29707102645762756
O,electronics,2y,LSTM + ratio,real_panel_lstm_ratio__LSTM__electronics__r023,1,0.37612102608298237,3.4476335788993873,50.88943466183863,63.6662578858573,0.3134551002888089
O,electronics,2y,LSTM + ratio,real_panel_lstm_ratio__LSTM__electronics__r024,1,0.3760132285424238,3.4018474257215727,19.296251234011734,54.243762877702444,0.32370409932370614
O,electronics,2y,LSTM + ratio,real_panel_lstm_ratio__LSTM__electronics__r025,1,0.3762603811962509,3.383285317124939,26.698977901154514,57.64676217059903,0.3193371875100155
O,electronics,2y,LSTM + ratio,real_panel_lstm_ratio__LSTM__electronics__r026,1,0.37575819045576747,3.3815869888695684,14.75092062539959,46.2914792889692,0.3079872440563042
O,electronics,2y,LSTM + ratio,real_panel_lstm_ratio__LSTM__electronics__r027,1,0.3773869674304547,3.5034406055292173,54.81486070711324,75.4501706393322,0.30716524297178927
O,electronics,2y,LSTM + ratio,real_panel_lstm_ratio__LSTM__electronics__r028,1,0.3770301979440406,3.4970774603451424,55.46135013094877,77.88179987978344,0.30033715196414923
O,electronics,2y,LSTM + ratio,real_panel_lstm_ratio__LSTM__electronics__r029,1,0.3757312674492335,3.3634344727378527,30.585140135296545,52.79291086667036,0.3179623083918021
O,electronics,2y,LSTM + ratio,real_panel_lstm_ratio__LSTM__electronics__r030,1,0.3759157933518077,3.3771785488673394,22.746012698041167,49.8759374417359,0.2894184161315043
O,electronics,2y,LSTM + ratio,real_panel_lstm_ratio__LSTM__electronics__r031,1,0.37624974382133314,3.407637379762556,33.91438351482859,59.19945478750719,0.30659998298214686
O,electronics,2y,LSTM + ratio,real_panel_lstm_ratio__LSTM__electronics__r032,1,0.37705115211908924,3.5147485169803865,57.53674209981271,73.01595120153674,0.28044327021930016
O,electronics,2y,LSTM + ratio,real_panel_lstm_ratio__LSTM__electronics__r033,1,0.37588118509739094,3.3834199680020522,27.7807774956241,51.17382432466485,0.3178036726170174
O,electronics,2y,LSTM + ratio,real_panel_lstm_ratio__LSTM__electronics__r034,1,0.3760459199551554,3.3476411300274083,10.205862664867604,53.61772329524607,0.3213240498142373
O,electronics,2y,LSTM + ratio,real_panel_lstm_ratio__LSTM__electronics__r035,1,0.3765347554099433,3.6007532201496626,53.41404271010493,67.31206571134773,0.31294486724892856
O,electronics,2y,LSTM + ratio,real_panel_lstm_ratio__LSTM__electronics__r036,1,0.3787256881907712,3.626764863157725,72.46025950846587,88.34683061374223,0.29878153372660593
O,electronics,2y,LSTM + ratio,real_panel_lstm_ratio__LSTM__electronics__r037,1,0.3758359814832361,3.3935647298985328,40.85835081657818,56.5366055323134,0.3226498640337438
O,electronics,2y,LSTM + ratio,real_panel_lstm_ratio__LSTM__electronics__r038,1,0.37837681436693316,3.8489769419434494,105.44812602205882,111.47811907512109,0.3079317304507201
O,electronics,2y,LSTM + ratio,real_panel_lstm_ratio__LSTM__electronics__r039,1,0.38291759434050093,4.7548672775124805,165.51901908475836,171.45058003593238,0.3085183771412466
O,electronics,2y,LSTM + ratio,real_panel_lstm_ratio__LSTM__electronics__r040,1,0.37580513697347784,3.3442171193309034,15.851397797082386,50.57750521200733,0.3056316323052502
O,electronics,2y,LSTM + ratio,real_panel_lstm_ratio__LSTM__electronics__r041,1,0.37602681800662024,3.3829243213507807,25.965508276878413,55.62276769262475,0.3112226089502141
O,electronics,2y,LSTM + ratio,real_panel_lstm_ratio__LSTM__electronics__r042,1,0.380375549445625,3.8905678889670954,100.23408371010173,109.72556277673719,0.3277442112863181
O,electronics,2y,LSTM + ratio,real_panel_lstm_ratio__LSTM__electronics__r043,1,0.37610644492406836,3.392044485363289,23.16073656243075,56.005180721081004,0.28976261721128854
O,electronics,2y,LSTM + ratio,real_panel_lstm_ratio__LSTM__electronics__r044,1,0.3759864253728031,3.4140541773244175,41.57941419342057,58.32160895957904,0.3070415879840116
O,electronics,2y,LSTM + ratio,real_panel_lstm_ratio__LSTM__electronics__r045,1,0.37668754007157257,3.6654010156179226,58.18186813280426,69.89420611917936,0.3192088394617074
O,electronics,2y,LSTM + ratio,real_panel_lstm_ratio__LSTM__electronics__r046,1,0.3763990030960782,3.4443312603678207,31.606817050394366,58.443626573203865,0.293729278833815
O,electronics,2y,LSTM + ratio,real_panel_lstm_ratio__LSTM__electronics__r047,1,0.37587146854278525,3.4110703080033056,47.002045468848664,62.983776723166656,0.3182949611709646
O,electronics,2y,LSTM + ratio,real_panel_lstm_ratio__LSTM__electronics__r048,1,0.37649392778845986,3.4080171216081356,35.75214764072174,63.82467640254669,0.31557501135210664
O,electronics,2y,LSTM + ratio,real_panel_lstm_ratio__LSTM__electronics__r049,1,0.37728238122575936,3.534787696319488,63.12828950833736,76.23640115291252,0.3046011857363431
O,electronics,2y,LSTM + ratio,real_panel_lstm_ratio__LSTM__electronics__r050,1,0.3803977386660057,4.055870469573539,107.03353840504121,115.00245441940378,0.2920005103659777
O,electronics,2y,LSTM + ratio,real_panel_lstm_ratio__LSTM__electronics__r051,1,0.37622211893753216,3.513456936724631,59.767553323515315,70.1122020829618,0.30250403581791907
O,electronics,2y,LSTM + ratio,real_panel_lstm_ratio__LSTM__electronics__r052,1,0.3810809994678231,4.179495908996522,125.60804416882605,128.60790776582735,0.3013141671978105
O,electronics,2y,LSTM + ratio,real_panel_lstm_ratio__LSTM__electronics__r053,1,0.3765247445650019,3.4178210138245944,36.77068890304747,62.029584304854254,0.30688239051490945
O,electronics,2y,LSTM + ratio,real_panel_lstm_ratio__LSTM__electronics__r054,1,0.3760655318035707,3.380593874945608,5.908384848745884,52.72883442666979,0.3042980391989796
O,electronics,2y,LSTM + ratio,real_panel_lstm_ratio__LSTM__electronics__r055,1,0.37925809548380635,3.83392899333435,102.14723980531336,111.16537191781595,0.27255641983293494
O,electronics,2y,LSTM + ratio,real_panel_lstm_ratio__LSTM__electronics__r056,1,0.37647289057594086,3.406727091668623,32.502658925277466,63.54396740611368,0.2993588993878991
O,electronics,2y,LSTM + ratio,real_panel_lstm_ratio__LSTM__electronics__r057,1,0.3764526192680201,3.4512009062165605,46.2533064652868,64.53524220804026,0.3020125562296761
O,electronics,2y,LSTM + ratio,real_panel_lstm_ratio__LSTM__electronics__r058,1,0.37790386917471963,3.738036266810963,88.94969379182083,96.26094111252183,0.2892240676591335
O,electronics,2y,LSTM + ratio,real_panel_lstm_ratio__LSTM__electronics__r059,1,0.376864603257704,3.493073199773855,56.40899841022941,74.75092050368015,0.30727475414186267
O,electronics,2y,LSTM + ratio,real_panel_lstm_ratio__LSTM__electronics__r060,1,0.37791189727940644,3.8781623516944186,94.68220914245826,98.23067534037861,0.3105030604205417
O,electronics,2y,LSTM + ratio,real_panel_lstm_ratio__LSTM__electronics__r061,1,0.37774688988523836,3.6071412910576166,73.77477893723264,86.38118642751162,0.3275788569964436
O,electronics,2y,LSTM + ratio,real_panel_lstm_ratio__LSTM__electronics__r062,1,0.37697829077521255,3.6334487164571856,67.73578779477977,77.373688139533,0.3205018980013033
O,electronics,2y,LSTM + ratio,real_panel_lstm_ratio__LSTM__electronics__r063,1,0.37656230595685225,3.4612507790096205,45.302795252639456,64.3288345574023,0.3022384169712443
O,electronics,2y,LSTM + ratio,real_panel_lstm_ratio__LSTM__electronics__r064,1,0.3775479907248188,3.599470013306934,70.95787367842516,85.110020810794,0.30339265176467206
O,electronics,2y,LSTM + ratio,real_panel_lstm_ratio__LSTM__electronics__r065,1,0.3770898186022893,3.6214745851082313,78.44349062260693,85.15514701594677,0.3095883598045513
O,electronics,2y,LSTM + ratio,real_panel_lstm_ratio__LSTM__electronics__r066,1,0.3758692225528229,3.391415782971587,25.290525263958013,55.441308907365176,0.32338951433088703
O,electronics,2y,LSTM + ratio,real_panel_lstm_ratio__LSTM__electronics__r067,1,0.3756830101929026,3.3603641217502576,33.37573321315879,53.60204524537714,0.3188992304242185
O,electronics,2y,LSTM + ratio,real_panel_lstm_ratio__LSTM__electronics__r068,1,0.37714903137493877,3.4829874223645474,48.802727129216294,71.49993207108226,0.28540662306968384
O,electronics,2y,LSTM + ratio,real_panel_lstm_ratio__LSTM__electronics__r069,1,0.3760904474825388,3.3943359922886227,24.330198073562112,56.01935935599996,0.28909839223580913
O,electronics,2y,LSTM + ratio,real_panel_lstm_ratio__LSTM__electronics__r070,1,0.37616922925558544,3.4526188944740706,51.3183371833986,65.78350403538472,0.30866179501529184
O,electronics,2y,LSTM + ratio,real_panel_lstm_ratio__LSTM__electronics__r071,1,0.3765020278041734,3.4729585316598075,50.23803723050395,68.91042968345864,0.28793107203267304
O,electronics,2y,LSTM + ratio,real_panel_lstm_ratio__LSTM__electronics__r072,1,0.3779769281900625,3.5787677914716696,66.43381099246466,84.5630541437158,0.3061203235944512
O,electronics,2y,LSTM + ratio,real_panel_lstm_ratio__LSTM__electronics__r073,1,0.37607220150943055,3.425772357813711,33.52379045735184,55.41008881278312,0.3068490672973449
O,electronics,2y,LSTM + ratio,real_panel_lstm_ratio__LSTM__electronics__r074,1,0.3797264367583521,4.038722636999687,112.33851458493547,123.4414456014939,0.29282813695474236
O,electronics,2y,LSTM + ratio,real_panel_lstm_ratio__LSTM__electronics__r075,1,0.3762932021668154,3.423932089560626,38.25194314611021,61.89175204941446,0.3122203048678181
O,electronics,2y,LSTM + ratio,real_panel_lstm_ratio__LSTM__electronics__r076,1,0.3758581318173252,3.3610000029540243,26.423176971182166,51.252897215236345,0.298551943137235
O,electronics,2y,LSTM + ratio,real_panel_lstm_ratio__LSTM__electronics__r077,1,0.37660219605218925,3.4662450048808964,43.49884164117102,65.17600564069625,0.29542295321276135
O,electronics,2y,LSTM + ratio,real_panel_lstm_ratio__LSTM__electronics__r078,1,0.3758985634058038,3.38943650650948,28.967689587712297,54.458623199394125,0.31416215547738524
O,electronics,2y,LSTM + ratio,real_panel_lstm_ratio__LSTM__electronics__r079,1,0.3758398643107919,3.3822579023342887,39.64062755842996,57.5293799369305,0.3201157958190639
O,electronics,2y,LSTM + ratio,real_panel_lstm_ratio__LSTM__electronics__r080,1,0.37604043288374434,3.4348730182768925,39.41104334582903,56.63285643032453,0.3079904410973941
O,electronics,2y,LSTM + ratio,real_panel_lstm_ratio__LSTM__electronics__r081,1,0.3760201143205752,3.3728540836361556,22.229448255058063,54.805044382229674,0.2969550055352543
O,electronics,2y,LSTM + ratio,real_panel_lstm_ratio__LSTM__electronics__r082,1,0.3760965192875382,3.431020978396437,42.05698745794031,57.84539900307143,0.2971600645875614
O,electronics,2y,LSTM + ratio,real_panel_lstm_ratio__LSTM__electronics__r083,1,0.3760512886340192,3.4128415181279124,27.626312575439385,55.614587730564885,0.295976295823641
O,electronics,2y,LSTM + ratio,real_panel_lstm_ratio__LSTM__electronics__r084,1,0.3759375154288874,3.391471858547286,37.31124788146878,56.536060195903715,0.311419502291067
O,electronics,2y,LSTM + ratio,real_panel_lstm_ratio__LSTM__electronics__r085,1,0.39401065333511537,6.4835956399557135,264.20995304459376,264.4490804896837,0.3156331711254209
O,electronics,2y,LSTM + ratio,real_panel_lstm_ratio__LSTM__electronics__r086,1,0.37628611572839793,3.3875861462604844,13.046898801738543,57.82808460075857,0.2779131984258889
O,electronics,2y,LSTM + ratio,real_panel_lstm_ratio__LSTM__electronics__r087,1,0.37598445585004464,3.3759136484754966,17.299523219817157,53.24280856663818,0.3017047139884982
O,electronics,2y,LSTM + ratio,real_panel_lstm_ratio__LSTM__electronics__r088,1,0.37626338478953375,3.4338007831171597,34.35910064225526,59.98745760359829,0.29773034932313275
O,electronics,2y,LSTM + ratio,real_panel_lstm_ratio__LSTM__electronics__r089,1,0.3763911068162982,3.4332063903799033,39.13033445325719,62.372324670567785,0.32264224826580234
O,electronics,2y,LSTM + ratio,real_panel_lstm_ratio__LSTM__electronics__r090,1,0.4029823858239568,7.79794637765178,161.3760058932677,163.38173183423652,0.3145498727899137
O,electronics,2y,LSTM + ratio,real_panel_lstm_ratio__LSTM__electronics__r091,1,0.3755856611253921,3.383628592141843,47.26271349092364,59.894478836318314,0.3239720934666824
O,electronics,2y,LSTM + ratio,real_panel_lstm_ratio__LSTM__electronics__r092,1,0.3793320770042879,3.8719373456238304,93.25221593484738,105.5769601605715,0.310810193668631
O,electronics,2y,LSTM + ratio,real_panel_lstm_ratio__LSTM__electronics__r093,1,0.37551620987351214,3.344449658189613,18.34546734333526,49.77723256773396,0.3097693131987744
O,electronics,2y,LSTM + ratio,real_panel_lstm_ratio__LSTM__electronics__r094,1,0.3759387058457839,3.405747458887317,5.460395736761912,54.139877355136285,0.29160206903242675
O,electronics,2y,LSTM + ratio,real_panel_lstm_ratio__LSTM__electronics__r095,1,0.3763385204960722,3.425166966391012,38.17368823623535,62.79645550176471,0.30845680443384693
O,electronics,2y,LSTM + ratio,real_panel_lstm_ratio__LSTM__electronics__r096,1,0.3763940561037581,3.3740731239463844,27.001227441671592,60.198500449991364,0.29388656823351544
O,electronics,2y,LSTM + ratio,real_panel_lstm_ratio__LSTM__electronics__r097,1,0.3755190193795061,3.3057804726931934,33.27607404318103,54.21404246765868,0.322672697603401
O,electronics,2y,LSTM + ratio,real_panel_lstm_ratio__LSTM__electronics__r098,1,0.3766717622940537,3.3894245713670825,29.80272707030363,61.39700075969524,0.2776759257986778
O,electronics,2y,LSTM + ratio,real_panel_lstm_ratio__LSTM__electronics__r099,1,0.3763666171190608,3.5544914126088605,72.29243401457349,80.86584905257989,0.3104390047184067
O,electronics,2y,LSTM + bounded32ratio,real_panel_lstm_bounded32ratio__LSTM__electronics__r000,1,0.3757822937248822,3.3836962179108383,18.27525602339043,49.72501714634828,0.2939204001840432
O,electronics,2y,LSTM + bounded32ratio,real_panel_lstm_bounded32ratio__LSTM__electronics__r001,1,0.37599015225886867,3.426242835748154,27.208180350378978,56.32256318855678,0.2918294567324291
O,electronics,2y,LSTM + bounded32ratio,real_panel_lstm_bounded32ratio__LSTM__electronics__r002,1,0.37560239105186993,3.321849050091019,6.798091722698536,47.99754606071354,0.32540773603977513
O,electronics,2y,LSTM + bounded32ratio,real_panel_lstm_bounded32ratio__LSTM__electronics__r003,1,0.37594204707135775,3.4338926186735437,40.18323148314111,60.35064779624815,0.3088786682674431
O,electronics,2y,LSTM + bounded32ratio,real_panel_lstm_bounded32ratio__LSTM__electronics__r004,1,0.37595793765749347,3.405244697449532,29.15432897920758,55.486980419137396,0.2942652397748639
O,electronics,2y,LSTM + bounded32ratio,real_panel_lstm_bounded32ratio__LSTM__electronics__r005,1,0.3796367862643642,4.118840402198935,131.17437014594628,132.525426682498,0.3176709968149019
O,electronics,2y,LSTM + bounded32ratio,real_panel_lstm_bounded32ratio__LSTM__electronics__r006,1,0.37615611660111903,3.4165787730759787,32.85303382165197,56.67989111310862,0.2925248950766911
O,electronics,2y,LSTM + bounded32ratio,real_panel_lstm_bounded32ratio__LSTM__electronics__r007,1,0.37559866401403946,3.3647492804708405,-3.6047712687547677,45.503340142140374,0.30704487476261566
O,electronics,2y,LSTM + bounded32ratio,real_panel_lstm_bounded32ratio__LSTM__electronics__r008,1,0.3760535129489362,3.378014151157688,18.166871509535575,51.318609540369096,0.3097043025570564
O,electronics,2y,LSTM + bounded32ratio,real_panel_lstm_bounded32ratio__LSTM__electronics__r009,1,0.37616628657840795,3.411157275619012,37.06162275742326,58.49229738701269,0.315481722224873
O,electronics,2y,LSTM + bounded32ratio,real_panel_lstm_bounded32ratio__LSTM__electronics__r010,1,0.3759642074371987,3.4274188133645316,-1.9599178724053103,48.76755284200704,0.29651904199400814
O,electronics,2y,LSTM + bounded32ratio,real_panel_lstm_bounded32ratio__LSTM__electronics__r011,1,0.3761616222132744,3.402489137821307,33.12406310662119,57.50061370524106,0.30688932944987324
O,electronics,2y,LSTM + bounded32ratio,real_panel_lstm_bounded32ratio__LSTM__electronics__r012,1,0.37643991618080164,3.4643514432414717,49.15282932691323,66.29993211649078,0.29236246281764955
O,electronics,2y,LSTM + bounded32ratio,real_panel_lstm_bounded32ratio__LSTM__electronics__r013,1,0.3762173403067168,3.402124643789418,34.370688857045856,61.02835739535498,0.3146485611926939
O,electronics,2y,LSTM + bounded32ratio,real_panel_lstm_bounded32ratio__LSTM__electronics__r014,1,0.3765081374713458,3.497554620849858,56.80968010862839,70.85875970538093,0.30831282640685287
O,electronics,2y,LSTM + bounded32ratio,real_panel_lstm_bounded32ratio__LSTM__electronics__r015,1,0.37585728899001974,3.3934605825674584,16.817450935821462,49.54982970245419,0.2875366487712133
O,electronics,2y,LSTM + bounded32ratio,real_panel_lstm_bounded32ratio__LSTM__electronics__r016,1,0.3754116995403472,3.317488680015902,22.118882430925456,49.124199207827665,0.3111318269011404
O,electronics,2y,LSTM + bounded32ratio,real_panel_lstm_bounded32ratio__LSTM__electronics__r017,1,0.3757786378467981,3.396399805736294,20.97314283884694,53.006135096523316,0.2996490321884412
O,electronics,2y,LSTM + bounded32ratio,real_panel_lstm_bounded32ratio__LSTM__electronics__r018,1,0.3761605126620666,3.417256806387477,24.145467335328934,57.45044317640534,0.2977241401728063
O,electronics,2y,LSTM + bounded32ratio,real_panel_lstm_bounded32ratio__LSTM__electronics__r019,1,0.37584907507991755,3.398316689428682,21.71779177886445,52.8032721024566,0.29623492381411687
O,electronics,2y,LSTM + bounded32ratio,real_panel_lstm_bounded32ratio__LSTM__electronics__r020,1,0.37711478309513596,3.6341049052630305,69.4786644453117,86.19822803107047,0.27504306803948614
O,electronics,2y,LSTM + bounded32ratio,real_panel_lstm_bounded32ratio__LSTM__electronics__r021,1,0.3758045269816265,3.380076316526008,13.736196658123179,50.37723249705326,0.3192798549323431
O,electronics,2y,LSTM + bounded32ratio,real_panel_lstm_bounded32ratio__LSTM__electronics__r022,1,0.37653031872335885,3.4473644082365253,41.31220219942177,65.85153397529784,0.2918192517126673
O,electronics,2y,LSTM + bounded32ratio,real_panel_lstm_bounded32ratio__LSTM__electronics__r023,1,0.3765847021162119,3.5193930679826506,60.28302705315982,74.85453340309981,0.31044133109742394
O,electronics,2y,LSTM + bounded32ratio,real_panel_lstm_bounded32ratio__LSTM__electronics__r024,1,0.3757636626186447,3.3930405533100183,7.91329275480197,49.83231087933255,0.3184935034859056
O,electronics,2y,LSTM + bounded32ratio,real_panel_lstm_bounded32ratio__LSTM__electronics__r025,1,0.37623595512899816,3.4136215293190073,36.28439034051843,59.9231085892869,0.3210329503134682
O,electronics,2y,LSTM + bounded32ratio,real_panel_lstm_bounded32ratio__LSTM__electronics__r026,1,0.3761376580679123,3.4346393351969673,35.46325877620226,61.5935926083265,0.31477842694759506
O,electronics,2y,LSTM + bounded32ratio,real_panel_lstm_bounded32ratio__LSTM__electronics__r027,1,0.3760130790039853,3.4019882681779756,31.384867467284433,54.2554875729121,0.2923657541932376
O,electronics,2y,LSTM + bounded32ratio,real_panel_lstm_bounded32ratio__LSTM__electronics__r028,1,0.3761681553909917,3.4274085677771735,37.6385825463165,58.579277637384095,0.29858184509226315
O,electronics,2y,LSTM + bounded32ratio,real_panel_lstm_bounded32ratio__LSTM__electronics__r029,1,0.3761142329223996,3.4275096779075542,40.70361323088672,58.840763683039704,0.30637473839548757
O,electronics,2y,LSTM + bounded32ratio,real_panel_lstm_bounded32ratio__LSTM__electronics__r030,1,0.37596252126036456,3.4134005886328262,21.21717827521562,53.205453396483385,0.274061929663697
O,electronics,2y,LSTM + bounded32ratio,real_panel_lstm_bounded32ratio__LSTM__electronics__r031,1,0.3759307203072695,3.408683584327492,18.91779178883944,52.50224961063438,0.2968948363096949
O,electronics,2y,LSTM + bounded32ratio,real_panel_lstm_bounded32ratio__LSTM__electronics__r032,1,0.37607828605888355,3.4203482800201,29.75432899351719,55.3387868007195,0.2891954999119469
O,electronics,2y,LSTM + bounded32ratio,real_panel_lstm_bounded32ratio__LSTM__electronics__r033,1,0.3759556929103673,3.395467535449584,15.872801989193022,51.452624517011685,0.3265225759077559
O,electronics,2y,LSTM + bounded32ratio,real_panel_lstm_bounded32ratio__LSTM__electronics__r034,1,0.3760538553104731,3.402535048916299,13.031902212453291,50.77968651027909,0.29364268725763676
O,electronics,2y,LSTM + bounded32ratio,real_panel_lstm_bounded32ratio__LSTM__electronics__r035,1,0.37595275040118703,3.4084451100996493,34.96264527610858,55.843353990926246,0.3040151595677226
O,electronics,2y,LSTM + bounded32ratio,real_panel_lstm_bounded32ratio__LSTM__electronics__r036,1,0.3760644018667143,3.4234849127519564,35.74219538837192,56.71533764833253,0.299792751886446
O,electronics,2y,LSTM + bounded32ratio,real_panel_lstm_bounded32ratio__LSTM__electronics__r037,1,0.3762381492501852,3.456927709320029,45.07552873511135,63.25603297433217,0.31353463648964297
O,electronics,2y,LSTM + bounded32ratio,real_panel_lstm_bounded32ratio__LSTM__electronics__r038,1,0.37580184638207004,3.363269023828764,3.8759376460097217,44.92051809256096,0.30643810450372594
O,electronics,2y,LSTM + bounded32ratio,real_panel_lstm_bounded32ratio__LSTM__electronics__r039,1,0.3768763220342264,3.4919806450282174,46.923790556116984,67.47212029154574,0.3061008494798796
O,electronics,2y,LSTM + bounded32ratio,real_panel_lstm_bounded32ratio__LSTM__electronics__r040,1,0.3784208137179118,3.68381190486027,61.35037534196621,77.4520793445941,0.23057416180962995
O,electronics,2y,LSTM + bounded32ratio,real_panel_lstm_bounded32ratio__LSTM__electronics__r041,1,0.3760456132433126,3.376823650053973,25.735515056224827,54.960600031481334,0.3092983493099043
O,electronics,2y,LSTM + bounded32ratio,real_panel_lstm_bounded32ratio__LSTM__electronics__r042,1,0.37587926500712693,3.3856507265243323,6.23285651342498,50.97668717525473,0.3126981777977631
O,electronics,2y,LSTM + bounded32ratio,real_panel_lstm_bounded32ratio__LSTM__electronics__r043,1,0.37661903801956953,3.499989631074461,55.01431538955117,72.24648971343564,0.2849077256147185
O,electronics,2y,LSTM + bounded32ratio,real_panel_lstm_bounded32ratio__LSTM__electronics__r044,1,0.3756608392572541,3.380180858903117,13.063940378372454,47.89775056945728,0.30002030267596463
O,electronics,2y,LSTM + bounded32ratio,real_panel_lstm_bounded32ratio__LSTM__electronics__r045,1,0.37584565513719276,3.3918980409517254,19.924881079201683,52.79522845023208,0.30915205469526785
O,electronics,2y,LSTM + bounded32ratio,real_panel_lstm_bounded32ratio__LSTM__electronics__r046,1,0.375588674190647,3.3092533148700336,14.555964950930989,47.32379013938785,0.30651428115485674
O,electronics,2y,LSTM + bounded32ratio,real_panel_lstm_bounded32ratio__LSTM__electronics__r047,1,0.37637119044418693,3.5028924081888646,53.38145925691333,66.9383779932168,0.3085123447133748
O,electronics,2y,LSTM + bounded32ratio,real_panel_lstm_bounded32ratio__LSTM__electronics__r048,1,0.3759542006833083,3.388469365560667,24.807226044635513,54.23680996273442,0.31187019103414537
O,electronics,2y,LSTM + bounded32ratio,real_panel_lstm_bounded32ratio__LSTM__electronics__r049,1,0.37587392460212904,3.369325994681392,7.247989439934206,50.36100894123841,0.30029699745003674
O,electronics,2y,LSTM + bounded32ratio,real_panel_lstm_bounded32ratio__LSTM__electronics__r050,1,0.37562186043064294,3.350588133212983,20.937287394797156,48.122835870093816,0.3038502346635466
O,electronics,2y,LSTM + bounded32ratio,real_panel_lstm_bounded32ratio__LSTM__electronics__r051,1,0.3758595954199553,3.4034795018616677,42.21554233376102,58.01267916333156,0.3000847000099707
O,electronics,2y,LSTM + bounded32ratio,real_panel_lstm_bounded32ratio__LSTM__electronics__r052,1,0.3759794798547341,3.394743081379933,19.18923009876416,52.32869815998709,0.2891774183308868
O,electronics,2y,LSTM + bounded32ratio,real_panel_lstm_bounded32ratio__LSTM__electronics__r053,1,0.37623934857343444,3.4441513882474206,48.382686205200564,64.30497642263036,0.30920784296755116
O,electronics,2y,LSTM + bounded32ratio,real_panel_lstm_bounded32ratio__LSTM__electronics__r054,1,0.3759501884821645,3.3976651256254344,22.96209992747551,53.372188284009106,0.30253546001839954
O,electronics,2y,LSTM + bounded32ratio,real_panel_lstm_bounded32ratio__LSTM__electronics__r055,1,0.3757504047832101,3.3553913784708014,35.365508282039606,58.34383114338506,0.29342961100928255
O,electronics,2y,LSTM + bounded32ratio,real_panel_lstm_bounded32ratio__LSTM__electronics__r056,1,0.37563178105598843,3.395911702900884,7.3015681929483875,45.65330606722731,0.28825964239605184
O,electronics,2y,LSTM + bounded32ratio,real_panel_lstm_bounded32ratio__LSTM__electronics__r057,1,0.3757230062072781,3.364397709009944,8.283981278090376,44.12774375561132,0.29793367805988286
O,electronics,2y,LSTM + bounded32ratio,real_panel_lstm_bounded32ratio__LSTM__electronics__r058,1,0.3772011670460547,3.5996718993739685,71.16210003697378,84.28520823791729,0.28413513802539164
O,electronics,2y,LSTM + bounded32ratio,real_panel_lstm_bounded32ratio__LSTM__electronics__r059,1,0.37582510247855083,3.384714049749649,19.295024240469335,52.01158839072862,0.3006251999294222
O,electronics,2y,LSTM + bounded32ratio,real_panel_lstm_bounded32ratio__LSTM__electronics__r060,1,0.3761360057256353,3.4231779023261004,31.24648984247043,56.87457413884634,0.29697668528851723
O,electronics,2y,LSTM + bounded32ratio,real_panel_lstm_bounded32ratio__LSTM__electronics__r061,1,0.37575953232138093,3.3539518953327385,44.297750939801595,60.4141788617958,0.33428208594384184
O,electronics,2y,LSTM + bounded32ratio,real_panel_lstm_bounded32ratio__LSTM__electronics__r062,1,0.37639496061453803,3.4519800967616474,44.573688214002196,63.46666694068975,0.3101926534974031
O,electronics,2y,LSTM + bounded32ratio,real_panel_lstm_bounded32ratio__LSTM__electronics__r063,1,0.37601241677444225,3.4062894353595716,33.240218542010766,53.24458100057841,0.30437290236061765
O,electronics,2y,LSTM + bounded32ratio,real_panel_lstm_bounded32ratio__LSTM__electronics__r064,1,0.37606240586473455,3.3971200866634663,28.08016398481964,53.241717936036174,0.3011377268326915
O,electronics,2y,LSTM + bounded32ratio,real_panel_lstm_bounded32ratio__LSTM__electronics__r065,1,0.3762436164027131,3.450682628125282,40.96728060957941,61.60259054382989,0.29636006833837486
O,electronics,2y,LSTM + bounded32ratio,real_panel_lstm_bounded32ratio__LSTM__electronics__r066,1,0.3757109136516737,3.368913962121895,34.534288069944836,55.236128314198815,0.3209944085357787
O,electronics,2y,LSTM + bounded32ratio,real_panel_lstm_bounded32ratio__LSTM__electronics__r067,1,0.3759807385012328,3.398469619421815,27.17886883903526,55.19740981560565,0.30377934783678556
O,electronics,2y,LSTM + bounded32ratio,real_panel_lstm_bounded32ratio__LSTM__electronics__r068,1,0.375980727528685,3.39772888032024,31.230266258008044,53.641717918817044,0.2980769595131905
O,electronics,2y,LSTM + bounded32ratio,real_panel_lstm_bounded32ratio__LSTM__electronics__r069,1,0.3763496387379027,3.41499189283421,32.47743732286078,61.69352435515446,0.28240757951885165
O,electronics,2y,LSTM + bounded32ratio,real_panel_lstm_bounded32ratio__LSTM__electronics__r070,1,0.37656091398667896,3.4916306284644083,55.38650355939808,71.69843245530652,0.3019968507179344
O,electronics,2y,LSTM + bounded32ratio,real_panel_lstm_bounded32ratio__LSTM__electronics__r071,1,0.3757002815888868,3.3764173093048915,23.82753962544863,51.331288528189916,0.28718252828778307
O,electronics,2y,LSTM + bounded32ratio,real_panel_lstm_bounded32ratio__LSTM__electronics__r072,1,0.37585586536398097,3.375137954844629,7.827266896760504,51.306475832266045,0.30223545596021933
O,electronics,2y,LSTM + bounded32ratio,real_panel_lstm_bounded32ratio__LSTM__electronics__r073,1,0.3761193201324749,3.415739243297171,37.20463571089784,59.311247629258794,0.3138008343703102
O,electronics,2y,LSTM + bounded32ratio,real_panel_lstm_bounded32ratio__LSTM__electronics__r074,1,0.3811559723252238,4.47570057833275,157.4935249352113,158.41022565471727,0.29049928684123066
O,electronics,2y,LSTM + bounded32ratio,real_panel_lstm_bounded32ratio__LSTM__electronics__r075,1,0.37593207527872247,3.390121643424182,21.991138754526045,55.0676211043868,0.30802225962272944
O,electronics,2y,LSTM + bounded32ratio,real_panel_lstm_bounded32ratio__LSTM__electronics__r076,1,0.37613441996251507,3.383709455516675,23.21704196790951,55.55323803460572,0.2994115411599642
O,electronics,2y,LSTM + bounded32ratio,real_panel_lstm_bounded32ratio__LSTM__electronics__r077,1,0.3770315384979994,3.676961581195192,78.2744381691048,85.5551469956169,0.278017023767244
O,electronics,2y,LSTM + bounded32ratio,real_panel_lstm_bounded32ratio__LSTM__electronics__r078,1,0.3763123693988823,3.5012964380342657,54.0877987001212,69.09120685843729,0.30081341220431174
O,electronics,2y,LSTM + bounded32ratio,real_panel_lstm_bounded32ratio__LSTM__electronics__r079,1,0.37644570875186717,3.4834934641163615,53.4854810479386,69.52338134496952,0.2971430912538786
O,electronics,2y,LSTM + bounded32ratio,real_panel_lstm_bounded32ratio__LSTM__electronics__r080,1,0.37637270554903507,3.405202158698502,30.599318716332736,58.9123382478293,0.2989157737815489
O,electronics,2y,LSTM + bounded32ratio,real_panel_lstm_bounded32ratio__LSTM__electronics__r081,1,0.3759776838038376,3.4210179907182887,40.60586277595769,59.08629883024529,0.29989915968735814
O,electronics,2y,LSTM + bounded32ratio,real_panel_lstm_bounded32ratio__LSTM__electronics__r082,1,0.3760933337682288,3.405288333975469,32.95364733312417,55.43490135302631,0.3094292548113027
O,electronics,2y,LSTM + bounded32ratio,real_panel_lstm_bounded32ratio__LSTM__electronics__r083,1,0.3758965966591278,3.398153606331538,18.368780220767846,50.81295172989252,0.2909998248527974
O,electronics,2y,LSTM + bounded32ratio,real_panel_lstm_bounded32ratio__LSTM__electronics__r084,1,0.3759375847772044,3.3848834807278,19.52065478677988,55.69488764148526,0.3051639181844104
O,electronics,2y,LSTM + bounded32ratio,real_panel_lstm_bounded32ratio__LSTM__electronics__r085,1,0.376157001568215,3.399879710770109,33.88684430694793,63.25344262706858,0.30086538120434414
O,electronics,2y,LSTM + bounded32ratio,real_panel_lstm_bounded32ratio__LSTM__electronics__r086,1,0.37587668554149056,3.3884936208325516,44.57777819528607,59.76469008242177,0.289838858819905
O,electronics,2y,LSTM + bounded32ratio,real_panel_lstm_bounded32ratio__LSTM__electronics__r087,1,0.37594914876468444,3.398844167546833,19.784049422165157,53.463122135884596,0.30047015942331673
O,electronics,2y,LSTM + bounded32ratio,real_panel_lstm_bounded32ratio__LSTM__electronics__r088,1,0.3756752585412734,3.3548047476354292,-0.20245364870337426,45.46080435786189,0.32287936848873555
O,electronics,2y,LSTM + bounded32ratio,real_panel_lstm_bounded32ratio__LSTM__electronics__r089,1,0.3758720597707033,3.3838538239369047,22.851261481116946,51.6395366059942,0.3332375337846727
O,electronics,2y,LSTM + bounded32ratio,real_panel_lstm_bounded32ratio__LSTM__electronics__r090,1,0.3760874968995459,3.402844795103016,41.33715106897429,63.10456734891508,0.32614969616756845
O,electronics,2y,LSTM + bounded32ratio,real_panel_lstm_bounded32ratio__LSTM__electronics__r091,1,0.37596661478480553,3.4106741683089723,36.26366775714918,59.47430150939846,0.3161238794460149
O,electronics,2y,LSTM + bounded32ratio,real_panel_lstm_bounded32ratio__LSTM__electronics__r092,1,0.37590480716980157,3.409118533276556,30.036810199773143,55.886844041961645,0.3048687833704876
O,electronics,2y,LSTM + bounded32ratio,real_panel_lstm_bounded32ratio__LSTM__electronics__r093,1,0.3774888327979223,3.644584356785876,80.91533795151791,95.10484019742894,0.2996019330832189
O,electronics,2y,LSTM + bounded32ratio,real_panel_lstm_bounded32ratio__LSTM__electronics__r094,1,0.3759517895674586,3.4050578082455862,27.11097516135974,52.561554315372305,0.30084246196003056
O,electronics,2y,LSTM + bounded32ratio,real_panel_lstm_bounded32ratio__LSTM__electronics__r095,1,0.37582409130299443,3.417718313959803,35.57382453226325,55.97709629320593,0.29569578782362854
O,electronics,2y,LSTM + bounded32ratio,real_panel_lstm_bounded32ratio__LSTM__electronics__r096,1,0.3761995978654352,3.4229427406261035,28.539196036479122,58.00586250101495,0.28637137278516406
O,electronics,2y,LSTM + bounded32ratio,real_panel_lstm_bounded32ratio__LSTM__electronics__r097,1,0.3758965575223661,3.3911366988218163,23.342331664778815,52.989775221826534,0.31695819929161995
O,electronics,2y,LSTM + bounded32ratio,real_panel_lstm_bounded32ratio__LSTM__electronics__r098,1,0.37577591682728756,3.3908984010623775,7.319018725625001,46.883026607180305,0.28911260650355547
O,electronics,2y,LSTM + bounded32ratio,real_panel_lstm_bounded32ratio__LSTM__electronics__r099,1,0.37595914665054153,3.392840803577017,37.28070933195282,56.73074320992849,0.30455097897834976
E,electronics,2y,LSTM no_ar (ar_encoding),ar_encoding__electronics__no_ar__a,1,0.376397664480051,3.529783101922806,16.58577638416048,52.479891062173856,0.04691189931169816
E,electronics,2y,LSTM no_ar (ar_encoding),ar_encoding__electronics__no_ar__a,10,0.3770165162456354,3.584579063760966,37.05476082089435,63.0829359472671,0.07041829756434705
E,electronics,2y,LSTM no_ar (ar_encoding),ar_encoding__electronics__no_ar__a,11,0.3766434129700284,3.538371150035188,16.277664657694753,54.13951391580204,0.029471302883895774
E,electronics,2y,LSTM no_ar (ar_encoding),ar_encoding__electronics__no_ar__a,12,0.3764443038405597,3.5431221260815766,18.54101388874542,52.39968203451294,0.05106778703861275
E,electronics,2y,LSTM no_ar (ar_encoding),ar_encoding__electronics__no_ar__a,13,0.3764638791889927,3.53495888650959,13.022495310178288,50.97205189930241,0.0025038968021059873
E,electronics,2y,LSTM no_ar (ar_encoding),ar_encoding__electronics__no_ar__a,14,0.3768738815145247,3.5682042744817806,36.30856681051991,62.82435836700239,0.10357934204784729
E,electronics,2y,LSTM no_ar (ar_encoding),ar_encoding__electronics__no_ar__a,15,0.3763155524880111,3.5277047123210443,-1.7948190044567223,50.341967780342344,0.02938909980988627
E,electronics,2y,LSTM no_ar (ar_encoding),ar_encoding__electronics__no_ar__a,16,0.37639352116788993,3.5420078531075028,-17.209043037895576,49.27084752597833,-0.030753952933618125
E,electronics,2y,LSTM no_ar (ar_encoding),ar_encoding__electronics__no_ar__a,17,0.3754763294893815,3.30904183018908,16.317655557090955,40.18359474622561,0.3197006030113084
E,electronics,2y,LSTM no_ar (ar_encoding),ar_encoding__electronics__no_ar__a,18,0.3770340646650061,3.609359969363676,46.71938255773344,67.15655565032021,0.06337386065714798
E,electronics,2y,LSTM no_ar (ar_encoding),ar_encoding__electronics__no_ar__a,19,0.3768994293931214,3.6009713763953104,39.72256362207105,62.5373781995813,-0.008150760737750522
E,electronics,2y,LSTM no_ar (ar_encoding),ar_encoding__electronics__no_ar__a,2,0.37653049843228825,3.557495430855011,22.11770102351221,56.55396520334717,-0.038626648074422947
E,electronics,2y,LSTM no_ar (ar_encoding),ar_encoding__electronics__no_ar__a,20,0.37633070493270493,3.528987710216436,1.6862080714980903,48.52465355245682,0.01970198836686355
E,electronics,2y,LSTM no_ar (ar_encoding),ar_encoding__electronics__no_ar__a,3,0.37688766150565167,3.568700878371841,36.318110077132,63.134742382470655,0.09033250649621025
E,electronics,2y,LSTM no_ar (ar_encoding),ar_encoding__electronics__no_ar__a,4,0.3765654395551155,3.5271909138505,3.7311979345392006,51.38900260274037,0.030945419689945616
E,electronics,2y,LSTM no_ar (ar_encoding),ar_encoding__electronics__no_ar__a,5,0.3766384436320081,3.5576977512102252,25.596228612322633,58.87184747883279,-0.011792248461266136
E,electronics,2y,LSTM no_ar (ar_encoding),ar_encoding__electronics__no_ar__a,6,0.3767292739956895,3.5621002145187304,28.819586966286945,57.31265641334344,0.03660382995626276
E,electronics,2y,LSTM no_ar (ar_encoding),ar_encoding__electronics__no_ar__a,7,0.37661195651237345,3.5378902137793022,14.426494438814329,50.70506715553478,0.03487294203475566
E,electronics,2y,LSTM no_ar (ar_encoding),ar_encoding__electronics__no_ar__a,8,0.37662276430294417,3.526190691158288,18.04249076373944,54.33333343127897,0.09667718853084192
E,electronics,2y,LSTM no_ar (ar_encoding),ar_encoding__electronics__no_ar__a,9,0.37664610000907006,3.533909261451473,11.270393571964181,54.91456499348006,0.020125622228649335
E,electronics,2y,LSTM no_ar (ar_encoding),ar_encoding__electronics__no_ar__b,1,0.37642634069861114,3.520021479146704,3.211088795195722,49.706430443173375,0.07198323461245455
E,electronics,2y,LSTM no_ar (ar_encoding),ar_encoding__electronics__no_ar__b,10,0.3770717699074319,3.5612360295630827,29.54805777185973,61.86889362941735,0.03597880999568505
E,electronics,2y,LSTM no_ar (ar_encoding),ar_encoding__electronics__no_ar__b,11,0.37607168938619145,3.424622316275114,6.724835674474482,41.920018206993575,0.2536657249666575
E,electronics,2y,LSTM no_ar (ar_encoding),ar_encoding__electronics__no_ar__b,12,0.3766864730267481,3.549476041527676,16.55214766933029,51.86412190439477,-0.04429748672727563
E,electronics,2y,LSTM no_ar (ar_encoding),ar_encoding__electronics__no_ar__b,13,0.3764743252704435,3.531589222852908,7.215406033848355,51.23631002622049,-0.020483946240588694
E,electronics,2y,LSTM no_ar (ar_encoding),ar_encoding__electronics__no_ar__b,14,0.3767554508332985,3.5728914468460715,32.78845770544174,56.18086823823473,0.008724000415975592
E,electronics,2y,LSTM no_ar (ar_encoding),ar_encoding__electronics__no_ar__b,15,0.37582787587056504,3.402862672345194,-18.418313648098543,40.3996818000927,0.2864323666463456
E,electronics,2y,LSTM no_ar (ar_encoding),ar_encoding__electronics__no_ar__b,16,0.3763188651399705,3.5292676462757737,6.8688938704311076,47.57873216722013,0.030247063718494446
E,electronics,2y,LSTM no_ar (ar_encoding),ar_encoding__electronics__no_ar__b,17,0.37679107532835504,3.551558991622836,25.61236137820074,54.89207018286127,0.03638870443503128
E,electronics,2y,LSTM no_ar (ar_encoding),ar_encoding__electronics__no_ar__b,18,0.37676013881096515,3.5440040932596295,19.19041178535198,57.98932077450738,0.021149270606205268
E,electronics,2y,LSTM no_ar (ar_encoding),ar_encoding__electronics__no_ar__b,19,0.3765342722986302,3.5370869824870033,7.1997277631633265,47.38150428835839,-0.019771144428728762
E,electronics,2y,LSTM no_ar (ar_encoding),ar_encoding__electronics__no_ar__b,2,0.37683214588735525,3.593984518387256,39.915019856009,61.31606480159396,0.0594994534103275
E,electronics,2y,LSTM no_ar (ar_encoding),ar_encoding__electronics__no_ar__b,20,0.37726598991947186,3.6415993748466695,54.75096629450661,71.39491062467225,0.08015112501730093
E,electronics,2y,LSTM no_ar (ar_encoding),ar_encoding__electronics__no_ar__b,3,0.3765516248398789,3.5178645163714384,3.1229270402792855,53.020677208010376,0.06295906551853879
E,electronics,2y,LSTM no_ar (ar_encoding),ar_encoding__electronics__no_ar__b,4,0.37652945656964715,3.553593058148359,23.33787825036637,52.97205198620299,0.02459245495068958
E,electronics,2y,LSTM no_ar (ar_encoding),ar_encoding__electronics__no_ar__b,5,0.3767329254431664,3.5613079513381165,28.071120720078515,54.813224452451806,0.08105361598715262
E,electronics,2y,LSTM no_ar (ar_encoding),ar_encoding__electronics__no_ar__b,6,0.3771474018441428,3.652287617930307,53.29425188927977,69.61190675029137,0.00993680715201591
E,electronics,2y,LSTM no_ar (ar_encoding),ar_encoding__electronics__no_ar__b,7,0.3764901596959886,3.534491738979463,16.275392426653873,51.249261658725004,0.05339014411738616
E,electronics,2y,LSTM no_ar (ar_encoding),ar_encoding__electronics__no_ar__b,8,0.3764272798125239,3.5231727255777896,6.7891393141882,49.676210022815205,0.06163087456599356
E,electronics,2y,LSTM no_ar (ar_encoding),ar_encoding__electronics__no_ar__b,9,0.3766833114107103,3.5465830535081406,25.45626041626681,54.99272910937097,0.06198996141767705
E,electronics,2y,LSTM no_ar (ar_encoding),ar_encoding__electronics__no_ar__c,1,0.3768932317672147,3.5715500449057185,34.64621731058518,62.29311543797413,0.10257560812908292
E,electronics,2y,LSTM no_ar (ar_encoding),ar_encoding__electronics__no_ar__c,10,0.37692173318011907,3.5832683000271186,37.76709892924789,63.40490825056527,0.062266099502465234
E,electronics,2y,LSTM no_ar (ar_encoding),ar_encoding__electronics__no_ar__c,11,0.3768403639766421,3.6260927277214794,48.05589694997643,64.91115689134799,0.050889620392623604
E,electronics,2y,LSTM no_ar (ar_encoding),ar_encoding__electronics__no_ar__c,12,0.3763735032040667,3.530796663682062,16.28448127682582,49.420586380639,0.08982017738530114
E,electronics,2y,LSTM no_ar (ar_encoding),ar_encoding__electronics__no_ar__c,13,0.37686854144432863,3.5690269464138242,33.11838272269536,59.356055670781565,0.06451943072172925
E,electronics,2y,LSTM no_ar (ar_encoding),ar_encoding__electronics__no_ar__c,14,0.37647725484771044,3.5304646176171284,6.22926646517863,48.66689398155329,-0.0004471007293479517
E,electronics,2y,LSTM no_ar (ar_encoding),ar_encoding__electronics__no_ar__c,15,0.3771250649119829,3.5950005067495545,41.535106219380374,64.88798028451716,0.059980772483780226
E,electronics,2y,LSTM no_ar (ar_encoding),ar_encoding__electronics__no_ar__c,16,0.377259361398798,3.6297255851562475,50.514656373337,70.05476055558239,0.02551184489063032
E,electronics,2y,LSTM no_ar (ar_encoding),ar_encoding__electronics__no_ar__c,17,0.377164640039652,3.6089685140589784,43.47966429428264,67.22335862792545,-0.007604504685786785
E,electronics,2y,LSTM no_ar (ar_encoding),ar_encoding__electronics__no_ar__c,18,0.3767394257096623,3.5335695110826357,10.523745050493709,51.408998040804875,-0.029118895315678604
E,electronics,2y,LSTM no_ar (ar_encoding),ar_encoding__electronics__no_ar__c,19,0.37671320499552013,3.5317903242997453,12.713701913486116,56.2406272620747,0.024638885611229393
E,electronics,2y,LSTM no_ar (ar_encoding),ar_encoding__electronics__no_ar__c,2,0.3767763094500136,3.5861770369144708,38.57986874384482,61.274256104452256,0.05893496314771663
E,electronics,2y,LSTM no_ar (ar_encoding),ar_encoding__electronics__no_ar__c,20,0.3756827141038201,3.285362948405539,20.844808448615076,41.00113628249945,0.28067276796217816
E,electronics,2y,LSTM no_ar (ar_encoding),ar_encoding__electronics__no_ar__c,3,0.37668197092907485,3.5828858156168124,37.62122302578944,59.76209980226162,0.06982372686810334
E,electronics,2y,LSTM no_ar (ar_encoding),ar_encoding__electronics__no_ar__c,4,0.37716318544798766,3.6287193745468524,47.6098620141687,68.43376542310125,0.04050793186782413
E,electronics,2y,LSTM no_ar (ar_encoding),ar_encoding__electronics__no_ar__c,5,0.37683990536230366,3.577276587799919,32.11701939856315,61.96659872614365,0.013202706408128465
E,electronics,2y,LSTM no_ar (ar_encoding),ar_encoding__electronics__no_ar__c,6,0.37643010329171817,3.5375504998324327,22.09815994357702,59.533288086914915,0.0700992754988402
E,electronics,2y,LSTM no_ar (ar_encoding),ar_encoding__electronics__no_ar__c,7,0.37655665453359694,3.534845194153008,8.036810226500895,48.30674854083074,-0.03522413498633032
E,electronics,2y,LSTM no_ar (ar_encoding),ar_encoding__electronics__no_ar__c,8,0.37632237468092716,3.522736257460363,-7.803680610366356,47.43876392123351,0.06389673767761543
E,electronics,2y,LSTM no_ar (ar_encoding),ar_encoding__electronics__no_ar__c,9,0.3765443502216812,3.5477253178857855,20.762781693772038,57.79481955137969,0.029291698733649566
E,electronics,2y,LSTM no_ar (ar_encoding),ar_encoding__electronics__no_ar__d,1,0.3770225159742385,3.591299224079785,38.5416956032462,63.589184529490176,0.00042337076899454546
E,electronics,2y,LSTM no_ar (ar_encoding),ar_encoding__electronics__no_ar__d,10,0.37709289776468335,3.623698611662962,45.01204332368514,63.874119853990564,-0.03288679226806849
E,electronics,2y,LSTM no_ar (ar_encoding),ar_encoding__electronics__no_ar__d,11,0.37653105462758313,3.5308936936478927,4.823222430549748,50.69643272021585,-0.025009741142758814
E,electronics,2y,LSTM no_ar (ar_encoding),ar_encoding__electronics__no_ar__d,12,0.37653326192847,3.552099934803855,23.973188379489844,54.124517334388905,-0.018639990585432857
E,electronics,2y,LSTM no_ar (ar_encoding),ar_encoding__electronics__no_ar__d,13,0.3765211012825301,3.514006105011138,6.424222188705141,54.5869121848254,0.052661669539776565
E,electronics,2y,LSTM no_ar (ar_encoding),ar_encoding__electronics__no_ar__d,14,0.37684275684738955,3.5723054046498257,40.06066857668893,64.15791889994154,0.0915209171417891
E,electronics,2y,LSTM no_ar (ar_encoding),ar_encoding__electronics__no_ar__d,15,0.37638457736144687,3.5321367697982957,-3.8822991077376128,48.66621220829098,-0.008907481185310841
E,electronics,2y,LSTM no_ar (ar_encoding),ar_encoding__electronics__no_ar__d,16,0.3763837114292095,3.5342105276510196,0.5301072358405825,52.17018867925381,-0.05770005213821611
E,electronics,2y,LSTM no_ar (ar_encoding),ar_encoding__electronics__no_ar__d,17,0.37665025388969486,3.549011546353347,20.51465624969392,54.698250576537546,0.0067572788233652035
E,electronics,2y,LSTM no_ar (ar_encoding),ar_encoding__electronics__no_ar__d,18,0.37635295408061453,3.521699602346165,8.726426285685722,49.511247591465306,0.03234014549144944
E,electronics,2y,LSTM no_ar (ar_encoding),ar_encoding__electronics__no_ar__d,19,0.3763575635253229,3.5248183619873816,2.3821862909024905,52.66394011699162,0.07102344863496854
E,electronics,2y,LSTM no_ar (ar_encoding),ar_encoding__electronics__no_ar__d,2,0.3767929233262243,3.552876179571559,25.19631950621466,54.38195879088014,0.030113115214471842
E,electronics,2y,LSTM no_ar (ar_encoding),ar_encoding__electronics__no_ar__d,20,0.37705144170790733,3.5833595256219457,40.26244091198227,62.973188186234445,0.05984359345109455
E,electronics,2y,LSTM no_ar (ar_encoding),ar_encoding__electronics__no_ar__d,3,0.37647921289437347,3.5296003958035387,2.337878182956897,49.97841408323867,-0.012611347668556505
E,electronics,2y,LSTM no_ar (ar_encoding),ar_encoding__electronics__no_ar__d,4,0.3768892235139859,3.557131810388364,32.97886898558277,60.36946168531238,0.08010075489002767
E,electronics,2y,LSTM no_ar (ar_encoding),ar_encoding__electronics__no_ar__d,5,0.3768332187211805,3.5612964161929788,27.87025729311718,59.30493088434658,0.0003566134305851493
E,electronics,2y,LSTM no_ar (ar_encoding),ar_encoding__electronics__no_ar__d,6,0.37627134028311016,3.532515331322148,6.3887756755580645,49.004998961311166,0.0032836717412067363
E,electronics,2y,LSTM no_ar (ar_encoding),ar_encoding__electronics__no_ar__d,7,0.37646647609718165,3.5222516140966578,10.770734380924189,51.05067043306192,0.0971642409467004
E,electronics,2y,LSTM no_ar (ar_encoding),ar_encoding__electronics__no_ar__d,8,0.3773490610760207,3.596230933704628,42.89479722131105,66.96659881061657,0.03572609535814799
E,electronics,2y,LSTM no_ar (ar_encoding),ar_encoding__electronics__no_ar__d,9,0.3763589982904302,3.5386855551287915,6.950239011549204,48.27630091458555,-0.025932373730145654
E,electronics,2y,LSTM no_ar (ar_encoding),ar_encoding__electronics__no_ar__e,1,0.3766116109026969,3.5465251491116723,24.061577431267054,55.019086770536795,0.017434159127675226
E,electronics,2y,LSTM no_ar (ar_encoding),ar_encoding__electronics__no_ar__e,10,0.37703599248764325,3.5731726754911346,35.45239771908008,62.19813699863247,0.05232510475854457
E,electronics,2y,LSTM no_ar (ar_encoding),ar_encoding__electronics__no_ar__e,11,0.3766422715139719,3.5578069739223475,21.121563747792997,53.51738261815025,-0.024871692746075997
E,electronics,2y,LSTM no_ar (ar_encoding),ar_encoding__electronics__no_ar__e,12,0.3767724600267508,3.564527681368358,32.66257718433985,60.87025696781205,0.09586277640725832
E,electronics,2y,LSTM no_ar (ar_encoding),ar_encoding__electronics__no_ar__e,13,0.3769097102309856,3.5498780142200346,22.768007765918206,61.48966158220914,0.04491243168233335
E,electronics,2y,LSTM no_ar (ar_encoding),ar_encoding__electronics__no_ar__e,14,0.3768672146162282,3.562359127937218,31.003863290688578,60.90115906757024,0.06107067177758498
E,electronics,2y,LSTM no_ar (ar_encoding),ar_encoding__electronics__no_ar__e,15,0.3776545660573152,3.694985108063504,62.835265353897086,79.15382909756107,0.037633321541751884
E,electronics,2y,LSTM no_ar (ar_encoding),ar_encoding__electronics__no_ar__e,16,0.3769902088382208,3.6066650711610477,43.37241592002486,66.84435383393217,0.016850785008325438
E,electronics,2y,LSTM no_ar (ar_encoding),ar_encoding__electronics__no_ar__e,17,0.37651476564778136,3.5541839650001315,14.662804377367362,52.03203831094007,-0.09249432446887673
E,electronics,2y,LSTM no_ar (ar_encoding),ar_encoding__electronics__no_ar__e,18,0.3771457616127047,3.64125352598597,51.201091254962805,69.30743050285375,0.04473818080576615
E,electronics,2y,LSTM no_ar (ar_encoding),ar_encoding__electronics__no_ar__e,19,0.37664748064929926,3.5547750958649167,22.33265219802239,57.2456261946806,0.010698013816228048
E,electronics,2y,LSTM no_ar (ar_encoding),ar_encoding__electronics__no_ar__e,2,0.3765188634673556,3.5422544770534214,14.299250601098102,50.65007962704833,-0.042574255768792334
E,electronics,2y,LSTM no_ar (ar_encoding),ar_encoding__electronics__no_ar__e,20,0.3767063019505768,3.5433349986557827,23.805272020812097,56.45921398420834,0.06500935717152455
E,electronics,2y,LSTM no_ar (ar_encoding),ar_encoding__electronics__no_ar__e,3,0.37656587453812945,3.5349031761991276,8.495342411734319,47.89956836413967,-0.03936675730547771
E,electronics,2y,LSTM no_ar (ar_encoding),ar_encoding__electronics__no_ar__e,4,0.3768975897743606,3.5485667580386506,26.29243404542267,57.16359936263999,0.07438957323447391
E,electronics,2y,LSTM no_ar (ar_encoding),ar_encoding__electronics__no_ar__e,5,0.37648199731206783,3.5336493315268833,13.422631742381801,53.89661458435184,0.05930231715230044
E,electronics,2y,LSTM no_ar (ar_encoding),ar_encoding__electronics__no_ar__e,6,0.3763041571050087,3.5161020399796534,8.352874766275843,51.17768699502608,0.09020470882455338
E,electronics,2y,LSTM no_ar (ar_encoding),ar_encoding__electronics__no_ar__e,7,0.37646866013911495,3.5341167243261022,5.350602542995348,47.980004645269474,-0.0374201289337689
E,electronics,2y,LSTM no_ar (ar_encoding),ar_encoding__electronics__no_ar__e,8,0.37681815248740325,3.561449827051698,30.00409050226255,58.83799162172739,0.06995252897335404
E,electronics,2y,LSTM no_ar (ar_encoding),ar_encoding__electronics__no_ar__e,9,0.3775731994452198,3.5987918852022514,44.639400690228854,72.98159536997,0.08387520319444836
E,electronics,2y,LSTM ar_bounded_32 (ar_encoding),ar_encoding__electronics__ar_bounded_32__a,1,0.3757043769826932,3.338252010464796,-3.5121559371427686,39.574869333378516,0.2646876703300466
E,electronics,2y,LSTM ar_bounded_32 (ar_encoding),ar_encoding__electronics__ar_bounded_32__a,10,0.3761822705648721,3.499911547482324,-17.475800618374542,47.025903187064934,0.19416399615224858
E,electronics,2y,LSTM ar_bounded_32 (ar_encoding),ar_encoding__electronics__ar_bounded_32__a,11,0.3760030845208215,3.4621194339241876,-26.478072804771614,47.16564408108599,0.22514031053752792
E,electronics,2y,LSTM ar_bounded_32 (ar_encoding),ar_encoding__electronics__ar_bounded_32__a,12,0.37558900197287143,3.2990806258871257,20.224722119583927,48.00658955196854,0.3250791279044657
E,electronics,2y,LSTM ar_bounded_32 (ar_encoding),ar_encoding__electronics__ar_bounded_32__a,13,0.37615889270659536,3.463856296179715,4.342195374640908,42.68847989882122,0.20269423246555068
E,electronics,2y,LSTM ar_bounded_32 (ar_encoding),ar_encoding__electronics__ar_bounded_32__a,14,0.376079320630709,3.462081021239644,-12.518745342691203,47.21858668447062,0.2540214411023679
E,electronics,2y,LSTM ar_bounded_32 (ar_encoding),ar_encoding__electronics__ar_bounded_32__a,15,0.3758359808127421,3.4214745541317653,-9.946602677587537,43.87889113124833,0.26632417208706705
E,electronics,2y,LSTM ar_bounded_32 (ar_encoding),ar_encoding__electronics__ar_bounded_32__a,16,0.3760327367665923,3.427288587061223,-19.54055860566893,43.85866842743064,0.23517719299294
E,electronics,2y,LSTM ar_bounded_32 (ar_encoding),ar_encoding__electronics__ar_bounded_32__a,17,0.37580885827175753,3.405939754708001,-1.2744826615751828,40.992274490866265,0.25925443683399113
E,electronics,2y,LSTM ar_bounded_32 (ar_encoding),ar_encoding__electronics__ar_bounded_32__a,18,0.3755949991262664,3.3137143008689613,-4.252896670553127,42.044762537948614,0.3041246890912161
E,electronics,2y,LSTM ar_bounded_32 (ar_encoding),ar_encoding__electronics__ar_bounded_32__a,19,0.3758263204206855,3.3786077462610664,-25.20222641850168,46.15428303181111,0.24871174007193078
E,electronics,2y,LSTM ar_bounded_32 (ar_encoding),ar_encoding__electronics__ar_bounded_32__a,2,0.37573285469993817,3.459452480303223,-29.17291489413913,47.00386266794817,0.19875924715705098
E,electronics,2y,LSTM ar_bounded_32 (ar_encoding),ar_encoding__electronics__ar_bounded_32__a,20,0.3758394910919633,3.445589453845489,-23.765507496540554,44.85480561979427,0.20195518310321114
E,electronics,2y,LSTM ar_bounded_32 (ar_encoding),ar_encoding__electronics__ar_bounded_32__a,3,0.37576836557522436,3.3736335525875116,0.13496975018297147,40.09952282049929,0.29530331353180245
E,electronics,2y,LSTM ar_bounded_32 (ar_encoding),ar_encoding__electronics__ar_bounded_32__a,4,0.3759350718579321,3.4177032854346163,-7.637354742764951,43.31879113107569,0.2943777971850832
E,electronics,2y,LSTM ar_bounded_32 (ar_encoding),ar_encoding__electronics__ar_bounded_32__a,5,0.37572105198781414,3.33182026657538,-16.197227508092617,43.86866615768383,0.2424949187113074
E,electronics,2y,LSTM ar_bounded_32 (ar_encoding),ar_encoding__electronics__ar_bounded_32__a,6,0.3760679256290514,3.4288264872916354,5.159964061442997,49.53942295803793,0.21443959671122823
E,electronics,2y,LSTM ar_bounded_32 (ar_encoding),ar_encoding__electronics__ar_bounded_32__a,7,0.3762042568349821,3.4893932944261694,-14.305384777709914,41.94410355315985,0.13985111839380907
E,electronics,2y,LSTM ar_bounded_32 (ar_encoding),ar_encoding__electronics__ar_bounded_32__a,8,0.37603505424939315,3.4257960826047156,-28.294023714741357,48.184957877741084,0.2889954731479331
E,electronics,2y,LSTM ar_bounded_32 (ar_encoding),ar_encoding__electronics__ar_bounded_32__a,9,0.37581891276346535,3.4318576752085437,-17.946148221238293,43.643944490295944,0.24724082395410876
E,electronics,2y,LSTM ar_bounded_32 (ar_encoding),ar_encoding__electronics__ar_bounded_32__b,1,0.3756740288448527,3.406197804885551,-8.180413160717015,39.87139280543911,0.2644827264899157
E,electronics,2y,LSTM ar_bounded_32 (ar_encoding),ar_encoding__electronics__ar_bounded_32__b,10,0.3757492009139689,3.3458617636291916,4.796637523882398,41.839581936814916,0.2928963179718846
E,electronics,2y,LSTM ar_bounded_32 (ar_encoding),ar_encoding__electronics__ar_bounded_32__b,11,0.37606767614330067,3.4626914256058994,-14.69097893898424,43.44853436048687,0.23566011646484689
E,electronics,2y,LSTM ar_bounded_32 (ar_encoding),ar_encoding__electronics__ar_bounded_32__b,12,0.37612200565384885,3.4876883535125947,-21.06339433201904,45.32424441260055,0.21597675174224198
E,electronics,2y,LSTM ar_bounded_32 (ar_encoding),ar_encoding__electronics__ar_bounded_32__b,13,0.3758261530754749,3.3700886373268792,1.9938654403106404,42.89820494930797,0.2690814581693295
E,electronics,2y,LSTM ar_bounded_32 (ar_encoding),ar_encoding__electronics__ar_bounded_32__b,14,0.37593396800018786,3.309920867392435,23.113838246951662,47.7046128230368,0.3328368810397054
E,electronics,2y,LSTM ar_bounded_32 (ar_encoding),ar_encoding__electronics__ar_bounded_32__b,15,0.3760153441834223,3.496218686963503,-13.708020549809815,43.79345596534339,0.15492480154720586
E,electronics,2y,LSTM ar_bounded_32 (ar_encoding),ar_encoding__electronics__ar_bounded_32__b,16,0.37604162313525036,3.347836070419978,36.18745789869505,55.58123181405169,0.2841375187979051
E,electronics,2y,LSTM ar_bounded_32 (ar_encoding),ar_encoding__electronics__ar_bounded_32__b,17,0.37686992674633846,3.536157370699493,72.00250003014533,78.1165648599668,0.2820771232230187
E,electronics,2y,LSTM ar_bounded_32 (ar_encoding),ar_encoding__electronics__ar_bounded_32__b,18,0.3762084563520949,3.4901485939043995,8.886844318629143,44.541922376707575,0.15808075760579665
E,electronics,2y,LSTM ar_bounded_32 (ar_encoding),ar_encoding__electronics__ar_bounded_32__b,19,0.37591171838874604,3.367309845359156,7.12951645236031,43.26902983936173,0.2955496322043514
E,electronics,2y,LSTM ar_bounded_32 (ar_encoding),ar_encoding__electronics__ar_bounded_32__b,2,0.37596920449434074,3.430428349789817,-21.489433865726433,44.50693017785358,0.2609710957073383
E,electronics,2y,LSTM ar_bounded_32 (ar_encoding),ar_encoding__electronics__ar_bounded_32__b,20,0.3760425337355664,3.3741615618762517,-7.102021876781104,42.83708241719298,0.2789010979135469
E,electronics,2y,LSTM ar_bounded_32 (ar_encoding),ar_encoding__electronics__ar_bounded_32__b,3,0.3759202373743463,3.421608243563411,-12.10906573132597,42.560781592194665,0.24622360386791506
E,electronics,2y,LSTM ar_bounded_32 (ar_encoding),ar_encoding__electronics__ar_bounded_32__b,4,0.37604014877415265,3.4134394675461914,22.546467194701762,44.172006545603544,0.2609551591951115
E,electronics,2y,LSTM ar_bounded_32 (ar_encoding),ar_encoding__electronics__ar_bounded_32__b,5,0.37610246426570065,3.4920818582930697,4.957055635420049,46.78845723478938,0.17918374165893675
E,electronics,2y,LSTM ar_bounded_32 (ar_encoding),ar_encoding__electronics__ar_bounded_32__b,6,0.37596164060097376,3.429029763879472,-6.3901382011833086,32.346512109514826,0.23863671147218876
E,electronics,2y,LSTM ar_bounded_32 (ar_encoding),ar_encoding__electronics__ar_bounded_32__b,7,0.37565075111047924,3.3445510413218456,-7.2035896885778214,42.705975876055824,0.2948081305642417
E,electronics,2y,LSTM ar_bounded_32 (ar_encoding),ar_encoding__electronics__ar_bounded_32__b,8,0.3756297730186369,3.3525276376174133,0.11338373660729212,40.54964781464562,0.25794739680582723
E,electronics,2y,LSTM ar_bounded_32 (ar_encoding),ar_encoding__electronics__ar_bounded_32__b,9,0.375851785563735,3.359868175268716,7.215860462953716,41.67439223180796,0.25474230601130704
E,electronics,2y,LSTM ar_bounded_32 (ar_encoding),ar_encoding__electronics__ar_bounded_32__c,1,0.3753979207072211,3.2512799141270072,-3.948874858093217,41.35310151576159,0.3203668518184032
E,electronics,2y,LSTM ar_bounded_32 (ar_encoding),ar_encoding__electronics__ar_bounded_32__c,10,0.3762990319016708,3.4677946298482563,-14.988411343596294,48.30084070344293,0.19643239489247263
E,electronics,2y,LSTM ar_bounded_32 (ar_encoding),ar_encoding__electronics__ar_bounded_32__c,11,0.3757950675062751,3.3795464601391907,-20.437400221149293,44.70824803674537,0.24146419844221123
E,electronics,2y,LSTM ar_bounded_32 (ar_encoding),ar_encoding__electronics__ar_bounded_32__c,12,0.37590080207393506,3.3646722684472925,30.51079351733659,48.48080009197264,0.30354478033112686
E,electronics,2y,LSTM ar_bounded_32 (ar_encoding),ar_encoding__electronics__ar_bounded_32__c,13,0.3759192740456999,3.346154382615467,14.000454880474818,45.44739837744906,0.31068316657802064
E,electronics,2y,LSTM ar_bounded_32 (ar_encoding),ar_encoding__electronics__ar_bounded_32__c,14,0.3760653160265227,3.476567076623821,-11.685525656543954,43.53147006651416,0.17957915770075156
E,electronics,2y,LSTM ar_bounded_32 (ar_encoding),ar_encoding__electronics__ar_bounded_32__c,15,0.37591310960330654,3.420257353156795,-9.581231159598126,40.023403714176716,0.24664164170290487
E,electronics,2y,LSTM ar_bounded_32 (ar_encoding),ar_encoding__electronics__ar_bounded_32__c,16,0.37620921477160785,3.4575503940375345,9.987957687697921,42.84594417543318,0.1855896128779653
E,electronics,2y,LSTM ar_bounded_32 (ar_encoding),ar_encoding__electronics__ar_bounded_32__c,17,0.37603884713848995,3.4445712821567445,6.209271038128746,43.81617817544613,0.18135765615799213
E,electronics,2y,LSTM ar_bounded_32 (ar_encoding),ar_encoding__electronics__ar_bounded_32__c,18,0.37595332823370625,3.4635788336006867,-13.64917027273297,45.20427170999974,0.20172324388484056
E,electronics,2y,LSTM ar_bounded_32 (ar_encoding),ar_encoding__electronics__ar_bounded_32__c,19,0.37621255476897775,3.399799720434793,40.007044374149096,55.9316067862747,0.2992657309695144
E,electronics,2y,LSTM ar_bounded_32 (ar_encoding),ar_encoding__electronics__ar_bounded_32__c,2,0.37582890082872994,3.393079531780505,-9.413769216122562,41.75732781089736,0.24330438224433773
E,electronics,2y,LSTM ar_bounded_32 (ar_encoding),ar_encoding__electronics__ar_bounded_32__c,20,0.37596200121804446,3.4232847410294274,-17.864803099673527,43.741649517379386,0.25062904224420696
E,electronics,2y,LSTM ar_bounded_32 (ar_encoding),ar_encoding__electronics__ar_bounded_32__c,3,0.37601254603951206,3.495539402294851,-27.768006913259942,46.251079210111335,0.23124330853487982
E,electronics,2y,LSTM ar_bounded_32 (ar_encoding),ar_encoding__electronics__ar_bounded_32__c,4,0.3768324721489525,3.61860789498338,68.44126390770634,76.24449029173782,0.2867634914247085
E,electronics,2y,LSTM ar_bounded_32 (ar_encoding),ar_encoding__electronics__ar_bounded_32__c,5,0.3760730817304111,3.442577634151697,-11.16041772022485,43.19995450698367,0.23167704923986515
E,electronics,2y,LSTM ar_bounded_32 (ar_encoding),ar_encoding__electronics__ar_bounded_32__c,6,0.3758262394842118,3.4327883244946746,-30.08157200022564,48.75278334824044,0.22685704016031258
E,electronics,2y,LSTM ar_bounded_32 (ar_encoding),ar_encoding__electronics__ar_bounded_32__c,7,0.3758538099641344,3.3487102762715333,11.39945512295935,44.09520573337605,0.27447704835015296
E,electronics,2y,LSTM ar_bounded_32 (ar_encoding),ar_encoding__electronics__ar_bounded_32__c,8,0.37574304227767924,3.2930113286920477,20.949330143458972,45.81595113035602,0.3306875297530789
E,electronics,2y,LSTM ar_bounded_32 (ar_encoding),ar_encoding__electronics__ar_bounded_32__c,9,0.37578795383473584,3.3613318440085855,-12.207679722925496,43.93546918252181,0.30703559078527604
E,electronics,2y,LSTM ar_bounded_32 (ar_encoding),ar_encoding__electronics__ar_bounded_32__d,1,0.3760984071474941,3.4795714686012875,-24.77936796315824,47.38241302683677,0.20821082186401832
E,electronics,2y,LSTM ar_bounded_32 (ar_encoding),ar_encoding__electronics__ar_bounded_32__d,10,0.375907635567063,3.336408849916757,8.181777294634907,44.614405889697615,0.2562077193480637
E,electronics,2y,LSTM ar_bounded_32 (ar_encoding),ar_encoding__electronics__ar_bounded_32__d,11,0.37604981255908304,3.426096988892927,-9.468529528183524,42.30197678252181,0.2259186676675822
E,electronics,2y,LSTM ar_bounded_32 (ar_encoding),ar_encoding__electronics__ar_bounded_32__d,12,0.37589040654553607,3.4289002160721282,0.6337200369539903,42.23699158580685,0.24015562134787372
E,electronics,2y,LSTM ar_bounded_32 (ar_encoding),ar_encoding__electronics__ar_bounded_32__d,13,0.3759013838711902,3.331156087681864,32.56282713965722,52.03749176889939,0.3035918159545637
E,electronics,2y,LSTM ar_bounded_32 (ar_encoding),ar_encoding__electronics__ar_bounded_32__d,14,0.37593345274320306,3.4662497286717735,-8.880935761990084,42.82458527594546,0.2458100675640191
E,electronics,2y,LSTM ar_bounded_32 (ar_encoding),ar_encoding__electronics__ar_bounded_32__d,15,0.3758547762216887,3.393190581802356,-16.147466118643774,44.90184044092768,0.24298482036020805
E,electronics,2y,LSTM ar_bounded_32 (ar_encoding),ar_encoding__electronics__ar_bounded_32__d,16,0.37746997198458043,3.716241165886598,95.67734675098455,98.26312266307954,0.3076027198813207
E,electronics,2y,LSTM ar_bounded_32 (ar_encoding),ar_encoding__electronics__ar_bounded_32__d,17,0.3755950262245396,3.2983189126794907,-3.090206361658381,43.716428112194194,0.29117408798005234
E,electronics,2y,LSTM ar_bounded_32 (ar_encoding),ar_encoding__electronics__ar_bounded_32__d,18,0.3759723279063442,3.46736586529353,-4.76278080278036,45.12224492008131,0.2291339751083436
E,electronics,2y,LSTM ar_bounded_32 (ar_encoding),ar_encoding__electronics__ar_bounded_32__d,19,0.3757915791139738,3.4337544385488217,-15.256759442227883,43.73256069818804,0.25972951597055804
E,electronics,2y,LSTM ar_bounded_32 (ar_encoding),ar_encoding__electronics__ar_bounded_32__d,2,0.3757589682270905,3.3014314411362187,-0.9484203529799988,44.11542830955751,0.3126343754878106
E,electronics,2y,LSTM ar_bounded_32 (ar_encoding),ar_encoding__electronics__ar_bounded_32__d,20,0.37573307902126085,3.377408636810275,-20.57532340563699,45.178368469749756,0.27547221832875013
E,electronics,2y,LSTM ar_bounded_32 (ar_encoding),ar_encoding__electronics__ar_bounded_32__d,3,0.3758345718188434,3.3561211296484266,-10.532605855985482,42.80936144772935,0.2664963667505962
E,electronics,2y,LSTM ar_bounded_32 (ar_encoding),ar_encoding__electronics__ar_bounded_32__d,4,0.3759321000117385,3.3398561339884156,12.502840702563411,42.98682127033001,0.2871923594760992
E,electronics,2y,LSTM ar_bounded_32 (ar_encoding),ar_encoding__electronics__ar_bounded_32__d,5,0.37649647555524796,3.413689649369859,50.12928933627643,61.68757140682142,0.3034853854505644
E,electronics,2y,LSTM ar_bounded_32 (ar_encoding),ar_encoding__electronics__ar_bounded_32__d,6,0.3755290739192025,3.302391255706595,4.647807745693283,42.61054304525529,0.309006924909305
E,electronics,2y,LSTM ar_bounded_32 (ar_encoding),ar_encoding__electronics__ar_bounded_32__d,7,0.3758293658075363,3.379997631478635,-17.021585618137635,45.54010451778937,0.3117053380766378
E,electronics,2y,LSTM ar_bounded_32 (ar_encoding),ar_encoding__electronics__ar_bounded_32__d,8,0.3761092821052387,3.4630978981210507,-24.34151294830394,46.52965228986213,0.24821542862194176
E,electronics,2y,LSTM ar_bounded_32 (ar_encoding),ar_encoding__electronics__ar_bounded_32__d,9,0.37605186231177684,3.3775673130636776,35.2288121893371,53.668257490374266,0.25967244323048044
E,electronics,2y,LSTM ar_bounded_32 (ar_encoding),ar_encoding__electronics__ar_bounded_32__e,1,0.3758112745376143,3.369419193380783,7.218132664156724,43.58895708744595,0.2555920729611995
E,electronics,2y,LSTM ar_bounded_32 (ar_encoding),ar_encoding__electronics__ar_bounded_32__e,10,0.3758635718232603,3.4296412914003715,-11.649851917385183,39.20586222304057,0.2422299120868905
E,electronics,2y,LSTM ar_bounded_32 (ar_encoding),ar_encoding__electronics__ar_bounded_32__e,11,0.3758755137322284,3.3412739719741396,23.800045918405246,48.51488316753504,0.30342638217408086
E,electronics,2y,LSTM ar_bounded_32 (ar_encoding),ar_encoding__electronics__ar_bounded_32__e,12,0.3756884867760717,3.42163545172556,-12.49352381326621,40.17405129896747,0.2770789155103619
E,electronics,2y,LSTM ar_bounded_32 (ar_encoding),ar_encoding__electronics__ar_bounded_32__e,13,0.3757688930563868,3.3507850829797703,8.359464243925277,45.30515797695252,0.30213209414805975
E,electronics,2y,LSTM ar_bounded_32 (ar_encoding),ar_encoding__electronics__ar_bounded_32__e,14,0.3757587668999234,3.3537725921565937,-6.045671052794111,42.182458497980015,0.2541152616291232
E,electronics,2y,LSTM ar_bounded_32 (ar_encoding),ar_encoding__electronics__ar_bounded_32__e,15,0.3756667310632602,3.309781899549279,4.271529589753523,40.713701452951966,0.2734628827995422
E,electronics,2y,LSTM ar_bounded_32 (ar_encoding),ar_encoding__electronics__ar_bounded_32__e,16,0.3756282071572935,3.358385899889916,28.897750976031247,48.81458785629302,0.28926408312540347
E,electronics,2y,LSTM ar_bounded_32 (ar_encoding),ar_encoding__electronics__ar_bounded_32__e,17,0.37591451076494303,3.406583815651173,-4.912973937928425,43.83321973373293,0.15243677326044766
E,electronics,2y,LSTM ar_bounded_32 (ar_encoding),ar_encoding__electronics__ar_bounded_32__e,18,0.37650869417700394,3.5215765912948553,49.36037321677185,62.395137818130145,0.256951944050298
E,electronics,2y,LSTM ar_bounded_32 (ar_encoding),ar_encoding__electronics__ar_bounded_32__e,19,0.37639312331620967,3.4583128994208243,50.68552659430238,63.34583086759,0.300906751612928
E,electronics,2y,LSTM ar_bounded_32 (ar_encoding),ar_encoding__electronics__ar_bounded_32__e,2,0.3757914148382065,3.4082448610029035,-17.624175945397315,44.59032033784056,0.19974854861278069
E,electronics,2y,LSTM ar_bounded_32 (ar_encoding),ar_encoding__electronics__ar_bounded_32__e,20,0.3758668761399749,3.4031544093094688,-8.766643553191505,43.13928646463381,0.30629512930702973
E,electronics,2y,LSTM ar_bounded_32 (ar_encoding),ar_encoding__electronics__ar_bounded_32__e,3,0.37608554230121244,3.474537835294901,-13.338104615892117,38.374687487198585,0.18276170778243597
E,electronics,2y,LSTM ar_bounded_32 (ar_encoding),ar_encoding__electronics__ar_bounded_32__e,4,0.37604236476758757,3.354635905845129,20.126562617527327,46.69915939714238,0.31131526438025336
E,electronics,2y,LSTM ar_bounded_32 (ar_encoding),ar_encoding__electronics__ar_bounded_32__e,5,0.3759101591793569,3.4571681298391366,-25.91842726278039,40.40013623926042,0.2595584030271184
E,electronics,2y,LSTM ar_bounded_32 (ar_encoding),ar_encoding__electronics__ar_bounded_32__e,6,0.3757317691265411,3.3784008917762494,-5.114519049812946,39.963417363130255,0.28618229877406715
E,electronics,2y,LSTM ar_bounded_32 (ar_encoding),ar_encoding__electronics__ar_bounded_32__e,7,0.3759712577643823,3.3129540262436685,32.933651953719654,51.04817109742405,0.2888349204474245
E,electronics,2y,LSTM ar_bounded_32 (ar_encoding),ar_encoding__electronics__ar_bounded_32__e,8,0.37579208358454824,3.332454676298015,0.8452628235742174,44.68484436515425,0.27082419247401607
E,electronics,2y,LSTM ar_bounded_32 (ar_encoding),ar_encoding__electronics__ar_bounded_32__e,9,0.3764682832525708,3.505063472300788,43.63394742253863,57.69529687951741,0.2861983959528904
E,electronics,2y,LSTM ar_bounded_52 (ar_encoding),ar_encoding__electronics__ar_bounded_52__a,1,0.37573346284344805,3.3623848262044778,-12.93592327556902,43.78482160344466,0.265820079206937
E,electronics,2y,LSTM ar_bounded_52 (ar_encoding),ar_encoding__electronics__ar_bounded_52__a,10,0.3760241668485951,3.446846196941285,-15.030901722582188,44.59781862830906,0.20612050949098748
E,electronics,2y,LSTM ar_bounded_52 (ar_encoding),ar_encoding__electronics__ar_bounded_52__a,11,0.37583091267303803,3.368485518429879,-6.997272938276729,43.24448988014285,0.24580013770875994
E,electronics,2y,LSTM ar_bounded_52 (ar_encoding),ar_encoding__electronics__ar_bounded_52__a,12,0.37575265574378114,3.359132323216567,-4.104748520404783,44.88093618912355,0.2885151118921383
E,electronics,2y,LSTM ar_bounded_52 (ar_encoding),ar_encoding__electronics__ar_bounded_52__a,13,0.375843247213767,3.3343205412929384,0.8025453096456302,42.6880254423539,0.30357110403800536
E,electronics,2y,LSTM ar_bounded_52 (ar_encoding),ar_encoding__electronics__ar_bounded_52__a,14,0.3759561703512781,3.4437024344724643,-13.352192279355293,48.32606221813945,0.28102067483079646
E,electronics,2y,LSTM ar_bounded_52 (ar_encoding),ar_encoding__electronics__ar_bounded_52__a,15,0.37593332316578454,3.44954280186583,-10.885934654087581,43.272665263380254,0.2014301425686482
E,electronics,2y,LSTM ar_bounded_52 (ar_encoding),ar_encoding__electronics__ar_bounded_52__a,16,0.37577331040460504,3.312669893470049,4.987048843828425,43.960009158437195,0.2570959416220726
E,electronics,2y,LSTM ar_bounded_52 (ar_encoding),ar_encoding__electronics__ar_bounded_52__a,17,0.3758041271930022,3.406517725644558,-21.51760926356535,44.783685439956365,0.2841022797777811
E,electronics,2y,LSTM ar_bounded_52 (ar_encoding),ar_encoding__electronics__ar_bounded_52__a,18,0.37583269029157107,3.394670979512614,-9.84162652649851,42.30243122149906,0.23223919649208813
E,electronics,2y,LSTM ar_bounded_52 (ar_encoding),ar_encoding__electronics__ar_bounded_52__a,19,0.3758554023423402,3.3679786858229948,-12.914564503876244,43.99113833819197,0.18229556089642315
E,electronics,2y,LSTM ar_bounded_52 (ar_encoding),ar_encoding__electronics__ar_bounded_52__a,2,0.3755954691900998,3.361585568598962,-11.12315345167664,44.21063390764869,0.30405546883309076
E,electronics,2y,LSTM ar_bounded_52 (ar_encoding),ar_encoding__electronics__ar_bounded_52__a,20,0.3760907420123896,3.4954478347051428,-16.560554080855557,46.3260622343065,0.13378923839075982
E,electronics,2y,LSTM ar_bounded_52 (ar_encoding),ar_encoding__electronics__ar_bounded_52__a,3,0.3758998133024821,3.4006760446170166,19.081118402287657,46.77755071596829,0.2591025532873723
E,electronics,2y,LSTM ar_bounded_52 (ar_encoding),ar_encoding__electronics__ar_bounded_52__a,4,0.3760522725214663,3.4712852005966064,-23.004998520255498,45.48625303832302,0.2603779907232111
E,electronics,2y,LSTM ar_bounded_52 (ar_encoding),ar_encoding__electronics__ar_bounded_52__a,5,0.37573111742270787,3.367600325294048,7.659396042014921,43.62940241658236,0.2529663421079787
E,electronics,2y,LSTM ar_bounded_52 (ar_encoding),ar_encoding__electronics__ar_bounded_52__a,6,0.37567389092447306,3.3961670517638285,-17.45739564424661,42.87025667577806,0.2470127543134896
E,electronics,2y,LSTM ar_bounded_52 (ar_encoding),ar_encoding__electronics__ar_bounded_52__a,7,0.3761784393886803,3.413508217941511,-11.478299996641162,43.45103380842936,0.2166343414556418
E,electronics,2y,LSTM ar_bounded_52 (ar_encoding),ar_encoding__electronics__ar_bounded_52__a,8,0.37604049595672184,3.4110663384646793,-5.338331798806494,44.42263118606556,0.2527170435931097
E,electronics,2y,LSTM ar_bounded_52 (ar_encoding),ar_encoding__electronics__ar_bounded_52__a,9,0.37588356826584,3.4454648888594943,-38.06680266274978,51.653260517809585,0.2814241394355737
E,electronics,2y,LSTM ar_bounded_52 (ar_encoding),ar_encoding__electronics__ar_bounded_52__b,1,0.3761606382878731,3.4842857732717842,-14.573278410732362,50.12974326766076,0.23718845877156483
E,electronics,2y,LSTM ar_bounded_52 (ar_encoding),ar_encoding__electronics__ar_bounded_52__b,10,0.376052913719551,3.424420745428137,-18.034991686694045,45.963644564193686,0.23878916938486439
E,electronics,2y,LSTM ar_bounded_52 (ar_encoding),ar_encoding__electronics__ar_bounded_52__b,11,0.37650270846217027,3.5630329202758753,-1.3369684721501267,47.429675125182364,-0.19978376508992873
E,electronics,2y,LSTM ar_bounded_52 (ar_encoding),ar_encoding__electronics__ar_bounded_52__b,12,0.37568540287224544,3.319744670409541,-4.687570629104456,39.51465570607211,0.2433817022332863
E,electronics,2y,LSTM ar_bounded_52 (ar_encoding),ar_encoding__electronics__ar_bounded_52__b,13,0.37620140940353713,3.4591939072325415,4.049534565180507,42.35855489718485,0.1263597590362455
E,electronics,2y,LSTM ar_bounded_52 (ar_encoding),ar_encoding__electronics__ar_bounded_52__b,14,0.3759071655305803,3.354103994059849,-5.350374538120167,42.73506018203628,0.2887642720724134
E,electronics,2y,LSTM ar_bounded_52 (ar_encoding),ar_encoding__electronics__ar_bounded_52__b,15,0.376227920301942,3.488886168478639,-7.403998695575612,44.95410133812171,0.12081576378863727
E,electronics,2y,LSTM ar_bounded_52 (ar_encoding),ar_encoding__electronics__ar_bounded_52__b,16,0.37590853003308955,3.4135608582188186,0.7236995449861073,42.85185186207628,0.25684830268203623
E,electronics,2y,LSTM ar_bounded_52 (ar_encoding),ar_encoding__electronics__ar_bounded_52__b,17,0.37590588329968544,3.380167939188852,-23.100885815014546,45.800727037059055,0.26626643816686807
E,electronics,2y,LSTM ar_bounded_52 (ar_encoding),ar_encoding__electronics__ar_bounded_52__b,18,0.3763649948061576,3.5611373847964476,-11.05839541250498,48.74664846764548,-0.15461434673484376
E,electronics,2y,LSTM ar_bounded_52 (ar_encoding),ar_encoding__electronics__ar_bounded_52__b,19,0.3762805299380803,3.4016237213965272,30.165871888006663,49.3946832713582,0.2645043392905435
E,electronics,2y,LSTM ar_bounded_52 (ar_encoding),ar_encoding__electronics__ar_bounded_52__b,2,0.3758710262578524,3.4040542608932527,-20.6802995930076,46.11497381892522,0.2969967215997956
E,electronics,2y,LSTM ar_bounded_52 (ar_encoding),ar_encoding__electronics__ar_bounded_52__b,20,0.3758013010814759,3.376069769989897,-17.18972924472707,44.995682765828136,0.21636492277526745
E,electronics,2y,LSTM ar_bounded_52 (ar_encoding),ar_encoding__electronics__ar_bounded_52__b,3,0.3766904403297234,3.5837164648226505,10.637582796381253,51.39422865943814,-0.23310717476062964
E,electronics,2y,LSTM ar_bounded_52 (ar_encoding),ar_encoding__electronics__ar_bounded_52__b,4,0.3760451339080853,3.3427297101477436,18.83912794863324,50.57691445690971,0.27729460433754316
E,electronics,2y,LSTM ar_bounded_52 (ar_encoding),ar_encoding__electronics__ar_bounded_52__b,5,0.3760680147300202,3.458337021967758,-4.437400194090784,42.75323787380972,0.24275362094592964
E,electronics,2y,LSTM ar_bounded_52 (ar_encoding),ar_encoding__electronics__ar_bounded_52__b,6,0.375942940694281,3.4537792051179697,-17.305157541588894,43.3110656098659,0.26969436606312613
E,electronics,2y,LSTM ar_bounded_52 (ar_encoding),ar_encoding__electronics__ar_bounded_52__b,7,0.3757565780395398,3.3397181807247756,-0.6618945940634449,42.904112655631344,0.3104252976090978
E,electronics,2y,LSTM ar_bounded_52 (ar_encoding),ar_encoding__electronics__ar_bounded_52__b,8,0.3757131177933303,3.4018878339944743,-22.69825004323715,43.5830492411068,0.21646436973612448
E,electronics,2y,LSTM ar_bounded_52 (ar_encoding),ar_encoding__electronics__ar_bounded_52__b,9,0.3759000560395915,3.3154125709272777,12.083617814904654,44.115428445510254,0.3136309696993111
E,electronics,2y,LSTM ar_bounded_52 (ar_encoding),ar_encoding__electronics__ar_bounded_52__c,1,0.37602767469146137,3.467473204670815,-25.263348869736994,46.11770040844458,0.20731452459186656
E,electronics,2y,LSTM ar_bounded_52 (ar_encoding),ar_encoding__electronics__ar_bounded_52__c,10,0.37596276322912664,3.4529495316275365,-25.628720398645797,46.60304468883751,0.20027140756244485
E,electronics,2y,LSTM ar_bounded_52 (ar_encoding),ar_encoding__electronics__ar_bounded_52__c,11,0.37606980425046277,3.4923172438488796,-16.992728560642497,45.365825895062606,0.13170708457689023
E,electronics,2y,LSTM ar_bounded_52 (ar_encoding),ar_encoding__electronics__ar_bounded_52__c,12,0.37582283813262213,3.366899504160843,-3.9545553928748984,36.83799130977948,0.2884876043515345
E,electronics,2y,LSTM ar_bounded_52 (ar_encoding),ar_encoding__electronics__ar_bounded_52__c,13,0.3758176120760516,3.3652692328554457,-9.69825000562492,43.8268575103777,0.2575564742747085
E,electronics,2y,LSTM ar_bounded_52 (ar_encoding),ar_encoding__electronics__ar_bounded_52__c,14,0.3759098197702568,3.4053886920043306,-6.4492156978916215,43.411270152852346,0.2378227860763305
E,electronics,2y,LSTM ar_bounded_52 (ar_encoding),ar_encoding__electronics__ar_bounded_52__c,15,0.3759076012783524,3.4491600849269224,-18.380822194994238,44.02726646141362,0.20043963064413664
E,electronics,2y,LSTM ar_bounded_52 (ar_encoding),ar_encoding__electronics__ar_bounded_52__c,16,0.3760152711583897,3.464320092622155,-18.426720855596468,45.80049981371373,0.18145756556501785
E,electronics,2y,LSTM ar_bounded_52 (ar_encoding),ar_encoding__electronics__ar_bounded_52__c,17,0.37605087154243966,3.4491677805884144,-8.39922705004366,44.68779819598517,0.16334478166143662
E,electronics,2y,LSTM ar_bounded_52 (ar_encoding),ar_encoding__electronics__ar_bounded_52__c,18,0.37648236701179777,3.3886742821611824,37.02135926741655,54.525562633246594,0.1865464252420465
E,electronics,2y,LSTM ar_bounded_52 (ar_encoding),ar_encoding__electronics__ar_bounded_52__c,19,0.3760987014962274,3.4510074534145043,-1.8643486183696607,44.85048849072788,0.22010165435250972
E,electronics,2y,LSTM ar_bounded_52 (ar_encoding),ar_encoding__electronics__ar_bounded_52__c,2,0.37599048753613973,3.4853568226699654,-9.162462695235867,45.95546464165311,0.15684805081500922
E,electronics,2y,LSTM ar_bounded_52 (ar_encoding),ar_encoding__electronics__ar_bounded_52__c,20,0.3759075076853014,3.4061288460362484,-31.589411143131105,48.05430573888694,0.2697860981881173
E,electronics,2y,LSTM ar_bounded_52 (ar_encoding),ar_encoding__electronics__ar_bounded_52__c,3,0.37576308593981456,3.3497076832960104,-3.4878432668172854,42.531697331193186,0.27319474801640553
E,electronics,2y,LSTM ar_bounded_52 (ar_encoding),ar_encoding__electronics__ar_bounded_52__c,4,0.37618645763238034,3.407102870298745,15.101341054607731,44.797773384022456,0.2736930070805794
E,electronics,2y,LSTM ar_bounded_52 (ar_encoding),ar_encoding__electronics__ar_bounded_52__c,5,0.3763521089456537,3.5813866839599577,-19.855714245079223,48.25516923387228,-0.15338421547570183
E,electronics,2y,LSTM ar_bounded_52 (ar_encoding),ar_encoding__electronics__ar_bounded_52__c,6,0.3758240078082451,3.446546056925813,-31.734378209963676,47.390820162755546,0.2270068697178952
E,electronics,2y,LSTM ar_bounded_52 (ar_encoding),ar_encoding__electronics__ar_bounded_52__c,7,0.37605595248320184,3.4620547301703435,-28.578277314608837,45.14723913871064,0.21952563648775622
E,electronics,2y,LSTM ar_bounded_52 (ar_encoding),ar_encoding__electronics__ar_bounded_52__c,8,0.37596723900198153,3.3867569289951405,16.244717575920635,49.72165429335522,0.25865810472955403
E,electronics,2y,LSTM ar_bounded_52 (ar_encoding),ar_encoding__electronics__ar_bounded_52__c,9,0.37574247153394774,3.392977051941157,-22.868893051808335,46.18177678297647,0.22436093054644501
E,electronics,2y,LSTM ar_bounded_52 (ar_encoding),ar_encoding__electronics__ar_bounded_52__d,1,0.37582592299177836,3.3488691473109142,-10.245398379800218,44.73165188663358,0.21554258717831506
E,electronics,2y,LSTM ar_bounded_52 (ar_encoding),ar_encoding__electronics__ar_bounded_52__d,10,0.37587781847382695,3.4018810396466383,-14.631674232230669,43.81913195279108,0.2507992867486669
E,electronics,2y,LSTM ar_bounded_52 (ar_encoding),ar_encoding__electronics__ar_bounded_52__d,11,0.3760530672585675,3.428337743885525,-11.521017597353524,43.63735511917405,0.16505951640745345
E,electronics,2y,LSTM ar_bounded_52 (ar_encoding),ar_encoding__electronics__ar_bounded_52__d,12,0.3759742765921141,3.4542584631882467,-27.778231872699074,46.621676765943526,0.22840242114696355
E,electronics,2y,LSTM ar_bounded_52 (ar_encoding),ar_encoding__electronics__ar_bounded_52__d,13,0.37568620728304536,3.3216871588394685,-21.938422701531803,45.240854256200464,0.2954584242122264
E,electronics,2y,LSTM ar_bounded_52 (ar_encoding),ar_encoding__electronics__ar_bounded_52__d,14,0.3760724415792089,3.4961233987314904,-7.1349689398271945,43.39536466926524,0.09884394467603289
E,electronics,2y,LSTM ar_bounded_52 (ar_encoding),ar_encoding__electronics__ar_bounded_52__d,15,0.3759247499680787,3.390331014276732,-21.040444965261756,44.25017034267372,0.23331372034774162
E,electronics,2y,LSTM ar_bounded_52 (ar_encoding),ar_encoding__electronics__ar_bounded_52__d,16,0.3757635273455935,3.3981623789915663,-6.660985725569449,44.014769319753434,0.22721335088888067
E,electronics,2y,LSTM ar_bounded_52 (ar_encoding),ar_encoding__electronics__ar_bounded_52__d,17,0.3757074514717827,3.3168590840143293,-17.748693107603966,42.321744987750016,0.27837974597440585
E,electronics,2y,LSTM ar_bounded_52 (ar_encoding),ar_encoding__electronics__ar_bounded_52__d,18,0.3762683429938561,3.5048071498093205,14.19541058251171,43.01067950891551,0.08294499838526409
E,electronics,2y,LSTM ar_bounded_52 (ar_encoding),ar_encoding__electronics__ar_bounded_52__d,19,0.3759413349874376,3.4199548208478703,-3.4923877155354908,42.43399226017824,0.24981323355974014
E,electronics,2y,LSTM ar_bounded_52 (ar_encoding),ar_encoding__electronics__ar_bounded_52__d,2,0.3760115380220168,3.414808922777351,-12.172687623520451,44.41854120076627,0.2830817209515348
E,electronics,2y,LSTM ar_bounded_52 (ar_encoding),ar_encoding__electronics__ar_bounded_52__d,20,0.3761562141911027,3.4744611031580894,-14.169052110232116,42.51488292013343,0.15336131974144418
E,electronics,2y,LSTM ar_bounded_52 (ar_encoding),ar_encoding__electronics__ar_bounded_52__d,3,0.3765311816086119,3.552056201242407,-0.38854766668206836,49.52601688950819,-0.1618384448013317
E,electronics,2y,LSTM ar_bounded_52 (ar_encoding),ar_encoding__electronics__ar_bounded_52__d,4,0.3759456471469417,3.3420547966714356,5.700295798711472,46.100204552878644,0.27549240268923775
E,electronics,2y,LSTM ar_bounded_52 (ar_encoding),ar_encoding__electronics__ar_bounded_52__d,5,0.3759864768622162,3.454842545614009,-9.922062813595884,41.32174499784918,0.19563792746168798
E,electronics,2y,LSTM ar_bounded_52 (ar_encoding),ar_encoding__electronics__ar_bounded_52__d,6,0.37588939342012617,3.4901678233910993,-16.48761606543517,37.47602804400786,0.17979965085092334
E,electronics,2y,LSTM ar_bounded_52 (ar_encoding),ar_encoding__electronics__ar_bounded_52__d,7,0.37584965416342725,3.3504254124565733,-4.520563113845466,44.21472392104001,0.30336127582223044
E,electronics,2y,LSTM ar_bounded_52 (ar_encoding),ar_encoding__electronics__ar_bounded_52__d,8,0.3758022938886145,3.328728992582973,-7.705293817607012,43.1417859125763,0.28455630148023703
E,electronics,2y,LSTM ar_bounded_52 (ar_encoding),ar_encoding__electronics__ar_bounded_52__d,9,0.37591461257711917,3.4577035170723334,-20.946375462693307,43.95614623377165,0.24053392996625353
E,electronics,2y,LSTM ar_bounded_52 (ar_encoding),ar_encoding__electronics__ar_bounded_52__e,1,0.3767337146454877,3.571948047685791,39.95955520599621,58.91433796523499,0.031308541181422546
E,electronics,2y,LSTM ar_bounded_52 (ar_encoding),ar_encoding__electronics__ar_bounded_52__e,10,0.376086459291009,3.472987858584725,-25.94160383498028,46.731424607665396,0.26756189687428533
E,electronics,2y,LSTM ar_bounded_52 (ar_encoding),ar_encoding__electronics__ar_bounded_52__e,11,0.37604556468283606,3.439292643468742,-27.07248317857362,46.876618882606934,0.2465989638674081
E,electronics,2y,LSTM ar_bounded_52 (ar_encoding),ar_encoding__electronics__ar_bounded_52__e,12,0.37578732727663233,3.4025102701100574,-10.279708787330488,44.02567595094265,0.15730690666335004
E,electronics,2y,LSTM ar_bounded_52 (ar_encoding),ar_encoding__electronics__ar_bounded_52__e,13,0.3756545379019106,3.346596565748872,-20.044307744837838,45.10679383944383,0.27347692195724566
E,electronics,2y,LSTM ar_bounded_52 (ar_encoding),ar_encoding__electronics__ar_bounded_52__e,14,0.37919380115472034,3.958955039868967,71.6200869629157,84.76664435906275,-0.13520187926344365
E,electronics,2y,LSTM ar_bounded_52 (ar_encoding),ar_encoding__electronics__ar_bounded_52__e,15,0.3762925589420492,3.5125991770195815,-11.04748883518265,46.20904338853363,0.08806360329575688
E,electronics,2y,LSTM ar_bounded_52 (ar_encoding),ar_encoding__electronics__ar_bounded_52__e,16,0.3758015027171242,3.418992079480325,-28.711656088913625,46.55987263216571,0.2607232478484095
E,electronics,2y,LSTM ar_bounded_52 (ar_encoding),ar_encoding__electronics__ar_bounded_52__e,17,0.37637083270608857,3.5709305177254667,-13.131333410171198,46.93183364097763,-0.2171260519135468
E,electronics,2y,LSTM ar_bounded_52 (ar_encoding),ar_encoding__electronics__ar_bounded_52__e,18,0.3757814007410773,3.373549969973447,-14.931151642697214,45.453306014224864,0.3282396145498961
E,electronics,2y,LSTM ar_bounded_52 (ar_encoding),ar_encoding__electronics__ar_bounded_52__e,19,0.375642487092997,3.389015192207575,-16.34423958052574,44.32288110764075,0.25169771003323405
E,electronics,2y,LSTM ar_bounded_52 (ar_encoding),ar_encoding__electronics__ar_bounded_52__e,2,0.37593052510048036,3.4162839249769963,-7.858440880971719,43.95478299419614,0.23000411157096917
E,electronics,2y,LSTM ar_bounded_52 (ar_encoding),ar_encoding__electronics__ar_bounded_52__e,20,0.37580473933486985,3.351293219839224,-16.388547675266487,44.37809584652162,0.29288818748295276
E,electronics,2y,LSTM ar_bounded_52 (ar_encoding),ar_encoding__electronics__ar_bounded_52__e,3,0.3764958891909008,3.5311454975045615,5.142922483920297,45.007498320331734,-0.016962017154700703
E,electronics,2y,LSTM ar_bounded_52 (ar_encoding),ar_encoding__electronics__ar_bounded_52__e,4,0.3761133027800848,3.3907333591809,-4.396045968684491,42.75960007415171,0.22799849256370355
E,electronics,2y,LSTM ar_bounded_52 (ar_encoding),ar_encoding__electronics__ar_bounded_52__e,5,0.3759210951149241,3.4493943530781097,-13.387411575759463,40.74710285590725,0.20988872754158516
E,electronics,2y,LSTM ar_bounded_52 (ar_encoding),ar_encoding__electronics__ar_bounded_52__e,6,0.3757294744530852,3.339446073908373,10.281527386476615,44.332878970831146,0.2636929081870197
E,electronics,2y,LSTM ar_bounded_52 (ar_encoding),ar_encoding__electronics__ar_bounded_52__e,7,0.3756058690961859,3.3181750334426368,-3.8875251898928003,41.927970907141095,0.24450866689788847
E,electronics,2y,LSTM ar_bounded_52 (ar_encoding),ar_encoding__electronics__ar_bounded_52__e,8,0.3755429804546483,3.2780498348159224,8.736196763073139,40.2981141019338,0.25487283172628167
E,electronics,2y,LSTM ar_bounded_52 (ar_encoding),ar_encoding__electronics__ar_bounded_52__e,9,0.37595217849735757,3.4687548094660228,-29.031128925255587,45.31788219946636,0.2342627657353464
E,electronics,2y,LSTM ar_saturating (ar_encoding),ar_encoding__electronics__ar_saturating__a,1,0.3755288487801578,3.387440782035773,-29.41581423920684,42.58600304381902,0.31098488569786525
E,electronics,2y,LSTM ar_saturating (ar_encoding),ar_encoding__electronics__ar_saturating__a,10,0.37571859947195113,3.4066406669118585,-22.362190046098306,43.29788675293678,0.31717835828689983
E,electronics,2y,LSTM ar_saturating (ar_encoding),ar_encoding__electronics__ar_saturating__a,11,0.3758345214049134,3.414276554585424,-26.141103950786974,45.05226072793717,0.28453700106583424
E,electronics,2y,LSTM ar_saturating (ar_encoding),ar_encoding__electronics__ar_saturating__a,12,0.37569490461675403,3.4002294846122534,-29.02453953089826,42.023403647793174,0.2996872533230465
E,electronics,2y,LSTM ar_saturating (ar_encoding),ar_encoding__electronics__ar_saturating__a,13,0.3757029033357678,3.325003098638379,-13.582594503649338,40.535560033037186,0.2913223446765391
E,electronics,2y,LSTM ar_saturating (ar_encoding),ar_encoding__electronics__ar_saturating__a,14,0.37585496036131855,3.3648753043360218,-14.397636521925186,43.541922254313924,0.3273344278426685
E,electronics,2y,LSTM ar_saturating (ar_encoding),ar_encoding__electronics__ar_saturating__a,15,0.3755431043623434,3.341312618804414,11.355374220234168,41.297205287205095,0.32150148654981003
E,electronics,2y,LSTM ar_saturating (ar_encoding),ar_encoding__electronics__ar_saturating__a,16,0.37586514151888867,3.312079633890713,-6.082935286266949,42.47330149128429,0.28683633229592387
E,electronics,2y,LSTM ar_saturating (ar_encoding),ar_encoding__electronics__ar_saturating__a,17,0.37559340496709614,3.325993718465645,-0.8382181619214601,38.582822092667215,0.3070078639843258
E,electronics,2y,LSTM ar_saturating (ar_encoding),ar_encoding__electronics__ar_saturating__a,18,0.3757611066563884,3.387119439668785,-30.593273901979384,45.98932047933216,0.2893774750051564
E,electronics,2y,LSTM ar_saturating (ar_encoding),ar_encoding__electronics__ar_saturating__a,19,0.3756938408719917,3.3453263092096277,-13.572823990932608,42.80936143776224,0.2943315156849988
E,electronics,2y,LSTM ar_saturating (ar_encoding),ar_encoding__electronics__ar_saturating__a,2,0.37550310228487643,3.3593173109633776,-15.993410208971753,40.5505565753754,0.2859767029614687
E,electronics,2y,LSTM ar_saturating (ar_encoding),ar_encoding__electronics__ar_saturating__a,20,0.37561076941134536,3.3525135527330616,-8.183821470679328,39.91251982276817,0.2992571410465764
E,electronics,2y,LSTM ar_saturating (ar_encoding),ar_encoding__electronics__ar_saturating__a,3,0.3753862540492639,3.310076049525046,-13.127016213779152,40.92569866020236,0.32481410161382773
E,electronics,2y,LSTM ar_saturating (ar_encoding),ar_encoding__electronics__ar_saturating__a,4,0.37562609882392084,3.258591636925271,10.050897985689051,44.478982127631525,0.3304312335569229
E,electronics,2y,LSTM ar_saturating (ar_encoding),ar_encoding__electronics__ar_saturating__a,5,0.37547497438581273,3.2857857688715373,-6.765280250173082,39.43103838447881,0.2892090877174828
E,electronics,2y,LSTM ar_saturating (ar_encoding),ar_encoding__electronics__ar_saturating__a,6,0.375425046167777,3.310319344318953,-7.184503121040098,39.72210857922614,0.3000771137948858
E,electronics,2y,LSTM ar_saturating (ar_encoding),ar_encoding__electronics__ar_saturating__a,7,0.3758275668989616,3.3132607131489413,-9.319699673463436,40.37718692548122,0.2794334637684826
E,electronics,2y,LSTM ar_saturating (ar_encoding),ar_encoding__electronics__ar_saturating__a,8,0.37586420718029273,3.332756142744398,7.909566437477539,43.15246540583901,0.3190449009411409
E,electronics,2y,LSTM ar_saturating (ar_encoding),ar_encoding__electronics__ar_saturating__a,9,0.3755316336935918,3.350283885228081,-10.881162953170188,40.88252664346252,0.3108547573083363
E,electronics,2y,LSTM ar_saturating (ar_encoding),ar_encoding__electronics__ar_saturating__b,1,0.3755978796119648,3.3070309074253004,0.5889574809845544,44.48034539044247,0.29301614774218254
E,electronics,2y,LSTM ar_saturating (ar_encoding),ar_encoding__electronics__ar_saturating__b,10,0.3759733826388826,3.36456611362455,-8.372187754044202,44.291297454658654,0.2789159985710605
E,electronics,2y,LSTM ar_saturating (ar_encoding),ar_encoding__electronics__ar_saturating__b,11,0.3758603662392266,3.351311189049806,-9.192455882694247,42.494887473308005,0.27864646891091704
E,electronics,2y,LSTM ar_saturating (ar_encoding),ar_encoding__electronics__ar_saturating__b,12,0.37584867349035944,3.4334787045928334,-28.317881979419127,45.04180856172224,0.28738829314688064
E,electronics,2y,LSTM ar_saturating (ar_encoding),ar_encoding__electronics__ar_saturating__b,13,0.3760174211602644,3.3734114523374776,-11.194500849146237,45.00227211920601,0.28288719000727236
E,electronics,2y,LSTM ar_saturating (ar_encoding),ar_encoding__electronics__ar_saturating__b,14,0.37605951212226335,3.3336017798326676,32.27130244120983,49.71779169236704,0.3069493121136453
E,electronics,2y,LSTM ar_saturating (ar_encoding),ar_encoding__electronics__ar_saturating__b,15,0.37604849589136563,3.48577020855214,-33.22631185058575,47.62758451822485,0.2791370157192348
E,electronics,2y,LSTM ar_saturating (ar_encoding),ar_encoding__electronics__ar_saturating__b,16,0.3759799155822271,3.476445604305516,-28.248806732491637,45.34583036996041,0.27881213891860346
E,electronics,2y,LSTM ar_saturating (ar_encoding),ar_encoding__electronics__ar_saturating__b,17,0.37582664549954437,3.339316561331041,-15.64439862418041,40.97182448139517,0.2927034636199899
E,electronics,2y,LSTM ar_saturating (ar_encoding),ar_encoding__electronics__ar_saturating__b,18,0.37552506895107624,3.352878553284961,-19.407179791559148,43.32992493098155,0.29775546265699543
E,electronics,2y,LSTM ar_saturating (ar_encoding),ar_encoding__electronics__ar_saturating__b,19,0.3756743451270776,3.2947274739810517,-16.687570649739566,43.97909558634005,0.31201870547312155
E,electronics,2y,LSTM ar_saturating (ar_encoding),ar_encoding__electronics__ar_saturating__b,2,0.3758138293032377,3.4497017861579926,-34.628265965082534,47.493524060806195,0.32108863019455136
E,electronics,2y,LSTM ar_saturating (ar_encoding),ar_encoding__electronics__ar_saturating__b,20,0.37573189328212686,3.3858502134887223,-17.52533477406654,44.25516925147788,0.3048059549330965
E,electronics,2y,LSTM ar_saturating (ar_encoding),ar_encoding__electronics__ar_saturating__b,3,0.37556691619149685,3.3328071580556418,-13.85753201009704,39.994773855172596,0.30497528682850916
E,electronics,2y,LSTM ar_saturating (ar_encoding),ar_encoding__electronics__ar_saturating__b,4,0.3758853669072577,3.3665823463162767,17.810498077064203,44.76482637147854,0.29419910897946655
E,electronics,2y,LSTM ar_saturating (ar_encoding),ar_encoding__electronics__ar_saturating__b,5,0.37585785259482984,3.359546626041885,-0.2842531277308618,37.67439225052457,0.3078273728847329
E,electronics,2y,LSTM ar_saturating (ar_encoding),ar_encoding__electronics__ar_saturating__b,6,0.37578598257294343,3.3465189581361066,-18.63440088372266,43.7232446427322,0.3034832020787985
E,electronics,2y,LSTM ar_saturating (ar_encoding),ar_encoding__electronics__ar_saturating__b,7,0.37598632741957416,3.4258946872608407,-27.957054852376718,47.09361494168383,0.30929074798893197
E,electronics,2y,LSTM ar_saturating (ar_encoding),ar_encoding__electronics__ar_saturating__b,8,0.3758003834014949,3.3004939883257136,16.862531697527263,42.5635084395259,0.3070913971521552
E,electronics,2y,LSTM ar_saturating (ar_encoding),ar_encoding__electronics__ar_saturating__b,9,0.3757556598835943,3.2863352847026395,17.547376053033105,41.4787550294935,0.3093594151946256
E,electronics,2y,LSTM ar_saturating (ar_encoding),ar_encoding__electronics__ar_saturating__c,1,0.37553997222911084,3.252364986493766,8.777550980067689,37.33515117956091,0.3270426328544147
E,electronics,2y,LSTM ar_saturating (ar_encoding),ar_encoding__electronics__ar_saturating__c,10,0.3756054100033981,3.3463146561940533,-10.471483356692147,39.95296517101352,0.2987763342452614
E,electronics,2y,LSTM ar_saturating (ar_encoding),ar_encoding__electronics__ar_saturating__c,11,0.3756106403986052,3.330192007183805,-14.855941447214269,42.66234939818252,0.30118481465653224
E,electronics,2y,LSTM ar_saturating (ar_encoding),ar_encoding__electronics__ar_saturating__c,12,0.37576404934034596,3.325870621632526,-9.074528110020074,40.49147910574338,0.3075330799205332
E,electronics,2y,LSTM ar_saturating (ar_encoding),ar_encoding__electronics__ar_saturating__c,13,0.3757039999905349,3.3725760251877315,-18.29493259125476,40.24948864174094,0.3070063358663923
E,electronics,2y,LSTM ar_saturating (ar_encoding),ar_encoding__electronics__ar_saturating__c,14,0.3758870068021539,3.4589501362536836,-30.393773809757306,46.0384002230597,0.2994754709915051
E,electronics,2y,LSTM ar_saturating (ar_encoding),ar_encoding__electronics__ar_saturating__c,15,0.3758710790532573,3.3888586933378226,-11.656895779224456,41.73097019426617,0.2933292733591444
E,electronics,2y,LSTM ar_saturating (ar_encoding),ar_encoding__electronics__ar_saturating__c,16,0.3753708907809131,3.269275861244406,-20.135196184691345,42.807316422638976,0.2815395845124628
E,electronics,2y,LSTM ar_saturating (ar_encoding),ar_encoding__electronics__ar_saturating__c,17,0.3755155683671286,3.3206523106186334,-19.13474173937069,40.57168816162331,0.3039770002278027
E,electronics,2y,LSTM ar_saturating (ar_encoding),ar_encoding__electronics__ar_saturating__c,18,0.3757790144841886,3.3206093165072086,-5.272437674301434,39.70006813162503,0.2825089343039842
E,electronics,2y,LSTM ar_saturating (ar_encoding),ar_encoding__electronics__ar_saturating__c,19,0.37551124854428447,3.307672670027241,-12.474664451361548,41.074982877019565,0.2982345246289633
E,electronics,2y,LSTM ar_saturating (ar_encoding),ar_encoding__electronics__ar_saturating__c,2,0.37554029104226005,3.322118042218902,-2.881844656100213,39.7034764709808,0.296682960542021
E,electronics,2y,LSTM ar_saturating (ar_encoding),ar_encoding__electronics__ar_saturating__c,20,0.37564039669693233,3.3087893369447716,-13.931378866968155,41.580549815362396,0.30727015459673945
E,electronics,2y,LSTM ar_saturating (ar_encoding),ar_encoding__electronics__ar_saturating__c,3,0.3755667731079061,3.328052950331053,-15.464666716236524,41.432856084574496,0.3257575617667493
E,electronics,2y,LSTM ar_saturating (ar_encoding),ar_encoding__electronics__ar_saturating__c,4,0.3757905948512982,3.397189134783631,-8.59827272319098,39.93796857138024,0.2804927579115332
E,electronics,2y,LSTM ar_saturating (ar_encoding),ar_encoding__electronics__ar_saturating__c,5,0.375615833990178,3.3582863242250642,-17.43876356685492,40.19813666970236,0.3091919747728621
E,electronics,2y,LSTM ar_saturating (ar_encoding),ar_encoding__electronics__ar_saturating__c,6,0.37553591212151255,3.362362731006389,-11.846170929783156,41.455805402194514,0.3017317387280574
E,electronics,2y,LSTM ar_saturating (ar_encoding),ar_encoding__electronics__ar_saturating__c,7,0.3758655207430486,3.3748493294293893,-20.103839689189083,42.63962726378542,0.28395218642553643
E,electronics,2y,LSTM ar_saturating (ar_encoding),ar_encoding__electronics__ar_saturating__c,8,0.3756588289913343,3.3574241489355074,-5.490342706782282,41.91570094276801,0.30531430647575153
E,electronics,2y,LSTM ar_saturating (ar_encoding),ar_encoding__electronics__ar_saturating__c,9,0.37553477173349875,3.3119933067832337,18.07771007747497,42.97977750743184,0.31580125153539296
E,electronics,2y,LSTM ar_saturating (ar_encoding),ar_encoding__electronics__ar_saturating__d,1,0.3756908259455426,3.382329303134005,-19.561235728339195,43.20131782737537,0.28381224275938666
E,electronics,2y,LSTM ar_saturating (ar_encoding),ar_encoding__electronics__ar_saturating__d,10,0.3759508728004395,3.3104798219000915,5.832538517520733,40.39831858511754,0.28526665251019245
E,electronics,2y,LSTM ar_saturating (ar_encoding),ar_encoding__electronics__ar_saturating__d,11,0.37647862514716846,3.449728700176978,50.19768279778423,59.38968449563094,0.29506856062878045
E,electronics,2y,LSTM ar_saturating (ar_encoding),ar_encoding__electronics__ar_saturating__d,12,0.3758364224605656,3.4674520898066894,-37.83889992509225,49.10315822234766,0.27604944818188754
E,electronics,2y,LSTM ar_saturating (ar_encoding),ar_encoding__electronics__ar_saturating__d,13,0.3757640527708102,3.389781316702948,-29.122699015972664,45.497614048591544,0.2922502045200863
E,electronics,2y,LSTM ar_saturating (ar_encoding),ar_encoding__electronics__ar_saturating__d,14,0.3756124050092488,3.291067443462373,6.64485386136625,37.356964416101015,0.3104950170383262
E,electronics,2y,LSTM ar_saturating (ar_encoding),ar_encoding__electronics__ar_saturating__d,15,0.3759211314791288,3.427264531639871,-39.90093128442721,48.54214935488598,0.28516777416343086
E,electronics,2y,LSTM ar_saturating (ar_encoding),ar_encoding__electronics__ar_saturating__d,16,0.37571132484894443,3.33852355053078,12.219950476637075,44.78027729137244,0.28795586962804015
E,electronics,2y,LSTM ar_saturating (ar_encoding),ar_encoding__electronics__ar_saturating__d,17,0.3757161668346768,3.328574733283057,-9.374687181793444,39.6109974624725,0.29515274905178146
E,electronics,2y,LSTM ar_saturating (ar_encoding),ar_encoding__electronics__ar_saturating__d,18,0.37616694495393305,3.478643593328719,-10.746420859013336,47.01136103497936,0.18219701391149498
E,electronics,2y,LSTM ar_saturating (ar_encoding),ar_encoding__electronics__ar_saturating__d,19,0.3758011735068383,3.4604055679976966,-33.197000338877,46.886616556199925,0.318946227121797
E,electronics,2y,LSTM ar_saturating (ar_encoding),ar_encoding__electronics__ar_saturating__d,2,0.3757985342832811,3.4166482650535905,-34.622585427507516,46.544421607077446,0.30984747953915476
E,electronics,2y,LSTM ar_saturating (ar_encoding),ar_encoding__electronics__ar_saturating__d,20,0.3756574015049236,3.3040298524814626,-13.132015061637874,38.51124735802398,0.3142163200243075
E,electronics,2y,LSTM ar_saturating (ar_encoding),ar_encoding__electronics__ar_saturating__d,3,0.37590929249166477,3.442951094519662,-37.33128801117718,49.18223116432601,0.281084990099586
E,electronics,2y,LSTM ar_saturating (ar_encoding),ar_encoding__electronics__ar_saturating__d,4,0.3756433639916467,3.3529121395446766,-24.336059626868728,42.7541466506964,0.3038707703221516
E,electronics,2y,LSTM ar_saturating (ar_encoding),ar_encoding__electronics__ar_saturating__d,5,0.3757734678410086,3.305979293471955,5.563054290766962,40.476028286917305,0.3083726208840369
E,electronics,2y,LSTM ar_saturating (ar_encoding),ar_encoding__electronics__ar_saturating__d,6,0.3757854530580953,3.3343816927881424,-7.894114600164507,40.08543508069562,0.29548344002750293
E,electronics,2y,LSTM ar_saturating (ar_encoding),ar_encoding__electronics__ar_saturating__d,7,0.37559567952251577,3.291819715221801,1.1833677975549795,42.24812543977003,0.3249794114877836
E,electronics,2y,LSTM ar_saturating (ar_encoding),ar_encoding__electronics__ar_saturating__d,8,0.3761106955411184,3.4882309243388656,-39.2410812491264,49.8773005048871,0.30017005241051786
E,electronics,2y,LSTM ar_saturating (ar_encoding),ar_encoding__electronics__ar_saturating__d,9,0.37572550694981927,3.433248509703262,-26.46398509620246,45.436491596213514,0.273383158270784
E,electronics,2y,LSTM ar_saturating (ar_encoding),ar_encoding__electronics__ar_saturating__e,1,0.375854478941413,3.4600890232716193,-35.76187195796621,48.551238190678596,0.2718886700944161
E,electronics,2y,LSTM ar_saturating (ar_encoding),ar_encoding__electronics__ar_saturating__e,10,0.37557229981244117,3.357299611119986,-27.007043486189453,44.4208133159156,0.31847930091949195
E,electronics,2y,LSTM ar_saturating (ar_encoding),ar_encoding__electronics__ar_saturating__e,11,0.37585975180753434,3.3291997775461155,4.593501921270703,43.32560787476398,0.3211873330361152
E,electronics,2y,LSTM ar_saturating (ar_encoding),ar_encoding__electronics__ar_saturating__e,12,0.37557937297254035,3.3895284798192695,-25.72301713614556,44.496477949233075,0.30388978659325705
E,electronics,2y,LSTM ar_saturating (ar_encoding),ar_encoding__electronics__ar_saturating__e,13,0.37564926936080745,3.358279742433011,-21.33378740660376,43.61190634208905,0.3062255915557188
E,electronics,2y,LSTM ar_saturating (ar_encoding),ar_encoding__electronics__ar_saturating__e,14,0.37544814256874437,3.2833981079566854,-1.798908910019055,37.2213133207339,0.2982095683901926
E,electronics,2y,LSTM ar_saturating (ar_encoding),ar_encoding__electronics__ar_saturating__e,15,0.3759613183735184,3.4890988299955192,-38.60508942762028,49.37491466239831,0.3048990857688748
E,electronics,2y,LSTM ar_saturating (ar_encoding),ar_encoding__electronics__ar_saturating__e,16,0.375603803553952,3.4096643368733854,-27.458986222055938,44.60281741112758,0.2987816669003978
E,electronics,2y,LSTM ar_saturating (ar_encoding),ar_encoding__electronics__ar_saturating__e,17,0.376008646286094,3.348284902801101,28.415587833455824,49.83571934451527,0.27236199350477613
E,electronics,2y,LSTM ar_saturating (ar_encoding),ar_encoding__electronics__ar_saturating__e,18,0.3756088620566577,3.3356685893417057,-12.281299292522048,39.51420125242987,0.3347705187011148
E,electronics,2y,LSTM ar_saturating (ar_encoding),ar_encoding__electronics__ar_saturating__e,19,0.37570569521282826,3.388468733327927,-23.84548926454281,44.327198235532656,0.284528233174686
E,electronics,2y,LSTM ar_saturating (ar_encoding),ar_encoding__electronics__ar_saturating__e,2,0.3758745434376915,3.337558819279772,26.179959581454998,46.940241127078686,0.29617791817734923
E,electronics,2y,LSTM ar_saturating (ar_encoding),ar_encoding__electronics__ar_saturating__e,20,0.37562179572272464,3.253285399609724,12.611225174724597,40.658941299920485,0.3261860008454897
E,electronics,2y,LSTM ar_saturating (ar_encoding),ar_encoding__electronics__ar_saturating__e,3,0.3758324382555226,3.31411774657545,0.15269297082409122,40.08634405108401,0.28745367617635725
E,electronics,2y,LSTM ar_saturating (ar_encoding),ar_encoding__electronics__ar_saturating__e,4,0.37585682222784694,3.3360423800742174,-26.321744714084762,43.57373311686515,0.29344010644659657
E,electronics,2y,LSTM ar_saturating (ar_encoding),ar_encoding__electronics__ar_saturating__e,5,0.3757554602738691,3.4017590377448945,-28.512155973551323,45.08975220230889,0.31421698668128384
E,electronics,2y,LSTM ar_saturating (ar_encoding),ar_encoding__electronics__ar_saturating__e,6,0.375544719990121,3.2964237520270965,13.403999548368464,41.731651980098455,0.3042848671864373
E,electronics,2y,LSTM ar_saturating (ar_encoding),ar_encoding__electronics__ar_saturating__e,7,0.37587188788248416,3.3882907759188234,-23.776186863278006,45.09134278886642,0.28013558974879615
E,electronics,2y,LSTM ar_saturating (ar_encoding),ar_encoding__electronics__ar_saturating__e,8,0.3760463851337176,3.500669707115162,-47.309702047132376,53.99045655630844,0.28258609108877814
E,electronics,2y,LSTM ar_saturating (ar_encoding),ar_encoding__electronics__ar_saturating__e,9,0.37559712201090006,3.2697915726985323,24.638037274394062,43.102022532555154,0.3175687930154258
E,electronics,2y,LSTM ar_log (ar_encoding),ar_encoding__electronics__ar_log__a,1,0.3768051982736451,3.6647240829121737,17.204272165359843,45.94864813860402,0.30180714263075703
E,electronics,2y,LSTM ar_log (ar_encoding),ar_encoding__electronics__ar_log__a,10,0.375644840237022,3.3831781237426326,-3.0874797596959764,43.66598503483838,0.3043777795926501
E,electronics,2y,LSTM ar_log (ar_encoding),ar_encoding__electronics__ar_log__a,11,0.37684116044144705,3.671327712021357,14.149739032981879,46.94864812875881,0.2966193860736566
E,electronics,2y,LSTM ar_log (ar_encoding),ar_encoding__electronics__ar_log__a,12,0.37689220967624776,3.7129475662462,0.060668367042952615,42.73233358721592,0.30726034388828344
E,electronics,2y,LSTM ar_log (ar_encoding),ar_encoding__electronics__ar_log__a,13,0.3885974752426585,6.034412542028343,41.03408358047114,59.65212472503709,0.29663895267450474
E,electronics,2y,LSTM ar_log (ar_encoding),ar_encoding__electronics__ar_log__a,14,0.3756061521559439,3.3415101557262252,3.8809365476083597,44.66257670839665,0.30843651727963023
E,electronics,2y,LSTM ar_log (ar_encoding),ar_encoding__electronics__ar_log__a,15,0.3796248213069963,4.247388010720104,23.610770612308695,56.981822398053765,0.2967740686598578
E,electronics,2y,LSTM ar_log (ar_encoding),ar_encoding__electronics__ar_log__a,16,0.3757753777879151,3.365085852780974,8.59895521618068,44.02226771941582,0.2786837597043108
E,electronics,2y,LSTM ar_log (ar_encoding),ar_encoding__electronics__ar_log__a,17,0.3796552915460043,4.179088287408095,43.600545711427976,59.33606020306963,0.2950825386361724
E,electronics,2y,LSTM ar_log (ar_encoding),ar_encoding__electronics__ar_log__a,18,0.37616771888264855,3.5044853758141876,-3.769597457087105,43.50602137253078,0.30031212958165837
E,electronics,2y,LSTM ar_log (ar_encoding),ar_encoding__electronics__ar_log__a,19,0.37716274772760383,3.6320256689345576,17.243808586513417,46.18268582046831,0.28796463605699224
E,electronics,2y,LSTM ar_log (ar_encoding),ar_encoding__electronics__ar_log__a,2,0.3765263891345472,3.5994844688048313,30.223131542720523,52.224949075813065,0.29396003874511795
E,electronics,2y,LSTM ar_log (ar_encoding),ar_encoding__electronics__ar_log__a,20,0.3782909247660163,4.070768897311755,9.107248649799637,42.636446302868386,0.30778562886206995
E,electronics,2y,LSTM ar_log (ar_encoding),ar_encoding__electronics__ar_log__a,3,0.40380512688746245,8.001855683791915,72.70802120051519,85.66962074489665,0.30336237168860997
E,electronics,2y,LSTM ar_log (ar_encoding),ar_encoding__electronics__ar_log__a,4,0.385198766087641,5.422958291966253,42.31061152707527,56.48466274364457,0.3076558500916307
E,electronics,2y,LSTM ar_log (ar_encoding),ar_encoding__electronics__ar_log__a,5,0.378619703459853,4.061739055328836,11.160872933082032,50.94046815652105,0.252017907998185
E,electronics,2y,LSTM ar_log (ar_encoding),ar_encoding__electronics__ar_log__a,6,0.3775295625847543,3.7823928925166226,38.37082523382152,56.61440606891783,0.2949733310503359
E,electronics,2y,LSTM ar_log (ar_encoding),ar_encoding__electronics__ar_log__a,7,0.37904967716391175,4.16649671314046,44.85207949003197,59.3269714250482,0.29281566037750706
E,electronics,2y,LSTM ar_log (ar_encoding),ar_encoding__electronics__ar_log__a,8,0.3825247839375777,4.856319215885647,62.745967120771326,73.00136353342515,0.30968122461670416
E,electronics,2y,LSTM ar_log (ar_encoding),ar_encoding__electronics__ar_log__a,9,0.37774014569177145,3.8828402214292277,49.87866439127771,63.459214111396385,0.3023920888602083
E,electronics,2y,LSTM ar_log (ar_encoding),ar_encoding__electronics__ar_log__b,1,0.39075298331394936,6.317100749813055,59.13928693814931,72.99386539163812,0.29105914829722335
E,electronics,2y,LSTM ar_log (ar_encoding),ar_encoding__electronics__ar_log__b,10,0.4325705127291976,10.8540842171095,127.19404715028895,129.73437886869232,0.29233200157071215
E,electronics,2y,LSTM ar_log (ar_encoding),ar_encoding__electronics__ar_log__b,11,0.37689433349375995,3.6332286749366243,21.214724351742625,46.33128850253569,0.29640509495095235
E,electronics,2y,LSTM ar_log (ar_encoding),ar_encoding__electronics__ar_log__b,12,0.426221521385319,10.48498680787641,106.08157276591095,109.93524238561801,0.2546666962707487
E,electronics,2y,LSTM ar_log (ar_encoding),ar_encoding__electronics__ar_log__b,13,0.3782269639001535,3.992538714510881,39.491706775645994,56.45921400934833,0.2863909005283145
E,electronics,2y,LSTM ar_log (ar_encoding),ar_encoding__electronics__ar_log__b,14,0.37904588920641674,4.083660778704987,29.29357001665858,51.98704859320559,0.3054424832943194
E,electronics,2y,LSTM ar_log (ar_encoding),ar_encoding__electronics__ar_log__b,15,0.3769529364432305,3.6858815053414973,24.716428504182485,49.19132030392524,0.29254497611509706
E,electronics,2y,LSTM ar_log (ar_encoding),ar_encoding__electronics__ar_log__b,16,0.37631212131230396,3.4990811309339205,17.87639215287639,47.93047042882247,0.2949832657966542
E,electronics,2y,LSTM ar_log (ar_encoding),ar_encoding__electronics__ar_log__b,17,0.3759283204498674,3.39707972810344,-1.1747326564436067,44.912519931619244,0.290990272000852
E,electronics,2y,LSTM ar_log (ar_encoding),ar_encoding__electronics__ar_log__b,18,0.37818702422163997,3.9470495583062677,36.028857476534306,54.159736647394354,0.3043054881926565
E,electronics,2y,LSTM ar_log (ar_encoding),ar_encoding__electronics__ar_log__b,19,0.3763607381502037,3.5182132733532674,12.064303972694109,46.196091852811705,0.287204042010507
E,electronics,2y,LSTM ar_log (ar_encoding),ar_encoding__electronics__ar_log__b,2,0.4003651102798157,7.71191082785624,52.242218040662365,67.8118612273483,0.293396527390735
E,electronics,2y,LSTM ar_log (ar_encoding),ar_encoding__electronics__ar_log__b,20,0.3778244442446855,3.820107104954308,38.44467210697649,55.599409459671676,0.29534547174956816
E,electronics,2y,LSTM ar_log (ar_encoding),ar_encoding__electronics__ar_log__b,3,0.44412935177851387,12.09391543053573,146.65235208122692,147.44035475338205,0.27964826125971204
E,electronics,2y,LSTM ar_log (ar_encoding),ar_encoding__electronics__ar_log__b,4,0.37631343465549344,3.5206212529806744,2.0711205410246083,42.35832763806583,0.2894115400629419
E,electronics,2y,LSTM ar_log (ar_encoding),ar_encoding__electronics__ar_log__b,5,0.37861642794489125,4.144739199794592,44.53351541933983,59.14019563339452,0.317829838860633
E,electronics,2y,LSTM ar_log (ar_encoding),ar_encoding__electronics__ar_log__b,6,0.3776055505670867,3.806768443177219,30.8813909792747,50.51056595196042,0.29719469972137236
E,electronics,2y,LSTM ar_log (ar_encoding),ar_encoding__electronics__ar_log__b,7,0.3766833432401614,3.6126407465577723,22.867984949765273,47.127471222963074,0.3070145832078111
E,electronics,2y,LSTM ar_log (ar_encoding),ar_encoding__electronics__ar_log__b,8,0.38604369620392825,5.56799536258525,73.82981182979414,81.11451969779742,0.29670388970690564
E,electronics,2y,LSTM ar_log (ar_encoding),ar_encoding__electronics__ar_log__b,9,0.3763620688281529,3.521640536950213,5.9611455264392745,44.9945467575653,0.2931624249672571
E,electronics,2y,LSTM ar_log (ar_encoding),ar_encoding__electronics__ar_log__c,1,0.4559799842973132,13.35448363551414,156.46035022022295,158.14633063248897,0.3030368160071388
E,electronics,2y,LSTM ar_log (ar_encoding),ar_encoding__electronics__ar_log__c,10,0.3827067711271383,4.948538374732465,34.682118020356135,56.51215650106317,0.2900771992722321
E,electronics,2y,LSTM ar_log (ar_encoding),ar_encoding__electronics__ar_log__c,11,0.37566187092936326,3.2988388147040957,5.715065155096924,43.996364473420456,0.2971132689264066
E,electronics,2y,LSTM ar_log (ar_encoding),ar_encoding__electronics__ar_log__c,12,0.378574913044694,3.9417355717809928,44.72210903137138,61.99727349323562,0.2845038721241158
E,electronics,2y,LSTM ar_log (ar_encoding),ar_encoding__electronics__ar_log__c,13,0.3966776200018195,7.199620774682383,52.32492655889585,66.33719631874497,0.23381143586591904
E,electronics,2y,LSTM ar_log (ar_encoding),ar_encoding__electronics__ar_log__c,14,0.3895431133859943,5.844552190551007,90.86525833222117,99.76232708660318,0.2834063105805686
E,electronics,2y,LSTM ar_log (ar_encoding),ar_encoding__electronics__ar_log__c,15,0.3777111464521092,3.6781808170286205,21.42990263903929,47.6430357049137,0.29188939631047806
E,electronics,2y,LSTM ar_log (ar_encoding),ar_encoding__electronics__ar_log__c,16,0.37843719747135995,4.0388483749882464,64.76800772964552,72.3644629755357,0.2858391325544832
E,electronics,2y,LSTM ar_log (ar_encoding),ar_encoding__electronics__ar_log__c,17,0.380948295537462,4.60786290741849,33.52488103442024,52.94274041266001,0.29310903819916956
E,electronics,2y,LSTM ar_log (ar_encoding),ar_encoding__electronics__ar_log__c,18,0.39519683444868103,6.810033796118123,76.26198617031693,81.84435377767191,0.28866979336272514
E,electronics,2y,LSTM ar_log (ar_encoding),ar_encoding__electronics__ar_log__c,19,0.37957686669179497,4.333038644086153,46.60327238733497,60.050670590553814,0.2944131301473657
E,electronics,2y,LSTM ar_log (ar_encoding),ar_encoding__electronics__ar_log__c,2,0.3795355525198326,4.260789251440103,29.823449547557974,49.89434231727188,0.3013191217483449
E,electronics,2y,LSTM ar_log (ar_encoding),ar_encoding__electronics__ar_log__c,20,0.4012353764640495,7.624563779255533,87.87889150063347,93.04817114126922,0.29237191394935524
E,electronics,2y,LSTM ar_log (ar_encoding),ar_encoding__electronics__ar_log__c,3,0.3762125451656265,3.47302622390733,8.659623171683295,43.29765971585592,0.30275400216948517
E,electronics,2y,LSTM ar_log (ar_encoding),ar_encoding__electronics__ar_log__c,4,0.37635809875302967,3.5781507727254516,22.031584126943244,46.86366752537257,0.2977777764897898
E,electronics,2y,LSTM ar_log (ar_encoding),ar_encoding__electronics__ar_log__c,5,0.37624989946040027,3.4604958523780027,13.18768499493358,42.902749485222564,0.3037550914739977
E,electronics,2y,LSTM ar_log (ar_encoding),ar_encoding__electronics__ar_log__c,6,0.37608900740866447,3.4316304644486326,20.009770911839432,50.99727340688864,0.2904749766417513
E,electronics,2y,LSTM ar_log (ar_encoding),ar_encoding__electronics__ar_log__c,7,0.379009181132476,4.177913701546483,48.96228165005785,63.82072278087026,0.2884650259420122
E,electronics,2y,LSTM ar_log (ar_encoding),ar_encoding__electronics__ar_log__c,8,0.37771174359243304,3.8586435091840134,37.89388813604045,53.46671233471696,0.3036137661116534
E,electronics,2y,LSTM ar_log (ar_encoding),ar_encoding__electronics__ar_log__c,9,0.37717521194084236,3.7077981750117197,28.247216890261836,49.79504677028997,0.3073307055319786
E,electronics,2y,LSTM ar_log (ar_encoding),ar_encoding__electronics__ar_log__d,1,0.3804009243596318,4.3652603633353735,20.760282118669405,51.78504894448194,0.28287500651135117
E,electronics,2y,LSTM ar_log (ar_encoding),ar_encoding__electronics__ar_log__d,10,0.3767507761131181,3.6342673623774306,26.41263387153889,47.67143845389292,0.2921727829250095
E,electronics,2y,LSTM ar_log (ar_encoding),ar_encoding__electronics__ar_log__d,11,0.3828102357483507,4.923320987630294,12.857305547527098,52.79141112329752,0.26977909143341855
E,electronics,2y,LSTM ar_log (ar_encoding),ar_encoding__electronics__ar_log__d,12,0.3756454149171724,3.3769559689329416,-5.217222971448195,42.90047717266718,0.2878994459590317
E,electronics,2y,LSTM ar_log (ar_encoding),ar_encoding__electronics__ar_log__d,13,0.3810775889090826,4.601660264735998,25.157919026569587,50.5930471671751,0.3006431466834071
E,electronics,2y,LSTM ar_log (ar_encoding),ar_encoding__electronics__ar_log__d,14,0.37650232099410147,3.5665209674226586,25.673710909750042,50.21404243860294,0.2966469678081953
E,electronics,2y,LSTM ar_log (ar_encoding),ar_encoding__electronics__ar_log__d,15,0.37890267592313415,4.137517612472422,50.806635228761984,64.82844829464727,0.2894782989270801
E,electronics,2y,LSTM ar_log (ar_encoding),ar_encoding__electronics__ar_log__d,16,0.3826621212611487,4.907270951683607,40.29175218041712,58.638036958193936,0.28574761039649205
E,electronics,2y,LSTM ar_log (ar_encoding),ar_encoding__electronics__ar_log__d,17,0.39080541603684527,6.277719119332566,52.61849627456151,70.91797351305149,0.3182502117441936
E,electronics,2y,LSTM ar_log (ar_encoding),ar_encoding__electronics__ar_log__d,18,0.39775329390278025,7.273376254984939,71.07271119665238,79.43899145707907,0.2735470095216519
E,electronics,2y,LSTM ar_log (ar_encoding),ar_encoding__electronics__ar_log__d,19,0.38738076875927646,5.8094806857674826,72.83322004824814,78.92683506851226,0.3152537080940674
E,electronics,2y,LSTM ar_log (ar_encoding),ar_encoding__electronics__ar_log__d,2,0.4334158775365272,11.224072170856687,167.69029811255103,167.69029811255106,0.2548826233857311
E,electronics,2y,LSTM ar_log (ar_encoding),ar_encoding__electronics__ar_log__d,20,0.37575639763449725,3.3610789405663843,-3.252215022138786,43.282663030708584,0.2915527533638498
E,electronics,2y,LSTM ar_log (ar_encoding),ar_encoding__electronics__ar_log__d,3,0.4116757911848565,8.866200729182658,96.96023666211623,101.34333137495165,0.3003435043345122
E,electronics,2y,LSTM ar_log (ar_encoding),ar_encoding__electronics__ar_log__d,4,0.37713534403725274,3.69357428001651,22.1067943102371,45.68507168581672,0.2871304085784117
E,electronics,2y,LSTM ar_log (ar_encoding),ar_encoding__electronics__ar_log__d,5,0.38688637871154463,5.656637214473457,63.14178653792723,75.78800313699101,0.2778093253590848
E,electronics,2y,LSTM ar_log (ar_encoding),ar_encoding__electronics__ar_log__d,6,0.4295177810618963,10.947861714662926,110.38650319909623,114.50920247338861,0.29782195081329793
E,electronics,2y,LSTM ar_log (ar_encoding),ar_encoding__electronics__ar_log__d,7,0.450012023936678,12.39710528102297,95.97068880373587,101.48670772270208,0.3054947542240376
E,electronics,2y,LSTM ar_log (ar_encoding),ar_encoding__electronics__ar_log__d,8,0.37728598890307,3.740252517331001,26.668257629384442,53.68030004539149,0.29800418758178693
E,electronics,2y,LSTM ar_log (ar_encoding),ar_encoding__electronics__ar_log__d,9,0.37683177001670143,3.6380962406534074,15.777550931085328,50.00431732006048,0.27535037911099947
E,electronics,2y,LSTM ar_log (ar_encoding),ar_encoding__electronics__ar_log__e,1,0.37725960698327954,3.7967108260882534,31.080209446757216,50.9629631620065,0.2919174555868929
E,electronics,2y,LSTM ar_log (ar_encoding),ar_encoding__electronics__ar_log__e,10,0.38632185630858945,5.576048461716439,61.89479689239484,70.42603968273164,0.2946670220526763
E,electronics,2y,LSTM ar_log (ar_encoding),ar_encoding__electronics__ar_log__e,11,0.38122407941858755,4.607350877330584,64.65257946741467,77.15246571350426,0.25358782943779706
E,electronics,2y,LSTM ar_log (ar_encoding),ar_encoding__electronics__ar_log__e,12,0.4050953658592843,8.279915178260927,74.2119975751817,84.56282679501966,0.2638680642745285
E,electronics,2y,LSTM ar_log (ar_encoding),ar_encoding__electronics__ar_log__e,13,0.3760593568741992,3.411966065878608,4.488752898394978,46.92865265444446,0.28588387077847655
E,electronics,2y,LSTM ar_log (ar_encoding),ar_encoding__electronics__ar_log__e,14,0.3768478537572376,3.659382030097616,29.870711588100665,52.98500356963375,0.2950795253423914
E,electronics,2y,LSTM ar_log (ar_encoding),ar_encoding__electronics__ar_log__e,15,0.39711053051596784,7.27249542173866,61.87321100505876,70.15541953649861,0.29609372402859174
E,electronics,2y,LSTM ar_log (ar_encoding),ar_encoding__electronics__ar_log__e,16,0.3762045969930989,3.503325770161547,23.171325116408656,48.171097659439184,0.30161128399439197
E,electronics,2y,LSTM ar_log (ar_encoding),ar_encoding__electronics__ar_log__e,17,0.39057122114349524,6.189942782889554,53.735742208293196,69.25630558516389,0.25328256345933114
E,electronics,2y,LSTM ar_log (ar_encoding),ar_encoding__electronics__ar_log__e,18,0.38373853669880553,5.133864060106784,68.81413348796801,75.25857780315992,0.31777633560628393
E,electronics,2y,LSTM ar_log (ar_encoding),ar_encoding__electronics__ar_log__e,19,0.38650923520654035,5.662666325937864,19.859123255406022,52.95478310401091,0.3050417690029712
E,electronics,2y,LSTM ar_log (ar_encoding),ar_encoding__electronics__ar_log__e,2,0.38362634386071665,5.055059682403764,61.54487663061024,74.15292012132568,0.26588373693554523
E,electronics,2y,LSTM ar_log (ar_encoding),ar_encoding__electronics__ar_log__e,20,0.37614648768655035,3.450074777183465,20.720972910005255,48.2369916750995,0.29759286113653016
E,electronics,2y,LSTM ar_log (ar_encoding),ar_encoding__electronics__ar_log__e,3,0.3771829319025656,3.7253893757498147,22.483072353776958,47.3083391292344,0.2934685230806943
E,electronics,2y,LSTM ar_log (ar_encoding),ar_encoding__electronics__ar_log__e,4,0.3878517871067219,5.7076573035609535,64.84935267291311,74.68348123033505,0.2887621319937099
E,electronics,2y,LSTM ar_log (ar_encoding),ar_encoding__electronics__ar_log__e,5,0.38087369858572195,4.605949345874526,28.119064223601395,55.271529349458405,0.30290038258960966
E,electronics,2y,LSTM ar_log (ar_encoding),ar_encoding__electronics__ar_log__e,6,0.3754484573567284,3.3317709689919806,-5.055214351217177,40.41717789233004,0.3034068889535945
E,electronics,2y,LSTM ar_log (ar_encoding),ar_encoding__electronics__ar_log__e,7,0.3791391004394649,4.245484630852172,47.78005038575342,60.971597602036,0.2859764606761002
E,electronics,2y,LSTM ar_log (ar_encoding),ar_encoding__electronics__ar_log__e,8,0.3805704080130701,4.508419214229523,68.81799630883589,75.23835522539136,0.30009357265948206
E,electronics,2y,LSTM ar_log (ar_encoding),ar_encoding__electronics__ar_log__e,9,0.3764928964197736,3.556703325783154,23.052715685951064,45.31901850791716,0.2949627970294063
E,electronics,2y,LSTM ar_ratio (ar_encoding),ar_encoding__electronics__ar_ratio__a,1,0.37680207976643393,3.4669989734471662,47.17791466878483,67.09475148035601,0.2938249597121207
E,electronics,2y,LSTM ar_ratio (ar_encoding),ar_encoding__electronics__ar_ratio__a,10,0.3758805027739746,3.3499556161168282,40.426948937303536,58.4587596559702,0.32764769429109175
E,electronics,2y,LSTM ar_ratio (ar_encoding),ar_encoding__electronics__ar_ratio__a,11,0.3783217967258055,3.797025267299313,97.45876004918763,100.86707623968121,0.3005995860381215
E,electronics,2y,LSTM ar_ratio (ar_encoding),ar_encoding__electronics__ar_ratio__a,12,0.3778976999429547,3.7680502788357986,74.35173867248119,86.36946174780809,0.3205890790308455
E,electronics,2y,LSTM ar_ratio (ar_encoding),ar_encoding__electronics__ar_ratio__a,13,0.37613887115387823,3.374548374510482,31.588048688132744,53.46080458842987,0.294637238469053
E,electronics,2y,LSTM ar_ratio (ar_encoding),ar_encoding__electronics__ar_ratio__a,14,0.37780675517126017,3.621488484585661,77.15451097104435,88.0520341041146,0.3240791530358051
E,electronics,2y,LSTM ar_ratio (ar_encoding),ar_encoding__electronics__ar_ratio__a,15,0.37605895935386796,3.3947249087985067,5.872983884303653,54.05657812981561,0.30074398291958976
E,electronics,2y,LSTM ar_ratio (ar_encoding),ar_encoding__electronics__ar_ratio__a,16,0.37661000872441525,3.4274190222883925,37.14087760169872,61.34355847591094,0.2844129765704483
E,electronics,2y,LSTM ar_ratio (ar_encoding),ar_encoding__electronics__ar_ratio__a,17,0.37696444145462865,3.430450313726235,37.755283379410386,65.81708723850588,0.3212520019299711
E,electronics,2y,LSTM ar_ratio (ar_encoding),ar_encoding__electronics__ar_ratio__a,18,0.3766007935631601,3.3730816396367036,21.673710979952848,57.79868225473717,0.29788396455296395
E,electronics,2y,LSTM ar_ratio (ar_encoding),ar_encoding__electronics__ar_ratio__a,19,0.3766567039152661,3.417713205006368,34.53851447062302,62.852079276631564,0.29393080394321114
E,electronics,2y,LSTM ar_ratio (ar_encoding),ar_encoding__electronics__ar_ratio__a,2,0.3780655691779624,3.668536636892713,77.96182744312911,89.96728059118978,0.2951622364859266
E,electronics,2y,LSTM ar_ratio (ar_encoding),ar_encoding__electronics__ar_ratio__a,20,0.3760737869883067,3.3751276454501267,8.383322403154732,53.961599722121136,0.3158232484256675
E,electronics,2y,LSTM ar_ratio (ar_encoding),ar_encoding__electronics__ar_ratio__a,3,0.37635297361714504,3.470291669193897,56.02135933470921,69.03840072196535,0.33133993145567114
E,electronics,2y,LSTM ar_ratio (ar_encoding),ar_encoding__electronics__ar_ratio__a,4,0.376286281451771,3.381284105984272,23.79300208342006,56.624630897863895,0.31545402530544936
E,electronics,2y,LSTM ar_ratio (ar_encoding),ar_encoding__electronics__ar_ratio__a,5,0.3781290968486376,3.644555837808954,76.02522216461735,89.65439716945681,0.2801466606603601
E,electronics,2y,LSTM ar_ratio (ar_encoding),ar_encoding__electronics__ar_ratio__a,6,0.37718641801610536,3.4730737828388145,51.29902347028447,72.82185894129226,0.31363758994516444
E,electronics,2y,LSTM ar_ratio (ar_encoding),ar_encoding__electronics__ar_ratio__a,7,0.37641081789440417,3.393319673124978,18.05839625856336,55.133606090058606,0.28814947635887656
E,electronics,2y,LSTM ar_ratio (ar_encoding),ar_encoding__electronics__ar_ratio__a,8,0.3792350943660296,3.7772648400516395,91.11588329988398,102.42376768905672,0.30731455892627224
E,electronics,2y,LSTM ar_ratio (ar_encoding),ar_encoding__electronics__ar_ratio__a,9,0.37655811113743287,3.38724991047394,29.0288575863034,58.01726891627454,0.3094191781332905
E,electronics,2y,LSTM ar_ratio (ar_encoding),ar_encoding__electronics__ar_ratio__b,1,0.37641663522195107,3.4006380564134786,27.41013452840478,58.44853457857628,0.2947314927771203
E,electronics,2y,LSTM ar_ratio (ar_encoding),ar_encoding__electronics__ar_ratio__b,10,0.3774353604601364,3.5909497493182925,68.20790784518542,80.18382226276292,0.2728848812588176
E,electronics,2y,LSTM ar_ratio (ar_encoding),ar_encoding__electronics__ar_ratio__b,11,0.3759865940779774,3.362472043205034,13.805726444191126,50.11111118242867,0.30352812131706797
E,electronics,2y,LSTM ar_ratio (ar_encoding),ar_encoding__electronics__ar_ratio__b,12,0.3778914255887371,3.6077243230150855,72.31038458621208,85.45785088570756,0.2973660240497879
E,electronics,2y,LSTM ar_ratio (ar_encoding),ar_encoding__electronics__ar_ratio__b,13,0.377061139754437,3.457292980888106,45.98159559766846,69.52397208629093,0.29144778402644744
E,electronics,2y,LSTM ar_ratio (ar_encoding),ar_encoding__electronics__ar_ratio__b,14,0.3763744472385266,3.396938483078335,49.924790330837986,65.42763041113967,0.32768383484543445
E,electronics,2y,LSTM ar_ratio (ar_encoding),ar_encoding__electronics__ar_ratio__b,15,0.37621469849023625,3.415653103955183,28.86912114661106,57.66939348242816,0.28877331661532357
E,electronics,2y,LSTM ar_ratio (ar_encoding),ar_encoding__electronics__ar_ratio__b,16,0.3795772350362056,3.904816348540522,105.27561977121589,111.77550602006578,0.3098749095410722
E,electronics,2y,LSTM ar_ratio (ar_encoding),ar_encoding__electronics__ar_ratio__b,17,0.376417411038391,3.435383686201799,35.86912115489202,58.66893908613939,0.29642745975293616
E,electronics,2y,LSTM ar_ratio (ar_encoding),ar_encoding__electronics__ar_ratio__b,18,0.38111727607389745,4.004272158650879,102.0892984693743,112.90138646234617,0.3077341192339156
E,electronics,2y,LSTM ar_ratio (ar_encoding),ar_encoding__electronics__ar_ratio__b,19,0.3780764288171709,3.6999048422283796,84.68439054282418,93.388321271627,0.31274586563511225
E,electronics,2y,LSTM ar_ratio (ar_encoding),ar_encoding__electronics__ar_ratio__b,2,0.3764214684842528,3.396430041232395,24.990457208000443,56.72778928050565,0.32403272797179267
E,electronics,2y,LSTM ar_ratio (ar_encoding),ar_encoding__electronics__ar_ratio__b,20,0.37741110512626186,3.5800991416398693,70.41149799986245,86.2728929372812,0.3158329825431772
E,electronics,2y,LSTM ar_ratio (ar_encoding),ar_encoding__electronics__ar_ratio__b,3,0.3768669345529781,3.433528177284747,42.06021407897805,67.07361986896814,0.3016906705885213
E,electronics,2y,LSTM ar_ratio (ar_encoding),ar_encoding__electronics__ar_ratio__b,4,0.3764000752418653,3.3831158893838404,21.27902795466688,55.45489675442835,0.309685675105979
E,electronics,2y,LSTM ar_ratio (ar_encoding),ar_encoding__electronics__ar_ratio__b,5,0.3769951024125892,3.4238282003714176,31.674392655588203,63.83344705820324,0.3207224535218895
E,electronics,2y,LSTM ar_ratio (ar_encoding),ar_encoding__electronics__ar_ratio__b,6,0.3761046963535471,3.3898542357277726,24.637128426467886,51.06475820536982,0.31322469340996173
E,electronics,2y,LSTM ar_ratio (ar_encoding),ar_encoding__electronics__ar_ratio__b,7,0.3761340216007072,3.369763684881992,17.701659203730983,52.570097864019495,0.3304011825301231
E,electronics,2y,LSTM ar_ratio (ar_encoding),ar_encoding__electronics__ar_ratio__b,8,0.3785857406695872,3.6603445839115523,43.835719604516086,68.54146794706766,0.3026377199724831
E,electronics,2y,LSTM ar_ratio (ar_encoding),ar_encoding__electronics__ar_ratio__b,9,0.3769369245234373,3.641158228527972,68.18359517974827,76.0022726324821,0.3084503081552159
E,electronics,2y,LSTM ar_ratio (ar_encoding),ar_encoding__electronics__ar_ratio__c,1,0.3765216845206496,3.364820829008225,23.359009822488886,55.91388333134283,0.30501253574882364
E,electronics,2y,LSTM ar_ratio (ar_encoding),ar_encoding__electronics__ar_ratio__c,10,0.37632178838959535,3.417009678306924,33.43103888807089,55.29834152597371,0.30748730251491946
E,electronics,2y,LSTM ar_ratio (ar_encoding),ar_encoding__electronics__ar_ratio__c,11,0.37944138139664596,3.8982162699944247,95.6234951592135,105.31674657863236,0.2886023929262109
E,electronics,2y,LSTM ar_ratio (ar_encoding),ar_encoding__electronics__ar_ratio__c,12,0.3766710834230716,3.4273705391617977,36.730061877606374,62.16564440757573,0.3066984038170994
E,electronics,2y,LSTM ar_ratio (ar_encoding),ar_encoding__electronics__ar_ratio__c,13,0.37662390890761255,3.4391721241230737,38.52079127929158,61.0206773407165,0.29618384175895995
E,electronics,2y,LSTM ar_ratio (ar_encoding),ar_encoding__electronics__ar_ratio__c,14,0.3765378092698126,3.437149211236816,39.56918931358571,61.846853191529405,0.3082763257277542
E,electronics,2y,LSTM ar_ratio (ar_encoding),ar_encoding__electronics__ar_ratio__c,15,0.37826568753686945,3.6133009023360287,74.90933934974471,88.09725101808637,0.29450695996579285
E,electronics,2y,LSTM ar_ratio (ar_encoding),ar_encoding__electronics__ar_ratio__c,16,0.3824555149765036,4.830856523821909,106.07112071520669,110.14928465331982,0.2877503455537019
E,electronics,2y,LSTM ar_ratio (ar_encoding),ar_encoding__electronics__ar_ratio__c,17,0.3769721951345199,3.5113283892530727,61.78618551628054,73.98568549143914,0.3050598856721036
E,electronics,2y,LSTM ar_ratio (ar_encoding),ar_encoding__electronics__ar_ratio__c,18,0.3763073356123894,3.3535546369872558,12.234947029037636,56.01226998992699,0.2895287436716884
E,electronics,2y,LSTM ar_ratio (ar_encoding),ar_encoding__electronics__ar_ratio__c,19,0.3777322238826154,3.5987462845330365,70.48466318409469,83.89297926115357,0.3088247958120255
E,electronics,2y,LSTM ar_ratio (ar_encoding),ar_encoding__electronics__ar_ratio__c,2,0.3770213442027412,3.4537229079041682,48.69120707414809,69.50056836661007,0.30032298222154735
E,electronics,2y,LSTM ar_ratio (ar_encoding),ar_encoding__electronics__ar_ratio__c,20,0.3765740207507316,3.451975365797696,47.86116846538078,63.44080925395357,0.3136553549842506
E,electronics,2y,LSTM ar_ratio (ar_encoding),ar_encoding__electronics__ar_ratio__c,3,0.37729008344473147,3.5018387027579614,57.53601512756763,74.74165000554721,0.31346060420252003
E,electronics,2y,LSTM ar_ratio (ar_encoding),ar_encoding__electronics__ar_ratio__c,4,0.37716741288208755,3.45863238050515,44.93228861336453,73.12360849144503,0.2947900521175894
E,electronics,2y,LSTM ar_ratio (ar_encoding),ar_encoding__electronics__ar_ratio__c,5,0.37649057698084437,3.4484818143409623,24.04067307284017,56.28289045231449,0.30225270440493013
E,electronics,2y,LSTM ar_ratio (ar_encoding),ar_encoding__electronics__ar_ratio__c,6,0.37651832916669276,3.424611563439828,38.291752403195574,63.35878233506571,0.29979301350879656
E,electronics,2y,LSTM ar_ratio (ar_encoding),ar_encoding__electronics__ar_ratio__c,7,0.37687038256828015,3.4520203909160356,43.802318175722505,65.2669849564291,0.294859036025974
E,electronics,2y,LSTM ar_ratio (ar_encoding),ar_encoding__electronics__ar_ratio__c,8,0.3759434480508413,3.34930692703469,27.93183416266543,52.69893227892919,0.31599640741524515
E,electronics,2y,LSTM ar_ratio (ar_encoding),ar_encoding__electronics__ar_ratio__c,9,0.3836280239516251,4.401299611286866,128.03044818159518,138.13133419189154,0.3069638854933038
E,electronics,2y,LSTM ar_ratio (ar_encoding),ar_encoding__electronics__ar_ratio__d,1,0.3767400329097737,3.442632280770061,38.98932110548677,64.91615562290252,0.2944269411056788
E,electronics,2y,LSTM ar_ratio (ar_encoding),ar_encoding__electronics__ar_ratio__d,10,0.37658620500306833,3.4170733537974667,31.842763544343942,60.04817107112741,0.29236272447913153
E,electronics,2y,LSTM ar_ratio (ar_encoding),ar_encoding__electronics__ar_ratio__d,11,0.37900685329717543,3.8502160294916816,103.80027337322265,117.25539699940852,0.2850935963858536
E,electronics,2y,LSTM ar_ratio (ar_encoding),ar_encoding__electronics__ar_ratio__d,12,0.37704042198991033,3.4935546267815014,55.397637496939055,72.18382222880744,0.3110324136267438
E,electronics,2y,LSTM ar_ratio (ar_encoding),ar_encoding__electronics__ar_ratio__d,13,0.3767686964275657,3.3814637096369173,35.35491986217342,60.21699632782085,0.29720493152049804
E,electronics,2y,LSTM ar_ratio (ar_encoding),ar_encoding__electronics__ar_ratio__d,14,0.37681506413344645,3.445936571169248,43.65826002547496,65.76505369159507,0.3166202090294304
E,electronics,2y,LSTM ar_ratio (ar_encoding),ar_encoding__electronics__ar_ratio__d,15,0.3764001396116909,3.419189533633325,37.22767603225567,58.18654872593225,0.295199335625487
E,electronics,2y,LSTM ar_ratio (ar_encoding),ar_encoding__electronics__ar_ratio__d,16,0.3770731957990287,3.490188779790744,47.79845534426408,66.25244280341792,0.2786427152496243
E,electronics,2y,LSTM ar_ratio (ar_encoding),ar_encoding__electronics__ar_ratio__d,17,0.377129722677471,3.4994192701422593,53.164735808047894,68.93887778775203,0.2992353416441536
E,electronics,2y,LSTM ar_ratio (ar_encoding),ar_encoding__electronics__ar_ratio__d,18,0.3782296962892264,3.7023385433215186,83.08293629690343,95.0174964515551,0.29763933434159656
E,electronics,2y,LSTM ar_ratio (ar_encoding),ar_encoding__electronics__ar_ratio__d,19,0.3762307117052387,3.43870470103904,28.173143007165812,56.578050638042996,0.3071325434849204
E,electronics,2y,LSTM ar_ratio (ar_encoding),ar_encoding__electronics__ar_ratio__d,2,0.37686556702373275,3.398937428000957,31.406953460336798,63.71506488299212,0.33371486742505346
E,electronics,2y,LSTM ar_ratio (ar_encoding),ar_encoding__electronics__ar_ratio__d,20,0.3760792157660529,3.413267539123937,-1.505793700116698,48.8809361888493,0.28735307207046956
E,electronics,2y,LSTM ar_ratio (ar_encoding),ar_encoding__electronics__ar_ratio__d,3,0.37622016909444467,3.4177894298307634,16.14883028719265,52.57827779078179,0.3024637784212216
E,electronics,2y,LSTM ar_ratio (ar_encoding),ar_encoding__electronics__ar_ratio__d,4,0.3761657893651313,3.384452297587534,-0.09452354044862042,52.28766193143619,0.29420143746457544
E,electronics,2y,LSTM ar_ratio (ar_encoding),ar_encoding__electronics__ar_ratio__d,5,0.37634263508803756,3.4117798361358544,32.78459492472801,57.64394472622967,0.29684440755940233
E,electronics,2y,LSTM ar_ratio (ar_encoding),ar_encoding__electronics__ar_ratio__d,6,0.37610770796145127,3.4393417905836663,50.505567426064985,64.71006623221693,0.32104718969464696
E,electronics,2y,LSTM ar_ratio (ar_encoding),ar_encoding__electronics__ar_ratio__d,7,0.37608732763992736,3.37595241765428,21.33992322585352,54.9236538599041,0.33088881792964514
E,electronics,2y,LSTM ar_ratio (ar_encoding),ar_encoding__electronics__ar_ratio__d,8,0.3781380944845683,3.5641998368062695,63.55578328505649,80.47375626460182,0.2940203177510613
E,electronics,2y,LSTM ar_ratio (ar_encoding),ar_encoding__electronics__ar_ratio__d,9,0.3764213993263276,3.379902822120476,23.57532428275977,59.08225416764486,0.3032788384815084
E,electronics,2y,LSTM ar_ratio (ar_encoding),ar_encoding__electronics__ar_ratio__e,1,0.3768771143609491,3.3922314741143667,28.819359694693137,63.115655661204414,0.28684399503354624
E,electronics,2y,LSTM ar_ratio (ar_encoding),ar_encoding__electronics__ar_ratio__e,10,0.37667863886614983,3.5149431961171436,61.99182060441776,70.49488796587154,0.33533736211863585
E,electronics,2y,LSTM ar_ratio (ar_encoding),ar_encoding__electronics__ar_ratio__e,11,0.37927294372815545,3.769621446650543,90.73028920215798,103.31970050495461,0.28937856370013065
E,electronics,2y,LSTM ar_ratio (ar_encoding),ar_encoding__electronics__ar_ratio__e,12,0.3767455615743527,3.467605667691972,51.17564234027441,66.97568764098122,0.30958028431989504
E,electronics,2y,LSTM ar_ratio (ar_encoding),ar_encoding__electronics__ar_ratio__e,13,0.37657897999073775,3.4303146588128386,35.362872575144856,64.71029334052774,0.304934145335779
E,electronics,2y,LSTM ar_ratio (ar_encoding),ar_encoding__electronics__ar_ratio__e,14,0.3763145901619025,3.398583714116191,29.977505608736564,54.1456489034324,0.2792546261548907
E,electronics,2y,LSTM ar_ratio (ar_encoding),ar_encoding__electronics__ar_ratio__e,15,0.3778641125931383,3.5225108521248947,58.574188229244974,79.60940722729077,0.30292995800552996
E,electronics,2y,LSTM ar_ratio (ar_encoding),ar_encoding__electronics__ar_ratio__e,16,0.3780408156698651,3.5910657980498,68.63303848332126,86.65939594987815,0.3042920051243429
E,electronics,2y,LSTM ar_ratio (ar_encoding),ar_encoding__electronics__ar_ratio__e,17,0.3758770977775786,3.345541910515073,31.12156379376872,52.902067949914056,0.29596764296541983
E,electronics,2y,LSTM ar_ratio (ar_encoding),ar_encoding__electronics__ar_ratio__e,18,0.38508201219871047,4.566450463832123,146.38332255088142,151.43490162168268,0.3114717629287029
E,electronics,2y,LSTM ar_ratio (ar_encoding),ar_encoding__electronics__ar_ratio__e,19,0.3761895737691995,3.3963712031309736,23.538060012941862,58.02976607425032,0.305612750853581
E,electronics,2y,LSTM ar_ratio (ar_encoding),ar_encoding__electronics__ar_ratio__e,2,0.3767935639522249,3.4398619251697777,41.04385421387255,65.76641698246632,0.2997891256451319
E,electronics,2y,LSTM ar_ratio (ar_encoding),ar_encoding__electronics__ar_ratio__e,20,0.37656567331475344,3.429360569816818,41.65871452429683,62.09179762085537,0.3165440884428113
E,electronics,2y,LSTM ar_ratio (ar_encoding),ar_encoding__electronics__ar_ratio__e,3,0.3762511520673624,3.3810456603160497,27.707339752841193,54.375369408965845,0.30537674769285345
E,electronics,2y,LSTM ar_ratio (ar_encoding),ar_encoding__electronics__ar_ratio__e,4,0.376731919362276,3.399663162082337,17.880936628385196,60.92615324801343,0.30193403419951753
E,electronics,2y,LSTM ar_ratio (ar_encoding),ar_encoding__electronics__ar_ratio__e,5,0.3763109613543397,3.3580241700355584,8.665530968504315,56.607362040399146,0.3068715318585256
E,electronics,2y,LSTM ar_ratio (ar_encoding),ar_encoding__electronics__ar_ratio__e,6,0.3768919539272287,3.4419185331774287,45.83980970369702,68.86639426971493,0.3013587139634412
E,electronics,2y,LSTM ar_ratio (ar_encoding),ar_encoding__electronics__ar_ratio__e,7,0.3771928032266182,3.429554992471307,38.74460399882816,67.64121806765151,0.2931527191416009
E,electronics,2y,LSTM ar_ratio (ar_encoding),ar_encoding__electronics__ar_ratio__e,8,0.3770007767210651,3.509147196991463,56.617587476260155,69.99091156825018,0.30506760457175847
E,electronics,2y,LSTM ar_ratio (ar_encoding),ar_encoding__electronics__ar_ratio__e,9,0.3768524459098706,3.4488762648002305,44.46012321894502,66.67189298876274,0.3037965918829247
E,electronics,2y,LSTM ar_unbounded (ar_encoding),ar_encoding__electronics__ar_unbounded__a,1,0.3794994215515747,4.207929957521077,69.17723287554,80.09202479792404,0.2998912636580829
E,electronics,2y,LSTM ar_unbounded (ar_encoding),ar_encoding__electronics__ar_unbounded__a,10,0.3779968164938673,3.9319706030189305,54.61690571370517,67.35537407145878,0.30358283401482566
E,electronics,2y,LSTM ar_unbounded (ar_encoding),ar_encoding__electronics__ar_unbounded__a,11,0.4358882283201651,11.367817332366025,175.22835751792917,175.71915503424327,0.2812277168128321
E,electronics,2y,LSTM ar_unbounded (ar_encoding),ar_encoding__electronics__ar_unbounded__a,12,0.5317641996733354,18.796529873031186,772.6139517528295,772.6139517528295,0.25458254363519717
E,electronics,2y,LSTM ar_unbounded (ar_encoding),ar_encoding__electronics__ar_unbounded__a,13,0.3889617353910198,5.783998039640878,148.94319528646517,150.76596280686857,0.2805914628572038
E,electronics,2y,LSTM ar_unbounded (ar_encoding),ar_encoding__electronics__ar_unbounded__a,14,0.37925735871871297,3.8452654574907004,60.88366337192259,81.77073423867508,0.2622794006389229
E,electronics,2y,LSTM ar_unbounded (ar_encoding),ar_encoding__electronics__ar_unbounded__a,15,0.43402381702523113,10.961253540187435,116.72256373734936,118.7071126523213,0.24473893233099822
E,electronics,2y,LSTM ar_unbounded (ar_encoding),ar_encoding__electronics__ar_unbounded__a,16,0.4091674924979632,8.647369820220028,151.1956379532714,152.09361565395824,0.23475532368599533
E,electronics,2y,LSTM ar_unbounded (ar_encoding),ar_encoding__electronics__ar_unbounded__a,17,0.41134728083925737,8.789472215811482,120.8111797691142,124.4789824821689,0.19809945402963094
E,electronics,2y,LSTM ar_unbounded (ar_encoding),ar_encoding__electronics__ar_unbounded__a,18,0.38733572252949516,5.829935463214301,47.29288854130266,63.293342778475605,0.2712180408689733
E,electronics,2y,LSTM ar_unbounded (ar_encoding),ar_encoding__electronics__ar_unbounded__a,19,0.4412369733007379,11.717398332899743,159.88752611318557,161.92115477772566,0.2013856999102623
E,electronics,2y,LSTM ar_unbounded (ar_encoding),ar_encoding__electronics__ar_unbounded__a,2,0.39816261849734963,7.32153287012217,132.86821232751842,134.83003915777013,0.22693966612968478
E,electronics,2y,LSTM ar_unbounded (ar_encoding),ar_encoding__electronics__ar_unbounded__a,20,0.3890975185362766,5.962790231315136,85.8361742021191,92.01704207680801,0.2191600095980616
E,electronics,2y,LSTM ar_unbounded (ar_encoding),ar_encoding__electronics__ar_unbounded__a,3,0.4414408984494025,11.575217368868751,260.8711662515298,260.87116625152987,0.24523549512812795
E,electronics,2y,LSTM ar_unbounded (ar_encoding),ar_encoding__electronics__ar_unbounded__a,4,0.5072999907070431,17.131008171055697,634.1122474859138,634.1122474859138,0.2649238056855311
E,electronics,2y,LSTM ar_unbounded (ar_encoding),ar_encoding__electronics__ar_unbounded__a,5,0.4193404401389605,9.802117752275496,104.00159119364261,107.41445185028098,0.08055591829244692
E,electronics,2y,LSTM ar_unbounded (ar_encoding),ar_encoding__electronics__ar_unbounded__a,6,0.5722641531443042,21.43780648794982,511.2958422672491,511.2958422672491,0.19812614681102936
E,electronics,2y,LSTM ar_unbounded (ar_encoding),ar_encoding__electronics__ar_unbounded__a,7,0.4347378418325384,11.215516189151119,138.6968875010246,139.0327202502495,0.24914633464128058
E,electronics,2y,LSTM ar_unbounded (ar_encoding),ar_encoding__electronics__ar_unbounded__a,8,0.3771076327932926,3.6152401958554146,31.990911551968825,55.54919350652962,0.31076481706382303
E,electronics,2y,LSTM ar_unbounded (ar_encoding),ar_encoding__electronics__ar_unbounded__a,9,0.4142956331421705,8.741806002565673,184.3915022233209,184.92456285924794,0.24774197550492946
E,electronics,2y,LSTM ar_unbounded (ar_encoding),ar_encoding__electronics__ar_unbounded__b,1,0.4372978600968104,11.267401873748497,231.49693310029042,231.49693310029045,0.19957427819925525
E,electronics,2y,LSTM ar_unbounded (ar_encoding),ar_encoding__electronics__ar_unbounded__b,10,0.6812453102672277,27.499741000828767,1041.6130416044468,1041.6130416044468,0.21161319311954158
E,electronics,2y,LSTM ar_unbounded (ar_encoding),ar_encoding__electronics__ar_unbounded__b,11,0.37969564869536554,3.7243873845958673,73.03362916488425,91.17087053361035,0.25724789617179844
E,electronics,2y,LSTM ar_unbounded (ar_encoding),ar_encoding__electronics__ar_unbounded__b,12,0.5244415682231229,16.857109276888057,664.7805043493017,664.7805043493017,-0.012053480107641176
E,electronics,2y,LSTM ar_unbounded (ar_encoding),ar_encoding__electronics__ar_unbounded__b,13,0.4327014661535878,10.543425078614153,194.61440642512866,197.079755188821,0.2405689061399542
E,electronics,2y,LSTM ar_unbounded (ar_encoding),ar_encoding__electronics__ar_unbounded__b,14,0.4266433565027925,10.447768475629553,218.957282944621,218.95728294462106,0.18080549543510482
E,electronics,2y,LSTM ar_unbounded (ar_encoding),ar_encoding__electronics__ar_unbounded__b,15,0.37718401980301797,3.6480575145695355,33.616905755934006,57.586457847472126,0.20346326923338884
E,electronics,2y,LSTM ar_unbounded (ar_encoding),ar_encoding__electronics__ar_unbounded__b,16,0.38702703528709953,5.802133731585869,56.831175283590326,69.1029316224487,0.25542187045091885
E,electronics,2y,LSTM ar_unbounded (ar_encoding),ar_encoding__electronics__ar_unbounded__b,17,0.4421689510299406,11.53753920597358,257.1417867300311,257.2399462171053,0.24183716022253302
E,electronics,2y,LSTM ar_unbounded (ar_encoding),ar_encoding__electronics__ar_unbounded__b,18,0.411988697725927,8.996246794557477,165.038400862795,165.79232040510826,0.23394357700983967
E,electronics,2y,LSTM ar_unbounded (ar_encoding),ar_encoding__electronics__ar_unbounded__b,19,0.39499083606801283,6.726206975484547,149.8286760040769,150.0113617256791,0.25569201620511034
E,electronics,2y,LSTM ar_unbounded (ar_encoding),ar_encoding__electronics__ar_unbounded__b,2,0.3793050069051354,4.058784609913789,26.67302940197622,54.17177930932002,0.13988897360155217
E,electronics,2y,LSTM ar_unbounded (ar_encoding),ar_encoding__electronics__ar_unbounded__b,20,0.48136536482757,14.782955929251974,612.1351967672052,612.1351967672052,0.07739419909203625
E,electronics,2y,LSTM ar_unbounded (ar_encoding),ar_encoding__electronics__ar_unbounded__b,3,0.4091115815182858,8.2858033679968,196.73528800354705,196.892070521403,0.21054460201390665
E,electronics,2y,LSTM ar_unbounded (ar_encoding),ar_encoding__electronics__ar_unbounded__b,4,0.4035551313925418,7.953578931987925,193.39718311579395,193.39718311579398,0.29270524910770235
E,electronics,2y,LSTM ar_unbounded (ar_encoding),ar_encoding__electronics__ar_unbounded__b,5,0.5149473987171497,17.388436619720885,447.8727565728821,447.8727565728821,0.21116561302693232
E,electronics,2y,LSTM ar_unbounded (ar_encoding),ar_encoding__electronics__ar_unbounded__b,6,0.4058555828630295,8.1389726625041,210.54010504336753,210.54010504336756,0.27304034331121013
E,electronics,2y,LSTM ar_unbounded (ar_encoding),ar_encoding__electronics__ar_unbounded__b,7,0.4844352188581566,14.990314035311352,443.84708109400003,443.84708109400003,0.18639230008293198
E,electronics,2y,LSTM ar_unbounded (ar_encoding),ar_encoding__electronics__ar_unbounded__b,8,0.3779877796486539,3.923455977849294,42.66484924674596,59.09384249902534,0.3061487325006229
E,electronics,2y,LSTM ar_unbounded (ar_encoding),ar_encoding__electronics__ar_unbounded__b,9,0.4168064926116858,9.178268158437994,196.2351745050704,197.3390144886716,0.2488956577414525
H,electronics,2y,LSTM no_ar (real_panel_arms),real_panel_arms__LSTM__electronics__no_ar-no_cluster-valendin__a,1,0.3777426198854215,3.6376249382381505,49.43490104328247,69.75528286444936,-0.0013539120439761965
H,electronics,2y,LSTM no_ar (real_panel_arms),real_panel_arms__LSTM__electronics__no_ar-no_cluster-valendin__a,10,0.3770569317945942,3.5739373810923825,32.03476466030254,57.0797545454466,0.034430569855838616
H,electronics,2y,LSTM no_ar (real_panel_arms),real_panel_arms__LSTM__electronics__no_ar-no_cluster-valendin__a,11,0.3770735371561169,3.5442044764209135,16.4406950802026,54.313905962222876,0.01685338645184429
H,electronics,2y,LSTM no_ar (real_panel_arms),real_panel_arms__LSTM__electronics__no_ar-no_cluster-valendin__a,12,0.37714901998114797,3.5785116543873725,34.35173808338631,60.41172460278957,0.08443272253870483
H,electronics,2y,LSTM no_ar (real_panel_arms),real_panel_arms__LSTM__electronics__no_ar-no_cluster-valendin__a,13,0.376830037886435,3.5390176246779137,13.070551921685098,51.01192902491741,0.0031117060740784215
H,electronics,2y,LSTM no_ar (real_panel_arms),real_panel_arms__LSTM__electronics__no_ar-no_cluster-valendin__a,14,0.37711550990067283,3.5727795151874417,37.003067327725375,63.47614174439542,0.06464895464852073
H,electronics,2y,LSTM no_ar (real_panel_arms),real_panel_arms__LSTM__electronics__no_ar-no_cluster-valendin__a,15,0.3771211590621982,3.5947796721767773,38.51806393487399,63.295160134239694,0.024799544352141514
H,electronics,2y,LSTM no_ar (real_panel_arms),real_panel_arms__LSTM__electronics__no_ar-no_cluster-valendin__a,16,0.37722479057950165,3.5803470850659513,34.50204480551144,62.692229056015975,-0.004742242851261921
H,electronics,2y,LSTM no_ar (real_panel_arms),real_panel_arms__LSTM__electronics__no_ar-no_cluster-valendin__a,17,0.37575902277464757,3.307676434146887,18.325834796873647,40.70074972166497,0.30703189400771935
H,electronics,2y,LSTM no_ar (real_panel_arms),real_panel_arms__LSTM__electronics__no_ar-no_cluster-valendin__a,18,0.37703084372899737,3.5767501379610604,31.70688461827198,60.12747100546148,0.028024172132703886
H,electronics,2y,LSTM no_ar (real_panel_arms),real_panel_arms__LSTM__electronics__no_ar-no_cluster-valendin__a,19,0.3765729991878088,3.538576371305401,10.557600324395613,52.4383094569956,-0.03715671052355487
H,electronics,2y,LSTM no_ar (real_panel_arms),real_panel_arms__LSTM__electronics__no_ar-no_cluster-valendin__a,2,0.3767360152241659,3.549716467168269,18.401158605552894,55.2321063353976,-0.024351210765685728
H,electronics,2y,LSTM no_ar (real_panel_arms),real_panel_arms__LSTM__electronics__no_ar-no_cluster-valendin__a,20,0.37653870471337136,3.5319038378375445,1.7692567350185302,48.46319016018383,-0.00486372148453229
H,electronics,2y,LSTM no_ar (real_panel_arms),real_panel_arms__LSTM__electronics__no_ar-no_cluster-valendin__a,3,0.37681577192520505,3.5464025927646197,25.083162712635257,54.46489425610944,0.03252239424238858
H,electronics,2y,LSTM no_ar (real_panel_arms),real_panel_arms__LSTM__electronics__no_ar-no_cluster-valendin__a,4,0.37678477645923275,3.5282876810672574,3.7644850763083797,51.26209949595875,0.004617778129202565
H,electronics,2y,LSTM no_ar (real_panel_arms),real_panel_arms__LSTM__electronics__no_ar-no_cluster-valendin__a,5,0.3772252548588289,3.593954367090678,37.014655608381496,63.44410356225586,-0.00981897787979335
H,electronics,2y,LSTM no_ar (real_panel_arms),real_panel_arms__LSTM__electronics__no_ar-no_cluster-valendin__a,6,0.3769521371841015,3.5611071797987015,28.590661052604155,57.27573274574463,0.03346165177446552
H,electronics,2y,LSTM no_ar (real_panel_arms),real_panel_arms__LSTM__electronics__no_ar-no_cluster-valendin__a,7,0.37674768121824675,3.5383733811617484,14.219495315287421,50.58895700859396,0.01945458147887943
H,electronics,2y,LSTM no_ar (real_panel_arms),real_panel_arms__LSTM__electronics__no_ar-no_cluster-valendin__a,8,0.3767090874948172,3.5163781749807965,15.300272465965888,53.2266530586024,0.10460140052792206
H,electronics,2y,LSTM no_ar (real_panel_arms),real_panel_arms__LSTM__electronics__no_ar-no_cluster-valendin__a,9,0.37689408531557733,3.537203925005592,15.668370593250188,56.89400136166064,0.041386745982077
H,electronics,2y,LSTM ar_bounded (real_panel_arms),real_panel_arms__LSTM__electronics__ar_bounded-no_cluster-valendin__a,1,0.37592707926192803,3.369074183853664,1.5957734247905462,37.01976815939466,0.256436474380522
H,electronics,2y,LSTM ar_bounded (real_panel_arms),real_panel_arms__LSTM__electronics__ar_bounded-no_cluster-valendin__a,10,0.3759316957437906,3.3990779689578243,-26.799932179874915,46.759713782681956,0.2826035624096941
H,electronics,2y,LSTM ar_bounded (real_panel_arms),real_panel_arms__LSTM__electronics__ar_bounded-no_cluster-valendin__a,11,0.3763034305323413,3.4565713807388594,-21.789366419756735,46.145875995246115,0.2211670412703979
H,electronics,2y,LSTM ar_bounded (real_panel_arms),real_panel_arms__LSTM__electronics__ar_bounded-no_cluster-valendin__a,12,0.3761675069068456,3.429279937880801,-3.6922293357760876,42.614519410343206,0.23765862948412836
H,electronics,2y,LSTM ar_bounded (real_panel_arms),real_panel_arms__LSTM__electronics__ar_bounded-no_cluster-valendin__a,13,0.37782303977920867,3.6288026853361135,76.37968635689342,82.13087928239511,0.28760368430387906
H,electronics,2y,LSTM ar_bounded (real_panel_arms),real_panel_arms__LSTM__electronics__ar_bounded-no_cluster-valendin__a,14,0.37604697185405056,3.3614582673939823,5.083844329889939,44.081117870602235,0.27374074771686685
H,electronics,2y,LSTM ar_bounded (real_panel_arms),real_panel_arms__LSTM__electronics__ar_bounded-no_cluster-valendin__a,15,0.37595547139857877,3.455804787581058,-8.800272975147596,43.76414450718408,0.21985984172952136
H,electronics,2y,LSTM ar_bounded (real_panel_arms),real_panel_arms__LSTM__electronics__ar_bounded-no_cluster-valendin__a,16,0.3761575473660791,3.4117423752830858,-8.16053198993313,42.86605317606486,0.2684075127011543
H,electronics,2y,LSTM ar_bounded (real_panel_arms),real_panel_arms__LSTM__electronics__ar_bounded-no_cluster-valendin__a,17,0.3759982375799134,3.400076424521762,-15.703817664619738,44.075323830040624,0.2715963094575727
H,electronics,2y,LSTM ar_bounded (real_panel_arms),real_panel_arms__LSTM__electronics__ar_bounded-no_cluster-valendin__a,18,0.3765305686112672,3.4183624181170735,49.40831614816937,62.12406261584723,0.29403230557060367
H,electronics,2y,LSTM ar_bounded (real_panel_arms),real_panel_arms__LSTM__electronics__ar_bounded-no_cluster-valendin__a,19,0.37607565563771056,3.417605619287207,-3.7716430961711445,40.33810496215988,0.21460642845450448
H,electronics,2y,LSTM ar_bounded (real_panel_arms),real_panel_arms__LSTM__electronics__ar_bounded-no_cluster-valendin__a,2,0.3765229390809209,3.441650921648019,50.54226297175407,61.46591675500157,0.28977788451566344
H,electronics,2y,LSTM ar_bounded (real_panel_arms),real_panel_arms__LSTM__electronics__ar_bounded-no_cluster-valendin__a,20,0.3761362475689151,3.477803756890863,-30.315951263403957,48.38957066857847,0.15519601333912206
H,electronics,2y,LSTM ar_bounded (real_panel_arms),real_panel_arms__LSTM__electronics__ar_bounded-no_cluster-valendin__a,3,0.3758377885970785,3.3153355421861423,-7.846626047433674,43.30811180979339,0.28183359772926353
H,electronics,2y,LSTM ar_bounded (real_panel_arms),real_panel_arms__LSTM__electronics__ar_bounded-no_cluster-valendin__a,4,0.3760584980618492,3.4231011311258417,-14.533742660264389,43.56237220944203,0.2084903707346566
H,electronics,2y,LSTM ar_bounded (real_panel_arms),real_panel_arms__LSTM__electronics__ar_bounded-no_cluster-valendin__a,5,0.37605701374161016,3.4680544668317093,-27.90967995788468,45.84083172632988,0.2665782063843163
H,electronics,2y,LSTM ar_bounded (real_panel_arms),real_panel_arms__LSTM__electronics__ar_bounded-no_cluster-valendin__a,6,0.37576711538657914,3.3572619423075425,-5.1932518381878365,41.52999317575686,0.24628981606948122
H,electronics,2y,LSTM ar_bounded (real_panel_arms),real_panel_arms__LSTM__electronics__ar_bounded-no_cluster-valendin__a,7,0.3759789655888895,3.3647949499498497,-21.355146885263725,44.35719160252616,0.26178314573796707
H,electronics,2y,LSTM ar_bounded (real_panel_arms),real_panel_arms__LSTM__electronics__ar_bounded-no_cluster-valendin__a,8,0.37725415958500813,3.5708685001775478,59.42978861975969,67.7733469065646,0.26446282253261094
H,electronics,2y,LSTM ar_bounded (real_panel_arms),real_panel_arms__LSTM__electronics__ar_bounded-no_cluster-valendin__a,9,0.37619352765302383,3.4752664502563047,-6.599182289490034,39.55896385083891,0.178357778512104
H,electronics,2y,Transformer no_ar (real_panel_arms),real_panel_arms__Transformer__electronics__no_ar-no_cluster-valendin__a,1,0.3766109454909541,3.507557831433161,0.9965914402513573,46.348329850084575,0.11823684145523412
H,electronics,2y,Transformer no_ar (real_panel_arms),real_panel_arms__Transformer__electronics__no_ar-no_cluster-valendin__a,10,0.37648632789454034,3.5256241477264814,14.288343346582975,47.06680290845371,0.13555525381514177
H,electronics,2y,Transformer no_ar (real_panel_arms),real_panel_arms__Transformer__electronics__no_ar-no_cluster-valendin__a,11,0.37625536835548906,3.4408395984938176,-3.742331557862245,46.085889524530685,0.22984221561796855
H,electronics,2y,Transformer no_ar (real_panel_arms),real_panel_arms__Transformer__electronics__no_ar-no_cluster-valendin__a,12,0.3765806338850317,3.4776290530553116,20.09168351583306,50.047375511913785,0.2104398371688555
H,electronics,2y,Transformer no_ar (real_panel_arms),real_panel_arms__Transformer__electronics__no_ar-no_cluster-valendin__a,13,0.3764623130949138,3.5285540004661873,0.9914789445336117,46.474096756593504,0.03494909252564768
H,electronics,2y,Transformer no_ar (real_panel_arms),real_panel_arms__Transformer__electronics__no_ar-no_cluster-valendin__a,14,0.37657648044084385,3.530474202829766,12.378663721099983,49.30504425850977,-0.008706534220130548
H,electronics,2y,Transformer no_ar (real_panel_arms),real_panel_arms__Transformer__electronics__no_ar-no_cluster-valendin__a,15,0.3772003769051662,3.6793671604868123,60.78323107390528,72.5773687392533,0.09988566879421922
H,electronics,2y,Transformer no_ar (real_panel_arms),real_panel_arms__Transformer__electronics__no_ar-no_cluster-valendin__a,16,0.3765430757355705,3.461962735123954,22.532037990110446,44.98125418427696,0.2238907805381248
H,electronics,2y,Transformer no_ar (real_panel_arms),real_panel_arms__Transformer__electronics__no_ar-no_cluster-valendin__a,17,0.37645957254206464,3.4656255861845118,-7.003067780017053,47.17280164750795,0.23048072797542876
H,electronics,2y,Transformer no_ar (real_panel_arms),real_panel_arms__Transformer__electronics__no_ar-no_cluster-valendin__a,18,0.3769694725509188,3.553127544657589,25.603612643763544,56.82515329970187,0.04026497659837619
H,electronics,2y,Transformer no_ar (real_panel_arms),real_panel_arms__Transformer__electronics__no_ar-no_cluster-valendin__a,19,0.37965576330738937,3.4664195689493695,33.63326391828603,61.54873842461097,0.25407855003474644
H,electronics,2y,Transformer no_ar (real_panel_arms),real_panel_arms__Transformer__electronics__no_ar-no_cluster-valendin__a,2,0.3767043034959448,3.5303032035719673,36.982276607761776,57.12474430914409,0.18523815178548095
H,electronics,2y,Transformer no_ar (real_panel_arms),real_panel_arms__Transformer__electronics__no_ar-no_cluster-valendin__a,20,0.37838698397639886,3.571630209568029,-22.467622061367393,47.05385162502061,-0.06727460698894791
H,electronics,2y,Transformer no_ar (real_panel_arms),real_panel_arms__Transformer__electronics__no_ar-no_cluster-valendin__a,3,0.37646407465929743,3.52890213038321,-19.693251857794493,47.11997275835572,0.05694248671544191
H,electronics,2y,Transformer no_ar (real_panel_arms),real_panel_arms__Transformer__electronics__no_ar-no_cluster-valendin__a,4,0.37658960589289453,3.488603247883591,12.87627788330397,53.165984919755566,0.19471861275794713
H,electronics,2y,Transformer no_ar (real_panel_arms),real_panel_arms__Transformer__electronics__no_ar-no_cluster-valendin__a,5,0.3766307463956773,3.5339644887128725,-9.167007804640813,47.43899111734382,-0.008213282809373374
H,electronics,2y,Transformer no_ar (real_panel_arms),real_panel_arms__Transformer__electronics__no_ar-no_cluster-valendin__a,6,0.37654796572634924,3.5334427130475317,-19.155078726911587,47.08827539272835,0.061582111428736486
H,electronics,2y,Transformer no_ar (real_panel_arms),real_panel_arms__Transformer__electronics__no_ar-no_cluster-valendin__a,7,0.37654127911952834,3.538855866685026,-3.8541243363353663,50.49147914946531,-0.024131805339727603
H,electronics,2y,Transformer no_ar (real_panel_arms),real_panel_arms__Transformer__electronics__no_ar-no_cluster-valendin__a,8,0.3762127485592967,3.403830768173356,15.608384257440074,49.02828891736837,0.28408124015019054
H,electronics,2y,Transformer no_ar (real_panel_arms),real_panel_arms__Transformer__electronics__no_ar-no_cluster-valendin__a,9,0.37689186185300994,3.5780541157242656,32.70245383664361,58.08145865936385,0.012743368037874226
H,electronics,2y,Transformer ar_bounded (real_panel_arms),real_panel_arms__Transformer__electronics__ar_bounded-no_cluster-valendin__a,1,0.3763376154679211,3.4938710130133894,-26.55180675430263,47.61247452444971,0.2168204570660356
H,electronics,2y,Transformer ar_bounded (real_panel_arms),real_panel_arms__Transformer__electronics__ar_bounded-no_cluster-valendin__a,10,0.37615167559009494,3.433253546059452,-3.79004801668613,42.3531015653064,0.28537560875879947
H,electronics,2y,Transformer ar_bounded (real_panel_arms),real_panel_arms__Transformer__electronics__ar_bounded-no_cluster-valendin__a,11,0.37634259211280063,3.5232009853023616,-36.74982995469068,50.87730070352607,0.18311298383125893
H,electronics,2y,Transformer ar_bounded (real_panel_arms),real_panel_arms__Transformer__electronics__ar_bounded-no_cluster-valendin__a,12,0.37618737662722945,3.3639528848499975,8.565780257992673,46.22972045187728,0.29944043915525953
H,electronics,2y,Transformer ar_bounded (real_panel_arms),real_panel_arms__Transformer__electronics__ar_bounded-no_cluster-valendin__a,13,0.3767496646433342,3.5942728905284027,13.5845259754411,56.231424612981534,-0.20247736273095585
H,electronics,2y,Transformer ar_bounded (real_panel_arms),real_panel_arms__Transformer__electronics__ar_bounded-no_cluster-valendin__a,14,0.3762720052489986,3.4928116003990923,-29.843899446089626,48.092024610266776,0.2541611444767277
H,electronics,2y,Transformer ar_bounded (real_panel_arms),real_panel_arms__Transformer__electronics__ar_bounded-no_cluster-valendin__a,15,0.3764077817416453,3.5214459744037727,28.804703297800593,55.410702036974236,0.18594212252914252
H,electronics,2y,Transformer ar_bounded (real_panel_arms),real_panel_arms__Transformer__electronics__ar_bounded-no_cluster-valendin__a,16,0.3765136458701062,3.447345615935614,18.357191330054146,53.502385749341265,0.21195463202030956
H,electronics,2y,Transformer ar_bounded (real_panel_arms),real_panel_arms__Transformer__electronics__ar_bounded-no_cluster-valendin__a,17,0.37661829453092455,3.4869277548318443,16.498636438853342,48.76175858296229,0.22748647457746216
H,electronics,2y,Transformer ar_bounded (real_panel_arms),real_panel_arms__Transformer__electronics__ar_bounded-no_cluster-valendin__a,18,0.3767296929527842,3.5557600909666824,4.1728013839467,50.94989768769676,-0.12074654268030252
H,electronics,2y,Transformer ar_bounded (real_panel_arms),real_panel_arms__Transformer__electronics__ar_bounded-no_cluster-valendin__a,19,0.3760287626985819,3.4158041919388595,-29.59236572791813,47.58895713100802,0.27527306617078146
H,electronics,2y,Transformer ar_bounded (real_panel_arms),real_panel_arms__Transformer__electronics__ar_bounded-no_cluster-valendin__a,2,0.37612821916417144,3.401752533057471,-6.493183669469893,42.27164278197942,0.2601075879676734
H,electronics,2y,Transformer ar_bounded (real_panel_arms),real_panel_arms__Transformer__electronics__ar_bounded-no_cluster-valendin__a,20,0.3761862073100672,3.3710499242156,30.059645326849857,56.49659157068484,0.25863289914911924
H,electronics,2y,Transformer ar_bounded (real_panel_arms),real_panel_arms__Transformer__electronics__ar_bounded-no_cluster-valendin__a,3,0.3766211763759764,3.497103169220885,23.532378804395563,52.94137686553223,0.22869999755623918
H,electronics,2y,Transformer ar_bounded (real_panel_arms),real_panel_arms__Transformer__electronics__ar_bounded-no_cluster-valendin__a,4,0.37615666240975837,3.4237845130932643,0.4993180663722662,50.09577360395248,0.2538801188483897
H,electronics,2y,Transformer ar_bounded (real_panel_arms),real_panel_arms__Transformer__electronics__ar_bounded-no_cluster-valendin__a,5,0.3762146762189801,3.3918001325211544,-5.02794849309875,43.82276755136112,0.2920652371244474
H,electronics,2y,Transformer ar_bounded (real_panel_arms),real_panel_arms__Transformer__electronics__ar_bounded-no_cluster-valendin__a,6,0.3759637348643406,3.3336041067593176,4.32924309278167,46.9911383263685,0.3077178180975016
H,electronics,2y,Transformer ar_bounded (real_panel_arms),real_panel_arms__Transformer__electronics__ar_bounded-no_cluster-valendin__a,7,0.3763343569979532,3.4849241391607872,17.638718262035308,48.5221539627209,0.20712230359502096
H,electronics,2y,Transformer ar_bounded (real_panel_arms),real_panel_arms__Transformer__electronics__ar_bounded-no_cluster-valendin__a,8,0.37585616748405803,3.336825624071055,10.60054508534936,44.52828900855546,0.30866794759800126
H,electronics,2y,Transformer ar_bounded (real_panel_arms),real_panel_arms__Transformer__electronics__ar_bounded-no_cluster-valendin__a,9,0.3767216117720396,3.5281744167355282,11.998636451573164,56.15132919442216,0.08347115061763812
N,gift,2y,ValendinLSTM,real_panel_benchmarks__ValendinLSTM__gift__r00,1,0.10662114467371393,1.1948476138359045,-32.11588027645704,35.904711186699075,0.32821282174475475
N,gift,2y,ValendinLSTM,real_panel_benchmarks__ValendinLSTM__gift__r01,1,0.10633471013901341,1.134418710717373,-8.64572313995767,26.876090368663203,0.3906224968792819
N,gift,2y,ValendinLSTM,real_panel_benchmarks__ValendinLSTM__gift__r02,1,0.10631057998453833,1.1275918153774416,1.6757427931745825,25.325654428631033,0.36793446866491036
N,gift,2y,ValendinLSTM,real_panel_benchmarks__ValendinLSTM__gift__r03,1,0.10642872335569953,1.1360340283512629,7.880454859797635,27.64589896734007,0.3658280742222841
N,gift,2y,ValendinLSTM,real_panel_benchmarks__ValendinLSTM__gift__r04,1,0.10647332010445111,1.1603640770941355,-30.69022581815078,32.93944071254256,0.3408510769721683
N,gift,2y,ValendinLSTM,real_panel_benchmarks__ValendinLSTM__gift__r05,1,0.10638737114426296,1.1262671984134047,5.607156456573011,30.127225162617414,0.39312054862227136
N,gift,2y,ValendinLSTM,real_panel_benchmarks__ValendinLSTM__gift__r06,1,0.10650590988113721,1.1807180117099652,-44.30471107769649,44.83385597984282,0.3727905562891263
N,gift,2y,ValendinLSTM,real_panel_benchmarks__ValendinLSTM__gift__r07,1,0.10633494134155497,1.1326795089753259,-6.301220559659972,26.55706787632251,0.36727889885990683
N,gift,2y,ValendinLSTM,real_panel_benchmarks__ValendinLSTM__gift__r08,1,0.10643196383224231,1.163993015398237,-29.972948383029767,33.17434473729578,0.3728756718022546
N,gift,2y,ValendinLSTM,real_panel_benchmarks__ValendinLSTM__gift__r09,1,0.10637739247968699,1.1271583117497155,-7.671028626599403,26.93839399714962,0.38449734998658924
N,gift,2y,ValendinLSTM,real_panel_benchmarks__ValendinLSTM__gift__r10,1,0.10644209403713017,1.1528811293321992,-27.61832355784947,29.90942340040263,0.34611425453525274
N,gift,2y,ValendinLSTM,real_panel_benchmarks__ValendinLSTM__gift__r11,1,0.1063290662429006,1.1423207439230536,-16.45898672973153,24.757416705994313,0.3664317190685101
N,gift,2y,ValendinLSTM,real_panel_benchmarks__ValendinLSTM__gift__r12,1,0.10635698444162833,1.1426194131100627,-24.69999898659058,26.517102232992954,0.37782072645139436
N,gift,2y,ValendinLSTM,real_panel_benchmarks__ValendinLSTM__gift__r13,1,0.10634024902667497,1.147583962741404,-18.92827121643731,25.861255825236476,0.3740931610231795
N,gift,2y,ValendinLSTM,real_panel_benchmarks__ValendinLSTM__gift__r14,1,0.1064920131714191,1.1694694212890062,-32.495810546206236,34.004711226318946,0.3378662579511508
N,gift,2y,ValendinLSTM,real_panel_benchmarks__ValendinLSTM__gift__r15,1,0.10650845557759146,1.159003668413833,22.747994084552893,34.54834261789649,0.3657999583817957
N,gift,2y,ValendinLSTM,real_panel_benchmarks__ValendinLSTM__gift__r16,1,0.10633954723308238,1.1417455414521387,-19.371726755402484,27.25828909209533,0.3789043451154546
N,gift,2y,ValendinLSTM,real_panel_benchmarks__ValendinLSTM__gift__r17,1,0.10636872474200368,1.1358475530447185,-11.758114124610325,25.77591580734961,0.38692126514342173
N,gift,2y,ValendinLSTM,real_panel_benchmarks__ValendinLSTM__gift__r18,1,0.10640132148695024,1.147432455567858,-19.551133302412026,27.86247765295539,0.36806227992304025
N,gift,2y,ValendinLSTM,real_panel_benchmarks__ValendinLSTM__gift__r19,1,0.1064056105503884,1.1610713823001713,-20.407852350005456,28.02774803369622,0.3718129931182495
O,gift,2y,LSTM + bounded32,real_panel_lstm_bounded32__LSTM__gift__r000,1,0.10640003439502355,1.1653669023520612,-31.81849813802321,33.591971314434325,0.3740627578072416
O,gift,2y,LSTM + bounded32,real_panel_lstm_bounded32__LSTM__gift__r001,1,0.10658986496444249,1.1807057561276444,-11.359510255712037,26.680278759892722,0.3301398013711087
O,gift,2y,LSTM + bounded32,real_panel_lstm_bounded32__LSTM__gift__r002,1,0.10663039678924788,1.1914819896477293,-17.281499752928717,27.15654408818861,0.28334040567162744
O,gift,2y,LSTM + bounded32,real_panel_lstm_bounded32__LSTM__gift__r003,1,0.10656411749929523,1.1829944194257476,-25.827573085395805,28.777311607768016,0.2847537397199176
O,gift,2y,LSTM + bounded32,real_panel_lstm_bounded32__LSTM__gift__r004,1,0.10673076940197884,1.1849198220162158,12.238395594228328,31.739616389715387,0.36379837001423476
O,gift,2y,LSTM + bounded32,real_panel_lstm_bounded32__LSTM__gift__r005,1,0.10668192747405424,1.189818641442909,-2.549388044555506,30.115183060123325,0.3919865433694232
O,gift,2y,LSTM + bounded32,real_panel_lstm_bounded32__LSTM__gift__r006,1,0.10659240828801246,1.1896506434994674,-26.919370673249265,34.279580369354555,0.3347735907643062
O,gift,2y,LSTM + bounded32,real_panel_lstm_bounded32__LSTM__gift__r007,1,0.10665419173720797,1.1910057037142592,-22.077485833708977,34.1249556279455,0.35964102198369613
O,gift,2y,LSTM + bounded32,real_panel_lstm_bounded32__LSTM__gift__r008,1,0.10665812506937283,1.2024682453748037,-35.94502514001916,37.47800955137282,0.27832305241635236
O,gift,2y,LSTM + bounded32,real_panel_lstm_bounded32__LSTM__gift__r009,1,0.10663341564211488,1.185109150181973,-18.24205827535224,29.068934858612558,0.3143978796036065
O,gift,2y,LSTM + bounded32,real_panel_lstm_bounded32__LSTM__gift__r010,1,0.10665615221905848,1.1824262537936503,8.198255960370892,28.10645748037889,0.3931508924368504
O,gift,2y,LSTM + bounded32,real_panel_lstm_bounded32__LSTM__gift__r011,1,0.10660879023920908,1.181602794132528,-13.002791141918324,31.444676421167582,0.3433159405417797
O,gift,2y,LSTM + bounded32,real_panel_lstm_bounded32__LSTM__gift__r012,1,0.10650896273692154,1.1763089052946498,-22.647817425322796,27.740662427697274,0.36506679594814
O,gift,2y,LSTM + bounded32,real_panel_lstm_bounded32__LSTM__gift__r013,1,0.10658240525209492,1.186562926006608,-21.845199590663718,28.210296029169047,0.35099850144446904
O,gift,2y,LSTM + bounded32,real_panel_lstm_bounded32__LSTM__gift__r014,1,0.10665354867545097,1.190986424938987,-16.890225789845616,25.930715163858487,0.3414495914811769
O,gift,2y,LSTM + bounded32,real_panel_lstm_bounded32__LSTM__gift__r015,1,0.10654545687169825,1.185563980275365,-35.16945798891936,36.76177930138878,0.3590879675443976
O,gift,2y,LSTM + bounded32,real_panel_lstm_bounded32__LSTM__gift__r016,1,0.10645338532820156,1.1640705251369439,-7.789353190646842,24.913961342763507,0.36678615763767447
O,gift,2y,LSTM + bounded32,real_panel_lstm_bounded32__LSTM__gift__r017,1,0.1067169140204336,1.2146475106373746,-47.71657844269535,48.47958033311601,0.32500910278870926
O,gift,2y,LSTM + bounded32,real_panel_lstm_bounded32__LSTM__gift__r018,1,0.10661666046232077,1.1922964669478944,-34.449562702444354,36.707503499238236,0.2905672957182804
O,gift,2y,LSTM + bounded32,real_panel_lstm_bounded32__LSTM__gift__r019,1,0.10657347380318993,1.1882827530068474,-31.886909925419708,33.587433687406566,0.34338033730564765
O,gift,2y,LSTM + bounded32,real_panel_lstm_bounded32__LSTM__gift__r020,1,0.10678648750021029,1.2232159139011702,-21.909772013038026,28.023559645096373,0.27650747536616754
O,gift,2y,LSTM + bounded32,real_panel_lstm_bounded32__LSTM__gift__r021,1,0.1067734745637467,1.2150647352997437,-19.722511964166927,30.744850915433403,0.3249665069549281
O,gift,2y,LSTM + bounded32,real_panel_lstm_bounded32__LSTM__gift__r022,1,0.10660626252491076,1.1781809999148258,-6.135251978453162,29.586212775657003,0.34818817924356926
O,gift,2y,LSTM + bounded32,real_panel_lstm_bounded32__LSTM__gift__r023,1,0.10655134016933637,1.1612930701520177,-0.3556707639690822,25.86178001957859,0.3331083689652074
O,gift,2y,LSTM + bounded32,real_panel_lstm_bounded32__LSTM__gift__r024,1,0.10659784874637179,1.1796203901275713,-16.743279900300504,27.636474313683397,0.3002193405504708
O,gift,2y,LSTM + bounded32,real_panel_lstm_bounded32__LSTM__gift__r025,1,0.10652150368176329,1.1704568041772303,-9.12582786484809,27.81448489055854,0.33660233556855984
O,gift,2y,LSTM + bounded32,real_panel_lstm_bounded32__LSTM__gift__r026,1,0.1066464397170275,1.1984754678298986,-25.632459640216304,29.500871744957056,0.2445137378169029
O,gift,2y,LSTM + bounded32,real_panel_lstm_bounded32__LSTM__gift__r027,1,0.10662135618168468,1.1724932035021964,1.103142481016585,29.513612591086936,0.3602819360482708
O,gift,2y,LSTM + bounded32,real_panel_lstm_bounded32__LSTM__gift__r028,1,0.10669304914880015,1.2013612040061836,-5.439963950662107,25.709423880226108,0.32608985320891615
O,gift,2y,LSTM + bounded32,real_panel_lstm_bounded32__LSTM__gift__r029,1,0.1063671307360433,1.16142892986891,-19.20767774552305,26.710645065957536,0.31369019838889994
O,gift,2y,LSTM + bounded32,real_panel_lstm_bounded32__LSTM__gift__r030,1,0.10659943843463308,1.1674759117439046,2.5748702972542317,29.157417027050567,0.3267401331470813
O,gift,2y,LSTM + bounded32,real_panel_lstm_bounded32__LSTM__gift__r031,1,0.10663056035393573,1.1636176557376456,2.976266434578412,29.02966843252386,0.35710079473237644
O,gift,2y,LSTM + bounded32,real_panel_lstm_bounded32__LSTM__gift__r032,1,0.10653256664628778,1.181341257302988,-21.83507747119675,31.10977235320485,0.361942394793239
O,gift,2y,LSTM + bounded32,real_panel_lstm_bounded32__LSTM__gift__r033,1,0.10669088410190684,1.2167129429909698,-35.95898677706722,37.42355932073235,0.27750582658659473
O,gift,2y,LSTM + bounded32,real_panel_lstm_bounded32__LSTM__gift__r034,1,0.10682910858778577,1.2258320872507946,-27.698951780700394,34.01588057216603,0.28278160828961196
O,gift,2y,LSTM + bounded32,real_panel_lstm_bounded32__LSTM__gift__r035,1,0.10669163865751925,1.2230673254328868,-44.09092391764335,44.78516487620486,0.32634956588696634
O,gift,2y,LSTM + bounded32,real_panel_lstm_bounded32__LSTM__gift__r036,1,0.10662625950846992,1.1946951746744803,-26.48551371072511,29.03595026096927,0.3197207841831384
O,gift,2y,LSTM + bounded32,real_panel_lstm_bounded32__LSTM__gift__r037,1,0.10658601574095838,1.178007412273568,11.414660840704505,27.364398207170808,0.3439132110494937
O,gift,2y,LSTM + bounded32,real_panel_lstm_bounded32__LSTM__gift__r038,1,0.10663375306390767,1.1941155307756197,-32.81291349103084,36.868760102354706,0.31581518731705904
O,gift,2y,LSTM + bounded32,real_panel_lstm_bounded32__LSTM__gift__r039,1,0.10647897090664248,1.1543455888148972,1.0003501765327851,26.920069677387115,0.3617125746744186
O,gift,2y,LSTM + bounded32,real_panel_lstm_bounded32__LSTM__gift__r040,1,0.10663012530792598,1.1844491025433668,7.522339715210023,28.626701753910723,0.38370863097662966
O,gift,2y,LSTM + bounded32,real_panel_lstm_bounded32__LSTM__gift__r041,1,0.10675562664509503,1.2209707843779791,-35.17504257694913,36.049039207702215,0.1849712503668326
O,gift,2y,LSTM + bounded32,real_panel_lstm_bounded32__LSTM__gift__r042,1,0.1065870366788545,1.184376223792865,-33.83560107948188,36.161604771706855,0.3231262376455718
O,gift,2y,LSTM + bounded32,real_panel_lstm_bounded32__LSTM__gift__r043,1,0.10665332744139078,1.175466157390975,3.6760918854978044,29.254799360656413,0.36165510143552704
O,gift,2y,LSTM + bounded32,real_panel_lstm_bounded32__LSTM__gift__r044,1,0.10658708043144091,1.190088295571187,-32.10296581776014,34.65270420695292,0.30990044619115925
O,gift,2y,LSTM + bounded32,real_panel_lstm_bounded32__LSTM__gift__r045,1,0.10669132379496914,1.2025334599706912,-18.364047738711545,29.503315368307334,0.2940018701026797
O,gift,2y,LSTM + bounded32,real_panel_lstm_bounded32__LSTM__gift__r046,1,0.10663424022279816,1.1897515984490226,-14.79982437261605,27.266142604263983,0.32862555735429555
O,gift,2y,LSTM + bounded32,real_panel_lstm_bounded32__LSTM__gift__r047,1,0.10659336215785567,1.1715586317099234,0.4647480802571783,24.287434511315745,0.35838370128903474
O,gift,2y,LSTM + bounded32,real_panel_lstm_bounded32__LSTM__gift__r048,1,0.10651863103097206,1.1652176676141717,-4.97033047870993,28.79930162712137,0.34625889657564574
O,gift,2y,LSTM + bounded32,real_panel_lstm_bounded32__LSTM__gift__r049,1,0.1066149342185975,1.1948908563208016,-37.63123808620049,38.41797467790493,0.2922772271117552
O,gift,2y,LSTM + bounded32,real_panel_lstm_bounded32__LSTM__gift__r050,1,0.10651516080383257,1.159236971506237,-16.1935416623395,28.167364192150654,0.35154511887872764
O,gift,2y,LSTM + bounded32,real_panel_lstm_bounded32__LSTM__gift__r051,1,0.10661947728854643,1.1967497008373982,-36.624257357540955,40.36561877374918,0.33570374268294023
O,gift,2y,LSTM + bounded32,real_panel_lstm_bounded32__LSTM__gift__r052,1,0.10656722713944908,1.1805413735254353,-18.603140231706526,31.11134318920941,0.3202544702692374
O,gift,2y,LSTM + bounded32,real_panel_lstm_bounded32__LSTM__gift__r053,1,0.10643119271739873,1.178042508258672,-29.769108874681272,32.005758301264095,0.3230083507582629
O,gift,2y,LSTM + bounded32,real_panel_lstm_bounded32__LSTM__gift__r054,1,0.10670819415323607,1.2186426085839468,-38.7258279407529,39.74362911350139,0.30720215806261036
O,gift,2y,LSTM + bounded32,real_panel_lstm_bounded32__LSTM__gift__r055,1,0.10659412351933031,1.1970466055018403,-37.392320056559065,38.94903920121578,0.3500892875890992
O,gift,2y,LSTM + bounded32,real_panel_lstm_bounded32__LSTM__gift__r056,1,0.10661423125947689,1.193557213169724,-21.35898669631884,27.461255757104983,0.3772450389511123
O,gift,2y,LSTM + bounded32,real_panel_lstm_bounded32__LSTM__gift__r057,1,0.10647369009879853,1.1594359078303291,-12.637869767271187,24.085688793440227,0.33820712500541006
O,gift,2y,LSTM + bounded32,real_panel_lstm_bounded32__LSTM__gift__r058,1,0.10664440036126507,1.1863267384484615,-13.694588779403006,25.886212385249113,0.2953957598938714
O,gift,2y,LSTM + bounded32,real_panel_lstm_bounded32__LSTM__gift__r059,1,0.10667971638427316,1.2083308725203115,-29.847817408651796,33.86212840530449,0.29249344819165607
O,gift,2y,LSTM + bounded32,real_panel_lstm_bounded32__LSTM__gift__r060,1,0.10675001670504657,1.2040312818065988,-16.1354264125993,30.245723714625488,0.2663237965412706
O,gift,2y,LSTM + bounded32,real_panel_lstm_bounded32__LSTM__gift__r061,1,0.10665086041571258,1.2028729692944617,-42.38010373689418,43.005234729819776,0.30625460831036855
O,gift,2y,LSTM + bounded32,real_panel_lstm_bounded32__LSTM__gift__r062,1,0.106603539133325,1.1819496804983456,-6.393367100107484,23.856544351070372,0.332520514092566
O,gift,2y,LSTM + bounded32,real_panel_lstm_bounded32__LSTM__gift__r063,1,0.10666065732963272,1.1707319434242809,8.998430496200042,31.217626679890177,0.3085099855150784
O,gift,2y,LSTM + bounded32,real_panel_lstm_bounded32__LSTM__gift__r064,1,0.10651525940040533,1.1659751752468597,-23.218498092606545,28.757765513835164,0.3237325458449883
O,gift,2y,LSTM + bounded32,real_panel_lstm_bounded32__LSTM__gift__r065,1,0.10653101325480503,1.1724618401965934,-21.567712703932912,28.03123836185358,0.33395785314795545
O,gift,2y,LSTM + bounded32,real_panel_lstm_bounded32__LSTM__gift__r066,1,0.1067639934018447,1.2186863990143866,-35.80645623411289,37.178184140033295,0.29904945858517684
O,gift,2y,LSTM + bounded32,real_panel_lstm_bounded32__LSTM__gift__r067,1,0.10655746278569848,1.1669869149648608,-0.7263513727085699,28.359511237974292,0.3487012187138662
O,gift,2y,LSTM + bounded32,real_panel_lstm_bounded32__LSTM__gift__r068,1,0.10689257892080761,1.2026386259087358,27.468413030740532,40.136475224770194,0.3197685059347411
O,gift,2y,LSTM + bounded32,real_panel_lstm_bounded32__LSTM__gift__r069,1,0.10659326765983193,1.1873527694017365,-34.805758126701136,36.29615976236269,0.3640305779429727
O,gift,2y,LSTM + bounded32,real_panel_lstm_bounded32__LSTM__gift__r070,1,0.10661456559087773,1.1865924501656522,-29.579405573214828,31.68760821370371,0.3345588625898623
O,gift,2y,LSTM + bounded32,real_panel_lstm_bounded32__LSTM__gift__r071,1,0.10659512041461919,1.1775768527257409,-20.93455388753603,31.286735733951634,0.3148459918470994
O,gift,2y,LSTM + bounded32,real_panel_lstm_bounded32__LSTM__gift__r072,1,0.10653856392830051,1.1899393471890864,-47.02425738701119,47.136648341645355,0.38979727593938274
O,gift,2y,LSTM + bounded32,real_panel_lstm_bounded32__LSTM__gift__r073,1,0.10659753990571529,1.1895271862039973,-32.13752076715694,34.00697989785902,0.3561382621332923
O,gift,2y,LSTM + bounded32,real_panel_lstm_bounded32__LSTM__gift__r074,1,0.10670984913999852,1.2097033853867951,-42.10907405567004,42.56526959674405,0.34333129147908686
O,gift,2y,LSTM + bounded32,real_panel_lstm_bounded32__LSTM__gift__r075,1,0.10658760420177912,1.1928661975874524,-28.362477084367658,30.775042773321292,0.34284282114416065
O,gift,2y,LSTM + bounded32,real_panel_lstm_bounded32__LSTM__gift__r076,1,0.10656176289374635,1.1815899518953679,-31.53542654272304,33.94380372871349,0.3512851401078978
O,gift,2y,LSTM + bounded32,real_panel_lstm_bounded32__LSTM__gift__r077,1,0.10645921169068058,1.1619302624107815,-19.9724247548683,28.55218080332416,0.3627245243244874
O,gift,2y,LSTM + bounded32,real_panel_lstm_bounded32__LSTM__gift__r078,1,0.10667447909591815,1.1911356843479348,-11.211691726077412,33.24170995086769,0.3734800602194549
O,gift,2y,LSTM + bounded32,real_panel_lstm_bounded32__LSTM__gift__r079,1,0.10658090036590985,1.1745877618922569,-14.210819165640318,27.97661400818632,0.33574669370759486
O,gift,2y,LSTM + bounded32,real_panel_lstm_bounded32__LSTM__gift__r080,1,0.10657249315991818,1.1776186977223653,-11.276613201712248,25.0193714213771,0.3339181632143908
O,gift,2y,LSTM + bounded32,real_panel_lstm_bounded32__LSTM__gift__r081,1,0.10667849105571366,1.2026998633790253,-34.59930087270702,37.298079399899294,0.32621026721016383
O,gift,2y,LSTM + bounded32,real_panel_lstm_bounded32__LSTM__gift__r082,1,0.10653857618294048,1.1932485729476408,-33.83542650046473,35.432983382810804,0.35054205589673976
O,gift,2y,LSTM + bounded32,real_panel_lstm_bounded32__LSTM__gift__r083,1,0.10656656534661033,1.1799940443429553,-15.436822630263755,24.872076181722637,0.3585272928626428
O,gift,2y,LSTM + bounded32,real_panel_lstm_bounded32__LSTM__gift__r084,1,0.10671381276422695,1.2131493210604714,-19.91186623888632,25.74118618907445,0.305094919955656
O,gift,2y,LSTM + bounded32,real_panel_lstm_bounded32__LSTM__gift__r085,1,0.10668553913160392,1.2014881994683044,-25.27696229082704,32.5122156245863,0.2621022615928093
O,gift,2y,LSTM + bounded32,real_panel_lstm_bounded32__LSTM__gift__r086,1,0.10651575199460661,1.1568707119091175,-11.00924846209958,26.096858128817626,0.3574828057946429
O,gift,2y,LSTM + bounded32,real_panel_lstm_bounded32__LSTM__gift__r087,1,0.10663905812712503,1.2006869516914642,-25.542581770983798,29.558986905039216,0.31815467325387115
O,gift,2y,LSTM + bounded32,real_panel_lstm_bounded32__LSTM__gift__r088,1,0.10658046441876336,1.1882796375663742,-20.33490291081501,24.897905094809282,0.35687278953010104
O,gift,2y,LSTM + bounded32,real_panel_lstm_bounded32__LSTM__gift__r089,1,0.10776326153981744,1.2053589740919575,-16.856194378923778,29.796159973312896,0.33644007335445253
O,gift,2y,LSTM + bounded32,real_panel_lstm_bounded32__LSTM__gift__r090,1,0.10655057184403334,1.1637179667078859,6.896161693322742,26.968761015318496,0.39487088887370125
O,gift,2y,LSTM + bounded32,real_panel_lstm_bounded32__LSTM__gift__r091,1,0.1065345062539529,1.1711697960946825,6.528622377826087,28.45916234962087,0.36306898212829364
O,gift,2y,LSTM + bounded32,real_panel_lstm_bounded32__LSTM__gift__r092,1,0.1068109854926402,1.22825812632904,-33.676962294501436,36.54781761158675,0.29043747071528175
O,gift,2y,LSTM + bounded32,real_panel_lstm_bounded32__LSTM__gift__r093,1,0.10679166935437036,1.1893227689159789,7.912741128450842,35.59511353702236,0.34031241611843205
O,gift,2y,LSTM + bounded32,real_panel_lstm_bounded32__LSTM__gift__r094,1,0.10657512371103336,1.1679311698282888,-13.384815637143614,31.130715120964993,0.3230066698194328
O,gift,2y,LSTM + bounded32,real_panel_lstm_bounded32__LSTM__gift__r095,1,0.10663907684415544,1.1853239672625837,-7.838044235609867,27.35462456118372,0.326885796974884
O,gift,2y,LSTM + bounded32,real_panel_lstm_bounded32__LSTM__gift__r096,1,0.10673592424321825,1.2120255078176443,-21.74362891601963,30.044152808557023,0.24931519956761183
O,gift,2y,LSTM + bounded32,real_panel_lstm_bounded32__LSTM__gift__r097,1,0.10650137861360813,1.1627174017859625,-16.139440447434428,29.343978489930468,0.3523162208185394
O,gift,2y,LSTM + bounded32,real_panel_lstm_bounded32__LSTM__gift__r098,1,0.10658388999811563,1.1803907809563245,-0.746072163475738,25.683246082447475,0.39205016899200634
O,gift,2y,LSTM + bounded32,real_panel_lstm_bounded32__LSTM__gift__r099,1,0.10656855544478996,1.1787199422497094,-26.1129134319998,35.2647461786211,0.35339222346283694
O,gift,2y,LSTM + log,real_panel_lstm_log__LSTM__gift__r000,1,0.1063542548442473,1.1375164842457883,-26.00855050879968,31.19598529557591,0.38932210796414746
O,gift,2y,LSTM + log,real_panel_lstm_log__LSTM__gift__r001,1,0.10725470601232957,1.2992933483047349,31.642583990225493,38.6090757298878,0.3753229511110147
O,gift,2y,LSTM + log,real_panel_lstm_log__LSTM__gift__r002,1,0.1063670400706441,1.1372833467037289,3.995288986111891,28.853228651121228,0.3717300354067888
O,gift,2y,LSTM + log,real_panel_lstm_log__LSTM__gift__r003,1,0.10642703911208365,1.1267879713353661,-1.519545214332189,30.37783573117488,0.36089818642240973
O,gift,2y,LSTM + log,real_panel_lstm_log__LSTM__gift__r004,1,0.10853696521750365,1.3353489511892547,19.676964426490937,33.63682412071855,0.3680083965437561
O,gift,2y,LSTM + log,real_panel_lstm_log__LSTM__gift__r005,1,0.1066222118198987,1.1546959769173757,1.4691109894804981,29.216405026022176,0.3910274057188165
O,gift,2y,LSTM + log,real_panel_lstm_log__LSTM__gift__r006,1,0.16603849193558146,6.260970238607408,86.71570810725812,87.90104834084092,0.38512132052206927
O,gift,2y,LSTM + log,real_panel_lstm_log__LSTM__gift__r007,1,0.10644082024829432,1.1330521276353975,16.8869120365268,29.937871199212456,0.3741879025290966
O,gift,2y,LSTM + log,real_panel_lstm_log__LSTM__gift__r008,1,0.10642220196488765,1.1323209765966815,5.6820254546163556,28.904363171629758,0.38456291437888485
O,gift,2y,LSTM + log,real_panel_lstm_log__LSTM__gift__r009,1,0.10646331078828732,1.1361776326257278,9.433857962691206,25.36998294920846,0.3849057302859651
O,gift,2y,LSTM + log,real_panel_lstm_log__LSTM__gift__r010,1,0.10641070000078469,1.1252218520002693,10.565271602055844,29.470680809391194,0.3871801356765642
O,gift,2y,LSTM + log,real_panel_lstm_log__LSTM__gift__r011,1,0.10733475645637708,1.2497276027680946,11.00715639109878,28.21972102012533,0.38534881387739095
O,gift,2y,LSTM + log,real_panel_lstm_log__LSTM__gift__r012,1,0.10636128476454747,1.1345230041436978,-19.746944889341922,28.068062341829005,0.38286685970771295
O,gift,2y,LSTM + log,real_panel_lstm_log__LSTM__gift__r013,1,0.10708397060350186,1.2284958605617926,7.847295996767698,29.355497631779844,0.38261016352736593
O,gift,2y,LSTM + log,real_panel_lstm_log__LSTM__gift__r014,1,0.1130354294361042,2.0120006153850927,14.906632768523918,29.412740325318616,0.3794434367285621
O,gift,2y,LSTM + log,real_panel_lstm_log__LSTM__gift__r015,1,0.11247314960547337,1.7677627556232052,1.534032484497572,26.372076923464,0.3764705634803869
O,gift,2y,LSTM + log,real_panel_lstm_log__LSTM__gift__r016,1,0.10635523189195965,1.1291515093383429,-7.654449227814806,26.216404661345276,0.3871148903186231
O,gift,2y,LSTM + log,real_panel_lstm_log__LSTM__gift__r017,1,0.10634874282213767,1.119355675494368,8.035079641088613,26.327574372179363,0.379295062393354
O,gift,2y,LSTM + log,real_panel_lstm_log__LSTM__gift__r018,1,0.10706262962619292,1.2043233954691186,0.7202453783509357,29.6853402258713,0.382089963517174
O,gift,2y,LSTM + log,real_panel_lstm_log__LSTM__gift__r019,1,0.10647391258927964,1.1338906913659816,24.89441645302803,36.048342548144035,0.3875976783880911
O,gift,2y,LSTM + log,real_panel_lstm_log__LSTM__gift__r020,1,0.10633266393045443,1.1220355368132349,-4.858114183791213,23.621465966111955,0.3930960735990226
O,gift,2y,LSTM + log,real_panel_lstm_log__LSTM__gift__r021,1,0.10629326185463996,1.1149753255135864,-2.2371717312182184,23.847294844813778,0.38926050779048754
O,gift,2y,LSTM + log,real_panel_lstm_log__LSTM__gift__r022,1,0.1064464031951167,1.1222995586251394,1.3884826931030585,33.367539254540524,0.3822433855099018
O,gift,2y,LSTM + log,real_panel_lstm_log__LSTM__gift__r023,1,0.10636241748080459,1.1237092516424412,6.910472270080715,29.554450384159917,0.3869956957900065
O,gift,2y,LSTM + log,real_panel_lstm_log__LSTM__gift__r024,1,0.10643702625838337,1.1277610965659035,8.150437362183013,30.344502641827507,0.37812216541440613
O,gift,2y,LSTM + log,real_panel_lstm_log__LSTM__gift__r025,1,0.1063412605823082,1.131957327286844,-0.6904003357462255,21.26038414799972,0.3844139933949645
O,gift,2y,LSTM + log,real_panel_lstm_log__LSTM__gift__r026,1,0.10643166030637065,1.1340374111186733,28.571205299138484,36.795288669599444,0.385744730350779
O,gift,2y,LSTM + log,real_panel_lstm_log__LSTM__gift__r027,1,0.10738808523908823,1.2518968619401942,11.18743558811251,27.97242614514159,0.3742129830259969
O,gift,2y,LSTM + log,real_panel_lstm_log__LSTM__gift__r028,1,0.106453899770487,1.1359949537416574,28.493020287552085,36.802269335320794,0.376234351367151
O,gift,2y,LSTM + log,real_panel_lstm_log__LSTM__gift__r029,1,0.10865164849541305,1.4217406502109184,1.4038405048148195,28.038394640311125,0.39111707222266
O,gift,2y,LSTM + log,real_panel_lstm_log__LSTM__gift__r030,1,0.13375388660569218,3.7773377811025397,45.892322069662725,50.743630689684025,0.37605457866200903
O,gift,2y,LSTM + log,real_panel_lstm_log__LSTM__gift__r031,1,0.1065168820085037,1.1204181426034834,3.2865629749846446,28.563699908989296,0.3848256883235755
O,gift,2y,LSTM + log,real_panel_lstm_log__LSTM__gift__r032,1,0.10634865390273805,1.1276022813227042,-10.277136840453887,28.009772888830945,0.3846064597114498
O,gift,2y,LSTM + log,real_panel_lstm_log__LSTM__gift__r033,1,0.10650144902611294,1.1496065583871042,27.629495003438368,36.25916279708127,0.3808575641518198
O,gift,2y,LSTM + log,real_panel_lstm_log__LSTM__gift__r034,1,0.10640905823949726,1.1203355331786524,-3.8113428419742306,29.4748689816171,0.38972328454447813
O,gift,2y,LSTM + log,real_panel_lstm_log__LSTM__gift__r035,1,0.1113720105494001,1.640682232033891,15.397732341389524,29.752705353137394,0.37751455900676223
O,gift,2y,LSTM + log,real_panel_lstm_log__LSTM__gift__r036,1,0.10640004509325314,1.1243606357154152,8.013439134439992,28.773298760876784,0.3799387719773097
O,gift,2y,LSTM + log,real_panel_lstm_log__LSTM__gift__r037,1,0.10639520934460209,1.1305172684535385,7.211693896798839,28.798429476423056,0.38636238850062166
O,gift,2y,LSTM + log,real_panel_lstm_log__LSTM__gift__r038,1,0.10725393299198042,1.248288189651768,0.44729600680389575,25.841710497206595,0.3845272989314264
O,gift,2y,LSTM + log,real_panel_lstm_log__LSTM__gift__r039,1,0.10640577359117287,1.1283719364262677,15.882200049012653,34.62739998540127,0.37820995091807597
O,gift,2y,LSTM + log,real_panel_lstm_log__LSTM__gift__r040,1,0.16324822339543124,6.035775113383127,56.53403265599582,59.810472279075796,0.3864597234792554
O,gift,2y,LSTM + log,real_panel_lstm_log__LSTM__gift__r041,1,0.10634094187839975,1.1284817550752024,8.519198296974944,26.20750457344223,0.37104947407506095
O,gift,2y,LSTM + log,real_panel_lstm_log__LSTM__gift__r042,1,0.10634493151682156,1.124147520766895,-2.3453742217958773,28.85741708516979,0.37185397484161103
O,gift,2y,LSTM + log,real_panel_lstm_log__LSTM__gift__r043,1,0.10637588995424306,1.1251173201606879,-8.288306132894586,25.01954617704888,0.3814199371411789
O,gift,2y,LSTM + log,real_panel_lstm_log__LSTM__gift__r044,1,0.10661638298042082,1.186983948463523,-12.38394322820163,24.469109606725205,0.38437924432607057
O,gift,2y,LSTM + log,real_panel_lstm_log__LSTM__gift__r045,1,0.10785608592760172,1.3524319224921764,2.235428597814394,23.758987928712187,0.36966785693386334
O,gift,2y,LSTM + log,real_panel_lstm_log__LSTM__gift__r046,1,0.10668228380402987,1.170736246746842,51.780803879559286,53.96125735339147,0.37785226691628654
O,gift,2y,LSTM + log,real_panel_lstm_log__LSTM__gift__r047,1,0.12560854052653536,2.990274779511324,26.66754034828504,38.29825520115189,0.37865073298365903
O,gift,2y,LSTM + log,real_panel_lstm_log__LSTM__gift__r048,1,0.10642552080721503,1.129223023836025,19.821292524108728,31.77242633808606,0.3794046991344145
O,gift,2y,LSTM + log,real_panel_lstm_log__LSTM__gift__r049,1,0.13812071379476742,4.046067486981176,57.82146713126306,62.34502712222787,0.39242050954163776
O,gift,2y,LSTM + log,real_panel_lstm_log__LSTM__gift__r050,1,0.10645558254763894,1.132500504943005,27.73176373293787,34.745026671898,0.39184516769756106
O,gift,2y,LSTM + log,real_panel_lstm_log__LSTM__gift__r051,1,0.10636471442305054,1.122731872544499,-0.10593261347906599,28.504537455948892,0.3745912947593844
O,gift,2y,LSTM + log,real_panel_lstm_log__LSTM__gift__r052,1,0.11133125489683476,1.6949184599746339,15.74921566023048,29.810646107443784,0.38041954941673317
O,gift,2y,LSTM + log,real_panel_lstm_log__LSTM__gift__r053,1,0.10879955091014859,1.5324343982915514,-4.138044357185436,27.55479920404779,0.3776425396811443
O,gift,2y,LSTM + log,real_panel_lstm_log__LSTM__gift__r054,1,0.10639005342529574,1.1235781385501393,9.896336133830518,29.695288311969556,0.3802488164535936
O,gift,2y,LSTM + log,real_panel_lstm_log__LSTM__gift__r055,1,0.10635774627754706,1.1276806948878706,0.430542033024843,30.06160551075454,0.3765245945047508
O,gift,2y,LSTM + log,real_panel_lstm_log__LSTM__gift__r056,1,0.10641870703607556,1.1175521832340773,5.633508903685277,33.56579426112441,0.3865749917002273
O,gift,2y,LSTM + log,real_panel_lstm_log__LSTM__gift__r057,1,0.11303264093579557,1.8866997136128496,25.39895398623118,41.19371766564596,0.36824940855248417
O,gift,2y,LSTM + log,real_panel_lstm_log__LSTM__gift__r058,1,0.10639276668411533,1.1252433059460596,14.53577770681272,31.70610858908849,0.3782788676372177
O,gift,2y,LSTM + log,real_panel_lstm_log__LSTM__gift__r059,1,0.10659898244338493,1.1530432709056115,7.836650306725192,30.36509618477201,0.3783785126243495
O,gift,2y,LSTM + log,real_panel_lstm_log__LSTM__gift__r060,1,0.10636218143635495,1.132506262521997,-4.231587058501547,26.152006919023613,0.38711462590955786
O,gift,2y,LSTM + log,real_panel_lstm_log__LSTM__gift__r061,1,0.10737224378760832,1.2186477525284016,-4.116403880443181,37.82984278734489,0.3848537022318146
O,gift,2y,LSTM + log,real_panel_lstm_log__LSTM__gift__r062,1,0.10632849278085967,1.1317852155482804,-18.50907404526739,24.313612007918074,0.3755807262522751
O,gift,2y,LSTM + log,real_panel_lstm_log__LSTM__gift__r063,1,0.1153280509237662,1.9811269118127683,22.82321217539331,41.76980835508731,0.37405221328755334
O,gift,2y,LSTM + log,real_panel_lstm_log__LSTM__gift__r064,1,0.10646149446115374,1.1285530450621963,11.977837007065038,32.17015724932285,0.36695749190546567
O,gift,2y,LSTM + log,real_panel_lstm_log__LSTM__gift__r065,1,0.1063503267623789,1.12388158661455,20.84153687201874,32.023386203400975,0.38453414326807894
O,gift,2y,LSTM + log,real_panel_lstm_log__LSTM__gift__r066,1,0.10636235065898145,1.1382749295968373,-7.440138614576639,23.835951017388957,0.3945613529364532
O,gift,2y,LSTM + log,real_panel_lstm_log__LSTM__gift__r067,1,0.10633971404687026,1.119103811305897,-1.2814998291077662,27.430541144828574,0.37256259129842584
O,gift,2y,LSTM + log,real_panel_lstm_log__LSTM__gift__r068,1,0.10634044741501815,1.1187087662210613,8.086912082564815,29.17766167114224,0.38774369185684776
O,gift,2y,LSTM + log,real_panel_lstm_log__LSTM__gift__r069,1,0.11241506131435557,1.8563026390802313,22.089704419250292,33.34450309321656,0.37967171753210316
O,gift,2y,LSTM + log,real_panel_lstm_log__LSTM__gift__r070,1,0.11514661280951437,2.1423467900740953,17.16125759730467,32.854799634429895,0.37879475044534827
O,gift,2y,LSTM + log,real_panel_lstm_log__LSTM__gift__r071,1,0.10642562842399537,1.1251624510815788,0.08062927259996613,27.483420685542317,0.37812278582148234
O,gift,2y,LSTM + log,real_panel_lstm_log__LSTM__gift__r072,1,0.12675363730362657,3.2529019814775957,47.62059440547786,50.35253138070903,0.39064010814295924
O,gift,2y,LSTM + log,real_panel_lstm_log__LSTM__gift__r073,1,0.1063155897553756,1.1278023897958795,-5.287258999128243,21.23176254198789,0.3732871372857724
O,gift,2y,LSTM + log,real_panel_lstm_log__LSTM__gift__r074,1,0.10639931073855648,1.1331169894721136,13.02373582136791,28.976614631604264,0.36616942546965753
O,gift,2y,LSTM + log,real_panel_lstm_log__LSTM__gift__r075,1,0.11451213882392625,2.01131267392537,-7.086909996926086,26.644676989009444,0.3758195432982873
O,gift,2y,LSTM + log,real_panel_lstm_log__LSTM__gift__r076,1,0.10639698438876323,1.1356693521069852,10.814311734260633,28.656544691369362,0.3946560822602635
O,gift,2y,LSTM + log,real_panel_lstm_log__LSTM__gift__r077,1,0.10639274791575379,1.129874502098824,14.0082035006678,30.87242610728601,0.3824751777121415
O,gift,2y,LSTM + log,real_panel_lstm_log__LSTM__gift__r078,1,0.14623804604558116,4.623645625188849,51.31658037811948,61.516929168703406,0.3876610424107975
O,gift,2y,LSTM + log,real_panel_lstm_log__LSTM__gift__r079,1,0.10637137803859789,1.127652334771565,1.374695548461633,24.521291509646915,0.38077195622964577
O,gift,2y,LSTM + log,real_panel_lstm_log__LSTM__gift__r080,1,0.1065169634483366,1.1365906990257597,23.31151942591227,35.07068109408864,0.3834025728906377
O,gift,2y,LSTM + log,real_panel_lstm_log__LSTM__gift__r081,1,0.10631729629954755,1.1171671473728435,7.264747940910576,28.834031648603872,0.3823193636861484
O,gift,2y,LSTM + log,real_panel_lstm_log__LSTM__gift__r082,1,0.10645994896321465,1.140018293792962,3.7790586917339786,24.216056089823027,0.383893967288416
O,gift,2y,LSTM + log,real_panel_lstm_log__LSTM__gift__r083,1,0.10640710530552827,1.1289107033341519,6.950088310762995,33.82582893445973,0.3828642511055604
O,gift,2y,LSTM + log,real_panel_lstm_log__LSTM__gift__r084,1,0.12105667703962873,2.821906025311547,13.673997441319475,30.5849915889642,0.3761982846074643
O,gift,2y,LSTM + log,real_panel_lstm_log__LSTM__gift__r085,1,0.10637354608900669,1.1351746526203876,-7.665094956418617,24.3767886417902,0.3610366744923995
O,gift,2y,LSTM + log,real_panel_lstm_log__LSTM__gift__r086,1,0.10846320226181871,1.418901034175703,14.464748017148308,30.91640519746204,0.37681655259345187
O,gift,2y,LSTM + log,real_panel_lstm_log__LSTM__gift__r087,1,0.10632676239320263,1.1275245928260784,3.5774879823729004,26.685340549283953,0.37863496854845513
O,gift,2y,LSTM + log,real_panel_lstm_log__LSTM__gift__r088,1,0.10647265301033085,1.1353809241640114,25.371903360148117,39.08603879388241,0.3932206384975759
O,gift,2y,LSTM + log,real_panel_lstm_log__LSTM__gift__r089,1,0.10642283784235854,1.1286781847654788,6.6481685811402675,29.54205947582334,0.38024294225096905
O,gift,2y,LSTM + log,real_panel_lstm_log__LSTM__gift__r090,1,0.10642893384300159,1.1486341587219184,12.000350132815905,25.41570721982836,0.38860541732886306
O,gift,2y,LSTM + log,real_panel_lstm_log__LSTM__gift__r091,1,0.10637833512170619,1.1317647990254267,4.97364854079645,26.041710394313508,0.3781336711174134
O,gift,2y,LSTM + log,real_panel_lstm_log__LSTM__gift__r092,1,0.10647551761622939,1.145491632541846,14.368761971513004,30.96911031366795,0.37080446274892737
O,gift,2y,LSTM + log,real_panel_lstm_log__LSTM__gift__r093,1,0.10632446374980477,1.123635317278728,8.631065676665493,29.687609281012957,0.37020508586132284
O,gift,2y,LSTM + log,real_panel_lstm_log__LSTM__gift__r094,1,0.10628824507089338,1.1168741999361522,-4.094414319233787,22.735253001854197,0.38406587146342835
O,gift,2y,LSTM + log,real_panel_lstm_log__LSTM__gift__r095,1,0.1385229203225472,4.129403627707056,52.80331691898082,56.37399736541118,0.37652442110334355
O,gift,2y,LSTM + log,real_panel_lstm_log__LSTM__gift__r096,1,0.10636608961191862,1.1219115348887805,6.143282035797784,30.192146781323185,0.3980039897809593
O,gift,2y,LSTM + log,real_panel_lstm_log__LSTM__gift__r097,1,0.10635926396902705,1.1275217177748051,-1.1785330056836303,25.274520061595638,0.3823520415588116
O,gift,2y,LSTM + log,real_panel_lstm_log__LSTM__gift__r098,1,0.10881420386871453,1.4052760732208605,3.8692854887707604,27.419022696310503,0.3906509651537835
O,gift,2y,LSTM + log,real_panel_lstm_log__LSTM__gift__r099,1,0.10653691240513001,1.1448599897344522,18.694940007114315,34.081675682093284,0.3761961807966353
O,gift,2y,LSTM + ratio,real_panel_lstm_ratio__LSTM__gift__r000,1,0.10654519672871708,1.1591817703852072,3.560734080759137,34.70349029707356,0.3920386882183853
O,gift,2y,LSTM + ratio,real_panel_lstm_ratio__LSTM__gift__r001,1,0.10657641516524144,1.1582861033138363,8.620594488172111,34.60314150669657,0.3810051504077038
O,gift,2y,LSTM + ratio,real_panel_lstm_ratio__LSTM__gift__r002,1,0.1065071613653013,1.1758546988826772,-10.927398540433384,25.409772858022883,0.3824060311614889
O,gift,2y,LSTM + ratio,real_panel_lstm_ratio__LSTM__gift__r003,1,0.10659592796837108,1.180794108232034,-19.010470144269675,35.30401341963721,0.36652396053861225
O,gift,2y,LSTM + ratio,real_panel_lstm_ratio__LSTM__gift__r004,1,0.10649941563181528,1.1798453761263266,-27.748166487644287,30.988306316882902,0.38153676318353175
O,gift,2y,LSTM + ratio,real_panel_lstm_ratio__LSTM__gift__r005,1,0.10650339794581641,1.1690938837831875,-23.108724957469605,30.413088483559683,0.39899541609510547
O,gift,2y,LSTM + ratio,real_panel_lstm_ratio__LSTM__gift__r006,1,0.1064811209901141,1.171975457832091,-16.150435226271572,28.40663127426024,0.39686322570216304
O,gift,2y,LSTM + ratio,real_panel_lstm_ratio__LSTM__gift__r007,1,0.10653130110082071,1.1753330965908348,-19.292669070528884,29.877660899865266,0.3881316797792058
O,gift,2y,LSTM + ratio,real_panel_lstm_ratio__LSTM__gift__r008,1,0.10652752260119511,1.1444712979835197,7.9921477240016445,36.77748704955292,0.40337803517077686
O,gift,2y,LSTM + ratio,real_panel_lstm_ratio__LSTM__gift__r009,1,0.10640814093449445,1.1287648331881486,12.163002788451411,32.044677391979775,0.40090882691682417
O,gift,2y,LSTM + ratio,real_panel_lstm_ratio__LSTM__gift__r010,1,0.10652428414579541,1.1849004320908256,-26.137171732830875,34.62966780123809,0.3977513530652848
O,gift,2y,LSTM + ratio,real_panel_lstm_ratio__LSTM__gift__r011,1,0.10650690007798003,1.1682158959016815,-10.801395086671791,35.32216361803894,0.3962119691506298
O,gift,2y,LSTM + ratio,real_panel_lstm_ratio__LSTM__gift__r012,1,0.10646720544890574,1.1485987786978193,-4.532634196307521,33.12216400019303,0.3942985287327092
O,gift,2y,LSTM + ratio,real_panel_lstm_ratio__LSTM__gift__r013,1,0.10644687806704925,1.1535424242195482,4.192671278551476,29.906806332850717,0.39818937531682536
O,gift,2y,LSTM + ratio,real_panel_lstm_ratio__LSTM__gift__r014,1,0.10653778885503,1.1757650393117152,-25.86945797360231,31.257590842388737,0.39096188500109896
O,gift,2y,LSTM + ratio,real_panel_lstm_ratio__LSTM__gift__r015,1,0.10652686791337515,1.1836539321167026,-19.676089643547325,27.31413562653311,0.39408043893077416
O,gift,2y,LSTM + ratio,real_panel_lstm_ratio__LSTM__gift__r016,1,0.10654179529594268,1.1638744891093449,13.381851020892098,32.91588163531146,0.38403403045022194
O,gift,2y,LSTM + ratio,real_panel_lstm_ratio__LSTM__gift__r017,1,0.10648591955384736,1.1524974242018025,3.031763777804502,29.543455618548997,0.3911252602686624
O,gift,2y,LSTM + ratio,real_panel_lstm_ratio__LSTM__gift__r018,1,0.10648187247820504,1.1515275864650492,-4.541709210279384,27.40383930140654,0.39220658433940675
O,gift,2y,LSTM + ratio,real_panel_lstm_ratio__LSTM__gift__r019,1,0.10641672412947158,1.1517704277278378,9.260908648595677,27.81448536723145,0.39962490273223633
O,gift,2y,LSTM + ratio,real_panel_lstm_ratio__LSTM__gift__r020,1,0.1065671378797188,1.1669619039858348,-2.191621882485318,30.353577561712278,0.40015295949718116
O,gift,2y,LSTM + ratio,real_panel_lstm_ratio__LSTM__gift__r021,1,0.10643146769164936,1.1551639532271762,-9.855147262764797,34.4401391432134,0.39688554745337157
O,gift,2y,LSTM + ratio,real_panel_lstm_ratio__LSTM__gift__r022,1,0.10653367284328905,1.1756237073690516,-6.674169922954019,29.38027908701702,0.3818277366893741
O,gift,2y,LSTM + ratio,real_panel_lstm_ratio__LSTM__gift__r023,1,0.10643357860884431,1.1490570580851018,8.02635360843542,28.218673841103705,0.39197537883912464
O,gift,2y,LSTM + ratio,real_panel_lstm_ratio__LSTM__gift__r024,1,0.10638846552027544,1.1461371133217966,-10.131412570996478,29.120942215044337,0.3900580519091253
O,gift,2y,LSTM + ratio,real_panel_lstm_ratio__LSTM__gift__r025,1,0.10645893696103936,1.149998912081062,-1.9602084119138568,28.880279204713904,0.39048434410336824
O,gift,2y,LSTM + ratio,real_panel_lstm_ratio__LSTM__gift__r026,1,0.10651143654517342,1.1475330284331677,11.520419992651673,35.21675416107898,0.3876641040210023
O,gift,2y,LSTM + ratio,real_panel_lstm_ratio__LSTM__gift__r027,1,0.10652715612871137,1.148220999435883,-9.22024329335176,43.24572380838587,0.38730383962051995
O,gift,2y,LSTM + ratio,real_panel_lstm_ratio__LSTM__gift__r028,1,0.10644984166318583,1.1473200596037043,8.80715637778621,29.964921682895,0.39178411837786603
O,gift,2y,LSTM + ratio,real_panel_lstm_ratio__LSTM__gift__r029,1,0.10644942305388445,1.1584745942615553,-21.75462375176415,30.077486370087264,0.39990544148111934
O,gift,2y,LSTM + ratio,real_panel_lstm_ratio__LSTM__gift__r030,1,0.10651577424083634,1.1791668853042694,-24.07155218849105,33.130540527069414,0.3901183219436366
O,gift,2y,LSTM + ratio,real_panel_lstm_ratio__LSTM__gift__r031,1,0.10637656117327447,1.14762849944456,-12.00488549311806,27.901570323365526,0.4039038529991132
O,gift,2y,LSTM + ratio,real_panel_lstm_ratio__LSTM__gift__r032,1,0.106477862213591,1.1488045869056795,7.0500883574466355,31.71640489113078,0.38567613628805847
O,gift,2y,LSTM + ratio,real_panel_lstm_ratio__LSTM__gift__r033,1,0.10648412322901407,1.1691360902883408,-14.482895931169114,26.56422286890913,0.38417432388941253
O,gift,2y,LSTM + ratio,real_panel_lstm_ratio__LSTM__gift__r034,1,0.10655399995624729,1.1434526074651574,23.152531673530056,36.78952928938861,0.3966556173018368
O,gift,2y,LSTM + ratio,real_panel_lstm_ratio__LSTM__gift__r035,1,0.10656219383987159,1.1894050816267154,-28.41012108498919,30.973472134421655,0.39538897232044634
O,gift,2y,LSTM + ratio,real_panel_lstm_ratio__LSTM__gift__r036,1,0.10659095167815294,1.160377345415128,29.122165202290414,39.23734782853214,0.3977060053402803
O,gift,2y,LSTM + ratio,real_panel_lstm_ratio__LSTM__gift__r037,1,0.10650967882905285,1.1582053081713228,0.48010587652818354,35.557940557666534,0.39732374548485844
O,gift,2y,LSTM + ratio,real_panel_lstm_ratio__LSTM__gift__r038,1,0.10654704576784697,1.1652054059653634,7.269634661994993,29.43507880437704,0.3898322541846283
O,gift,2y,LSTM + ratio,real_panel_lstm_ratio__LSTM__gift__r039,1,0.1065775571327698,1.1726773499429706,-14.420417740142447,36.59668369342647,0.3931816970073174
O,gift,2y,LSTM + ratio,real_panel_lstm_ratio__LSTM__gift__r040,1,0.10648230199075283,1.1692024550927544,-17.435950086997607,32.34345486587132,0.3987320217605582
O,gift,2y,LSTM + ratio,real_panel_lstm_ratio__LSTM__gift__r041,1,0.10644306099153342,1.1513730534736393,-5.593192622303122,30.051134179921668,0.3864313105570962
O,gift,2y,LSTM + ratio,real_panel_lstm_ratio__LSTM__gift__r042,1,0.10634973254640137,1.129203982440565,12.348692236166396,32.16090783967268,0.39225612169848584
O,gift,2y,LSTM + ratio,real_panel_lstm_ratio__LSTM__gift__r043,1,0.10651516238438616,1.164881155829052,-18.039440513888582,35.32251242926539,0.3905214730047948
O,gift,2y,LSTM + ratio,real_panel_lstm_ratio__LSTM__gift__r044,1,0.10650137248520507,1.1436171027357682,8.381501946680928,41.28795798772857,0.3986485045483818
O,gift,2y,LSTM + ratio,real_panel_lstm_ratio__LSTM__gift__r045,1,0.1065393328723809,1.1523520833704273,7.34118788095119,31.61588134081548,0.3834768277632468
O,gift,2y,LSTM + ratio,real_panel_lstm_ratio__LSTM__gift__r046,1,0.106501560758079,1.162860322878688,5.286737607123686,26.345375306493068,0.39268005376611254
O,gift,2y,LSTM + ratio,real_panel_lstm_ratio__LSTM__gift__r047,1,0.10646678638533999,1.1377229118782273,11.502967932201111,34.652007275007335,0.3891541412541324
O,gift,2y,LSTM + ratio,real_panel_lstm_ratio__LSTM__gift__r048,1,0.10647046157672209,1.163842129845487,-15.342756365259525,26.356020652104778,0.38847148404463333
O,gift,2y,LSTM + ratio,real_panel_lstm_ratio__LSTM__gift__r049,1,0.10657180847054444,1.161066875418613,2.442409514642675,33.67905752700031,0.3981596964161214
O,gift,2y,LSTM + ratio,real_panel_lstm_ratio__LSTM__gift__r050,1,0.10651793811338638,1.1625422161106858,-10.280452668260741,35.97958061696213,0.39641149378304874
O,gift,2y,LSTM + ratio,real_panel_lstm_ratio__LSTM__gift__r051,1,0.10651766844267228,1.1627966348122662,3.4406643257843794,29.30942420962702,0.3859291574912956
O,gift,2y,LSTM + ratio,real_panel_lstm_ratio__LSTM__gift__r052,1,0.10664693958972526,1.1652885096753327,-5.679929116070626,43.00383929446432,0.3950116204718349
O,gift,2y,LSTM + ratio,real_panel_lstm_ratio__LSTM__gift__r053,1,0.10643438404868748,1.149917701813979,-6.389004180722528,34.27556706480697,0.3933600209786382
O,gift,2y,LSTM + ratio,real_panel_lstm_ratio__LSTM__gift__r054,1,0.10649606336553807,1.165911129468807,-6.5383932947177446,26.787259828288764,0.3903586982507545
O,gift,2y,LSTM + ratio,real_panel_lstm_ratio__LSTM__gift__r055,1,0.1063886822216365,1.1265086044475003,11.25183352234666,30.09197234513756,0.391389294210926
O,gift,2y,LSTM + ratio,real_panel_lstm_ratio__LSTM__gift__r056,1,0.10647651368663455,1.1596763189975008,-15.905234553501183,30.353053623300955,0.3950084846546111
O,gift,2y,LSTM + ratio,real_panel_lstm_ratio__LSTM__gift__r057,1,0.10659750176181858,1.151787768066425,18.628622473048193,38.47050641876283,0.38717444947533336
O,gift,2y,LSTM + ratio,real_panel_lstm_ratio__LSTM__gift__r058,1,0.10653517017113225,1.1555904526845555,0.8036660287489069,30.162827301681837,0.39140906330753955
O,gift,2y,LSTM + ratio,real_panel_lstm_ratio__LSTM__gift__r059,1,0.10656810001857123,1.1528337532621984,-0.19807918373129785,34.74886568889333,0.39339061529319597
O,gift,2y,LSTM + ratio,real_panel_lstm_ratio__LSTM__gift__r060,1,0.10657017742608721,1.1542588647368313,27.519372846430297,44.436300604443126,0.38632318202499916
O,gift,2y,LSTM + ratio,real_panel_lstm_ratio__LSTM__gift__r061,1,0.10641913312975715,1.1370021905528325,7.686737587067295,34.68185006336093,0.40013334659083594
O,gift,2y,LSTM + ratio,real_panel_lstm_ratio__LSTM__gift__r062,1,0.10658993566416908,1.1666112063416083,-7.609422922554808,35.35322802530186,0.38495241292539445
O,gift,2y,LSTM + ratio,real_panel_lstm_ratio__LSTM__gift__r063,1,0.10651590873393993,1.1420791280012987,12.515882397639933,36.780803029552956,0.3857692281735875
O,gift,2y,LSTM + ratio,real_panel_lstm_ratio__LSTM__gift__r064,1,0.10650848410913516,1.170078981279475,-20.157939570518973,25.876613757914498,0.3793165294470108
O,gift,2y,LSTM + ratio,real_panel_lstm_ratio__LSTM__gift__r065,1,0.10633663318283276,1.1422087971737662,-9.018323551168836,29.247294490881515,0.38745624794985356
O,gift,2y,LSTM + ratio,real_panel_lstm_ratio__LSTM__gift__r066,1,0.10642442995934659,1.142345696768182,-2.634902932538351,32.158813008715164,0.39540605337316975
O,gift,2y,LSTM + ratio,real_panel_lstm_ratio__LSTM__gift__r067,1,0.10656197101544898,1.16843903487522,-7.21902159299895,27.718149988979505,0.3812600927245814
O,gift,2y,LSTM + ratio,real_panel_lstm_ratio__LSTM__gift__r068,1,0.10650916816127176,1.1645228783062538,-4.79005123525203,29.226003261323704,0.3948630250476687
O,gift,2y,LSTM + ratio,real_panel_lstm_ratio__LSTM__gift__r069,1,0.10648430715176768,1.1536811262215583,-5.7795800727812745,25.468586391670186,0.397441259752877
O,gift,2y,LSTM + ratio,real_panel_lstm_ratio__LSTM__gift__r070,1,0.10649726277244806,1.159960803001508,-9.349911641264791,24.57539247089665,0.39226253798573263
O,gift,2y,LSTM + ratio,real_panel_lstm_ratio__LSTM__gift__r071,1,0.10650092132730798,1.1545422646226509,-3.7835940175382095,24.796858596465963,0.39115197410066516
O,gift,2y,LSTM + ratio,real_panel_lstm_ratio__LSTM__gift__r072,1,0.10651326218028756,1.1689097000538957,-13.364571348717938,33.331413127471464,0.4013525938523274
O,gift,2y,LSTM + ratio,real_panel_lstm_ratio__LSTM__gift__r073,1,0.10640510973024704,1.1545370436056877,-18.48411764210051,26.734030737182543,0.37131516013072985
O,gift,2y,LSTM + ratio,real_panel_lstm_ratio__LSTM__gift__r074,1,0.1064536954612058,1.1556325392781575,-13.993890729735497,29.74677081193452,0.38831179080151995
O,gift,2y,LSTM + ratio,real_panel_lstm_ratio__LSTM__gift__r075,1,0.10647445565537908,1.1365501233732072,6.267889424423567,28.837871010111265,0.38906192064057815
O,gift,2y,LSTM + ratio,real_panel_lstm_ratio__LSTM__gift__r076,1,0.10650668274170473,1.1554223774125079,-11.222861092099036,33.39633470621408,0.4052904696134892
O,gift,2y,LSTM + ratio,real_panel_lstm_ratio__LSTM__gift__r077,1,0.10646071479518128,1.1420498286464535,17.96492259796227,31.090227327732823,0.39996481390000077
O,gift,2y,LSTM + ratio,real_panel_lstm_ratio__LSTM__gift__r078,1,0.10657488236048929,1.1830561313271306,-21.899824420455268,36.632809056014764,0.3863207786575101
O,gift,2y,LSTM + ratio,real_panel_lstm_ratio__LSTM__gift__r079,1,0.1064668822135059,1.1578294306611188,-12.846246747772438,28.67556668370631,0.38695210043531914
O,gift,2y,LSTM + ratio,real_panel_lstm_ratio__LSTM__gift__r080,1,0.1062980162595914,1.134541565239054,-13.752005926421374,25.280104304483505,0.39800879643127807
O,gift,2y,LSTM + ratio,real_panel_lstm_ratio__LSTM__gift__r081,1,0.10651919418351816,1.1701202978798049,-22.747642953695884,33.65549671414516,0.3933644985262252
O,gift,2y,LSTM + ratio,real_panel_lstm_ratio__LSTM__gift__r082,1,0.10649118924298606,1.1677118020120791,-13.555147261383436,29.851832023105075,0.400029684017781
O,gift,2y,LSTM + ratio,real_panel_lstm_ratio__LSTM__gift__r083,1,0.10647723927341646,1.1599200303234858,-10.406456167227217,30.909772570766012,0.4069682631040707
O,gift,2y,LSTM + ratio,real_panel_lstm_ratio__LSTM__gift__r084,1,0.1063739648137778,1.1524286778177126,-15.61622935721924,26.492320758779883,0.3834759990299256
O,gift,2y,LSTM + ratio,real_panel_lstm_ratio__LSTM__gift__r085,1,0.10658255383946978,1.1587871064636486,3.700524685115001,35.69493885783896,0.3691855647299764
O,gift,2y,LSTM + ratio,real_panel_lstm_ratio__LSTM__gift__r086,1,0.10649138261759834,1.156352812802875,2.2375229411685815,28.963874275820494,0.38780689857931067
O,gift,2y,LSTM + ratio,real_panel_lstm_ratio__LSTM__gift__r087,1,0.10643923081451041,1.1578394441309443,-1.9937161772505123,24.655497382922373,0.385828320085984
O,gift,2y,LSTM + ratio,real_panel_lstm_ratio__LSTM__gift__r088,1,0.10644314772972728,1.174520828253228,-22.99162195247817,29.473646804422327,0.40262347647449576
O,gift,2y,LSTM + ratio,real_panel_lstm_ratio__LSTM__gift__r089,1,0.1063835550846585,1.1271313082243943,5.352880570218119,26.982199127036516,0.39322229784146495
O,gift,2y,LSTM + ratio,real_panel_lstm_ratio__LSTM__gift__r090,1,0.1065211301766311,1.15815478166438,-2.6802781474597306,33.0956368087661,0.3976435359991002
O,gift,2y,LSTM + ratio,real_panel_lstm_ratio__LSTM__gift__r091,1,0.10636023202441565,1.1185319426264422,13.778186091006212,31.35061112184142,0.39292452665794275
O,gift,2y,LSTM + ratio,real_panel_lstm_ratio__LSTM__gift__r092,1,0.1064696842591818,1.1512979133926726,8.233683485290417,31.967713899973802,0.38165132022103354
O,gift,2y,LSTM + ratio,real_panel_lstm_ratio__LSTM__gift__r093,1,0.10637525554993972,1.1346682113739326,3.130542103568201,27.802792499426946,0.37942888293953103
O,gift,2y,LSTM + ratio,real_panel_lstm_ratio__LSTM__gift__r094,1,0.10651152760819793,1.1722828709426643,-14.696683032526987,26.42233802672456,0.3875211233512053
O,gift,2y,LSTM + ratio,real_panel_lstm_ratio__LSTM__gift__r095,1,0.10641028315923814,1.1385054027139572,12.277313515569665,34.96178041913586,0.39230782107254086
O,gift,2y,LSTM + ratio,real_panel_lstm_ratio__LSTM__gift__r096,1,0.10646925468306145,1.148724485491271,-0.9286201957219423,32.590750353264546,0.4117189072487462
O,gift,2y,LSTM + ratio,real_panel_lstm_ratio__LSTM__gift__r097,1,0.10641319273879192,1.1404077000541422,-4.2237337008015565,26.623385764205764,0.39122636622421697
O,gift,2y,LSTM + ratio,real_panel_lstm_ratio__LSTM__gift__r098,1,0.10640241363339002,1.1430839226234342,6.888657225719026,31.317975658807136,0.4091008575701438
O,gift,2y,LSTM + ratio,real_panel_lstm_ratio__LSTM__gift__r099,1,0.11373661853747284,1.5916720253945023,97.87521941378441,122.61274075692253,0.38631796156293324
O,gift,2y,LSTM + bounded32ratio,real_panel_lstm_bounded32ratio__LSTM__gift__r000,1,0.10638425448394122,1.16340501613811,-24.962477168912876,32.529667673293744,0.3932262173179307
O,gift,2y,LSTM + bounded32ratio,real_panel_lstm_bounded32ratio__LSTM__gift__r001,1,0.10671704092919178,1.1670639304173638,25.77207796013495,40.9567195826849,0.3820182367121468
O,gift,2y,LSTM + bounded32ratio,real_panel_lstm_bounded32ratio__LSTM__gift__r002,1,0.1064862353747436,1.166283384311815,-6.686037304700934,37.30453713106267,0.38507905514755836
O,gift,2y,LSTM + bounded32ratio,real_panel_lstm_bounded32ratio__LSTM__gift__r003,1,0.1064988959906118,1.150526161413604,-1.5612554325632093,33.71029646411364,0.36435489855370107
O,gift,2y,LSTM + bounded32ratio,real_panel_lstm_bounded32ratio__LSTM__gift__r004,1,0.1064749275874998,1.167560903712547,-19.34956261304265,31.508376407839396,0.37953438033628834
O,gift,2y,LSTM + bounded32ratio,real_panel_lstm_bounded32ratio__LSTM__gift__r005,1,0.10650533160865568,1.1643703665922427,-6.189178655299767,32.96230329220135,0.3994471491354142
O,gift,2y,LSTM + bounded32ratio,real_panel_lstm_bounded32ratio__LSTM__gift__r006,1,0.10657214942179598,1.1469406218218965,7.770856279541459,39.476265202611195,0.3916292071389997
O,gift,2y,LSTM + bounded32ratio,real_panel_lstm_bounded32ratio__LSTM__gift__r007,1,0.10671765214602576,1.189258080005034,13.83507964168733,32.13664940351137,0.3639160327263167
O,gift,2y,LSTM + bounded32ratio,real_panel_lstm_bounded32ratio__LSTM__gift__r008,1,0.10645958593753457,1.1442444256822677,0.7870865902246483,33.47678861987534,0.39600925240745183
O,gift,2y,LSTM + bounded32ratio,real_panel_lstm_bounded32ratio__LSTM__gift__r009,1,0.10637544160024687,1.140878486094262,13.601571806246216,30.409598870188184,0.3972802184846048
O,gift,2y,LSTM + bounded32ratio,real_panel_lstm_bounded32ratio__LSTM__gift__r010,1,0.10650117668669198,1.1599297565997335,7.226877255924866,32.41221662043923,0.39592572177773855
O,gift,2y,LSTM + bounded32ratio,real_panel_lstm_bounded32ratio__LSTM__gift__r011,1,0.10650715787020452,1.1618575127866588,-8.155321775197129,32.411517917985634,0.3859761278516137
O,gift,2y,LSTM + bounded32ratio,real_panel_lstm_bounded32ratio__LSTM__gift__r012,1,0.10642904390165499,1.1550785948628655,-0.7354265025878148,26.09249559679291,0.3869322528166002
O,gift,2y,LSTM + bounded32ratio,real_panel_lstm_bounded32ratio__LSTM__gift__r013,1,0.10640426198948139,1.1658512258274716,-23.479929140319765,29.72390858863247,0.3870961737686234
O,gift,2y,LSTM + bounded32ratio,real_panel_lstm_bounded32ratio__LSTM__gift__r014,1,0.1065250372624621,1.152262307286557,3.0577672337037685,31.09476455120789,0.3842776650848595
O,gift,2y,LSTM + bounded32ratio,real_panel_lstm_bounded32ratio__LSTM__gift__r015,1,0.10662929370225809,1.1525055535092974,20.541536942592188,45.96038414758621,0.39283140660460997
O,gift,2y,LSTM + bounded32ratio,real_panel_lstm_bounded32ratio__LSTM__gift__r016,1,0.10648339172540741,1.154317382628715,16.83298542365777,35.22914513331191,0.39039478422777224
O,gift,2y,LSTM + bounded32ratio,real_panel_lstm_bounded32ratio__LSTM__gift__r017,1,0.10654579720608098,1.1576405583866742,22.76806391559812,34.989354738670485,0.38116260931395896
O,gift,2y,LSTM + bounded32ratio,real_panel_lstm_bounded32ratio__LSTM__gift__r018,1,0.10650792178652158,1.1707424135232023,-15.521115826725092,39.14031382606663,0.38758614937634706
O,gift,2y,LSTM + bounded32ratio,real_panel_lstm_bounded32ratio__LSTM__gift__r019,1,0.10686032072357207,1.180233531439236,17.291275078465436,34.00924987121872,0.3726631496029112
O,gift,2y,LSTM + bounded32ratio,real_panel_lstm_bounded32ratio__LSTM__gift__r020,1,0.10641701368677497,1.1569293235943945,-8.733506765164815,35.488830171614964,0.39300675045805145
O,gift,2y,LSTM + bounded32ratio,real_panel_lstm_bounded32ratio__LSTM__gift__r021,1,0.10646783930210903,1.165435517062815,-14.286909887976194,35.2436296005708,0.40162250755127066
O,gift,2y,LSTM + bounded32ratio,real_panel_lstm_bounded32ratio__LSTM__gift__r022,1,0.10642915098204321,1.157173535709473,-23.253576671335082,33.34188419554709,0.39135879740267365
O,gift,2y,LSTM + bounded32ratio,real_panel_lstm_bounded32ratio__LSTM__gift__r023,1,0.10690088401106315,1.1925761706964273,34.826528154318126,44.279930722472116,0.3756823571351219
O,gift,2y,LSTM + bounded32ratio,real_panel_lstm_bounded32ratio__LSTM__gift__r024,1,0.10648354832235694,1.1538692877963086,-1.0535765705831055,32.626352288490466,0.38986177684247586
O,gift,2y,LSTM + bounded32ratio,real_panel_lstm_bounded32ratio__LSTM__gift__r025,1,0.10656261008101525,1.1602760196013469,-4.27399538498053,40.40698046929306,0.3892193325895372
O,gift,2y,LSTM + bounded32ratio,real_panel_lstm_bounded32ratio__LSTM__gift__r026,1,0.10856098760109012,1.2281577535063557,28.090751525518257,48.068063285642154,0.3828464181122071
O,gift,2y,LSTM + bounded32ratio,real_panel_lstm_bounded32ratio__LSTM__gift__r027,1,0.1065011572402974,1.152162449649612,-0.8123898423193476,33.4846419758484,0.3853968921326747
O,gift,2y,LSTM + bounded32ratio,real_panel_lstm_bounded32ratio__LSTM__gift__r028,1,0.10641751778482426,1.1480072840198963,4.974695689322549,32.18272260238247,0.4005156969519047
O,gift,2y,LSTM + bounded32ratio,real_panel_lstm_bounded32ratio__LSTM__gift__r029,1,0.10673071854679057,1.1810537540002901,42.96946005250036,49.71291525600242,0.3760139907301772
O,gift,2y,LSTM + bounded32ratio,real_panel_lstm_bounded32ratio__LSTM__gift__r030,1,0.10646080292752017,1.157818708928534,-0.7853391933392578,29.745549475611693,0.37925999654810016
O,gift,2y,LSTM + bounded32ratio,real_panel_lstm_bounded32ratio__LSTM__gift__r031,1,0.10650393404139119,1.1546415452003806,-0.30191862174739026,34.15253060064509,0.38588768970600407
O,gift,2y,LSTM + bounded32ratio,real_panel_lstm_bounded32ratio__LSTM__gift__r032,1,0.10644839570373374,1.1503919296630407,-9.46684012272424,36.12198908033139,0.39228485841347743
O,gift,2y,LSTM + bounded32ratio,real_panel_lstm_bounded32ratio__LSTM__gift__r033,1,0.10647285411292079,1.169298975494012,-16.032634182800052,32.56282661994767,0.3851681721976191
O,gift,2y,LSTM + bounded32ratio,real_panel_lstm_bounded32ratio__LSTM__gift__r034,1,0.10652782429358765,1.1548177967138664,-0.5780093621970843,30.74659674676676,0.3957065212193906
O,gift,2y,LSTM + bounded32ratio,real_panel_lstm_bounded32ratio__LSTM__gift__r035,1,0.10658309600133821,1.1544628894950593,6.587086624285192,39.15043606818616,0.39605087170320086
O,gift,2y,LSTM + bounded32ratio,real_panel_lstm_bounded32ratio__LSTM__gift__r036,1,0.10645760221634129,1.1590293250365888,-15.55916124324616,29.81291414662325,0.40216102618879745
O,gift,2y,LSTM + bounded32ratio,real_panel_lstm_bounded32ratio__LSTM__gift__r037,1,0.10645047807847235,1.1467514095699265,-1.695810428521745,32.194938790053136,0.3850436631552083
O,gift,2y,LSTM + bounded32ratio,real_panel_lstm_bounded32ratio__LSTM__gift__r038,1,0.10727565719406706,1.203478823221,20.115184337209268,37.623036955361265,0.3816751229938382
O,gift,2y,LSTM + bounded32ratio,real_panel_lstm_bounded32ratio__LSTM__gift__r039,1,0.10658709426190958,1.1502035241226,14.749564808536263,42.92373477991659,0.39281074920679493
O,gift,2y,LSTM + bounded32ratio,real_panel_lstm_bounded32ratio__LSTM__gift__r040,1,0.10737319734220806,1.1926597785003326,5.696685187031568,31.80593367238133,0.36958932730270655
O,gift,2y,LSTM + bounded32ratio,real_panel_lstm_bounded32ratio__LSTM__gift__r041,1,0.10647187815182922,1.1565949406304203,1.6862140064341136,30.602094006154193,0.38196478997234634
O,gift,2y,LSTM + bounded32ratio,real_panel_lstm_bounded32ratio__LSTM__gift__r042,1,0.10657024340489554,1.1556839550025786,23.00471316258689,42.3003493927062,0.38663030711235274
O,gift,2y,LSTM + bounded32ratio,real_panel_lstm_bounded32ratio__LSTM__gift__r043,1,0.10652852151817398,1.1724704843259455,-17.51657834710954,30.447817943445028,0.3888265200313423
O,gift,2y,LSTM + bounded32ratio,real_panel_lstm_bounded32ratio__LSTM__gift__r044,1,0.10653548550139695,1.1386754767007448,32.519023773405564,40.89459046617013,0.3884026445115533
O,gift,2y,LSTM + bounded32ratio,real_panel_lstm_bounded32ratio__LSTM__gift__r045,1,0.10651018511591918,1.148338548126184,19.18010584821886,36.60942440359627,0.39290824938506524
O,gift,2y,LSTM + bounded32ratio,real_panel_lstm_bounded32ratio__LSTM__gift__r046,1,0.10660344395990816,1.1510196518113274,5.123561359092439,40.802443191960904,0.39340792360475846
O,gift,2y,LSTM + bounded32ratio,real_panel_lstm_bounded32ratio__LSTM__gift__r047,1,0.10650732073582918,1.160364708826132,-2.996159447105408,28.01221622906653,0.3872407811787015
O,gift,2y,LSTM + bounded32ratio,real_panel_lstm_bounded32ratio__LSTM__gift__r048,1,0.10655128695316538,1.1624900046153908,3.9661442692734994,33.22827207740484,0.387312652965971
O,gift,2y,LSTM + bounded32ratio,real_panel_lstm_bounded32ratio__LSTM__gift__r049,1,0.10651176647738803,1.1376104759984333,5.212566520600772,33.932635157424336,0.38850207002681586
O,gift,2y,LSTM + bounded32ratio,real_panel_lstm_bounded32ratio__LSTM__gift__r050,1,0.10647078795318854,1.1683926406109548,-13.286386335262383,29.531064249671083,0.3947923382446232
O,gift,2y,LSTM + bounded32ratio,real_panel_lstm_bounded32ratio__LSTM__gift__r051,1,0.10651483649218373,1.1535328296524412,9.094765512000153,34.6623037767232,0.38698644883879074
O,gift,2y,LSTM + bounded32ratio,real_panel_lstm_bounded32ratio__LSTM__gift__r052,1,0.10642133506989468,1.1422053793377507,1.8034914701875207,29.206980863361732,0.4027735430251112
O,gift,2y,LSTM + bounded32ratio,real_panel_lstm_bounded32ratio__LSTM__gift__r053,1,0.10781875091679907,1.2287747930899104,37.13246183599891,50.08778389434388,0.35415400455335383
O,gift,2y,LSTM + bounded32ratio,real_panel_lstm_bounded32ratio__LSTM__gift__r054,1,0.1066667441234535,1.1610992244056515,35.61256661250047,44.29214711247784,0.3912446456929774
O,gift,2y,LSTM + bounded32ratio,real_panel_lstm_bounded32ratio__LSTM__gift__r055,1,0.10648985787392362,1.165073141515719,-7.622686513686866,27.33019172245668,0.374005089812295
O,gift,2y,LSTM + bounded32ratio,real_panel_lstm_bounded32ratio__LSTM__gift__r056,1,0.10647254911847803,1.1564129192401047,-7.365443957396851,31.818498824263944,0.38569145100785507
O,gift,2y,LSTM + bounded32ratio,real_panel_lstm_bounded32ratio__LSTM__gift__r057,1,0.10656714102638787,1.152483960738917,15.092147703312305,33.50506134643691,0.36857125250671746
O,gift,2y,LSTM + bounded32ratio,real_panel_lstm_bounded32ratio__LSTM__gift__r058,1,0.10647648670868085,1.1432014223374345,7.318849220849726,32.23577677912234,0.3826611686115418
O,gift,2y,LSTM + bounded32ratio,real_panel_lstm_bounded32ratio__LSTM__gift__r059,1,0.10638398973341885,1.1437693574130718,-5.607154246246827,29.36003458445221,0.3908450934086461
O,gift,2y,LSTM + bounded32ratio,real_panel_lstm_bounded32ratio__LSTM__gift__r060,1,0.10641988031903508,1.1627863815806976,-21.780801733084786,27.03455426887888,0.38825865893171774
O,gift,2y,LSTM + bounded32ratio,real_panel_lstm_bounded32ratio__LSTM__gift__r061,1,0.10640156937316579,1.1483486564831924,5.036999385504597,30.223036606562037,0.39352509712459854
O,gift,2y,LSTM + bounded32ratio,real_panel_lstm_bounded32ratio__LSTM__gift__r062,1,0.1091923773436836,1.3241288391102968,64.8961617098346,78.61937248502736,0.3147240387551686
O,gift,2y,LSTM + bounded32ratio,real_panel_lstm_bounded32ratio__LSTM__gift__r063,1,0.10657919927536444,1.1672161925822921,-10.18743345611078,40.42862062377014,0.38087135237992004
O,gift,2y,LSTM + bounded32ratio,real_panel_lstm_bounded32ratio__LSTM__gift__r064,1,0.10653475609328905,1.15504352170929,9.559861500401839,32.66596873971445,0.37077549152210215
O,gift,2y,LSTM + bounded32ratio,real_panel_lstm_bounded32ratio__LSTM__gift__r065,1,0.10655530198213349,1.1632778771863181,19.543107630307574,35.734031682412976,0.3874058006473299
O,gift,2y,LSTM + bounded32ratio,real_panel_lstm_bounded32ratio__LSTM__gift__r066,1,0.10666517449415869,1.1668395280513242,15.188831799495876,31.75078571995913,0.3987468038524931
O,gift,2y,LSTM + bounded32ratio,real_panel_lstm_bounded32ratio__LSTM__gift__r067,1,0.10647203283962724,1.1634862831178758,-10.859161230429342,34.37399608844955,0.37966862977080934
O,gift,2y,LSTM + bounded32ratio,real_panel_lstm_bounded32ratio__LSTM__gift__r068,1,0.10681735882596832,1.1809645339257784,2.655149405122209,29.50785366298599,0.3715875107461158
O,gift,2y,LSTM + bounded32ratio,real_panel_lstm_bounded32ratio__LSTM__gift__r069,1,0.1064141957163239,1.157736504859007,-13.283768587788233,23.775217697848483,0.37875008574542174
O,gift,2y,LSTM + bounded32ratio,real_panel_lstm_bounded32ratio__LSTM__gift__r070,1,0.10705429528147681,1.19430283838057,8.518151173438522,36.162478379953114,0.3593326690272472
O,gift,2y,LSTM + bounded32ratio,real_panel_lstm_bounded32ratio__LSTM__gift__r071,1,0.10652247393871271,1.1532640696957954,8.684119781890153,33.513787280472265,0.37944552342120147
O,gift,2y,LSTM + bounded32ratio,real_panel_lstm_bounded32ratio__LSTM__gift__r072,1,0.10638487480303246,1.1405608169410975,-5.506979733162081,32.29860381048941,0.38593483498868286
O,gift,2y,LSTM + bounded32ratio,real_panel_lstm_bounded32ratio__LSTM__gift__r073,1,0.10651840690081517,1.162906618041092,-0.4226864878347818,32.168586306431585,0.3736866928553392
O,gift,2y,LSTM + bounded32ratio,real_panel_lstm_bounded32ratio__LSTM__gift__r074,1,0.10643303095295897,1.1618049651516664,-10.46701461232389,29.055496906097016,0.38297095279720633
O,gift,2y,LSTM + bounded32ratio,real_panel_lstm_bounded32ratio__LSTM__gift__r075,1,0.1064705330524863,1.1439529658726761,7.529844042952878,33.32321109271724,0.3993898620506298
O,gift,2y,LSTM + bounded32ratio,real_panel_lstm_bounded32ratio__LSTM__gift__r076,1,0.10643054638473551,1.138458384639066,4.226702652903025,30.489528698974286,0.4027542665062425
O,gift,2y,LSTM + bounded32ratio,real_panel_lstm_bounded32ratio__LSTM__gift__r077,1,0.10698909224206468,1.2088735893406954,11.247296016975914,35.3300175672018,0.38489544909467643
O,gift,2y,LSTM + bounded32ratio,real_panel_lstm_bounded32ratio__LSTM__gift__r078,1,0.10647658866442836,1.1524889335204331,11.463351918377613,29.18691126845873,0.38865078895639127
O,gift,2y,LSTM + bounded32ratio,real_panel_lstm_bounded32ratio__LSTM__gift__r079,1,0.10636335463069613,1.137451672534423,-8.305932594265176,31.160383501673678,0.389775969037696
O,gift,2y,LSTM + bounded32ratio,real_panel_lstm_bounded32ratio__LSTM__gift__r080,1,0.10649474659703129,1.155500166463115,7.921292539096479,29.080104885357052,0.3751633595438143
O,gift,2y,LSTM + bounded32ratio,real_panel_lstm_bounded32ratio__LSTM__gift__r081,1,0.10688281478063041,1.182897552971376,13.192147663391907,31.464398241773257,0.3737453637664355
O,gift,2y,LSTM + bounded32ratio,real_panel_lstm_bounded32ratio__LSTM__gift__r082,1,0.12603678292450976,3.2111596901971486,105.20890156872933,117.8085522145319,0.3810329044527931
O,gift,2y,LSTM + bounded32ratio,real_panel_lstm_bounded32ratio__LSTM__gift__r083,1,0.10648346897650426,1.1633707970798322,-10.893890740822298,27.490400974122775,0.401091007569135
O,gift,2y,LSTM + bounded32ratio,real_panel_lstm_bounded32ratio__LSTM__gift__r084,1,0.10647602791433902,1.1610920140729875,-4.47364638652599,28.472600221194266,0.38619068246959515
O,gift,2y,LSTM + bounded32ratio,real_panel_lstm_bounded32ratio__LSTM__gift__r085,1,0.10669324705587017,1.1621245045794035,2.5219906112347044,31.24520057683526,0.37209047502223214
O,gift,2y,LSTM + bounded32ratio,real_panel_lstm_bounded32ratio__LSTM__gift__r086,1,0.10647981332427307,1.1536761865481922,8.686039467255737,32.73176291955863,0.3825953572002385
O,gift,2y,LSTM + bounded32ratio,real_panel_lstm_bounded32ratio__LSTM__gift__r087,1,0.10673151127007866,1.1502405968633524,16.718151262899266,43.768761185994116,0.38294417636286177
O,gift,2y,LSTM + bounded32ratio,real_panel_lstm_bounded32ratio__LSTM__gift__r088,1,0.1070863699888426,1.1776339876735253,11.088657288171458,33.4122166189935,0.380662356702527
O,gift,2y,LSTM + bounded32ratio,real_panel_lstm_bounded32ratio__LSTM__gift__r089,1,0.10649290645778392,1.146024485114528,25.780629330533007,39.77888349232773,0.3762799585552923
O,gift,2y,LSTM + bounded32ratio,real_panel_lstm_bounded32ratio__LSTM__gift__r090,1,0.106472730610502,1.1645092356530438,-15.40523452241807,33.384292628262685,0.39837089652997437
O,gift,2y,LSTM + bounded32ratio,real_panel_lstm_bounded32ratio__LSTM__gift__r091,1,0.10638590241402032,1.1435554654672198,-10.036648151686045,33.428271802875365,0.394606466259565
O,gift,2y,LSTM + bounded32ratio,real_panel_lstm_bounded32ratio__LSTM__gift__r092,1,0.10649829279740332,1.1418379849354823,18.227924336333576,33.96230408262342,0.3906216652544374
O,gift,2y,LSTM + bounded32ratio,real_panel_lstm_bounded32ratio__LSTM__gift__r093,1,0.10644957672157003,1.16128693799438,-22.152005979628157,27.404711257571417,0.37103449175788483
O,gift,2y,LSTM + bounded32ratio,real_panel_lstm_bounded32ratio__LSTM__gift__r094,1,0.10708673020030912,1.2006408722501702,22.120419928412016,35.71797595115572,0.35869398609888026
O,gift,2y,LSTM + bounded32ratio,real_panel_lstm_bounded32ratio__LSTM__gift__r095,1,0.10644903142361409,1.1624568975709655,-3.9750425222439847,27.248342003999205,0.4021036969902018
O,gift,2y,LSTM + bounded32ratio,real_panel_lstm_bounded32ratio__LSTM__gift__r096,1,0.10645706659704508,1.1449236189028464,2.7080290130236016,30.91431078157686,0.41035300269021946
O,gift,2y,LSTM + bounded32ratio,real_panel_lstm_bounded32ratio__LSTM__gift__r097,1,0.10738367560663241,1.2067723492552787,17.900350116567658,37.15933722569425,0.3593866763259516
O,gift,2y,LSTM + bounded32ratio,real_panel_lstm_bounded32ratio__LSTM__gift__r098,1,0.107753608338956,1.2742817762573537,-5.690749374342049,32.00104699492858,0.3986049207516919
O,gift,2y,LSTM + bounded32ratio,real_panel_lstm_bounded32ratio__LSTM__gift__r099,1,0.10675537347804011,1.1868233080042665,12.713788175466721,30.845026431477567,0.36631060375771113
N,multichannel,2y,ValendinLSTM,real_panel_benchmarks__ValendinLSTM__multichannel__r00,1,0.057157362765389456,0.5875736298107461,141.60526716640402,150.56316141169748,0.00815527347994847
N,multichannel,2y,ValendinLSTM,real_panel_benchmarks__ValendinLSTM__multichannel__r01,1,0.05694240854889116,0.5435846814995807,40.50263499171135,76.65351047915811,0.048668828691928644
N,multichannel,2y,ValendinLSTM,real_panel_benchmarks__ValendinLSTM__multichannel__r02,1,0.05700358307344989,0.5519268529726747,70.36754754933519,97.77280870291948,0.012657547898448309
N,multichannel,2y,ValendinLSTM,real_panel_benchmarks__ValendinLSTM__multichannel__r03,1,0.05728820028616835,0.6093600564273935,170.2280741833393,175.12105630757594,-0.06888787055732717
N,multichannel,2y,ValendinLSTM,real_panel_benchmarks__ValendinLSTM__multichannel__r04,1,0.05695544866130343,0.5476515269460125,53.441231743954724,85.30087916981059,0.00041790648852712886
N,multichannel,2y,ValendinLSTM,real_panel_benchmarks__ValendinLSTM__multichannel__r05,1,0.05686375048217776,0.5409406820039229,-17.087716411844447,50.8052628220819,-0.013018796593769514
N,multichannel,2y,ValendinLSTM,real_panel_benchmarks__ValendinLSTM__multichannel__r06,1,0.05695407446266049,0.5514595663234155,67.66140742366237,84.38772220764935,-0.005871699260087371
N,multichannel,2y,ValendinLSTM,real_panel_benchmarks__ValendinLSTM__multichannel__r07,1,0.05689772773574484,0.5429273672013906,26.84298593800035,66.3394750165342,-0.024263258249592273
N,multichannel,2y,ValendinLSTM,real_panel_benchmarks__ValendinLSTM__multichannel__r08,1,0.057058957447387884,0.5636034403700322,98.77281098313982,119.78158203429437,0.018317486300902273
N,multichannel,2y,ValendinLSTM,real_panel_benchmarks__ValendinLSTM__multichannel__r09,1,0.05688662655408737,0.5419269184525264,17.220178865949663,54.58859756605256,-0.047507803148760894
N,multichannel,2y,ValendinLSTM,real_panel_benchmarks__ValendinLSTM__multichannel__r10,1,0.05707785702958089,0.5606515712765473,91.15000365020042,110.97631796810462,-0.011563030095474557
N,multichannel,2y,ValendinLSTM,real_panel_benchmarks__ValendinLSTM__multichannel__r11,1,0.056867276044738804,0.5416863196825222,23.022810491046464,56.56491333206183,0.012049053494143602
N,multichannel,2y,ValendinLSTM,real_panel_benchmarks__ValendinLSTM__multichannel__r12,1,0.05704953079375489,0.5623746895668845,96.48070544884624,104.51754648534501,0.047772890881994476
N,multichannel,2y,ValendinLSTM,real_panel_benchmarks__ValendinLSTM__multichannel__r13,1,0.05686528510259275,0.5413848595081769,-17.40438338612206,61.89210526124371,0.00041383826971026224
N,multichannel,2y,ValendinLSTM,real_panel_benchmarks__ValendinLSTM__multichannel__r14,1,0.05711231742093425,0.578393751847227,126.47105652559046,146.8359678112608,0.014790354364896901
N,multichannel,2y,ValendinLSTM,real_panel_benchmarks__ValendinLSTM__multichannel__r15,1,0.05735847330122945,0.6095668822700089,173.71140737423417,181.1552664505006,0.008913050515602722
N,multichannel,2y,ValendinLSTM,real_panel_benchmarks__ValendinLSTM__multichannel__r16,1,0.056913779194832335,0.5425653735705985,29.876319289394782,68.63245805398638,0.022484942250515276
N,multichannel,2y,ValendinLSTM,real_panel_benchmarks__ValendinLSTM__multichannel__r17,1,0.05688880385298056,0.5417226293387989,29.98947725465807,66.33859809453307,0.03415858364199558
N,multichannel,2y,ValendinLSTM,real_panel_benchmarks__ValendinLSTM__multichannel__r18,1,0.0569228977206794,0.5433324716414792,36.812284165429084,75.82105432796304,0.023258174654420243
N,multichannel,2y,ValendinLSTM,real_panel_benchmarks__ValendinLSTM__multichannel__r19,1,0.05703533618440632,0.5526149881770718,73.21667024884056,98.15877411124379,0.01713021212891761
O,multichannel,2y,LSTM + bounded32,real_panel_lstm_bounded32__LSTM__multichannel__r000,1,0.056863060108348656,0.5377126098137569,27.451757947084523,52.26579105181253,0.04547254029345396
O,multichannel,2y,LSTM + bounded32,real_panel_lstm_bounded32__LSTM__multichannel__r001,1,0.05681829565369534,0.5282353177486334,16.107898070415178,47.834211284102615,0.1221876242702608
O,multichannel,2y,LSTM + bounded32,real_panel_lstm_bounded32__LSTM__multichannel__r002,1,0.056849072770148834,0.5257949246162562,18.163161274257615,50.4877204085666,0.1326668988136594
O,multichannel,2y,LSTM + bounded32,real_panel_lstm_bounded32__LSTM__multichannel__r003,1,0.056865920455082535,0.5387864528769425,8.287722714808554,53.124562016353266,0.05419881554354898
O,multichannel,2y,LSTM + bounded32,real_panel_lstm_bounded32__LSTM__multichannel__r004,1,0.056863882188447186,0.5378962958098521,-3.8657863865398068,46.700877126657595,0.07771772143913289
O,multichannel,2y,LSTM + bounded32,real_panel_lstm_bounded32__LSTM__multichannel__r005,1,0.056801646827051674,0.5206018628106419,2.32982760562783,49.37719293357397,0.1481612936242528
O,multichannel,2y,LSTM + bounded32,real_panel_lstm_bounded32__LSTM__multichannel__r006,1,0.05684907132384631,0.5263769722208498,45.8078983516565,61.244738937596225,0.18285477077481088
O,multichannel,2y,LSTM + bounded32,real_panel_lstm_bounded32__LSTM__multichannel__r007,1,0.05685894132014195,0.5315925422792912,28.231582455969633,55.38596621696129,0.16944259469794726
O,multichannel,2y,LSTM + bounded32,real_panel_lstm_bounded32__LSTM__multichannel__r008,1,0.05682557667893256,0.5340597559011233,-11.703505889786626,49.71052583852346,0.10422786243672609
O,multichannel,2y,LSTM + bounded32,real_panel_lstm_bounded32__LSTM__multichannel__r009,1,0.05688013178208915,0.5371149868708333,65.53684576228599,76.9122836432259,0.16723030068962286
O,multichannel,2y,LSTM + bounded32,real_panel_lstm_bounded32__LSTM__multichannel__r010,1,0.05681429819727216,0.5230079363175336,27.824564830689518,52.3192996460444,0.1588920387856516
O,multichannel,2y,LSTM + bounded32,real_panel_lstm_bounded32__LSTM__multichannel__r011,1,0.05682412257566257,0.5371658121621349,-4.9982425865002185,48.391227909208595,0.05145455464798574
O,multichannel,2y,LSTM + bounded32,real_panel_lstm_bounded32__LSTM__multichannel__r012,1,0.05685079791155953,0.5342980704192105,7.818424348870105,48.3394741261451,0.10845655783885123
O,multichannel,2y,LSTM + bounded32,real_panel_lstm_bounded32__LSTM__multichannel__r013,1,0.05685619014910049,0.5363153415802226,5.500003204909288,45.27543912163782,0.09585888230044777
O,multichannel,2y,LSTM + bounded32,real_panel_lstm_bounded32__LSTM__multichannel__r014,1,0.05684718542979945,0.5370610069813174,12.899126126655116,48.634211494272705,0.08272073196429254
O,multichannel,2y,LSTM + bounded32,real_panel_lstm_bounded32__LSTM__multichannel__r015,1,0.056813838995232596,0.5268184889796157,0.6219329654537276,49.59035095617812,0.13191286295392798
O,multichannel,2y,LSTM + bounded32,real_panel_lstm_bounded32__LSTM__multichannel__r016,1,0.056852706364095965,0.5345211519071444,12.435091125651752,49.50175486931883,0.09385328381102351
O,multichannel,2y,LSTM + bounded32,real_panel_lstm_bounded32__LSTM__multichannel__r017,1,0.056797241030277196,0.5216722867025285,22.60526657449601,51.84386063320141,0.19590578537142642
O,multichannel,2y,LSTM + bounded32,real_panel_lstm_bounded32__LSTM__multichannel__r018,1,0.05689746737469803,0.5407607195138813,87.49210907967289,97.13070510269742,0.18569321636450148
O,multichannel,2y,LSTM + bounded32,real_panel_lstm_bounded32__LSTM__multichannel__r019,1,0.056832225398712646,0.5322633795902473,0.20965219418102557,46.2815789029966,0.09934162201400691
O,multichannel,2y,LSTM + bounded32,real_panel_lstm_bounded32__LSTM__multichannel__r020,1,0.05682615068256209,0.5324156479296103,-3.976312716871776,50.08157859178542,0.1338226326742377
O,multichannel,2y,LSTM + bounded32,real_panel_lstm_bounded32__LSTM__multichannel__r021,1,0.05686609654020003,0.5362497797792966,18.12017886611387,49.121930804246425,0.06293646165636008
O,multichannel,2y,LSTM + bounded32,real_panel_lstm_bounded32__LSTM__multichannel__r022,1,0.05685026710322364,0.5376590910003953,-2.5868389569635393,48.3131577158674,0.0632598654240164
O,multichannel,2y,LSTM + bounded32,real_panel_lstm_bounded32__LSTM__multichannel__r023,1,0.05684835663921787,0.5319184775864542,1.5877224605019877,47.00350904318486,0.11959401927261211
O,multichannel,2y,LSTM + bounded32,real_panel_lstm_bounded32__LSTM__multichannel__r024,1,0.056833057098376,0.5374866593386098,12.182459529394855,48.570176408107265,0.020723910280677667
O,multichannel,2y,LSTM + bounded32,real_panel_lstm_bounded32__LSTM__multichannel__r025,1,0.05686886266919552,0.5319954019359397,38.65175800379551,59.95351088370098,0.13171224485718666
O,multichannel,2y,LSTM + bounded32,real_panel_lstm_bounded32__LSTM__multichannel__r026,1,0.056852312614368926,0.5343325089836187,27.30877546546515,53.4982472495786,0.09910109538866195
O,multichannel,2y,LSTM + bounded32,real_panel_lstm_bounded32__LSTM__multichannel__r027,1,0.05684309589709589,0.5364789022897251,28.846494726256072,53.96228231052564,0.08344312711417376
O,multichannel,2y,LSTM + bounded32,real_panel_lstm_bounded32__LSTM__multichannel__r028,1,0.0568432030355229,0.5356793252487546,1.2464944737869275,47.15350902539251,0.05880345399524348
O,multichannel,2y,LSTM + bounded32,real_panel_lstm_bounded32__LSTM__multichannel__r029,1,0.05683265452532691,0.5248572612553891,30.675442099750406,54.20000186729167,0.15477201424440837
O,multichannel,2y,LSTM + bounded32,real_panel_lstm_bounded32__LSTM__multichannel__r030,1,0.05688553377555077,0.5416682666734611,24.09912641936237,62.40087862763726,-0.018237347545212956
O,multichannel,2y,LSTM + bounded32,real_panel_lstm_bounded32__LSTM__multichannel__r031,1,0.05680274025809905,0.5254987990337469,31.149126348706034,55.656141772857865,0.1437829342492304
O,multichannel,2y,LSTM + bounded32,real_panel_lstm_bounded32__LSTM__multichannel__r032,1,0.056860835989314934,0.5367901670223953,4.471055909239247,47.58684255219501,0.07080622881232514
O,multichannel,2y,LSTM + bounded32,real_panel_lstm_bounded32__LSTM__multichannel__r033,1,0.05691616415861391,0.5464714752226034,19.555266631313224,66.62193081176231,-0.10127205594609252
O,multichannel,2y,LSTM + bounded32,real_panel_lstm_bounded32__LSTM__multichannel__r034,1,0.05686329023450365,0.5356368299407871,25.14210873530518,51.9596503703371,0.09955217837939316
O,multichannel,2y,LSTM + bounded32,real_panel_lstm_bounded32__LSTM__multichannel__r035,1,0.05682857359738787,0.5355886436509611,-12.629821681899875,48.7473678860912,0.08603063756017747
O,multichannel,2y,LSTM + bounded32,real_panel_lstm_bounded32__LSTM__multichannel__r036,1,0.05681983053462072,0.5290922164542533,3.1385997180585807,46.677193394964185,0.11694104128494512
O,multichannel,2y,LSTM + bounded32,real_panel_lstm_bounded32__LSTM__multichannel__r037,1,0.05684907566488854,0.5356645746082683,7.387722541144682,48.5350878948035,0.06529600035618759
O,multichannel,2y,LSTM + bounded32,real_panel_lstm_bounded32__LSTM__multichannel__r038,1,0.05686989257978917,0.5315804188863286,67.32456511552292,78.14035385728576,0.19156094699754259
O,multichannel,2y,LSTM + bounded32,real_panel_lstm_bounded32__LSTM__multichannel__r039,1,0.05685928966883446,0.5396600557832967,3.0245646737356466,48.654386194590295,0.0015826657375326001
O,multichannel,2y,LSTM + bounded32,real_panel_lstm_bounded32__LSTM__multichannel__r040,1,0.05684736977412564,0.535733845551094,2.0780733827366586,46.98684231598712,0.052568976940902595
O,multichannel,2y,LSTM + bounded32,real_panel_lstm_bounded32__LSTM__multichannel__r041,1,0.056865917079035946,0.5360232210359903,27.21140711127088,56.58859796556541,0.10707387388026711
O,multichannel,2y,LSTM + bounded32,real_panel_lstm_bounded32__LSTM__multichannel__r042,1,0.05687065040079558,0.538271384482512,30.990354426964323,54.6517561641192,0.04919132258142158
O,multichannel,2y,LSTM + bounded32,real_panel_lstm_bounded32__LSTM__multichannel__r043,1,0.0568796731117091,0.5413295549793202,49.679828297934336,65.25526545949958,0.05984108580153606
O,multichannel,2y,LSTM + bounded32,real_panel_lstm_bounded32__LSTM__multichannel__r044,1,0.05682175209552288,0.5328379113053101,6.307020760345102,46.808772652385365,0.14700461442236257
O,multichannel,2y,LSTM + bounded32,real_panel_lstm_bounded32__LSTM__multichannel__r045,1,0.05682507025773541,0.5352439176649115,2.1219329949333425,46.27982468299337,0.10957717084112151
O,multichannel,2y,LSTM + bounded32,real_panel_lstm_bounded32__LSTM__multichannel__r046,1,0.056842817907523484,0.5314922843917343,-5.581575957343781,49.02017512225973,0.11342777984749816
O,multichannel,2y,LSTM + bounded32,real_panel_lstm_bounded32__LSTM__multichannel__r047,1,0.05691801788379043,0.544933550327467,41.13596872275369,68.72544094895608,0.0009290753051778342
O,multichannel,2y,LSTM + bounded32,real_panel_lstm_bounded32__LSTM__multichannel__r048,1,0.05689577112967895,0.5411805215241368,11.846494723494883,57.47631662423105,-0.009717303218461787
O,multichannel,2y,LSTM + bounded32,real_panel_lstm_bounded32__LSTM__multichannel__r049,1,0.056869809605524804,0.5387985531644833,38.29824929707621,58.5473708141583,0.05893045554012462
O,multichannel,2y,LSTM + bounded32,real_panel_lstm_bounded32__LSTM__multichannel__r050,1,0.056813738558588824,0.5327881416222617,-7.344733795208675,48.576315296732204,0.12470163500909971
O,multichannel,2y,LSTM + bounded32,real_panel_lstm_bounded32__LSTM__multichannel__r051,1,0.05686909663090262,0.536531179236983,10.642108551977689,47.56140384349249,0.0877214387120588
O,multichannel,2y,LSTM + bounded32,real_panel_lstm_bounded32__LSTM__multichannel__r052,1,0.05683656236051945,0.5308762173743593,22.078950837123262,51.600000738746196,0.09945594277842032
O,multichannel,2y,LSTM + bounded32,real_panel_lstm_bounded32__LSTM__multichannel__r053,1,0.056856721382595364,0.5355444311947423,21.900880692031922,51.553510231263886,0.11051971713140928
O,multichannel,2y,LSTM + bounded32,real_panel_lstm_bounded32__LSTM__multichannel__r054,1,0.056873709582586356,0.5276800603626325,39.80789836730926,59.57631801710461,0.12470537995978147
O,multichannel,2y,LSTM + bounded32,real_panel_lstm_bounded32__LSTM__multichannel__r055,1,0.056850808044095154,0.5361789096836038,6.5491260903507165,49.88245621523737,0.08693260824273175
O,multichannel,2y,LSTM + bounded32,real_panel_lstm_bounded32__LSTM__multichannel__r056,1,0.05681491577084494,0.5238558385367482,45.65877564049163,63.10263413194474,0.14126641920477487
O,multichannel,2y,LSTM + bounded32,real_panel_lstm_bounded32__LSTM__multichannel__r057,1,0.05685333992689227,0.5372992512394914,18.330705175768053,49.38333447207681,0.07042488505780846
O,multichannel,2y,LSTM + bounded32,real_panel_lstm_bounded32__LSTM__multichannel__r058,1,0.0568365362947967,0.5370517285084762,-9.561400526211735,46.67017498327293,0.05206849671375365
O,multichannel,2y,LSTM + bounded32,real_panel_lstm_bounded32__LSTM__multichannel__r059,1,0.05685309721520147,0.5290815022143,34.435091313717514,55.52280875935862,0.14029497807535216
O,multichannel,2y,LSTM + bounded32,real_panel_lstm_bounded32__LSTM__multichannel__r060,1,0.05683512398311213,0.5338826001500614,12.78070511874336,49.9596496176979,0.058101218226134066
O,multichannel,2y,LSTM + bounded32,real_panel_lstm_bounded32__LSTM__multichannel__r061,1,0.056854733451177406,0.5365569240157189,18.099126240683262,49.59386077539965,0.10132380969602392
O,multichannel,2y,LSTM + bounded32,real_panel_lstm_bounded32__LSTM__multichannel__r062,1,0.05682707612374142,0.5351479481005552,-14.584207627207803,48.22456071004197,0.10838937013600482
O,multichannel,2y,LSTM + bounded32,real_panel_lstm_bounded32__LSTM__multichannel__r063,1,0.056851955056203225,0.5253527834528376,37.65351218007973,57.23070381658544,0.20611686744555813
O,multichannel,2y,LSTM + bounded32,real_panel_lstm_bounded32__LSTM__multichannel__r064,1,0.05686444905188007,0.536614553563167,40.40877561201277,59.30526556106034,0.07314614883439553
O,multichannel,2y,LSTM + bounded32,real_panel_lstm_bounded32__LSTM__multichannel__r065,1,0.056854809206128364,0.5340762743213564,17.25614377421996,49.06666753211111,0.09524313205807272
O,multichannel,2y,LSTM + bounded32,real_panel_lstm_bounded32__LSTM__multichannel__r066,1,0.05679805343615125,0.5280487754539391,1.55438906227181,47.30000040542918,0.1369400574981569
O,multichannel,2y,LSTM + bounded32,real_panel_lstm_bounded32__LSTM__multichannel__r067,1,0.05689437427277129,0.5404994318671499,51.95438973462596,67.0543888714486,0.0900648086920939
O,multichannel,2y,LSTM + bounded32,real_panel_lstm_bounded32__LSTM__multichannel__r068,1,0.0568446783700741,0.5268711569789182,34.854389476617875,56.44035275316799,0.13332902157756713
O,multichannel,2y,LSTM + bounded32,real_panel_lstm_bounded32__LSTM__multichannel__r069,1,0.05683853065590533,0.5313419663809384,-3.5859618361495835,46.57192988057719,0.07991472239238412
O,multichannel,2y,LSTM + bounded32,real_panel_lstm_bounded32__LSTM__multichannel__r070,1,0.05685877679196339,0.535576096126982,7.950003224980095,47.36754430658095,0.08939750115551123
O,multichannel,2y,LSTM + bounded32,real_panel_lstm_bounded32__LSTM__multichannel__r071,1,0.056872115857179155,0.536137273077302,8.828950733080731,48.92894795436094,0.08568089895166639
O,multichannel,2y,LSTM + bounded32,real_panel_lstm_bounded32__LSTM__multichannel__r072,1,0.05687603110943754,0.5392288041827757,1.7193015957892344,54.78245679078729,0.06539768297272534
O,multichannel,2y,LSTM + bounded32,real_panel_lstm_bounded32__LSTM__multichannel__r073,1,0.05684914853106385,0.5377593948587306,-8.535961907565673,47.60263136193861,0.061595074261381846
O,multichannel,2y,LSTM + bounded32,real_panel_lstm_bounded32__LSTM__multichannel__r074,1,0.05688451620924156,0.5396195447862312,30.860529970601746,61.83070361199594,0.08740840714406307
O,multichannel,2y,LSTM + bounded32,real_panel_lstm_bounded32__LSTM__multichannel__r075,1,0.05686805995506589,0.5381782953447873,15.204389335325699,49.60263290181083,0.042415190162311905
O,multichannel,2y,LSTM + bounded32,real_panel_lstm_bounded32__LSTM__multichannel__r076,1,0.05682995807570701,0.5348259757893543,-7.85262859661348,45.57543852654484,0.10893984840919128
O,multichannel,2y,LSTM + bounded32,real_panel_lstm_bounded32__LSTM__multichannel__r077,1,0.05684959973063491,0.5314236263012092,36.331582567327175,56.587721185815596,0.15461905779149748
O,multichannel,2y,LSTM + bounded32,real_panel_lstm_bounded32__LSTM__multichannel__r078,1,0.05691295976178397,0.5439782006156351,13.31140687474686,59.87982549980312,-0.09732761008227543
O,multichannel,2y,LSTM + bounded32,real_panel_lstm_bounded32__LSTM__multichannel__r079,1,0.056877588551570386,0.5375231810960105,21.550003525477756,52.127194112031816,0.06010158869118727
O,multichannel,2y,LSTM + bounded32,real_panel_lstm_bounded32__LSTM__multichannel__r080,1,0.05684184687549798,0.5360040909507923,17.758775353860077,49.50789560230946,0.09386255053614467
O,multichannel,2y,LSTM + bounded32,real_panel_lstm_bounded32__LSTM__multichannel__r081,1,0.056848478246172084,0.5340301537803243,-13.205260215450023,51.81052582440576,0.04947886905996436
O,multichannel,2y,LSTM + bounded32,real_panel_lstm_bounded32__LSTM__multichannel__r082,1,0.05683992550801012,0.535697324405601,1.801757583100121,46.8350882496962,0.1132289628946319
O,multichannel,2y,LSTM + bounded32,real_panel_lstm_bounded32__LSTM__multichannel__r083,1,0.05683342587750706,0.5363173842443816,-1.324558277868068,43.61403518756686,0.08891068112020886
O,multichannel,2y,LSTM + bounded32,real_panel_lstm_bounded32__LSTM__multichannel__r084,1,0.05686541921706076,0.5360441118238,11.732459480346833,48.264035500949525,0.06742680084898245
O,multichannel,2y,LSTM + bounded32,real_panel_lstm_bounded32__LSTM__multichannel__r085,1,0.056807882560089416,0.5266005858299132,9.408775175177734,48.280702190873924,0.11812205328610408
O,multichannel,2y,LSTM + bounded32,real_panel_lstm_bounded32__LSTM__multichannel__r086,1,0.05685383306844572,0.5329100610759728,30.204389475412036,53.186843532909364,0.17047619910524758
O,multichannel,2y,LSTM + bounded32,real_panel_lstm_bounded32__LSTM__multichannel__r087,1,0.056840207853179246,0.5341417130470116,9.244740106013799,47.36403536833736,0.11218882174737711
O,multichannel,2y,LSTM + bounded32,real_panel_lstm_bounded32__LSTM__multichannel__r088,1,0.056831539468635506,0.5277359397231084,50.23333690703063,65.64386223612325,0.19619883225534407
O,multichannel,2y,LSTM + bounded32,real_panel_lstm_bounded32__LSTM__multichannel__r089,1,0.05683724967759565,0.5368595902654388,-0.3368389007451505,47.04385983498292,0.06270441322506753
O,multichannel,2y,LSTM + bounded32,real_panel_lstm_bounded32__LSTM__multichannel__r090,1,0.05679189246500412,0.5216213584714338,0.7868452172256742,49.19035101621901,0.1501316292596988
O,multichannel,2y,LSTM + bounded32,real_panel_lstm_bounded32__LSTM__multichannel__r091,1,0.05688629669802506,0.5392833656422092,35.04298609669113,57.10789682609077,0.03419608345984249
O,multichannel,2y,LSTM + bounded32,real_panel_lstm_bounded32__LSTM__multichannel__r092,1,0.056865462638223556,0.5352852328509347,49.23070549296981,64.89912551846061,0.08754269160015304
O,multichannel,2y,LSTM + bounded32,real_panel_lstm_bounded32__LSTM__multichannel__r093,1,0.05686733731143664,0.5347245115161697,39.47807385988487,60.47456362070235,0.13151590834972765
O,multichannel,2y,LSTM + bounded32,real_panel_lstm_bounded32__LSTM__multichannel__r094,1,0.05683214285359194,0.5321341682124313,-10.008768892332672,49.18245607210946,0.12161583184045612
O,multichannel,2y,LSTM + bounded32,real_panel_lstm_bounded32__LSTM__multichannel__r095,1,0.05685376889225121,0.5368493868888979,15.133336695470234,48.047368854321,0.056195853336026134
O,multichannel,2y,LSTM + bounded32,real_panel_lstm_bounded32__LSTM__multichannel__r096,1,0.05685457663271053,0.5336794736960497,16.35438940567405,49.95614108700998,0.09525396107664268
O,multichannel,2y,LSTM + bounded32,real_panel_lstm_bounded32__LSTM__multichannel__r097,1,0.056837640634160504,0.5296916121234034,1.794739980699508,46.749122911786415,0.12678278159038703
O,multichannel,2y,LSTM + bounded32,real_panel_lstm_bounded32__LSTM__multichannel__r098,1,0.056846777163669385,0.5366469548149178,-11.083330345859173,47.73070128918468,0.08778612960778581
O,multichannel,2y,LSTM + bounded32,real_panel_lstm_bounded32__LSTM__multichannel__r099,1,0.05685669291800426,0.5311375468874002,52.529828107849816,67.93333589377066,0.18282655098653536
O,multichannel,2y,LSTM + log,real_panel_lstm_log__LSTM__multichannel__r000,1,0.05679681647003643,0.5164743563498692,33.78333615337193,55.83070325981721,0.16015334309343943
O,multichannel,2y,LSTM + log,real_panel_lstm_log__LSTM__multichannel__r001,1,0.05700915526641743,0.5561614741480551,90.21053029267077,106.51228391195637,-0.1186119367272641
O,multichannel,2y,LSTM + log,real_panel_lstm_log__LSTM__multichannel__r002,1,0.05695678671569075,0.5502929360488502,65.70789819356531,77.85351153048475,0.18737804043195
O,multichannel,2y,LSTM + log,real_panel_lstm_log__LSTM__multichannel__r003,1,0.05682112108155236,0.5127203531645647,51.26579271817298,66.40614225333036,0.17064002254001318
O,multichannel,2y,LSTM + log,real_panel_lstm_log__LSTM__multichannel__r004,1,0.07340865403098638,2.2310926189030273,44.05877488775526,73.42719494553022,-0.12991333174051925
O,multichannel,2y,LSTM + log,real_panel_lstm_log__LSTM__multichannel__r005,1,0.05687018200723535,0.5347974144447637,30.91754738992968,71.14912393184255,-0.09236904483511564
O,multichannel,2y,LSTM + log,real_panel_lstm_log__LSTM__multichannel__r006,1,0.058337105493547314,0.8024361371976646,154.311407526664,159.34298618302356,0.026587337286754976
O,multichannel,2y,LSTM + log,real_panel_lstm_log__LSTM__multichannel__r007,1,0.05952038458094156,0.915188703859334,47.41052939973139,63.054388087332406,0.17581574976686568
O,multichannel,2y,LSTM + log,real_panel_lstm_log__LSTM__multichannel__r008,1,0.05675266006849724,0.5125760545312237,31.979827458353004,54.744738418498386,0.17325576286369623
O,multichannel,2y,LSTM + log,real_panel_lstm_log__LSTM__multichannel__r009,1,0.056772535760934564,0.511038684286774,26.580704637933426,53.00701877976373,0.19325441555682152
O,multichannel,2y,LSTM + log,real_panel_lstm_log__LSTM__multichannel__r010,1,0.056753061274333015,0.5055036528965641,9.227195640682407,47.56228102538567,0.182475641664501
O,multichannel,2y,LSTM + log,real_panel_lstm_log__LSTM__multichannel__r011,1,0.05685750640799637,0.5338257963955453,33.573686997834685,55.32280832841532,0.1587829903461486
O,multichannel,2y,LSTM + log,real_panel_lstm_log__LSTM__multichannel__r012,1,0.05680083785619929,0.5227354727406835,45.42368712524528,64.22017715001256,0.17896642520533776
O,multichannel,2y,LSTM + log,real_panel_lstm_log__LSTM__multichannel__r013,1,0.05683134541818069,0.5249970921611403,57.0193013778817,70.40175688167047,0.19212069563794265
O,multichannel,2y,LSTM + log,real_panel_lstm_log__LSTM__multichannel__r014,1,0.056875698782994435,0.5293590490224506,67.59035460387379,91.06754623976356,0.0609058646948238
O,multichannel,2y,LSTM + log,real_panel_lstm_log__LSTM__multichannel__r015,1,0.056936345106702084,0.544228062557041,52.40000300068492,66.3614056467304,0.16773209390026597
O,multichannel,2y,LSTM + log,real_panel_lstm_log__LSTM__multichannel__r016,1,0.0568266030295267,0.5194574759832818,50.192985646201464,65.6684232153722,0.1854884924231977
O,multichannel,2y,LSTM + log,real_panel_lstm_log__LSTM__multichannel__r017,1,0.05679028727119015,0.5168341142826326,56.51403827931707,70.02807243526956,0.20902739368113646
O,multichannel,2y,LSTM + log,real_panel_lstm_log__LSTM__multichannel__r018,1,0.056794171455517586,0.510573667502461,28.072809805509056,52.51666775101927,0.18874361777125714
O,multichannel,2y,LSTM + log,real_panel_lstm_log__LSTM__multichannel__r019,1,0.05682855139464714,0.5218784690282873,48.808774976324806,64.98421248601996,0.16633768905565888
O,multichannel,2y,LSTM + log,real_panel_lstm_log__LSTM__multichannel__r020,1,0.057562492825717765,0.6524697215064222,50.95263457940763,65.9736862682873,0.19780753375074764
O,multichannel,2y,LSTM + log,real_panel_lstm_log__LSTM__multichannel__r021,1,0.05677099815172322,0.5119159116917568,26.761406235572107,51.784211757343506,0.18721099624856832
O,multichannel,2y,LSTM + log,real_panel_lstm_log__LSTM__multichannel__r022,1,0.05678953416796641,0.5132572532709477,43.66754686333222,61.42193177457574,0.18404535132252076
O,multichannel,2y,LSTM + log,real_panel_lstm_log__LSTM__multichannel__r023,1,0.05698759348982805,0.5402873740976621,40.0149152456909,58.71491379864294,0.18138788769170444
O,multichannel,2y,LSTM + log,real_panel_lstm_log__LSTM__multichannel__r024,1,0.0578090182011357,0.6769507344050992,187.58246013475883,192.96842459354266,-0.18239850132302615
O,multichannel,2y,LSTM + log,real_panel_lstm_log__LSTM__multichannel__r025,1,0.05682510357082318,0.5199698667732391,23.505265749234887,50.69649214805254,0.20092742507538222
O,multichannel,2y,LSTM + log,real_panel_lstm_log__LSTM__multichannel__r026,1,0.06157389327511167,1.1426120268851505,-20.40526089309571,51.663158000589824,-0.083664333517491
O,multichannel,2y,LSTM + log,real_panel_lstm_log__LSTM__multichannel__r027,1,0.05763921597626233,0.5948774858401886,36.11491521832635,59.099124376089996,0.204275465420394
O,multichannel,2y,LSTM + log,real_panel_lstm_log__LSTM__multichannel__r028,1,0.0568220002528085,0.5308734232921051,54.136845229597434,67.78772162741193,0.1890718957884774
O,multichannel,2y,LSTM + log,real_panel_lstm_log__LSTM__multichannel__r029,1,0.056904549296883045,0.5452152728037828,82.18070514461276,90.70702051292452,0.19437401771858062
O,multichannel,2y,LSTM + log,real_panel_lstm_log__LSTM__multichannel__r030,1,0.05891274958487951,0.8921253086941391,212.98246028845224,215.23509171378706,0.08078773741925513
O,multichannel,2y,LSTM + log,real_panel_lstm_log__LSTM__multichannel__r031,1,0.07598370784287205,2.5962607977310084,304.8403545073425,304.84035450734257,-0.08551909761584578
O,multichannel,2y,LSTM + log,real_panel_lstm_log__LSTM__multichannel__r032,1,0.06738275749959297,1.6408711783173666,84.84473970285654,90.59386203727207,0.17549424764629087
O,multichannel,2y,LSTM + log,real_panel_lstm_log__LSTM__multichannel__r033,1,0.05691225744831862,0.5370501830154667,19.03158221383562,69.70701831803439,-0.09311485072325418
O,multichannel,2y,LSTM + log,real_panel_lstm_log__LSTM__multichannel__r034,1,0.06766561966820814,1.4826962871209355,82.01140681865755,88.95702003276656,0.18292458296020284
O,multichannel,2y,LSTM + log,real_panel_lstm_log__LSTM__multichannel__r035,1,0.056796982621621424,0.5208186664778153,47.30789766783711,63.3236861988907,0.20562409296166004
O,multichannel,2y,LSTM + log,real_panel_lstm_log__LSTM__multichannel__r036,1,0.05785265950000628,0.709454619961693,91.94210863982583,97.50351170159567,0.19296361583495636
O,multichannel,2y,LSTM + log,real_panel_lstm_log__LSTM__multichannel__r037,1,0.056786131802056355,0.5081238747341287,22.77719573620177,49.985965810871235,0.17793793558204632
O,multichannel,2y,LSTM + log,real_panel_lstm_log__LSTM__multichannel__r038,1,0.05718204233969172,0.6022783215864898,59.66579272246282,73.60614274348619,0.19278075287277413
O,multichannel,2y,LSTM + log,real_panel_lstm_log__LSTM__multichannel__r039,1,0.05681749077668711,0.5208505947766138,57.75789805226328,73.27368672745129,0.173191713796465
O,multichannel,2y,LSTM + log,real_panel_lstm_log__LSTM__multichannel__r040,1,0.05680220223918635,0.5143568209398818,30.36491535655015,54.51929972725572,0.1635890911786245
O,multichannel,2y,LSTM + log,real_panel_lstm_log__LSTM__multichannel__r041,1,0.0567769101376465,0.5090892627102217,14.583335959826009,50.76754439230021,0.17927162307625938
O,multichannel,2y,LSTM + log,real_panel_lstm_log__LSTM__multichannel__r042,1,0.06855849544402107,1.9656766508713452,152.56667064294413,161.96491578369097,-0.1370900293597307
O,multichannel,2y,LSTM + log,real_panel_lstm_log__LSTM__multichannel__r043,1,0.05676545332023684,0.5088888011243135,13.719300983836803,51.00175489869631,0.18229487183792437
O,multichannel,2y,LSTM + log,real_panel_lstm_log__LSTM__multichannel__r044,1,0.05883137927374056,0.829715025746588,57.828950882774386,84.87280892931177,0.1083000765685318
O,multichannel,2y,LSTM + log,real_panel_lstm_log__LSTM__multichannel__r045,1,0.0568563628831466,0.510779790700584,17.117546581899685,48.98245672740263,0.21477844827009998
O,multichannel,2y,LSTM + log,real_panel_lstm_log__LSTM__multichannel__r046,1,0.056853040758743104,0.5228356656105091,36.49386246903071,56.72544018710582,0.1893700925490248
O,multichannel,2y,LSTM + log,real_panel_lstm_log__LSTM__multichannel__r047,1,0.05716610362929427,0.605664708666148,71.91666993353331,81.31491499564878,0.18357345614977838
O,multichannel,2y,LSTM + log,real_panel_lstm_log__LSTM__multichannel__r048,1,0.05679719127878244,0.5128099958437131,35.97280998610062,57.31315957494627,0.19049430965577405
O,multichannel,2y,LSTM + log,real_panel_lstm_log__LSTM__multichannel__r049,1,0.057690304083877035,0.6744293463860178,232.30175809626215,235.59123162852006,-0.13525153900457731
O,multichannel,2y,LSTM + log,real_panel_lstm_log__LSTM__multichannel__r050,1,0.06518946585359889,1.6825056439799977,92.30438974326434,104.69737179217827,0.058275492726620234
O,multichannel,2y,LSTM + log,real_panel_lstm_log__LSTM__multichannel__r051,1,0.05677204771176768,0.5076513347919641,25.063160739087035,54.394737755667215,0.2042054858402849
O,multichannel,2y,LSTM + log,real_panel_lstm_log__LSTM__multichannel__r052,1,0.12004853217615756,4.764628794143167,542.0456177899152,542.0456177899152,0.06863736993957047
O,multichannel,2y,LSTM + log,real_panel_lstm_log__LSTM__multichannel__r053,1,0.06363048424657552,1.2304160946923626,39.28158159710819,58.45000158562382,0.1935134605278233
O,multichannel,2y,LSTM + log,real_panel_lstm_log__LSTM__multichannel__r054,1,0.056801201534272094,0.5233060230709004,64.16140671200552,75.06666909402865,0.20349446287022044
O,multichannel,2y,LSTM + log,real_panel_lstm_log__LSTM__multichannel__r055,1,0.05682626364784534,0.5251754332699866,21.376318432974433,50.050000782561646,0.17151837786053323
O,multichannel,2y,LSTM + log,real_panel_lstm_log__LSTM__multichannel__r056,1,0.057475396119178006,0.6544392798161547,97.35789804406845,101.0210557200475,0.1762045856820347
O,multichannel,2y,LSTM + log,real_panel_lstm_log__LSTM__multichannel__r057,1,0.056818395114328055,0.5163536403982208,35.786844971752686,56.29737015033376,0.19259264224025155
O,multichannel,2y,LSTM + log,real_panel_lstm_log__LSTM__multichannel__r058,1,0.058875718348611564,0.7269464444369559,40.81316077754902,58.74298421498527,0.18119024096599948
O,multichannel,2y,LSTM + log,real_panel_lstm_log__LSTM__multichannel__r059,1,0.056845902716600415,0.5225691481303943,55.86052983733681,88.77105393279474,0.02162512676684084
O,multichannel,2y,LSTM + log,real_panel_lstm_log__LSTM__multichannel__r060,1,0.05680415917249908,0.5193569883253499,48.0175469463825,64.58421263224902,0.1917803465853488
O,multichannel,2y,LSTM + log,real_panel_lstm_log__LSTM__multichannel__r061,1,0.06174010493724257,1.0175594921262685,47.5771957438582,64.19122972701275,0.18772321131638803
O,multichannel,2y,LSTM + log,real_panel_lstm_log__LSTM__multichannel__r062,1,0.07722463692205957,2.603411421763505,154.77281131009525,160.98158279670676,-0.09407400624621849
O,multichannel,2y,LSTM + log,real_panel_lstm_log__LSTM__multichannel__r063,1,0.05684331500451707,0.522778921811609,52.6184240461265,66.94824765446528,0.20929685440365278
O,multichannel,2y,LSTM + log,real_panel_lstm_log__LSTM__multichannel__r064,1,0.05681784807230176,0.5233815222660402,46.749125664089256,62.6263176477021,0.1859788333933415
O,multichannel,2y,LSTM + log,real_panel_lstm_log__LSTM__multichannel__r065,1,0.05843118462250373,0.7857575295357629,168.92105667298273,175.84561761519612,-0.13233762840805896
O,multichannel,2y,LSTM + log,real_panel_lstm_log__LSTM__multichannel__r066,1,0.0725325602582982,2.2944580967072894,234.3605303096271,236.4043897423237,-0.09320507687121539
O,multichannel,2y,LSTM + log,real_panel_lstm_log__LSTM__multichannel__r067,1,0.056841058741161674,0.532289369319027,65.30877510340943,76.71228322749835,0.18491375025684736
O,multichannel,2y,LSTM + log,real_panel_lstm_log__LSTM__multichannel__r068,1,0.06567965376099784,1.5531231843919515,239.09386347360348,242.12193344055828,-0.15808736310394234
O,multichannel,2y,LSTM + log,real_panel_lstm_log__LSTM__multichannel__r069,1,0.0569077681440078,0.5392257550916888,68.53070491843133,79.51140603757207,0.17421767751658088
O,multichannel,2y,LSTM + log,real_panel_lstm_log__LSTM__multichannel__r070,1,0.05673009265944246,0.5011561585754073,9.7245641609266,49.07719337375291,0.19190284914320976
O,multichannel,2y,LSTM + log,real_panel_lstm_log__LSTM__multichannel__r071,1,0.07029843297775269,1.8614655194952643,159.0500037945601,168.6429856898532,-0.15348867490911372
O,multichannel,2y,LSTM + log,real_panel_lstm_log__LSTM__multichannel__r072,1,0.056757051439429315,0.5142250327082161,33.92982747663062,56.033335038738294,0.18873430817276865
O,multichannel,2y,LSTM + log,real_panel_lstm_log__LSTM__multichannel__r073,1,0.05676509666548211,0.5111788511527893,21.407020374061958,51.00175526009435,0.18807441425391236
O,multichannel,2y,LSTM + log,real_panel_lstm_log__LSTM__multichannel__r074,1,0.057570047133701084,0.6577130067042588,96.077196798062,108.61228395512744,0.16265962392944924
O,multichannel,2y,LSTM + log,real_panel_lstm_log__LSTM__multichannel__r075,1,0.05676537841321937,0.5156995528563433,10.100879938659888,48.939474032815944,0.18809623976805245
O,multichannel,2y,LSTM + log,real_panel_lstm_log__LSTM__multichannel__r076,1,0.06888238103098698,1.7696199834379862,381.6017582253827,381.6017582253827,-0.04854025209374279
O,multichannel,2y,LSTM + log,real_panel_lstm_log__LSTM__multichannel__r077,1,0.0580425878543411,0.7203198896186945,44.54298585759454,70.40789687062431,0.11217704111160991
O,multichannel,2y,LSTM + log,real_panel_lstm_log__LSTM__multichannel__r078,1,0.05678125422215669,0.5123574509242235,27.738599323977603,53.34912394908682,0.15086390084319506
O,multichannel,2y,LSTM + log,real_panel_lstm_log__LSTM__multichannel__r079,1,0.056768002541044665,0.507386594026256,24.572809852083353,52.87807110743991,0.15994507965386964
O,multichannel,2y,LSTM + log,real_panel_lstm_log__LSTM__multichannel__r080,1,0.05676821033849612,0.5129571372874271,22.62017823972193,50.22017652038142,0.17464587050036795
O,multichannel,2y,LSTM + log,real_panel_lstm_log__LSTM__multichannel__r081,1,0.05676311567085279,0.5147286893003106,8.799125496583645,48.899123164531,0.17331383765607392
O,multichannel,2y,LSTM + log,real_panel_lstm_log__LSTM__multichannel__r082,1,0.05684209349335209,0.5312595962123053,-25.514032486254578,60.982455915093354,-0.06810517273145351
O,multichannel,2y,LSTM + log,real_panel_lstm_log__LSTM__multichannel__r083,1,0.06245389213202425,1.2450735980444592,40.50702030551911,58.8578965033917,0.20081063172488778
O,multichannel,2y,LSTM + log,real_panel_lstm_log__LSTM__multichannel__r084,1,0.056767882695042446,0.5180955831837217,29.409651805568707,52.565790799940466,0.1901199943213892
O,multichannel,2y,LSTM + log,real_panel_lstm_log__LSTM__multichannel__r085,1,0.05698331569279687,0.545420812018732,83.50263499887599,91.10614318980608,0.18975598470930008
O,multichannel,2y,LSTM + log,real_panel_lstm_log__LSTM__multichannel__r086,1,0.05720211749060199,0.5807428249165616,23.47982708178834,51.3552642113879,0.17755662174003645
O,multichannel,2y,LSTM + log,real_panel_lstm_log__LSTM__multichannel__r087,1,0.05680580985470544,0.5161465588771634,40.89298545252158,60.14912474998488,0.1827987881905171
O,multichannel,2y,LSTM + log,real_panel_lstm_log__LSTM__multichannel__r088,1,0.05687801347483117,0.5367249141107536,81.20175783722514,90.12631857624686,0.19265496225146664
O,multichannel,2y,LSTM + log,real_panel_lstm_log__LSTM__multichannel__r089,1,0.058164991107059354,0.7896691569770373,26.385090440682863,53.82543951620156,0.1933097923922646
O,multichannel,2y,LSTM + log,real_panel_lstm_log__LSTM__multichannel__r090,1,0.05679519837092062,0.5240757842388369,58.07456475898989,71.99737098223176,0.19212511097981838
O,multichannel,2y,LSTM + log,real_panel_lstm_log__LSTM__multichannel__r091,1,0.060461380314367937,1.006724925614532,131.47017942044965,141.8719333381048,-0.147362228051268
O,multichannel,2y,LSTM + log,real_panel_lstm_log__LSTM__multichannel__r092,1,0.056778748599517065,0.5179222844477299,36.33859945173135,57.69298428091551,0.17895600678166063
O,multichannel,2y,LSTM + log,real_panel_lstm_log__LSTM__multichannel__r093,1,0.056731097521001604,0.5134532078930264,-9.63859413964949,49.25613993045617,0.2003241992970018
O,multichannel,2y,LSTM + log,real_panel_lstm_log__LSTM__multichannel__r094,1,0.05677618536726713,0.5067990035828284,21.93421357149916,51.011404278177444,0.2090428353728191
O,multichannel,2y,LSTM + log,real_panel_lstm_log__LSTM__multichannel__r095,1,0.056932181510191304,0.5504580723242666,52.77807316691733,67.24824764134675,0.1705102379932713
O,multichannel,2y,LSTM + log,real_panel_lstm_log__LSTM__multichannel__r096,1,0.05674923905405616,0.5071929128653762,19.605265941017056,50.19649190250203,0.1701020469842786
O,multichannel,2y,LSTM + log,real_panel_lstm_log__LSTM__multichannel__r097,1,0.07561224036251145,2.603280891300672,185.8964952850589,189.6771969067396,-0.016520020091538645
O,multichannel,2y,LSTM + log,real_panel_lstm_log__LSTM__multichannel__r098,1,0.05825925495690797,0.7304423490182992,68.05789776936761,76.57894976243028,0.1989146745269922
O,multichannel,2y,LSTM + log,real_panel_lstm_log__LSTM__multichannel__r099,1,0.05684287293338731,0.5295814602298069,46.35351179055253,62.62544051023057,0.19209205206412902
O,multichannel,2y,LSTM + ratio,real_panel_lstm_ratio__LSTM__multichannel__r000,1,0.05887101627196529,0.7919973334080821,175.9631617015155,183.59649458536487,0.16839767966111685
O,multichannel,2y,LSTM + ratio,real_panel_lstm_ratio__LSTM__multichannel__r001,1,0.05696574424857522,0.5417783911224285,90.9157933398722,105.10702067199752,0.17530286642352386
O,multichannel,2y,LSTM + ratio,real_panel_lstm_ratio__LSTM__multichannel__r002,1,0.056926393594463595,0.539578248448145,77.89649479928471,97.65614295549837,0.1812157724601608
O,multichannel,2y,LSTM + ratio,real_panel_lstm_ratio__LSTM__multichannel__r003,1,0.05685475950815897,0.5292377455268593,40.67807369763301,70.11666868020859,0.15194851101898232
O,multichannel,2y,LSTM + ratio,real_panel_lstm_ratio__LSTM__multichannel__r004,1,0.056887231771539655,0.5391865125611911,58.384214394026614,78.01228336848905,0.15148178702010784
O,multichannel,2y,LSTM + ratio,real_panel_lstm_ratio__LSTM__multichannel__r005,1,0.05709648657856268,0.5713013223857312,130.39123192858347,140.0157928532145,0.19090926336930372
O,multichannel,2y,LSTM + ratio,real_panel_lstm_ratio__LSTM__multichannel__r006,1,0.057008505151144556,0.5463019591983221,89.27281078271768,105.13421353207954,0.1717078508688399
O,multichannel,2y,LSTM + ratio,real_panel_lstm_ratio__LSTM__multichannel__r007,1,0.07204462560338162,1.7891753691977352,445.1561446674365,445.1561446674365,0.16798109970729444
O,multichannel,2y,LSTM + ratio,real_panel_lstm_ratio__LSTM__multichannel__r008,1,0.05718009930104074,0.5928617367257395,152.27807407898396,159.5149157228749,0.17573039387737288
O,multichannel,2y,LSTM + ratio,real_panel_lstm_ratio__LSTM__multichannel__r009,1,0.056840344441895375,0.5292507239357623,41.519301629363284,66.09123007132916,0.17591968100292646
O,multichannel,2y,LSTM + ratio,real_panel_lstm_ratio__LSTM__multichannel__r010,1,0.056873769396116394,0.5307206344775431,54.21667022746923,79.09210746844356,0.1592622179335713
O,multichannel,2y,LSTM + ratio,real_panel_lstm_ratio__LSTM__multichannel__r011,1,0.05681221655108447,0.5281243725936369,28.306143802769846,57.03245781835861,0.1529268976975205
O,multichannel,2y,LSTM + ratio,real_panel_lstm_ratio__LSTM__multichannel__r012,1,0.05699020016707414,0.5544299938930669,93.75614408401518,107.41579260323707,0.18735897254640424
O,multichannel,2y,LSTM + ratio,real_panel_lstm_ratio__LSTM__multichannel__r013,1,0.05689502569441618,0.535769148549844,75.8219335235346,94.86930094885979,0.16750599690252369
O,multichannel,2y,LSTM + ratio,real_panel_lstm_ratio__LSTM__multichannel__r014,1,0.056923196523949615,0.5420300896656791,87.27544246459905,102.39123118553131,0.17674108318257473
O,multichannel,2y,LSTM + ratio,real_panel_lstm_ratio__LSTM__multichannel__r015,1,0.05690476093031789,0.5336731688238998,60.481582435660215,81.74824787951198,0.15006463754929003
O,multichannel,2y,LSTM + ratio,real_panel_lstm_ratio__LSTM__multichannel__r016,1,0.056911710345624054,0.532033676161823,52.37105602659879,80.9885977749024,0.1661762020715887
O,multichannel,2y,LSTM + ratio,real_panel_lstm_ratio__LSTM__multichannel__r017,1,0.05686551280987158,0.531947621648543,61.46754746227216,82.89210749708334,0.19459389423627316
O,multichannel,2y,LSTM + ratio,real_panel_lstm_ratio__LSTM__multichannel__r018,1,0.05684875620846427,0.5258474748902774,30.366670166493023,64.74912409229474,0.16442258643481206
O,multichannel,2y,LSTM + ratio,real_panel_lstm_ratio__LSTM__multichannel__r019,1,0.05696324433266916,0.5476130844026161,91.30088081236107,104.78333627208683,0.1655163701450559
O,multichannel,2y,LSTM + ratio,real_panel_lstm_ratio__LSTM__multichannel__r020,1,0.05688240433628724,0.5283544402496299,44.91930169077829,77.57017662985587,0.16802610644264837
O,multichannel,2y,LSTM + ratio,real_panel_lstm_ratio__LSTM__multichannel__r021,1,0.05700958979719918,0.5350286653436901,46.269301635625226,77.7061421911254,0.177912503722355
O,multichannel,2y,LSTM + ratio,real_panel_lstm_ratio__LSTM__multichannel__r022,1,0.0568530832221044,0.5299603549944092,38.78684573430966,66.1815808967504,0.16906929642919277
O,multichannel,2y,LSTM + ratio,real_panel_lstm_ratio__LSTM__multichannel__r023,1,0.05693008827338346,0.5387712430287114,78.7289511146866,94.87105564095769,0.1664109845481143
O,multichannel,2y,LSTM + ratio,real_panel_lstm_ratio__LSTM__multichannel__r024,1,0.05687115063203135,0.5371213611723803,67.72631953047562,84.50877481281063,0.15941387192746004
O,multichannel,2y,LSTM + ratio,real_panel_lstm_ratio__LSTM__multichannel__r025,1,0.05683622835219799,0.5206605107042569,46.02807359055054,67.24386170686174,0.187583155835399
O,multichannel,2y,LSTM + ratio,real_panel_lstm_ratio__LSTM__multichannel__r026,1,0.05691399080172731,0.5356269981296564,74.06140733683783,91.46842398270172,0.14727579835368876
O,multichannel,2y,LSTM + ratio,real_panel_lstm_ratio__LSTM__multichannel__r027,1,0.05684988974590283,0.5259322738816996,38.78509104313078,65.03596665121162,0.1972197571380614
O,multichannel,2y,LSTM + ratio,real_panel_lstm_ratio__LSTM__multichannel__r028,1,0.05685170316781274,0.5298816904329624,50.1921088748254,77.46579159620966,0.1746688107558832
O,multichannel,2y,LSTM + ratio,real_panel_lstm_ratio__LSTM__multichannel__r029,1,0.05691634972764625,0.541723794316279,85.36140726339976,99.49824877630593,0.17524615030072713
O,multichannel,2y,LSTM + ratio,real_panel_lstm_ratio__LSTM__multichannel__r030,1,0.05698624991641573,0.5486851112457107,92.7298283983594,103.58245937253707,0.13710997557741245
O,multichannel,2y,LSTM + ratio,real_panel_lstm_ratio__LSTM__multichannel__r031,1,0.05688869969485552,0.5345614825345351,70.212284430632,87.40175710868428,0.20052015105716728
O,multichannel,2y,LSTM + ratio,real_panel_lstm_ratio__LSTM__multichannel__r032,1,0.056915598294367854,0.5390740185211775,75.69737209909802,92.7833363227949,0.17941058787806474
O,multichannel,2y,LSTM + ratio,real_panel_lstm_ratio__LSTM__multichannel__r033,1,0.056827833556437106,0.523577960881141,56.68158236556022,71.37280958949692,0.20699618986418608
O,multichannel,2y,LSTM + ratio,real_panel_lstm_ratio__LSTM__multichannel__r034,1,0.05686619157774345,0.5304483511496872,51.857898354206995,73.08596698802107,0.16471312617735806
O,multichannel,2y,LSTM + ratio,real_panel_lstm_ratio__LSTM__multichannel__r035,1,0.05686481087971767,0.5336923475831111,67.90000362660699,84.92280995603923,0.18461353268872058
O,multichannel,2y,LSTM + ratio,real_panel_lstm_ratio__LSTM__multichannel__r036,1,0.05688566446610131,0.536418567962482,76.09123176131163,89.2614065943149,0.18886451198777332
O,multichannel,2y,LSTM + ratio,real_panel_lstm_ratio__LSTM__multichannel__r037,1,0.056956869069327606,0.5433383114927276,80.48947732885331,99.96842356294492,0.16139855453588173
O,multichannel,2y,LSTM + ratio,real_panel_lstm_ratio__LSTM__multichannel__r038,1,0.05691696378494644,0.5275077744663818,64.84035457006443,85.0456164081642,0.1861445412966426
O,multichannel,2y,LSTM + ratio,real_panel_lstm_ratio__LSTM__multichannel__r039,1,0.05697794751987535,0.5469083631423012,87.77807388656795,101.95526630002863,0.1579630933314855
O,multichannel,2y,LSTM + ratio,real_panel_lstm_ratio__LSTM__multichannel__r040,1,0.05687459276793672,0.5339049759380361,61.67017918370041,85.16666910206659,0.14732134736008712
O,multichannel,2y,LSTM + ratio,real_panel_lstm_ratio__LSTM__multichannel__r041,1,0.05713476794876312,0.5677608488921236,115.6043896440352,127.26228378453682,0.18061764380903417
O,multichannel,2y,LSTM + ratio,real_panel_lstm_ratio__LSTM__multichannel__r042,1,0.05686079498034709,0.5316455124905307,52.6631614193314,76.00351105721856,0.160007567051612
O,multichannel,2y,LSTM + ratio,real_panel_lstm_ratio__LSTM__multichannel__r043,1,0.05688128302161469,0.5334762894639317,64.23245985020013,84.25701983710053,0.171589093172738
O,multichannel,2y,LSTM + ratio,real_panel_lstm_ratio__LSTM__multichannel__r044,1,0.05813061772318946,0.7498042168372505,159.9394773013613,165.56930155094994,0.1849451629516741
O,multichannel,2y,LSTM + ratio,real_panel_lstm_ratio__LSTM__multichannel__r045,1,0.056856236953493754,0.5340692632519741,41.11667038400985,69.33421271663171,0.19883225239536118
O,multichannel,2y,LSTM + ratio,real_panel_lstm_ratio__LSTM__multichannel__r046,1,0.05688805543224143,0.5278210703238799,50.52631923657161,76.82280910554665,0.18732635611992604
O,multichannel,2y,LSTM + ratio,real_panel_lstm_ratio__LSTM__multichannel__r047,1,0.05687971941268115,0.5298847163879651,55.39912639865837,78.78508978255728,0.16874477543646413
O,multichannel,2y,LSTM + ratio,real_panel_lstm_ratio__LSTM__multichannel__r048,1,0.05690967082770064,0.533934584930379,62.38772301084962,80.43684495159519,0.16920893389200142
O,multichannel,2y,LSTM + ratio,real_panel_lstm_ratio__LSTM__multichannel__r049,1,0.05685872323751903,0.5291234921175876,50.35088079125691,70.04912497522682,0.17617141974555192
O,multichannel,2y,LSTM + ratio,real_panel_lstm_ratio__LSTM__multichannel__r050,1,0.056990316657065374,0.5437861418248637,68.56140714095791,94.02456372565743,0.1814782571532119
O,multichannel,2y,LSTM + ratio,real_panel_lstm_ratio__LSTM__multichannel__r051,1,0.0568977933103282,0.5345535965722024,65.03421413771368,82.27982713949103,0.19572825542768932
O,multichannel,2y,LSTM + ratio,real_panel_lstm_ratio__LSTM__multichannel__r052,1,0.05683964557605939,0.5286593608429581,43.71930187335178,68.01930030301308,0.17756720407671772
O,multichannel,2y,LSTM + ratio,real_panel_lstm_ratio__LSTM__multichannel__r053,1,0.0570418123247959,0.5538331390894574,96.31754767247644,113.64386258360852,0.18295659652858143
O,multichannel,2y,LSTM + ratio,real_panel_lstm_ratio__LSTM__multichannel__r054,1,0.05683548985949513,0.5271996224188288,50.498249248412954,72.28070377890931,0.20306091547224045
O,multichannel,2y,LSTM + ratio,real_panel_lstm_ratio__LSTM__multichannel__r055,1,0.05690750830831111,0.5405183186275382,79.74386323108513,93.21930111353146,0.1677874866130733
O,multichannel,2y,LSTM + ratio,real_panel_lstm_ratio__LSTM__multichannel__r056,1,0.056924313157720605,0.541366974520277,75.25175789865321,90.10263439921381,0.1784277027944581
O,multichannel,2y,LSTM + ratio,real_panel_lstm_ratio__LSTM__multichannel__r057,1,0.057017975152650016,0.5541919377429878,102.74912661907445,115.81930131008048,0.1705352576138802
O,multichannel,2y,LSTM + ratio,real_panel_lstm_ratio__LSTM__multichannel__r058,1,0.05686150371868488,0.5283503389039991,40.8675470697819,71.70087858123615,0.17583551759291438
O,multichannel,2y,LSTM + ratio,real_panel_lstm_ratio__LSTM__multichannel__r059,1,0.05702772548021263,0.5615974715332654,120.56403904070727,129.11316139598935,0.1754577926119717
O,multichannel,2y,LSTM + ratio,real_panel_lstm_ratio__LSTM__multichannel__r060,1,0.05694655887937905,0.5429565351383228,82.89824925156714,100.78070455183743,0.18021315540931956
O,multichannel,2y,LSTM + ratio,real_panel_lstm_ratio__LSTM__multichannel__r061,1,0.056988105688742595,0.5506390256442047,88.51491584321985,104.10088004652569,0.1787786250940493
O,multichannel,2y,LSTM + ratio,real_panel_lstm_ratio__LSTM__multichannel__r062,1,0.05726116147727368,0.5995267649517264,115.39386331508065,126.33245936982894,0.20382671531976582
O,multichannel,2y,LSTM + ratio,real_panel_lstm_ratio__LSTM__multichannel__r063,1,0.05693620875251519,0.5319732850460539,57.43070539534273,84.02544074996102,0.19811408041082346
O,multichannel,2y,LSTM + ratio,real_panel_lstm_ratio__LSTM__multichannel__r064,1,0.057005604314357035,0.5566107951648964,112.37807416197701,125.47456474950164,0.1408979295369979
O,multichannel,2y,LSTM + ratio,real_panel_lstm_ratio__LSTM__multichannel__r065,1,0.05713481260314642,0.5801996039155257,133.12281088478642,141.45965255559918,0.1862918494005631
O,multichannel,2y,LSTM + ratio,real_panel_lstm_ratio__LSTM__multichannel__r066,1,0.05684269532546835,0.5307723474034289,47.18509132181349,73.80438793426049,0.1768701609230167
O,multichannel,2y,LSTM + ratio,real_panel_lstm_ratio__LSTM__multichannel__r067,1,0.0567909548606033,0.5240144293627613,47.864915651325845,64.11228299859809,0.18381161760555031
O,multichannel,2y,LSTM + ratio,real_panel_lstm_ratio__LSTM__multichannel__r068,1,0.05699178481354703,0.5507961004679197,95.43158276600835,109.37368754683436,0.18477995316261514
O,multichannel,2y,LSTM + ratio,real_panel_lstm_ratio__LSTM__multichannel__r069,1,0.057566284397537096,0.6196378507979673,109.38772277716534,125.03333601338755,0.15483677398804285
O,multichannel,2y,LSTM + ratio,real_panel_lstm_ratio__LSTM__multichannel__r070,1,0.05696278584654256,0.5459678043856768,94.32017908353907,107.76228389392234,0.17119870442749785
O,multichannel,2y,LSTM + ratio,real_panel_lstm_ratio__LSTM__multichannel__r071,1,0.0568701911743991,0.5268258605109516,45.64474042353828,71.00789705291349,0.19670128247210714
O,multichannel,2y,LSTM + ratio,real_panel_lstm_ratio__LSTM__multichannel__r072,1,0.05683304020541313,0.52692156095774,26.899126243650446,64.24649237203717,0.18841322152540968
O,multichannel,2y,LSTM + ratio,real_panel_lstm_ratio__LSTM__multichannel__r073,1,0.056876863616167624,0.5351560155921866,48.76842485677397,71.2508796986899,0.15007774642793334
O,multichannel,2y,LSTM + ratio,real_panel_lstm_ratio__LSTM__multichannel__r074,1,0.05694767216402209,0.538669517208461,73.52719658499583,91.02544136847762,0.18215151379515468
O,multichannel,2y,LSTM + ratio,real_panel_lstm_ratio__LSTM__multichannel__r075,1,0.05725293392276376,0.5959261549573518,125.30965274465277,137.20965216655154,0.1754896739449403
O,multichannel,2y,LSTM + ratio,real_panel_lstm_ratio__LSTM__multichannel__r076,1,0.05690524012770506,0.5421425701273869,76.66754731254814,90.24123096973338,0.16693831104640783
O,multichannel,2y,LSTM + ratio,real_panel_lstm_ratio__LSTM__multichannel__r077,1,0.0568522151460875,0.5303898018699158,51.73333687779203,70.67017784074577,0.17697468968559818
O,multichannel,2y,LSTM + ratio,real_panel_lstm_ratio__LSTM__multichannel__r078,1,0.05688550387752775,0.5291152666201409,54.58333676950456,79.89561597718576,0.14470516103929795
O,multichannel,2y,LSTM + ratio,real_panel_lstm_ratio__LSTM__multichannel__r079,1,0.056946054976444845,0.5481795021326942,95.17368804254865,104.46842428166028,0.16270751318451457
O,multichannel,2y,LSTM + ratio,real_panel_lstm_ratio__LSTM__multichannel__r080,1,0.05692738728505829,0.5468605109528737,88.729828301604,99.51754701854759,0.18001964406676219
O,multichannel,2y,LSTM + ratio,real_panel_lstm_ratio__LSTM__multichannel__r081,1,0.05686869624505206,0.5328279905824344,62.32631938386922,84.84386185137105,0.1834983054295171
O,multichannel,2y,LSTM + ratio,real_panel_lstm_ratio__LSTM__multichannel__r082,1,0.05693247737116658,0.5421906996677208,85.19386336219569,98.19035399010703,0.1865808466942619
O,multichannel,2y,LSTM + ratio,real_panel_lstm_ratio__LSTM__multichannel__r083,1,0.05691822417138534,0.539460779690036,68.22719656302644,84.5254413174918,0.17518467497697895
O,multichannel,2y,LSTM + ratio,real_panel_lstm_ratio__LSTM__multichannel__r084,1,0.056909546460331584,0.5358680307177937,66.89123182829088,85.5543886773945,0.16073358363793838
O,multichannel,2y,LSTM + ratio,real_panel_lstm_ratio__LSTM__multichannel__r085,1,0.05689502280162974,0.537823880518061,71.75526699927364,89.76754665674927,0.17736222376232963
O,multichannel,2y,LSTM + ratio,real_panel_lstm_ratio__LSTM__multichannel__r086,1,0.05707827132987242,0.5604595057588592,89.95702119264273,106.92017838438476,0.14842143209354067
O,multichannel,2y,LSTM + ratio,real_panel_lstm_ratio__LSTM__multichannel__r087,1,0.057027160238637166,0.55931837684585,122.05088115338012,130.6263192544536,0.17359831041470009
O,multichannel,2y,LSTM + ratio,real_panel_lstm_ratio__LSTM__multichannel__r088,1,0.057069802065787496,0.5751949716991951,141.56579341955813,148.61667015826603,0.19296048332630622
O,multichannel,2y,LSTM + ratio,real_panel_lstm_ratio__LSTM__multichannel__r089,1,0.05686268380147574,0.524663281562543,62.77456489573334,82.34298515323452,0.19962909549886027
O,multichannel,2y,LSTM + ratio,real_panel_lstm_ratio__LSTM__multichannel__r090,1,0.05690083415834065,0.539204910819321,76.45965295572064,92.89123120711515,0.1771268135585225
O,multichannel,2y,LSTM + ratio,real_panel_lstm_ratio__LSTM__multichannel__r091,1,0.05694403692292776,0.5401804568783839,80.19561784662504,99.79737121111391,0.1738071084914542
O,multichannel,2y,LSTM + ratio,real_panel_lstm_ratio__LSTM__multichannel__r092,1,0.05815086265026215,0.7692272915213387,168.0008809542758,171.2131613484585,0.16713917199592854
O,multichannel,2y,LSTM + ratio,real_panel_lstm_ratio__LSTM__multichannel__r093,1,0.05686119928842566,0.5330082003196873,62.280705492848874,81.29123066165926,0.1859983316215585
O,multichannel,2y,LSTM + ratio,real_panel_lstm_ratio__LSTM__multichannel__r094,1,0.05693605553184854,0.5340077725061435,75.7096528473891,91.45175736119684,0.17584143990672513
O,multichannel,2y,LSTM + ratio,real_panel_lstm_ratio__LSTM__multichannel__r095,1,0.05705560865006907,0.5635756559110201,108.73509139239125,120.33158204121973,0.16236165573931483
O,multichannel,2y,LSTM + ratio,real_panel_lstm_ratio__LSTM__multichannel__r096,1,0.05694116026234632,0.538697781453311,75.8561440313579,96.02280944318197,0.16796511200129996
O,multichannel,2y,LSTM + ratio,real_panel_lstm_ratio__LSTM__multichannel__r097,1,0.05688746565986414,0.5341142746736406,60.73772308626957,80.04123067366842,0.19172656578909408
O,multichannel,2y,LSTM + ratio,real_panel_lstm_ratio__LSTM__multichannel__r098,1,0.056892011541018514,0.5423996150566093,79.17895094806002,93.14386263824618,0.17402124195768384
O,multichannel,2y,LSTM + ratio,real_panel_lstm_ratio__LSTM__multichannel__r099,1,0.05689994510774609,0.5316696934266303,55.81930172037306,75.24737078357415,0.18941078405121223
O,multichannel,2y,LSTM + bounded32ratio,real_panel_lstm_bounded32ratio__LSTM__multichannel__r000,1,0.0568298750491244,0.5278797960798216,36.24561765249516,58.59649327365047,0.16000111782033274
O,multichannel,2y,LSTM + bounded32ratio,real_panel_lstm_bounded32ratio__LSTM__multichannel__r001,1,0.0568903575706499,0.5281622006171635,30.252634902104333,61.296492959923896,0.16788496261760347
O,multichannel,2y,LSTM + bounded32ratio,real_panel_lstm_bounded32ratio__LSTM__multichannel__r002,1,0.05680495795970694,0.517418078069687,59.12982808240104,74.6824588231419,0.18465784765741575
O,multichannel,2y,LSTM + bounded32ratio,real_panel_lstm_bounded32ratio__LSTM__multichannel__r003,1,0.05682063151625202,0.5258755869579298,19.279827846401574,51.64473754529453,0.15685209682967016
O,multichannel,2y,LSTM + bounded32ratio,real_panel_lstm_bounded32ratio__LSTM__multichannel__r004,1,0.05681889483731965,0.5252477828154112,44.65263496314344,61.99298486278942,0.1660712597489998
O,multichannel,2y,LSTM + bounded32ratio,real_panel_lstm_bounded32ratio__LSTM__multichannel__r005,1,0.056869859293057066,0.5303517402673131,61.55702108629555,73.90789728184804,0.17972137173219482
O,multichannel,2y,LSTM + bounded32ratio,real_panel_lstm_bounded32ratio__LSTM__multichannel__r006,1,0.05688189938973871,0.5283218755419433,63.692108937538514,77.65000289910535,0.17759573310173984
O,multichannel,2y,LSTM + bounded32ratio,real_panel_lstm_bounded32ratio__LSTM__multichannel__r007,1,0.05681647633855523,0.5197264983119005,59.23245951212605,74.06930081339983,0.1860379106372226
O,multichannel,2y,LSTM + bounded32ratio,real_panel_lstm_bounded32ratio__LSTM__multichannel__r008,1,0.056785370431084246,0.5109129144746263,33.94561732982299,56.7491246433313,0.20092813238185075
O,multichannel,2y,LSTM + bounded32ratio,real_panel_lstm_bounded32ratio__LSTM__multichannel__r009,1,0.05686285217421761,0.5288664062344004,51.245617453139005,69.28596721835429,0.16765478212112406
O,multichannel,2y,LSTM + bounded32ratio,real_panel_lstm_bounded32ratio__LSTM__multichannel__r010,1,0.056908612719672916,0.5403848986827379,71.22193341022862,84.26930124763133,0.17192524977672322
O,multichannel,2y,LSTM + bounded32ratio,real_panel_lstm_bounded32ratio__LSTM__multichannel__r011,1,0.056819522982098324,0.5286849865420191,26.19737189124169,55.41666813864629,0.15393900937622895
O,multichannel,2y,LSTM + bounded32ratio,real_panel_lstm_bounded32ratio__LSTM__multichannel__r012,1,0.05684469670793064,0.5272687850671806,47.7157931020191,65.40702004302166,0.18725453051474264
O,multichannel,2y,LSTM + bounded32ratio,real_panel_lstm_bounded32ratio__LSTM__multichannel__r013,1,0.05683832504415878,0.5218268471559137,18.975441715181276,54.621053633500544,0.18430336292809762
O,multichannel,2y,LSTM + bounded32ratio,real_panel_lstm_bounded32ratio__LSTM__multichannel__r014,1,0.056817503811933914,0.5257457638942485,34.26579285092319,59.18859790167094,0.17473258164401692
O,multichannel,2y,LSTM + bounded32ratio,real_panel_lstm_bounded32ratio__LSTM__multichannel__r015,1,0.05687322819017644,0.5330044989703157,67.2114072870987,80.7552663246858,0.17277498385406975
O,multichannel,2y,LSTM + bounded32ratio,real_panel_lstm_bounded32ratio__LSTM__multichannel__r016,1,0.056804064031232206,0.5196666917686514,54.8377228382021,69.64473948617862,0.20187010435340613
O,multichannel,2y,LSTM + bounded32ratio,real_panel_lstm_bounded32ratio__LSTM__multichannel__r017,1,0.05684251868830809,0.5198998132321263,61.13070523633823,75.96754660480612,0.1954115506547324
O,multichannel,2y,LSTM + bounded32ratio,real_panel_lstm_bounded32ratio__LSTM__multichannel__r018,1,0.0568209120249472,0.5255567911176618,32.007021017948006,56.29649301041136,0.17262762109338436
O,multichannel,2y,LSTM + bounded32ratio,real_panel_lstm_bounded32ratio__LSTM__multichannel__r019,1,0.05683657877313313,0.5276482050065232,35.21754741566522,58.33684411206201,0.15820530396387705
O,multichannel,2y,LSTM + bounded32ratio,real_panel_lstm_bounded32ratio__LSTM__multichannel__r020,1,0.05681927481353966,0.5247189345148879,12.657020735480423,49.37631621417633,0.18293549353767152
O,multichannel,2y,LSTM + bounded32ratio,real_panel_lstm_bounded32ratio__LSTM__multichannel__r021,1,0.05689620845763568,0.5390645529360304,80.68772320943935,89.39824888713413,0.15669955791852833
O,multichannel,2y,LSTM + bounded32ratio,real_panel_lstm_bounded32ratio__LSTM__multichannel__r022,1,0.056840207856097134,0.5303885405185611,56.07281071532104,71.62544139928393,0.1784884995869627
O,multichannel,2y,LSTM + bounded32ratio,real_panel_lstm_bounded32ratio__LSTM__multichannel__r023,1,0.056832683004835995,0.5245140654720303,32.23596829880105,56.065791231792204,0.17650957051906113
O,multichannel,2y,LSTM + bounded32ratio,real_panel_lstm_bounded32ratio__LSTM__multichannel__r024,1,0.056849944759703334,0.5325306883756238,61.24123170167108,74.77456431778651,0.1590523327033007
O,multichannel,2y,LSTM + bounded32ratio,real_panel_lstm_bounded32ratio__LSTM__multichannel__r025,1,0.056917532049484645,0.5358557557983098,76.74123186285108,87.3096522749518,0.20101408468168114
O,multichannel,2y,LSTM + bounded32ratio,real_panel_lstm_bounded32ratio__LSTM__multichannel__r026,1,0.0568698636328711,0.5310956682958227,69.9087756795172,79.99473985135415,0.15485774513881798
O,multichannel,2y,LSTM + bounded32ratio,real_panel_lstm_bounded32ratio__LSTM__multichannel__r027,1,0.056813563281952674,0.5253499838009421,34.46140690622878,57.74737035951612,0.18558410558464022
O,multichannel,2y,LSTM + bounded32ratio,real_panel_lstm_bounded32ratio__LSTM__multichannel__r028,1,0.05685595516897229,0.5261314395491811,38.40263499071554,68.64298438365343,0.17014886473826782
O,multichannel,2y,LSTM + bounded32ratio,real_panel_lstm_bounded32ratio__LSTM__multichannel__r029,1,0.0570335108087144,0.5784350490919603,116.89123152877673,120.22982788611166,0.17811899169841539
O,multichannel,2y,LSTM + bounded32ratio,real_panel_lstm_bounded32ratio__LSTM__multichannel__r030,1,0.05684023005729794,0.529196029079296,37.73245977619685,64.44649330183027,0.13791380309008247
O,multichannel,2y,LSTM + bounded32ratio,real_panel_lstm_bounded32ratio__LSTM__multichannel__r031,1,0.05680167339087148,0.5252084621929297,11.432459370820874,54.43070228783438,0.1927057542092721
O,multichannel,2y,LSTM + bounded32ratio,real_panel_lstm_bounded32ratio__LSTM__multichannel__r032,1,0.056864393573957936,0.5280105998821767,51.67105619922185,70.53070419463859,0.18360725249858356
O,multichannel,2y,LSTM + bounded32ratio,real_panel_lstm_bounded32ratio__LSTM__multichannel__r033,1,0.05694717164771728,0.548014277528078,98.68421431890151,105.23333666844046,0.19014009454297923
O,multichannel,2y,LSTM + bounded32ratio,real_panel_lstm_bounded32ratio__LSTM__multichannel__r034,1,0.05681448989145289,0.5232893633796684,19.14123125382439,50.228948019886005,0.18691703270317261
O,multichannel,2y,LSTM + bounded32ratio,real_panel_lstm_bounded32ratio__LSTM__multichannel__r035,1,0.05688162255633032,0.5372067227347668,80.66403873166684,87.76579252362453,0.16767088770205807
O,multichannel,2y,LSTM + bounded32ratio,real_panel_lstm_bounded32ratio__LSTM__multichannel__r036,1,0.05681537593054166,0.524017984468043,37.88245954038109,57.061405580494586,0.18878171869888838
O,multichannel,2y,LSTM + bounded32ratio,real_panel_lstm_bounded32ratio__LSTM__multichannel__r037,1,0.05685301422022176,0.532561421238044,61.659652856279976,73.87719598073834,0.16822601768660542
O,multichannel,2y,LSTM + bounded32ratio,real_panel_lstm_bounded32ratio__LSTM__multichannel__r038,1,0.0568282646479015,0.5256654671612431,41.1140385026662,61.43684426583968,0.18450447521690908
O,multichannel,2y,LSTM + bounded32ratio,real_panel_lstm_bounded32ratio__LSTM__multichannel__r039,1,0.05690068180395603,0.5360259496844186,69.44561751330563,85.24386226097401,0.1613657330868802
O,multichannel,2y,LSTM + bounded32ratio,real_panel_lstm_bounded32ratio__LSTM__multichannel__r040,1,0.05693497430194589,0.5391588830836643,74.86403881339287,93.2850902479366,0.163286514543375
O,multichannel,2y,LSTM + bounded32ratio,real_panel_lstm_bounded32ratio__LSTM__multichannel__r041,1,0.05895952009354162,0.6489819831854342,110.88509125391924,128.05351115458834,0.1634729750564915
O,multichannel,2y,LSTM + bounded32ratio,real_panel_lstm_bounded32ratio__LSTM__multichannel__r042,1,0.05690861850169157,0.5343661712195757,56.67456486374652,77.42719520465434,0.16070824372173878
O,multichannel,2y,LSTM + bounded32ratio,real_panel_lstm_bounded32ratio__LSTM__multichannel__r043,1,0.05697154838627334,0.545734322176228,86.17631944995138,96.0763189868113,0.17350428011431857
O,multichannel,2y,LSTM + bounded32ratio,real_panel_lstm_bounded32ratio__LSTM__multichannel__r044,1,0.05685660992797411,0.530212538505446,41.015793091061376,64.16842298655689,0.18684298252897813
O,multichannel,2y,LSTM + bounded32ratio,real_panel_lstm_bounded32ratio__LSTM__multichannel__r045,1,0.056779620216094506,0.5233811889643305,17.645617286376016,49.78070245665621,0.1984258881748064
O,multichannel,2y,LSTM + bounded32ratio,real_panel_lstm_bounded32ratio__LSTM__multichannel__r046,1,0.05685982956019576,0.5281754161546404,31.567547459199655,59.47982647748258,0.17606621987796084
O,multichannel,2y,LSTM + bounded32ratio,real_panel_lstm_bounded32ratio__LSTM__multichannel__r047,1,0.05684273393464934,0.5254606325918684,29.423687694769356,55.99912436844414,0.17024296828002886
O,multichannel,2y,LSTM + bounded32ratio,real_panel_lstm_bounded32ratio__LSTM__multichannel__r048,1,0.0569126893501833,0.5400016552846594,85.2052669842483,93.39298567001383,0.16682366560591907
O,multichannel,2y,LSTM + bounded32ratio,real_panel_lstm_bounded32ratio__LSTM__multichannel__r049,1,0.05684083383403228,0.5289344719845102,52.1333368989355,69.59123049409234,0.19202985361939834
O,multichannel,2y,LSTM + bounded32ratio,real_panel_lstm_bounded32ratio__LSTM__multichannel__r050,1,0.0568946732277927,0.5386522691505945,85.27719674013034,95.01754714741729,0.18189153671232408
O,multichannel,2y,LSTM + bounded32ratio,real_panel_lstm_bounded32ratio__LSTM__multichannel__r051,1,0.056834834372954605,0.5229444732181097,28.9438629902796,53.640352331281406,0.19535152787266558
O,multichannel,2y,LSTM + bounded32ratio,real_panel_lstm_bounded32ratio__LSTM__multichannel__r052,1,0.05684585204572161,0.5283047967238118,49.819301888488994,67.53684485774326,0.17946425585556275
O,multichannel,2y,LSTM + bounded32ratio,real_panel_lstm_bounded32ratio__LSTM__multichannel__r053,1,0.05679702560994708,0.5179488963475993,41.807020963638806,62.07719519519898,0.2002027663784504
O,multichannel,2y,LSTM + bounded32ratio,real_panel_lstm_bounded32ratio__LSTM__multichannel__r054,1,0.05687447363096527,0.5358962614107445,68.90263503096658,81.83596777890988,0.2088336197375333
O,multichannel,2y,LSTM + bounded32ratio,real_panel_lstm_bounded32ratio__LSTM__multichannel__r055,1,0.056832977938882624,0.5198039143174091,50.59298596941201,66.57193246656952,0.17817845033652283
O,multichannel,2y,LSTM + bounded32ratio,real_panel_lstm_bounded32ratio__LSTM__multichannel__r056,1,0.05733581897990171,0.5780761455273057,86.49824907218874,99.65789763036281,0.1697508732910646
O,multichannel,2y,LSTM + bounded32ratio,real_panel_lstm_bounded32ratio__LSTM__multichannel__r057,1,0.0568197561821398,0.5277838259395883,47.81754737558486,65.64561643120956,0.16329252152829132
O,multichannel,2y,LSTM + bounded32ratio,real_panel_lstm_bounded32ratio__LSTM__multichannel__r058,1,0.05682492687746608,0.5260351143999065,8.940354079260933,50.95789505336265,0.15757290294540027
O,multichannel,2y,LSTM + bounded32ratio,real_panel_lstm_bounded32ratio__LSTM__multichannel__r059,1,0.05689326573206962,0.536286777594605,75.31491585735472,84.4780730474694,0.1679887894617731
O,multichannel,2y,LSTM + bounded32ratio,real_panel_lstm_bounded32ratio__LSTM__multichannel__r060,1,0.05677333885809855,0.5186536506506543,14.110529551735484,51.440351481422724,0.18482060864550637
O,multichannel,2y,LSTM + bounded32ratio,real_panel_lstm_bounded32ratio__LSTM__multichannel__r061,1,0.05687257362758605,0.5322054038835993,67.21754758138744,79.01052928543922,0.17875073847653525
O,multichannel,2y,LSTM + bounded32ratio,real_panel_lstm_bounded32ratio__LSTM__multichannel__r062,1,0.05682157346327485,0.5245525565519192,44.73859994231026,64.1526338174576,0.21585834712454408
O,multichannel,2y,LSTM + bounded32ratio,real_panel_lstm_bounded32ratio__LSTM__multichannel__r063,1,0.05690226460470501,0.5298896807929561,57.0587755312622,72.33070436499462,0.20333599675762215
O,multichannel,2y,LSTM + bounded32ratio,real_panel_lstm_bounded32ratio__LSTM__multichannel__r064,1,0.05690068180248169,0.5321307112250367,55.396494786499524,75.05438848390413,0.15070407691506116
O,multichannel,2y,LSTM + bounded32ratio,real_panel_lstm_bounded32ratio__LSTM__multichannel__r065,1,0.057042213424533576,0.5577033776098509,93.38772288909551,104.07017858304725,0.1864286805100007
O,multichannel,2y,LSTM + bounded32ratio,real_panel_lstm_bounded32ratio__LSTM__multichannel__r066,1,0.05687565103511077,0.5369062395068515,97.26316159153936,105.73333656831922,0.1620609815079135
O,multichannel,2y,LSTM + bounded32ratio,real_panel_lstm_bounded32ratio__LSTM__multichannel__r067,1,0.05681146856722175,0.5215111646125091,26.294740123812655,51.83859777579621,0.17721097464283053
O,multichannel,2y,LSTM + bounded32ratio,real_panel_lstm_bounded32ratio__LSTM__multichannel__r068,1,0.05682751156595872,0.5245422492859374,39.42631929081382,59.52280909956498,0.16719391040138343
O,multichannel,2y,LSTM + bounded32ratio,real_panel_lstm_bounded32ratio__LSTM__multichannel__r069,1,0.056858247510670895,0.5266176743008999,41.459652556722695,62.19473886967342,0.15846090660337547
O,multichannel,2y,LSTM + bounded32ratio,real_panel_lstm_bounded32ratio__LSTM__multichannel__r070,1,0.056792391457221265,0.5181200195188562,44.10702104102189,60.42982682559129,0.1813306889238285
O,multichannel,2y,LSTM + bounded32ratio,real_panel_lstm_bounded32ratio__LSTM__multichannel__r071,1,0.05700877752142152,0.5399345011422636,77.09912652294734,90.3552663100984,0.1972197167296065
O,multichannel,2y,LSTM + bounded32ratio,real_panel_lstm_bounded32ratio__LSTM__multichannel__r072,1,0.05678393607302414,0.5167226723404698,32.2447402598821,54.86929989603667,0.19169219849426306
O,multichannel,2y,LSTM + bounded32ratio,real_panel_lstm_bounded32ratio__LSTM__multichannel__r073,1,0.05686775459630928,0.5303839655289604,56.87193345909528,71.70000290589992,0.17730531422658533
O,multichannel,2y,LSTM + bounded32ratio,real_panel_lstm_bounded32ratio__LSTM__multichannel__r074,1,0.05680110204365789,0.5187745254522562,49.83333680786851,65.72456403427078,0.18302570529578835
O,multichannel,2y,LSTM + bounded32ratio,real_panel_lstm_bounded32ratio__LSTM__multichannel__r075,1,0.05687736186076124,0.5328495716869186,61.31140703433374,74.53245879395963,0.16710947275357635
O,multichannel,2y,LSTM + bounded32ratio,real_panel_lstm_bounded32ratio__LSTM__multichannel__r076,1,0.05684417984224914,0.5309378707165249,59.21491605664631,73.24824862706976,0.16733156252583725
O,multichannel,2y,LSTM + bounded32ratio,real_panel_lstm_bounded32ratio__LSTM__multichannel__r077,1,0.05682650406303218,0.5258321334654298,21.165792770344233,50.895614884160494,0.17755996644914326
O,multichannel,2y,LSTM + bounded32ratio,real_panel_lstm_bounded32ratio__LSTM__multichannel__r078,1,0.056857710017713926,0.5328298162713859,57.254389742298756,72.48245900611161,0.1505156354674878
O,multichannel,2y,LSTM + bounded32ratio,real_panel_lstm_bounded32ratio__LSTM__multichannel__r079,1,0.056797811457431076,0.5126593283677454,39.33245969860624,62.53421244981439,0.15967862272579889
O,multichannel,2y,LSTM + bounded32ratio,real_panel_lstm_bounded32ratio__LSTM__multichannel__r080,1,0.05684343276346723,0.5301715689509461,52.5780738456977,71.47105511353438,0.18020549182972964
O,multichannel,2y,LSTM + bounded32ratio,real_panel_lstm_bounded32ratio__LSTM__multichannel__r081,1,0.056845591446416266,0.5320758916592124,65.97895109944234,78.41403806345123,0.17598368769135564
O,multichannel,2y,LSTM + bounded32ratio,real_panel_lstm_bounded32ratio__LSTM__multichannel__r082,1,0.05701463982847973,0.5421415573116346,83.87368780115484,92.23333647017095,0.1943321291265361
O,multichannel,2y,LSTM + bounded32ratio,real_panel_lstm_bounded32ratio__LSTM__multichannel__r083,1,0.05683563176466967,0.5271141530686771,43.11754727999524,63.161405843269655,0.1899366355437923
O,multichannel,2y,LSTM + bounded32ratio,real_panel_lstm_bounded32ratio__LSTM__multichannel__r084,1,0.05712540086523358,0.5639262217436986,85.09824910025426,98.98596783801702,0.1617395310363906
O,multichannel,2y,LSTM + bounded32ratio,real_panel_lstm_bounded32ratio__LSTM__multichannel__r085,1,0.0568900214679648,0.5373123837763015,76.26579328819936,87.93596826992014,0.1730986491922273
O,multichannel,2y,LSTM + bounded32ratio,real_panel_lstm_bounded32ratio__LSTM__multichannel__r086,1,0.056811203464295634,0.5249267136802578,29.286845424620466,54.28158064666915,0.1684692554340237
O,multichannel,2y,LSTM + bounded32ratio,real_panel_lstm_bounded32ratio__LSTM__multichannel__r087,1,0.05690324955392495,0.5342594338692722,87.21228433107036,96.92982772422337,0.18724023259276862
O,multichannel,2y,LSTM + bounded32ratio,real_panel_lstm_bounded32ratio__LSTM__multichannel__r088,1,0.05691757349767226,0.5436696244403441,77.87631916835956,90.39386244104683,0.18498427511848614
O,multichannel,2y,LSTM + bounded32ratio,real_panel_lstm_bounded32ratio__LSTM__multichannel__r089,1,0.05696249544330887,0.5558103278675722,110.29123180737767,115.79824891962498,0.19718174606758512
O,multichannel,2y,LSTM + bounded32ratio,real_panel_lstm_bounded32ratio__LSTM__multichannel__r090,1,0.05689568434280507,0.5370150489173867,74.50789846857657,85.4903541547199,0.15594853056519442
O,multichannel,2y,LSTM + bounded32ratio,real_panel_lstm_bounded32ratio__LSTM__multichannel__r091,1,0.0575883878902039,0.615485412846064,117.81667039643804,131.53421354864,0.15598795861019102
O,multichannel,2y,LSTM + bounded32ratio,real_panel_lstm_bounded32ratio__LSTM__multichannel__r092,1,0.056790856802452425,0.5187077750482695,61.095617616368706,73.81666951277651,0.16972148619120758
O,multichannel,2y,LSTM + bounded32ratio,real_panel_lstm_bounded32ratio__LSTM__multichannel__r093,1,0.05685583020172944,0.538331406539507,75.31403868700095,88.13684510185509,0.18697111455110998
O,multichannel,2y,LSTM + bounded32ratio,real_panel_lstm_bounded32ratio__LSTM__multichannel__r094,1,0.05689533573249816,0.5329019375265475,67.58947737255521,79.26842412092306,0.17139207036115725
O,multichannel,2y,LSTM + bounded32ratio,real_panel_lstm_bounded32ratio__LSTM__multichannel__r095,1,0.05705264481564381,0.5573884199916729,104.37544237479095,118.63509075605785,0.15462855656885285
O,multichannel,2y,LSTM + bounded32ratio,real_panel_lstm_bounded32ratio__LSTM__multichannel__r096,1,0.05683660821342409,0.5300046968455325,6.458775213155295,55.88508804273587,0.15951173684561648
O,multichannel,2y,LSTM + bounded32ratio,real_panel_lstm_bounded32ratio__LSTM__multichannel__r097,1,0.05681825026616881,0.5265486504735328,33.71316133314084,56.87105424463185,0.1740028747644245
O,multichannel,2y,LSTM + bounded32ratio,real_panel_lstm_bounded32ratio__LSTM__multichannel__r098,1,0.05681640729053648,0.5266654940828189,30.756143761263086,59.666668322129034,0.16502616091447933
O,multichannel,2y,LSTM + bounded32ratio,real_panel_lstm_bounded32ratio__LSTM__multichannel__r099,1,0.05686391644582426,0.5319374337464358,59.18596855419814,74.44561667109204,0.17508829432849152
P,electronics,3y,LSTM + bounded32,real_panel_lstm_bounded32_cal3y__LSTM__electronics__r000,1,0.4039432382572478,3.9223376863448034,-9.236858801515668,34.52018171125488,0.3227474152910483
P,electronics,3y,LSTM + bounded32,real_panel_lstm_bounded32_cal3y__LSTM__electronics__r001,1,0.4039305747918236,3.925706816126433,-12.945619370413144,35.49798832008753,0.3321012983209525
P,electronics,3y,LSTM + bounded32,real_panel_lstm_bounded32_cal3y__LSTM__electronics__r002,1,0.40408165333160917,3.891031088036892,-11.258143692692688,36.03685916235852,0.3184390852094496
P,electronics,3y,LSTM + bounded32,real_panel_lstm_bounded32_cal3y__LSTM__electronics__r003,1,0.4043462134712502,3.9619827843017568,-23.11810476596356,37.66086944316969,0.34735710802663394
P,electronics,3y,LSTM + bounded32,real_panel_lstm_bounded32_cal3y__LSTM__electronics__r004,1,0.4044364801441058,3.9994581814513848,4.619078931403407,35.27423757520344,0.27305034970587583
P,electronics,3y,LSTM + bounded32,real_panel_lstm_bounded32_cal3y__LSTM__electronics__r005,1,0.40405868061134137,3.9077726603157816,10.50499716589589,35.50512667370341,0.33562178987262553
P,electronics,3y,LSTM + bounded32,real_panel_lstm_bounded32_cal3y__LSTM__electronics__r006,1,0.40376342895106454,3.8982791293847656,-18.98455514840305,35.511745512153134,0.3101754917544676
P,electronics,3y,LSTM + bounded32,real_panel_lstm_bounded32_cal3y__LSTM__electronics__r007,1,0.40371128163819525,3.875044257856358,-5.188838027053348,34.143024048463374,0.34173503840782604
P,electronics,3y,LSTM + bounded32,real_panel_lstm_bounded32_cal3y__LSTM__electronics__r008,1,0.40445587655869214,4.009666626946696,-26.840103503454554,38.52524323066208,0.2621295529387129
P,electronics,3y,LSTM + bounded32,real_panel_lstm_bounded32_cal3y__LSTM__electronics__r009,1,0.40422070976164115,4.0308848514407,-26.79130401745472,38.868137423567376,0.3359924732342932
P,electronics,3y,LSTM + bounded32,real_panel_lstm_bounded32_cal3y__LSTM__electronics__r010,1,0.4039121959901116,3.9193271055959538,-13.709798502031225,35.23659955845853,0.32084875776908406
P,electronics,3y,LSTM + bounded32,real_panel_lstm_bounded32_cal3y__LSTM__electronics__r011,1,0.4041905407278336,3.960099385228206,-22.61349739986414,37.03192724161261,0.3279705165178401
P,electronics,3y,LSTM + bounded32,real_panel_lstm_bounded32_cal3y__LSTM__electronics__r012,1,0.4040422135345343,3.9334156953611426,-16.258143701383418,34.8115508927493,0.330782213721964
P,electronics,3y,LSTM + bounded32,real_panel_lstm_bounded32_cal3y__LSTM__electronics__r013,1,0.4038746338541619,3.88140246450423,11.498767453291633,36.858922907357936,0.3262644397591391
P,electronics,3y,LSTM + bounded32,real_panel_lstm_bounded32_cal3y__LSTM__electronics__r014,1,0.404165914188435,3.9905392343890367,-23.27280947829788,37.771187378559,0.3308149599376265
P,electronics,3y,LSTM + bounded32,real_panel_lstm_bounded32_cal3y__LSTM__electronics__r015,1,0.4041104961823483,3.968226977119606,-12.742374740035853,34.99000640718981,0.32390418884582906
P,electronics,3y,LSTM + bounded32,real_panel_lstm_bounded32_cal3y__LSTM__electronics__r016,1,0.40420786524450836,3.975609748396822,-22.468786163734347,36.77430229012523,0.3273689607528333
P,electronics,3y,LSTM + bounded32,real_panel_lstm_bounded32_cal3y__LSTM__electronics__r017,1,0.40424477038086,3.9395831492503866,2.9319925866488066,33.95262822402443,0.31807652808010134
P,electronics,3y,LSTM + bounded32,real_panel_lstm_bounded32_cal3y__LSTM__electronics__r018,1,0.4038206092176524,3.9186987521186443,-16.870992501839957,35.5746916682314,0.3351213410685849
P,electronics,3y,LSTM + bounded32,real_panel_lstm_bounded32_cal3y__LSTM__electronics__r019,1,0.4038072850595327,3.943740079191407,-13.423750451527349,34.4924074707953,0.3044041737652909
P,electronics,3y,LSTM + bounded32,real_panel_lstm_bounded32_cal3y__LSTM__electronics__r020,1,0.4039144968311883,3.9560633256817095,-20.324074972368468,35.89448400836267,0.30988606315554207
P,electronics,3y,LSTM + bounded32,real_panel_lstm_bounded32_cal3y__LSTM__electronics__r021,1,0.4041577642124959,3.9778824666641888,-25.57949352407227,38.90304987013311,0.3435795936496786
P,electronics,3y,LSTM + bounded32,real_panel_lstm_bounded32_cal3y__LSTM__electronics__r022,1,0.4043627671613555,3.9824968388720468,14.004413099381605,38.29850762983384,0.2957728301045903
P,electronics,3y,LSTM + bounded32,real_panel_lstm_bounded32_cal3y__LSTM__electronics__r023,1,0.404497425815794,4.055499836666603,-37.90590494168881,44.91719644369247,0.303899123817795
P,electronics,3y,LSTM + bounded32,real_panel_lstm_bounded32_cal3y__LSTM__electronics__r024,1,0.404581378307329,4.097963811856415,-41.63867586968014,46.87994786796252,0.2973136923515508
P,electronics,3y,LSTM + bounded32,real_panel_lstm_bounded32_cal3y__LSTM__electronics__r025,1,0.4037867254691235,3.9046505781371867,-22.866839366178837,37.839714349123646,0.32871211868455746
P,electronics,3y,LSTM + bounded32,real_panel_lstm_bounded32_cal3y__LSTM__electronics__r026,1,0.40437481350552434,4.042083691607362,3.0830632926505825,34.250876106491624,0.31258671105817987
P,electronics,3y,LSTM + bounded32,real_panel_lstm_bounded32_cal3y__LSTM__electronics__r027,1,0.4038120080836522,3.8991356194769975,12.820506555110939,37.054899552326894,0.32123145798440184
P,electronics,3y,LSTM + bounded32,real_panel_lstm_bounded32_cal3y__LSTM__electronics__r028,1,0.4041121864939607,3.933697778140083,-24.76975955242831,37.67332887830908,0.328754914990783
P,electronics,3y,LSTM + bounded32,real_panel_lstm_bounded32_cal3y__LSTM__electronics__r029,1,0.4043150518105483,4.051664418609094,-37.93601524222309,44.46735868925786,0.3236798198049708
P,electronics,3y,LSTM + bounded32,real_panel_lstm_bounded32_cal3y__LSTM__electronics__r030,1,0.40448106127942396,3.9948009496993357,-8.442958789055174,34.11823489242715,0.3313196349615184
P,electronics,3y,LSTM + bounded32,real_panel_lstm_bounded32_cal3y__LSTM__electronics__r031,1,0.4045646288586002,4.070673852107317,-40.90123264426358,46.11888362521143,0.32092153330615997
P,electronics,3y,LSTM + bounded32,real_panel_lstm_bounded32_cal3y__LSTM__electronics__r032,1,0.40470277992319026,4.096066732558027,-44.77079786018205,49.45996084720709,0.30362435969309265
P,electronics,3y,LSTM + bounded32,real_panel_lstm_bounded32_cal3y__LSTM__electronics__r033,1,0.4045118422907147,4.086963451215031,-41.758078866817236,47.66645013603419,0.33249006078879006
P,electronics,3y,LSTM + bounded32,real_panel_lstm_bounded32_cal3y__LSTM__electronics__r034,1,0.4044214718571969,4.010452737480961,-8.371187197416292,33.9901362505145,0.3120880121799836
P,electronics,3y,LSTM + bounded32,real_panel_lstm_bounded32_cal3y__LSTM__electronics__r035,1,0.40375387265589224,3.8694308760650107,12.029461755757426,36.48449069270976,0.33918206182277993
P,electronics,3y,LSTM + bounded32,real_panel_lstm_bounded32_cal3y__LSTM__electronics__r036,1,0.40394967596018866,3.9160144054008965,2.200000369915165,33.519922165528875,0.3217072035160883
P,electronics,3y,LSTM + bounded32,real_panel_lstm_bounded32_cal3y__LSTM__electronics__r037,1,0.4042648730545212,3.976443035750209,-26.35639160989368,38.318234750738746,0.33079715877895355
P,electronics,3y,LSTM + bounded32,real_panel_lstm_bounded32_cal3y__LSTM__electronics__r038,1,0.40371900017606377,3.869466512307984,3.46190823131156,35.3284880775616,0.3296084206637987
P,electronics,3y,LSTM + bounded32,real_panel_lstm_bounded32_cal3y__LSTM__electronics__r039,1,0.4037545194597413,3.9014745998753892,10.296171703399933,36.9637898550357,0.3269390295622133
P,electronics,3y,LSTM + bounded32,real_panel_lstm_bounded32_cal3y__LSTM__electronics__r040,1,0.40429340241791445,3.982053850680705,-18.868526592920304,36.211291309412886,0.316946264443657
P,electronics,3y,LSTM + bounded32,real_panel_lstm_bounded32_cal3y__LSTM__electronics__r041,1,0.403829971746358,3.919836396380631,-10.031537611205623,35.84672285323647,0.3101271317819559
P,electronics,3y,LSTM + bounded32,real_panel_lstm_bounded32_cal3y__LSTM__electronics__r042,1,0.40408630334243306,3.9238741296663178,-7.215314359923412,35.004023349911016,0.31975108177680034
P,electronics,3y,LSTM + bounded32,real_panel_lstm_bounded32_cal3y__LSTM__electronics__r043,1,0.4039640235865472,3.9367252599852582,-27.521868554650535,39.055937533777566,0.3040665795427332
P,electronics,3y,LSTM + bounded32,real_panel_lstm_bounded32_cal3y__LSTM__electronics__r044,1,0.4038005827771706,3.9250790094941865,-10.42491853736366,34.274107690672125,0.31943596836977745
P,electronics,3y,LSTM + bounded32,real_panel_lstm_bounded32_cal3y__LSTM__electronics__r045,1,0.40398778929292034,3.865303037439371,22.787151610678684,42.532511561819454,0.31604548621702294
P,electronics,3y,LSTM + bounded32,real_panel_lstm_bounded32_cal3y__LSTM__electronics__r046,1,0.4040835677630802,3.9762198830285875,-29.256326729120016,39.79727439527958,0.31031401063546027
P,electronics,3y,LSTM + bounded32,real_panel_lstm_bounded32_cal3y__LSTM__electronics__r047,1,0.40399910100157777,3.959732974929701,-29.778325418917003,40.366255481969816,0.3316919131108658
P,electronics,3y,LSTM + bounded32,real_panel_lstm_bounded32_cal3y__LSTM__electronics__r048,1,0.40391871667425183,3.89855208939094,12.889422813586236,36.78170032200921,0.31934194694385337
P,electronics,3y,LSTM + bounded32,real_panel_lstm_bounded32_cal3y__LSTM__electronics__r049,1,0.40460439828718464,4.107048561688926,-39.56417877680048,46.21804000607031,0.3386160192013629
P,electronics,3y,LSTM + bounded32,real_panel_lstm_bounded32_cal3y__LSTM__electronics__r050,1,0.4040919298086388,4.001949433847079,-32.87254996184696,42.06035024410035,0.3515150006791297
P,electronics,3y,LSTM + bounded32,real_panel_lstm_bounded32_cal3y__LSTM__electronics__r051,1,0.40393971745658824,3.9629101858884725,-19.763270252242943,36.00908492053913,0.33516805859179105
P,electronics,3y,LSTM + bounded32,real_panel_lstm_bounded32_cal3y__LSTM__electronics__r052,1,0.4050070852115134,4.114400803264522,55.818949163619905,62.75003279639686,0.3167822751909189
P,electronics,3y,LSTM + bounded32,real_panel_lstm_bounded32_cal3y__LSTM__electronics__r053,1,0.40405269564861657,3.918869623149182,-22.95107038263763,37.46320558651453,0.3131918273719021
P,electronics,3y,LSTM + bounded32,real_panel_lstm_bounded32_cal3y__LSTM__electronics__r054,1,0.404202817183505,3.983927226581471,-28.113692067820505,39.07125233353761,0.31860139631779827
P,electronics,3y,LSTM + bounded32,real_panel_lstm_bounded32_cal3y__LSTM__electronics__r055,1,0.4040195743582045,3.9319884835880625,-20.45996073131219,37.20181692517948,0.335186937439238
P,electronics,3y,LSTM + bounded32,real_panel_lstm_bounded32_cal3y__LSTM__electronics__r056,1,0.4040521764103501,3.901087209590432,-9.935366281348845,34.797144686322156,0.3179641692761446
P,electronics,3y,LSTM + bounded32,real_panel_lstm_bounded32_cal3y__LSTM__electronics__r057,1,0.40401414073492403,3.959654568869264,-24.282283878037408,37.423880473667715,0.36420693558178646
P,electronics,3y,LSTM + bounded32,real_panel_lstm_bounded32_cal3y__LSTM__electronics__r058,1,0.4038889707994347,3.901958223429754,-17.09188801093833,36.088903211776405,0.32918450040453134
P,electronics,3y,LSTM + bounded32,real_panel_lstm_bounded32_cal3y__LSTM__electronics__r059,1,0.4037887133704791,3.882824581691662,-7.620505807606522,33.88500970648995,0.32398558998824395
P,electronics,3y,LSTM + bounded32,real_panel_lstm_bounded32_cal3y__LSTM__electronics__r060,1,0.40384410846703694,3.865735176383453,14.514601274800118,39.970279091426384,0.33158193833393546
P,electronics,3y,LSTM + bounded32,real_panel_lstm_bounded32_cal3y__LSTM__electronics__r061,1,0.4037745849757574,3.9348592182854345,-17.968980864909494,36.38818940753029,0.3007501779678965
P,electronics,3y,LSTM + bounded32,real_panel_lstm_bounded32_cal3y__LSTM__electronics__r062,1,0.40431733613440807,3.9806684537559205,-26.325502581692053,38.56846186802905,0.3113457030635744
P,electronics,3y,LSTM + bounded32,real_panel_lstm_bounded32_cal3y__LSTM__electronics__r063,1,0.40406727052944497,3.9344004623020217,-3.467098930092268,36.19935113296339,0.32884079866161386
P,electronics,3y,LSTM + bounded32,real_panel_lstm_bounded32_cal3y__LSTM__electronics__r064,1,0.4045389574837602,3.9546878582614258,21.64529561661027,40.300973588576525,0.25076613684204707
P,electronics,3y,LSTM + bounded32,real_panel_lstm_bounded32_cal3y__LSTM__electronics__r065,1,0.40422768054783326,3.938591064741238,-8.953276746631474,36.28150553555554,0.3216376341213497
P,electronics,3y,LSTM + bounded32,real_panel_lstm_bounded32_cal3y__LSTM__electronics__r066,1,0.40439863054847774,4.010764936788761,-33.76145328628967,43.187540374142706,0.32516129539389077
P,electronics,3y,LSTM + bounded32,real_panel_lstm_bounded32_cal3y__LSTM__electronics__r067,1,0.4039939325448818,3.91929731864036,-2.8295908130810488,34.534717729136254,0.34399647900817365
P,electronics,3y,LSTM + bounded32,real_panel_lstm_bounded32_cal3y__LSTM__electronics__r068,1,0.40395878559293413,3.9429819792032035,27.38650268628773,43.494743904014804,0.30218304298834386
P,electronics,3y,LSTM + bounded32,real_panel_lstm_bounded32_cal3y__LSTM__electronics__r069,1,0.4044625780899467,4.0250770811599015,-21.0716414535788,36.33679418512161,0.3005115253599497
P,electronics,3y,LSTM + bounded32,real_panel_lstm_bounded32_cal3y__LSTM__electronics__r070,1,0.4038456463845179,3.880745225376345,-3.6607393863026476,32.965606791698555,0.30606841005309915
P,electronics,3y,LSTM + bounded32,real_panel_lstm_bounded32_cal3y__LSTM__electronics__r071,1,0.40427565191482884,3.9763599292790657,-29.514989923667173,40.25243337589182,0.3089994631853882
P,electronics,3y,LSTM + bounded32,real_panel_lstm_bounded32_cal3y__LSTM__electronics__r072,1,0.4041888880471227,3.9459382210313216,-9.887994456831496,34.56314077522572,0.3073363156331434
P,electronics,3y,LSTM + bounded32,real_panel_lstm_bounded32_cal3y__LSTM__electronics__r073,1,0.4044939467723483,4.034774185707395,-25.418688851592506,38.887605335128924,0.33496857252616663
P,electronics,3y,LSTM + bounded32,real_panel_lstm_bounded32_cal3y__LSTM__electronics__r074,1,0.4038144269566899,3.908924112520612,29.9043482501756,45.2925375471916,0.33474759695041634
P,electronics,3y,LSTM + bounded32,real_panel_lstm_bounded32_cal3y__LSTM__electronics__r075,1,0.4037764645556297,3.8566107857238214,-5.717715413275303,34.646463337264315,0.3259508666840787
P,electronics,3y,LSTM + bounded32,real_panel_lstm_bounded32_cal3y__LSTM__electronics__r076,1,0.4041017628670292,3.948028453633482,-22.309668706793584,37.33497719175568,0.31696970851261697
P,electronics,3y,LSTM + bounded32,real_panel_lstm_bounded32_cal3y__LSTM__electronics__r077,1,0.40380299486945326,3.9182253536048774,-21.95483415821515,37.9714470048176,0.3224980110681912
P,electronics,3y,LSTM + bounded32,real_panel_lstm_bounded32_cal3y__LSTM__electronics__r078,1,0.40393818827658634,3.931323922207554,-9.1247238721464,33.67657362926743,0.3131483921166994
P,electronics,3y,LSTM + bounded32,real_panel_lstm_bounded32_cal3y__LSTM__electronics__r079,1,0.4039611958618522,3.9076260739915933,-22.951719290676714,38.25295248173427,0.3232303012968652
P,electronics,3y,LSTM + bounded32,real_panel_lstm_bounded32_cal3y__LSTM__electronics__r080,1,0.40388145506560347,3.9305254468668984,-19.03698863840863,36.09604142489317,0.3330397679562169
P,electronics,3y,LSTM + bounded32,real_panel_lstm_bounded32_cal3y__LSTM__electronics__r081,1,0.4045254750086782,4.078782736466614,53.19182396161381,59.23984459781738,0.31495901056410675
P,electronics,3y,LSTM + bounded32,real_panel_lstm_bounded32_cal3y__LSTM__electronics__r082,1,0.40414197264931373,3.975548239581822,-31.680856253420068,41.80311472569146,0.34073799387020987
P,electronics,3y,LSTM + bounded32,real_panel_lstm_bounded32_cal3y__LSTM__electronics__r083,1,0.40366103263764075,3.904135510991318,-0.21168035300947458,34.686696993236616,0.3308305953131068
P,electronics,3y,LSTM + bounded32,real_panel_lstm_bounded32_cal3y__LSTM__electronics__r084,1,0.40379890182129524,3.871882083508872,-21.865541510898097,37.429720847513906,0.34052550834986733
P,electronics,3y,LSTM + bounded32,real_panel_lstm_bounded32_cal3y__LSTM__electronics__r085,1,0.4039056443090562,3.88045586074062,-4.632316286570591,34.569759945092635,0.3348336448066328
P,electronics,3y,LSTM + bounded32,real_panel_lstm_bounded32_cal3y__LSTM__electronics__r086,1,0.4040295137814915,3.9015292846950516,-15.64049283328123,35.61816999408019,0.3127691091397493
P,electronics,3y,LSTM + bounded32,real_panel_lstm_bounded32_cal3y__LSTM__electronics__r087,1,0.4043019667935294,3.960488021031164,4.491629160074478,35.63244653024722,0.3144163228604567
P,electronics,3y,LSTM + bounded32,real_panel_lstm_bounded32_cal3y__LSTM__electronics__r088,1,0.40425860814691433,4.0064189221263184,-24.12212815180754,38.03153789046511,0.3240635771902169
P,electronics,3y,LSTM + bounded32,real_panel_lstm_bounded32_cal3y__LSTM__electronics__r089,1,0.4040021064904723,3.959673651600927,-22.79701458214988,36.949123790965736,0.34626012680550794
P,electronics,3y,LSTM + bounded32,real_panel_lstm_bounded32_cal3y__LSTM__electronics__r090,1,0.40421180723633937,3.944623413616009,-24.724983427786107,37.90966889187624,0.30943552366444643
P,electronics,3y,LSTM + bounded32,real_panel_lstm_bounded32_cal3y__LSTM__electronics__r091,1,0.4039598221324932,3.977120665578004,-28.624529188355737,39.8053210979149,0.32266664053281174
P,electronics,3y,LSTM + bounded32,real_panel_lstm_bounded32_cal3y__LSTM__electronics__r092,1,0.4047724551734465,4.102303945817804,-40.40207626672181,46.48332233331609,0.3278645714034301
P,electronics,3y,LSTM + bounded32,real_panel_lstm_bounded32_cal3y__LSTM__electronics__r093,1,0.4042394506353799,3.970660207520989,-13.597144362608079,34.82050609800273,0.34189358221855365
P,electronics,3y,LSTM + bounded32,real_panel_lstm_bounded32_cal3y__LSTM__electronics__r094,1,0.4043222129506236,3.937612967455515,-10.7083708141242,34.415574260793356,0.3008202626330882
P,electronics,3y,LSTM + bounded32,real_panel_lstm_bounded32_cal3y__LSTM__electronics__r095,1,0.40406276332166324,3.8905524046884556,6.481505928096823,37.11252442584053,0.30466032745098126
P,electronics,3y,LSTM + bounded32,real_panel_lstm_bounded32_cal3y__LSTM__electronics__r096,1,0.40388124278279025,3.9204885428638554,-3.2163526503567414,34.313562664274045,0.3116913549769626
P,electronics,3y,LSTM + bounded32,real_panel_lstm_bounded32_cal3y__LSTM__electronics__r097,1,0.40410869978455866,3.9422319200244686,-26.982348765389304,39.50279021602718,0.3196443555743634
P,electronics,3y,LSTM + bounded32,real_panel_lstm_bounded32_cal3y__LSTM__electronics__r098,1,0.4040709200500556,3.9715905602812054,-24.962102203862106,37.90694342644818,0.34063966646946325
P,electronics,3y,LSTM + bounded32,real_panel_lstm_bounded32_cal3y__LSTM__electronics__r099,1,0.40398399291234766,3.963484161428922,-29.073847814310295,40.26242685428715,0.3508129534214796
P,electronics,3y,LSTM + log,real_panel_lstm_log_cal3y__LSTM__electronics__r000,1,0.4044374625796513,3.9403455166154284,10.088514335638342,38.178325891688104,0.30852312575364194
P,electronics,3y,LSTM + log,real_panel_lstm_log_cal3y__LSTM__electronics__r001,1,0.4042790992023399,3.9460224799808565,-6.220635589324709,35.48630757129217,0.3172058870835233
P,electronics,3y,LSTM + log,real_panel_lstm_log_cal3y__LSTM__electronics__r002,1,0.404206085205462,3.91687504101911,7.537184016568038,39.344321948199315,0.30246272093562127
P,electronics,3y,LSTM + log,real_panel_lstm_log_cal3y__LSTM__electronics__r003,1,0.404466166292521,4.026761795473163,20.12822885623179,39.473848354169846,0.3033224314624108
P,electronics,3y,LSTM + log,real_panel_lstm_log_cal3y__LSTM__electronics__r004,1,0.4046063078596027,3.9215909344400357,-10.305126182723573,37.49604155111569,0.3111363528226313
P,electronics,3y,LSTM + log,real_panel_lstm_log_cal3y__LSTM__electronics__r005,1,0.4040236894151144,3.9101661016268934,5.426217146921183,36.711096776151344,0.31805575575877115
P,electronics,3y,LSTM + log,real_panel_lstm_log_cal3y__LSTM__electronics__r006,1,0.40443433509577253,3.9686480598745213,13.637508528329956,41.120960583032776,0.30101311572186007
P,electronics,3y,LSTM + log,real_panel_lstm_log_cal3y__LSTM__electronics__r007,1,0.4045797507313935,4.00674347580683,12.357041314482876,37.62219349820754,0.3108306670893007
P,electronics,3y,LSTM + log,real_panel_lstm_log_cal3y__LSTM__electronics__r008,1,0.4046081677561242,3.9589148948061172,14.662557211538248,38.51460101684863,0.2968501903272068
P,electronics,3y,LSTM + log,real_panel_lstm_log_cal3y__LSTM__electronics__r009,1,0.404673210915583,3.937434512678487,17.570539013319937,41.80934472975911,0.3137652861308274
P,electronics,3y,LSTM + log,real_panel_lstm_log_cal3y__LSTM__electronics__r010,1,0.40495123386382614,3.911429489883231,19.58818992844298,40.57663874218682,0.3072754372077144
P,electronics,3y,LSTM + log,real_panel_lstm_log_cal3y__LSTM__electronics__r011,1,0.4049759715681953,3.9902802361733474,34.70162278587273,47.998183283282145,0.31150090228580535
P,electronics,3y,LSTM + log,real_panel_lstm_log_cal3y__LSTM__electronics__r012,1,0.40668446537540287,4.178969554891322,64.12057155925446,72.86917626110457,0.31075530773819077
P,electronics,3y,LSTM + log,real_panel_lstm_log_cal3y__LSTM__electronics__r013,1,0.40430390338311256,3.968627438964332,11.868397563745347,36.769630251413616,0.2997825533587751
P,electronics,3y,LSTM + log,real_panel_lstm_log_cal3y__LSTM__electronics__r014,1,0.4042872140495254,3.9731371026482805,15.053861510352366,39.302011839105624,0.30831234165733756
P,electronics,3y,LSTM + log,real_panel_lstm_log_cal3y__LSTM__electronics__r015,1,0.4042212204011635,3.929008858709023,-6.385982704743615,36.697728811817,0.31208238921928516
P,electronics,3y,LSTM + log,real_panel_lstm_log_cal3y__LSTM__electronics__r016,1,0.40432897933676093,3.9464185083399865,10.462297624388517,36.027255154270364,0.3116052926858503
P,electronics,3y,LSTM + log,real_panel_lstm_log_cal3y__LSTM__electronics__r017,1,0.40421231157884335,3.9433936287627227,-4.201686804682724,34.561453575309486,0.30040098959827183
P,electronics,3y,LSTM + log,real_panel_lstm_log_cal3y__LSTM__electronics__r018,1,0.4037933595456011,3.9252882767038595,-9.3654765778462,34.44529524398454,0.30847766977152236
P,electronics,3y,LSTM + log,real_panel_lstm_log_cal3y__LSTM__electronics__r019,1,0.4043173461684659,3.990206780525567,27.890850534350637,46.3025310494085,0.3012952913743582
P,electronics,3y,LSTM + log,real_panel_lstm_log_cal3y__LSTM__electronics__r020,1,0.4037602346479993,3.859588970779428,6.7443222308646265,34.70694357246741,0.3046649007779166
P,electronics,3y,LSTM + log,real_panel_lstm_log_cal3y__LSTM__electronics__r021,1,0.4045288920231457,3.9995483724686487,21.44568504390611,42.27527594784576,0.3103064875336903
P,electronics,3y,LSTM + log,real_panel_lstm_log_cal3y__LSTM__electronics__r022,1,0.40404551538092043,3.931912229834738,-8.362102149689681,34.09318624064023,0.3002796849143349
P,electronics,3y,LSTM + log,real_panel_lstm_log_cal3y__LSTM__electronics__r023,1,0.40422120502079,3.897400567628988,2.1832580506675927,36.488514042176575,0.31012796970628714
P,electronics,3y,LSTM + log,real_panel_lstm_log_cal3y__LSTM__electronics__r024,1,0.404187489740743,3.8794628592407663,-2.2687861462754015,36.6664503697556,0.3059701305300466
P,electronics,3y,LSTM + log,real_panel_lstm_log_cal3y__LSTM__electronics__r025,1,0.40415182309782827,3.9572128671949747,2.312265133749791,35.9605451360451,0.30406583114213004
P,electronics,3y,LSTM + log,real_panel_lstm_log_cal3y__LSTM__electronics__r026,1,0.4054253660988851,4.037644228595558,39.5505520448965,53.75094124823706,0.3141977897083011
P,electronics,3y,LSTM + log,real_panel_lstm_log_cal3y__LSTM__electronics__r027,1,0.404698118872836,3.923681385979224,27.49318664408193,45.175470706857425,0.3111822887649785
P,electronics,3y,LSTM + log,real_panel_lstm_log_cal3y__LSTM__electronics__r028,1,0.404476607818914,3.9294426040389463,1.5640497079364633,34.988578884635096,0.2994386365129942
P,electronics,3y,LSTM + log,real_panel_lstm_log_cal3y__LSTM__electronics__r029,1,0.4047951197911639,4.014636115795049,28.564568925503764,43.715509679561244,0.31008509600744
P,electronics,3y,LSTM + log,real_panel_lstm_log_cal3y__LSTM__electronics__r030,1,0.404071560165311,3.9140219665499933,1.6916291968621424,35.310837183399066,0.31264608639998875
P,electronics,3y,LSTM + log,real_panel_lstm_log_cal3y__LSTM__electronics__r031,1,0.4043379339025397,3.85322912411818,7.270993223026311,39.43971455706695,0.30880751666249456
P,electronics,3y,LSTM + log,real_panel_lstm_log_cal3y__LSTM__electronics__r032,1,0.40408991438964115,3.9048637524823855,2.865542227548482,35.72083069247268,0.3055884595213871
P,electronics,3y,LSTM + log,real_panel_lstm_log_cal3y__LSTM__electronics__r033,1,0.40514998075284653,3.9823924062843163,13.289422819621642,44.46450361760185,0.3005644147518866
P,electronics,3y,LSTM + log,real_panel_lstm_log_cal3y__LSTM__electronics__r034,1,0.40468750362626627,3.9353660841825944,14.83776809798456,38.88397160299556,0.305790278981039
P,electronics,3y,LSTM + log,real_panel_lstm_log_cal3y__LSTM__electronics__r035,1,0.40442343638155454,3.994251331583709,29.215834290378336,45.181830218536184,0.32305037740277626
P,electronics,3y,LSTM + log,real_panel_lstm_log_cal3y__LSTM__electronics__r036,1,0.4039770585724842,3.9085476635740557,-8.967942553439501,33.9737832751264,0.315548567952339
P,electronics,3y,LSTM + log,real_panel_lstm_log_cal3y__LSTM__electronics__r037,1,0.40409540714442604,3.9053644978605067,-7.36327025005006,35.03932507352397,0.30711395118712714
P,electronics,3y,LSTM + log,real_panel_lstm_log_cal3y__LSTM__electronics__r038,1,0.4046581764561735,3.8794489271152095,0.5393904323629983,36.74393255651264,0.3127962291004553
P,electronics,3y,LSTM + log,real_panel_lstm_log_cal3y__LSTM__electronics__r039,1,0.4042940924568382,3.945143412810973,17.1674241690329,39.3184946071372,0.3087908862541788
P,electronics,3y,LSTM + log,real_panel_lstm_log_cal3y__LSTM__electronics__r040,1,0.40465430567228433,3.9695280177486794,25.975470857163998,43.23958487187658,0.31048957264018234
P,electronics,3y,LSTM + log,real_panel_lstm_log_cal3y__LSTM__electronics__r041,1,0.4041923890282398,3.9464601228219727,15.26502313188735,40.380142995495945,0.3028775664970218
P,electronics,3y,LSTM + log,real_panel_lstm_log_cal3y__LSTM__electronics__r042,1,0.4045217215797581,3.886638805844152,0.7539264459946527,38.36586632444611,0.30698949297666744
P,electronics,3y,LSTM + log,real_panel_lstm_log_cal3y__LSTM__electronics__r043,1,0.4039613712495688,3.9176932638460538,20.747566949784527,41.45308263806257,0.29554769830419
P,electronics,3y,LSTM + log,real_panel_lstm_log_cal3y__LSTM__electronics__r044,1,0.4043373604066878,3.96334064517858,15.049059504623624,39.61492558336273,0.29926374579700826
P,electronics,3y,LSTM + log,real_panel_lstm_log_cal3y__LSTM__electronics__r045,1,0.40429195821948766,3.9240817088607054,16.691110047102484,38.46632067260971,0.3096904219021652
P,electronics,3y,LSTM + log,real_panel_lstm_log_cal3y__LSTM__electronics__r046,1,0.40404537207636293,3.9248734952047784,-3.351070375893762,35.36067488302623,0.30193357590094194
P,electronics,3y,LSTM + log,real_panel_lstm_log_cal3y__LSTM__electronics__r047,1,0.40405281148112415,3.9233319079848044,17.321869312715343,42.14886453005407,0.3041091706139917
P,electronics,3y,LSTM + log,real_panel_lstm_log_cal3y__LSTM__electronics__r048,1,0.4041470754473374,3.9389004694056307,0.9031801200171626,34.96573656639669,0.30726657440608535
P,electronics,3y,LSTM + log,real_panel_lstm_log_cal3y__LSTM__electronics__r049,1,0.4040380581385788,3.936333479661505,1.6634656795668628,38.65996113483352,0.30676835409080655
P,electronics,3y,LSTM + log,real_panel_lstm_log_cal3y__LSTM__electronics__r050,1,0.404321232889867,3.930491431925966,-2.981829587270526,38.70694354358736,0.3095573660843876
P,electronics,3y,LSTM + log,real_panel_lstm_log_cal3y__LSTM__electronics__r051,1,0.4040721460939269,3.913014998385437,2.586243099712414,36.85048677584445,0.3130381937763844
P,electronics,3y,LSTM + log,real_panel_lstm_log_cal3y__LSTM__electronics__r052,1,0.4051123007985049,3.9750715633218485,8.622193788806683,43.30227139303464,0.30789290696138566
P,electronics,3y,LSTM + log,real_panel_lstm_log_cal3y__LSTM__electronics__r053,1,0.4042050276678247,3.9525639663085648,-3.2776115556918657,34.79454908343205,0.30179773211470334
P,electronics,3y,LSTM + log,real_panel_lstm_log_cal3y__LSTM__electronics__r054,1,0.40454473947900405,4.042501386722687,27.910318410285015,43.16638571444089,0.29859642085411603
P,electronics,3y,LSTM + log,real_panel_lstm_log_cal3y__LSTM__electronics__r055,1,0.4043393466172241,3.9118797352891983,8.259442321367406,38.247501691694524,0.30619615346812223
P,electronics,3y,LSTM + log,real_panel_lstm_log_cal3y__LSTM__electronics__r056,1,0.4047922005581638,4.010458014191387,26.555224284009817,49.39078544061034,0.30457232274641693
P,electronics,3y,LSTM + log,real_panel_lstm_log_cal3y__LSTM__electronics__r057,1,0.40481777461154134,4.105430034696413,46.991823930752524,55.833874384786135,0.31627116860709736
P,electronics,3y,LSTM + log,real_panel_lstm_log_cal3y__LSTM__electronics__r058,1,0.4042067951466363,3.925875819543782,9.783128239691749,35.28163539687511,0.30002632381163935
P,electronics,3y,LSTM + log,real_panel_lstm_log_cal3y__LSTM__electronics__r059,1,0.4049031061600619,3.9313210656107813,20.613108805485197,42.72394570634417,0.301061974639431
P,electronics,3y,LSTM + log,real_panel_lstm_log_cal3y__LSTM__electronics__r060,1,0.40442920942572747,3.893716379082429,-1.869175505206832,41.03776774972635,0.3080678997550247
P,electronics,3y,LSTM + log,real_panel_lstm_log_cal3y__LSTM__electronics__r061,1,0.40486404401275167,4.0425155633647405,23.90603545565439,44.04750180900295,0.29359469844881275
P,electronics,3y,LSTM + log,real_panel_lstm_log_cal3y__LSTM__electronics__r062,1,0.4042886134864691,3.907748711489052,-9.870083989197262,35.380791703306784,0.2993941815562658
P,electronics,3y,LSTM + log,real_panel_lstm_log_cal3y__LSTM__electronics__r063,1,0.40463382087595107,3.9591524304258074,7.676444238892927,41.03659973029554,0.303506737236671
P,electronics,3y,LSTM + log,real_panel_lstm_log_cal3y__LSTM__electronics__r064,1,0.40416352468978034,3.8944160694701306,-2.0123293328702534,35.4620376506628,0.30093789607087046
P,electronics,3y,LSTM + log,real_panel_lstm_log_cal3y__LSTM__electronics__r065,1,0.40457933239867605,3.992099396077884,20.00869604325881,43.18896839716984,0.3074383901075638
P,electronics,3y,LSTM + log,real_panel_lstm_log_cal3y__LSTM__electronics__r066,1,0.4043208855453479,3.9154134179272613,-13.843997065485638,39.094613847944665,0.3138916646827756
P,electronics,3y,LSTM + log,real_panel_lstm_log_cal3y__LSTM__electronics__r067,1,0.4042941719696113,3.936261270739612,-4.240363025083008,37.33549645236444,0.3153655456021048
P,electronics,3y,LSTM + log,real_panel_lstm_log_cal3y__LSTM__electronics__r068,1,0.4039821402497527,3.907025151888962,-2.976767978592384,35.047112278973266,0.3029349649658763
P,electronics,3y,LSTM + log,real_panel_lstm_log_cal3y__LSTM__electronics__r069,1,0.4045420908250248,3.863581690972927,5.660480582279093,42.62816362200203,0.317300523520777
P,electronics,3y,LSTM + log,real_panel_lstm_log_cal3y__LSTM__electronics__r070,1,0.4043232296238921,3.9773629352320072,-0.5796232406114001,34.60402341319597,0.2991999728878367
P,electronics,3y,LSTM + log,real_panel_lstm_log_cal3y__LSTM__electronics__r071,1,0.40466498447118376,3.887017741204083,0.6019471609682449,40.89448416305222,0.30101581424095947
P,electronics,3y,LSTM + log,real_panel_lstm_log_cal3y__LSTM__electronics__r072,1,0.40433562320979377,3.8975407815938667,11.429851130209986,36.54081776300304,0.3024770293623986
P,electronics,3y,LSTM + log,real_panel_lstm_log_cal3y__LSTM__electronics__r073,1,0.4043970385020656,3.977446554386465,20.13977975499944,40.96184316200623,0.31288906145216255
P,electronics,3y,LSTM + log,real_panel_lstm_log_cal3y__LSTM__electronics__r074,1,0.40403079712585227,3.907434060282275,11.987021804749658,40.19805334952924,0.31094642264477246
P,electronics,3y,LSTM + log,real_panel_lstm_log_cal3y__LSTM__electronics__r075,1,0.4046134516775298,3.8833389310097957,-0.6154441675698085,38.46437380837105,0.3082511196808813
P,electronics,3y,LSTM + log,real_panel_lstm_log_cal3y__LSTM__electronics__r076,1,0.4043035014793004,3.9621583297844127,11.826087321948787,39.5444517959263,0.29715004756728947
P,electronics,3y,LSTM + log,real_panel_lstm_log_cal3y__LSTM__electronics__r077,1,0.4046618847780309,3.9724254248159636,6.546658381220109,37.07099292139623,0.2981331557289587
P,electronics,3y,LSTM + log,real_panel_lstm_log_cal3y__LSTM__electronics__r078,1,0.404393598516407,4.0064528716757914,27.31278435217409,45.016872386404515,0.30002506706282633
P,electronics,3y,LSTM + log,real_panel_lstm_log_cal3y__LSTM__electronics__r079,1,0.40456084136240644,3.9810781630278815,22.590396263758006,46.626216912760526,0.3018818364622163
P,electronics,3y,LSTM + log,real_panel_lstm_log_cal3y__LSTM__electronics__r080,1,0.40456905730201737,4.016393684260197,27.187541026079824,43.5527582158951,0.31171772679790843
P,electronics,3y,LSTM + log,real_panel_lstm_log_cal3y__LSTM__electronics__r081,1,0.40489692676188765,4.047986913773873,35.5518498818016,50.384036562977194,0.2994660343183857
P,electronics,3y,LSTM + log,real_panel_lstm_log_cal3y__LSTM__electronics__r082,1,0.40429248482659774,3.9620939279261203,23.659182768822625,42.79558750532447,0.3124145973906402
P,electronics,3y,LSTM + log,real_panel_lstm_log_cal3y__LSTM__electronics__r083,1,0.40409138148384266,3.898409893159218,8.11096727180222,39.708630865413156,0.30411664955856516
P,electronics,3y,LSTM + log,real_panel_lstm_log_cal3y__LSTM__electronics__r084,1,0.4045277756441497,4.035367109366334,24.52342675706888,43.3042182499454,0.31012440816035325
P,electronics,3y,LSTM + log,real_panel_lstm_log_cal3y__LSTM__electronics__r085,1,0.4044625154758609,4.0516671822344925,24.88838454776738,43.368332469195195,0.3104882296562655
P,electronics,3y,LSTM + log,real_panel_lstm_log_cal3y__LSTM__electronics__r086,1,0.4046490934607054,4.0510215395961175,19.864633793448142,41.96067509623052,0.3030919026250255
P,electronics,3y,LSTM + log,real_panel_lstm_log_cal3y__LSTM__electronics__r087,1,0.4050251164887395,3.963420068541329,-5.016871815892527,39.10149254560854,0.3124757863877249
P,electronics,3y,LSTM + log,real_panel_lstm_log_cal3y__LSTM__electronics__r088,1,0.4040808054217049,3.900423852121998,5.1282288512367495,35.424140236617845,0.3079100661436371
P,electronics,3y,LSTM + log,real_panel_lstm_log_cal3y__LSTM__electronics__r089,1,0.40428876993894286,3.9630714652497017,7.912005614812562,36.645814512480364,0.308877954286244
P,electronics,3y,LSTM + log,real_panel_lstm_log_cal3y__LSTM__electronics__r090,1,0.40430836988477525,3.9863042768888826,9.577287887274318,35.143802871010166,0.3051480377110057
P,electronics,3y,LSTM + log,real_panel_lstm_log_cal3y__LSTM__electronics__r091,1,0.4042423182989189,3.919296425066055,-12.85217353719973,35.85905252555767,0.3039128361857851
P,electronics,3y,LSTM + log,real_panel_lstm_log_cal3y__LSTM__electronics__r092,1,0.4049220545931111,3.9456531363722287,14.576768745697743,43.316547819706344,0.3092040657888037
P,electronics,3y,LSTM + log,real_panel_lstm_log_cal3y__LSTM__electronics__r093,1,0.40408621642980874,3.9289819618876742,0.7617135450308335,36.4190785359654,0.3138864575662188
P,electronics,3y,LSTM + log,real_panel_lstm_log_cal3y__LSTM__electronics__r094,1,0.4043819725342627,3.967108897236951,-21.32290684275695,37.23127825838673,0.3087624592952562
P,electronics,3y,LSTM + log,real_panel_lstm_log_cal3y__LSTM__electronics__r095,1,0.40417445164779964,3.876191392390385,-4.204931485906134,38.5236859838324,0.3071518905797201
P,electronics,3y,LSTM + log,real_panel_lstm_log_cal3y__LSTM__electronics__r096,1,0.40436165651932165,3.8923739957804484,2.662427374131473,35.40765743406208,0.30168041556576297
P,electronics,3y,LSTM + log,real_panel_lstm_log_cal3y__LSTM__electronics__r097,1,0.4045702668091354,3.894303981818303,8.375211343719698,42.06190795233044,0.3030428523339327
P,electronics,3y,LSTM + log,real_panel_lstm_log_cal3y__LSTM__electronics__r098,1,0.40461877524404233,3.991366687079588,19.16534757283296,39.13419877214016,0.3124473452513925
P,electronics,3y,LSTM + log,real_panel_lstm_log_cal3y__LSTM__electronics__r099,1,0.40437013526849297,3.965545064289394,12.730694715145647,38.78702156133595,0.3178899947272741
P,electronics,3y,LSTM + ratio,real_panel_lstm_ratio_cal3y__LSTM__electronics__r000,1,0.4055236739695078,4.062380924259499,51.14393297511538,61.74224564082804,0.3162035550149487
P,electronics,3y,LSTM + ratio,real_panel_lstm_ratio_cal3y__LSTM__electronics__r001,1,0.40486024724471553,4.015349453067415,2.1025311772630015,38.36417918327389,0.33359779208448015
P,electronics,3y,LSTM + ratio,real_panel_lstm_ratio_cal3y__LSTM__electronics__r002,1,0.40453721000192044,3.982888375586885,1.1361457503718062,38.16275149618567,0.3140525231764712
P,electronics,3y,LSTM + ratio,real_panel_lstm_ratio_cal3y__LSTM__electronics__r003,1,0.4045565561670771,3.979916794194724,-2.356780932171994,36.99195325455588,0.3300951564661944
P,electronics,3y,LSTM + ratio,real_panel_lstm_ratio_cal3y__LSTM__electronics__r004,1,0.4048205960088248,3.9781262627764424,-15.290590187886547,37.041142087437024,0.32652849239437765
P,electronics,3y,LSTM + ratio,real_panel_lstm_ratio_cal3y__LSTM__electronics__r005,1,0.40431072331438256,3.95702269223286,0.6214150446233242,36.95833878562948,0.33538577083643123
P,electronics,3y,LSTM + ratio,real_panel_lstm_ratio_cal3y__LSTM__electronics__r006,1,0.404111289857718,3.8652051283297735,1.1105779230250177,36.3674237790211,0.3246120417837328
P,electronics,3y,LSTM + ratio,real_panel_lstm_ratio_cal3y__LSTM__electronics__r007,1,0.4043874551533269,3.9176138580850237,4.578066543971374,38.11836471831899,0.32837132818512726
P,electronics,3y,LSTM + ratio,real_panel_lstm_ratio_cal3y__LSTM__electronics__r008,1,0.4044888910169993,3.963220055054949,12.374951698095586,37.24140181896043,0.3192784581187406
P,electronics,3y,LSTM + ratio,real_panel_lstm_ratio_cal3y__LSTM__electronics__r009,1,0.4047317283506678,4.008962755197164,19.281246320925785,40.80804688389133,0.31912015377638536
P,electronics,3y,LSTM + ratio,real_panel_lstm_ratio_cal3y__LSTM__electronics__r010,1,0.4042553521271208,3.9097842032281336,20.135756415806807,41.52472437857082,0.31678203131614185
P,electronics,3y,LSTM + ratio,real_panel_lstm_ratio_cal3y__LSTM__electronics__r011,1,0.4047630603280055,3.9340003785371476,5.908371562770849,35.590395961868765,0.33436039358598857
P,electronics,3y,LSTM + ratio,real_panel_lstm_ratio_cal3y__LSTM__electronics__r012,1,0.4040785773872852,3.931465081745579,-5.641531109484242,35.12446462757835,0.32045039237824224
P,electronics,3y,LSTM + ratio,real_panel_lstm_ratio_cal3y__LSTM__electronics__r013,1,0.40452778846639725,3.985314975676353,13.423621388122509,40.8512655416404,0.30678709472493987
P,electronics,3y,LSTM + ratio,real_panel_lstm_ratio_cal3y__LSTM__electronics__r014,1,0.40491278089402366,4.045847067481029,26.959247639134293,46.235561453556585,0.3237172567797498
P,electronics,3y,LSTM + ratio,real_panel_lstm_ratio_cal3y__LSTM__electronics__r015,1,0.4045392276737528,3.9960960956421077,-18.5942890749409,38.23659955631184,0.3264969242772968
P,electronics,3y,LSTM + ratio,real_panel_lstm_ratio_cal3y__LSTM__electronics__r016,1,0.4043036563247122,3.905439136531551,1.0070087996749677,36.74094750993751,0.328435378951284
P,electronics,3y,LSTM + ratio,real_panel_lstm_ratio_cal3y__LSTM__electronics__r017,1,0.4044426762306967,3.970725539762977,-3.6375077631105723,36.108111631878245,0.32222493009164804
P,electronics,3y,LSTM + ratio,real_panel_lstm_ratio_cal3y__LSTM__electronics__r018,1,0.40544348602233066,4.088049500769552,34.38883879953847,51.037248728179144,0.32530646316942285
P,electronics,3y,LSTM + ratio,real_panel_lstm_ratio_cal3y__LSTM__electronics__r019,1,0.4042223524249979,3.9724763894050383,-7.926670622834927,40.54419203038286,0.31489959459740124
P,electronics,3y,LSTM + ratio,real_panel_lstm_ratio_cal3y__LSTM__electronics__r020,1,0.40429957693116914,3.9618503946990686,5.040104180697589,36.94821544808058,0.3221106024373429
P,electronics,3y,LSTM + ratio,real_panel_lstm_ratio_cal3y__LSTM__electronics__r021,1,0.4052985719430018,3.880675751049543,25.63127884734954,44.79571731225024,0.3322726058284151
P,electronics,3y,LSTM + ratio,real_panel_lstm_ratio_cal3y__LSTM__electronics__r022,1,0.40428342976903303,3.971165622325438,14.470344359970047,38.815574482171534,0.31199430318884785
P,electronics,3y,LSTM + ratio,real_panel_lstm_ratio_cal3y__LSTM__electronics__r023,1,0.40446585047508604,3.9918829602717047,-10.601037929329044,39.269695016401386,0.3248719890454544
P,electronics,3y,LSTM + ratio,real_panel_lstm_ratio_cal3y__LSTM__electronics__r024,1,0.40423621133050075,3.8894380561382915,11.562362456368376,37.12472426664266,0.3243275425631455
P,electronics,3y,LSTM + ratio,real_panel_lstm_ratio_cal3y__LSTM__electronics__r025,1,0.4045579199719835,3.9700437061166776,1.3883196360791235,38.09902667935808,0.32277547819003477
P,electronics,3y,LSTM + ratio,real_panel_lstm_ratio_cal3y__LSTM__electronics__r026,1,0.4042416890302052,3.9621118570678218,-4.722517463279006,37.52770931079215,0.32849345186279694
P,electronics,3y,LSTM + ratio,real_panel_lstm_ratio_cal3y__LSTM__electronics__r027,1,0.40437892470287745,3.976117600238903,8.110837476877263,37.35704095352749,0.3234310175077131
P,electronics,3y,LSTM + ratio,real_panel_lstm_ratio_cal3y__LSTM__electronics__r028,1,0.4044967246574448,3.9149938734737506,18.658793379013453,41.03958482389009,0.3296277056620223
P,electronics,3y,LSTM + ratio,real_panel_lstm_ratio_cal3y__LSTM__electronics__r029,1,0.40446119551266535,3.960341929579808,-4.453730993855338,37.29578195617817,0.32670523739942264
P,electronics,3y,LSTM + ratio,real_panel_lstm_ratio_cal3y__LSTM__electronics__r030,1,0.404436876142687,3.972097796004284,-3.6960411538980935,36.52433482868116,0.32686533033424187
P,electronics,3y,LSTM + ratio,real_panel_lstm_ratio_cal3y__LSTM__electronics__r031,1,0.4048271685351439,3.9565855458296983,23.539130830225197,43.259052795842656,0.32241209435489676
P,electronics,3y,LSTM + ratio,real_panel_lstm_ratio_cal3y__LSTM__electronics__r032,1,0.4048919476512126,3.9803800197571464,4.236210631218601,38.781310867132596,0.3247182738676105
P,electronics,3y,LSTM + ratio,real_panel_lstm_ratio_cal3y__LSTM__electronics__r033,1,0.40480721344844045,4.01192644822225,18.619857642601268,44.60402350702926,0.3210930427807507
P,electronics,3y,LSTM + ratio,real_panel_lstm_ratio_cal3y__LSTM__electronics__r034,1,0.40428010739862197,3.9537059284694642,-5.943023674398668,35.234652767408136,0.3163309502182732
P,electronics,3y,LSTM + ratio,real_panel_lstm_ratio_cal3y__LSTM__electronics__r035,1,0.4052100646890284,4.022335627025883,56.59065589021353,62.768981552478486,0.34073171017450543
P,electronics,3y,LSTM + ratio,real_panel_lstm_ratio_cal3y__LSTM__electronics__r036,1,0.40446022601554393,3.9444840231178326,1.4299809012716782,37.38481514912828,0.3296146802670711
P,electronics,3y,LSTM + ratio,real_panel_lstm_ratio_cal3y__LSTM__electronics__r037,1,0.40503080780499806,4.021236512049636,-1.4808562622146288,34.911356291777196,0.3266968029583749
P,electronics,3y,LSTM + ratio,real_panel_lstm_ratio_cal3y__LSTM__electronics__r038,1,0.40448058558578903,3.9769791952772318,18.846982902675474,39.1301754062045,0.31801339695933084
P,electronics,3y,LSTM + ratio,real_panel_lstm_ratio_cal3y__LSTM__electronics__r039,1,0.4044287440077811,4.023871171942192,2.4307596342519706,37.07345885558247,0.3207239008151967
P,electronics,3y,LSTM + ratio,real_panel_lstm_ratio_cal3y__LSTM__electronics__r040,1,0.4044893337666148,3.9242294301245417,1.0210256484178233,38.591953309429314,0.3219039209768315
P,electronics,3y,LSTM + ratio,real_panel_lstm_ratio_cal3y__LSTM__electronics__r041,1,0.4053171307213426,4.10852582794236,7.941856323668735,38.355613287914785,0.3244559544185224
P,electronics,3y,LSTM + ratio,real_panel_lstm_ratio_cal3y__LSTM__electronics__r042,1,0.4043333466901851,3.9797174013281755,-11.980142412295757,38.619208240372096,0.3238210853036656
P,electronics,3y,LSTM + ratio,real_panel_lstm_ratio_cal3y__LSTM__electronics__r043,1,0.4044757223825364,3.996226873490473,10.037119124924052,39.231148685418084,0.31409742990083483
P,electronics,3y,LSTM + ratio,real_panel_lstm_ratio_cal3y__LSTM__electronics__r044,1,0.404266737971108,3.9979949163743385,4.787281360767185,38.29850753540225,0.319571972049609
P,electronics,3y,LSTM + ratio,real_panel_lstm_ratio_cal3y__LSTM__electronics__r045,1,0.40439664633648564,3.953721153998515,5.337962739611873,36.347955949320436,0.32861086773663106
P,electronics,3y,LSTM + ratio,real_panel_lstm_ratio_cal3y__LSTM__electronics__r046,1,0.4044156666787849,3.983956232816921,6.387670727786209,39.24451663447718,0.31601489715276443
P,electronics,3y,LSTM + ratio,real_panel_lstm_ratio_cal3y__LSTM__electronics__r047,1,0.4045727187078754,3.948935830853806,19.19299197689323,41.76924089726787,0.3238145586528549
P,electronics,3y,LSTM + ratio,real_panel_lstm_ratio_cal3y__LSTM__electronics__r048,1,0.40447238218599413,3.909551472954754,6.004932242409872,35.989876751625374,0.31976119012626264
P,electronics,3y,LSTM + ratio,real_panel_lstm_ratio_cal3y__LSTM__electronics__r049,1,0.4043151653183366,4.007296746191455,-1.5480852728477474,33.8663205979144,0.32809240344937507
P,electronics,3y,LSTM + ratio,real_panel_lstm_ratio_cal3y__LSTM__electronics__r050,1,0.40407184688572506,4.011423750445887,-12.229590827981847,34.19948081323658,0.33180459753659325
P,electronics,3y,LSTM + ratio,real_panel_lstm_ratio_cal3y__LSTM__electronics__r051,1,0.4042478940340321,3.9710020080130146,-10.860739441665393,36.18221933058103,0.32665381552643796
P,electronics,3y,LSTM + ratio,real_panel_lstm_ratio_cal3y__LSTM__electronics__r052,1,0.4048698449624909,4.0016603968501085,15.074627243023366,42.256197392714476,0.32166384691137134
P,electronics,3y,LSTM + ratio,real_panel_lstm_ratio_cal3y__LSTM__electronics__r053,1,0.40468405157714665,3.954375483050154,1.2506168488125446,37.175859853194375,0.32208369255385855
P,electronics,3y,LSTM + ratio,real_panel_lstm_ratio_cal3y__LSTM__electronics__r054,1,0.40448552019258843,4.002024447907664,-11.430109970378677,36.98494478077783,0.313493827662108
P,electronics,3y,LSTM + ratio,real_panel_lstm_ratio_cal3y__LSTM__electronics__r055,1,0.4043058295381827,3.951435777524221,27.696171720568902,43.81972765170775,0.3236558748836769
P,electronics,3y,LSTM + ratio,real_panel_lstm_ratio_cal3y__LSTM__electronics__r056,1,0.40537475024023784,4.06818964547114,4.389098334403458,36.227125308121614,0.31650125981728716
P,electronics,3y,LSTM + ratio,real_panel_lstm_ratio_cal3y__LSTM__electronics__r057,1,0.404318776359356,3.8973316683808514,7.947177523133541,37.742375208038915,0.34199885136625185
P,electronics,3y,LSTM + ratio,real_panel_lstm_ratio_cal3y__LSTM__electronics__r058,1,0.4044278830650189,3.9463373672230726,1.18857921192702,37.27008439209141,0.3165938738359324
P,electronics,3y,LSTM + ratio,real_panel_lstm_ratio_cal3y__LSTM__electronics__r059,1,0.40493062693609727,4.0240142108743555,16.266580521507283,40.36158356813457,0.31797609296512575
P,electronics,3y,LSTM + ratio,real_panel_lstm_ratio_cal3y__LSTM__electronics__r060,1,0.4044283491428136,3.9642959165689784,-5.421544065669486,36.19480862336306,0.3289054609784009
P,electronics,3y,LSTM + ratio,real_panel_lstm_ratio_cal3y__LSTM__electronics__r061,1,0.40444744794397164,3.9202487019083665,-7.6241397772693835,36.735366611323876,0.30603535472027177
P,electronics,3y,LSTM + ratio,real_panel_lstm_ratio_cal3y__LSTM__electronics__r062,1,0.40476582098011543,4.0907458183161935,-7.7164175608942935,38.01155092961008,0.31420428035987097
P,electronics,3y,LSTM + ratio,real_panel_lstm_ratio_cal3y__LSTM__electronics__r063,1,0.40433342949075124,3.994044868033832,-4.288513591288937,35.590006499267176,0.3202514357391153
P,electronics,3y,LSTM + ratio,real_panel_lstm_ratio_cal3y__LSTM__electronics__r064,1,0.404524025609162,3.9910297833051063,-11.589876362267761,36.148215381360316,0.3069006772771198
P,electronics,3y,LSTM + ratio,real_panel_lstm_ratio_cal3y__LSTM__electronics__r065,1,0.40504413490974883,3.97910059105661,31.711616246244166,46.95885813371065,0.32433279982972857
P,electronics,3y,LSTM + ratio,real_panel_lstm_ratio_cal3y__LSTM__electronics__r066,1,0.40443234944505685,3.9702385264693216,10.201427970766797,37.04477619738747,0.3245939428788894
P,electronics,3y,LSTM + ratio,real_panel_lstm_ratio_cal3y__LSTM__electronics__r067,1,0.40492759972998543,4.05228662696616,-10.564178792384585,35.81842954968884,0.33347604946270726
P,electronics,3y,LSTM + ratio,real_panel_lstm_ratio_cal3y__LSTM__electronics__r068,1,0.40443574941676746,3.984316730673609,11.075146394490952,40.503828768907866,0.32031179302150636
P,electronics,3y,LSTM + ratio,real_panel_lstm_ratio_cal3y__LSTM__electronics__r069,1,0.40550671089248824,4.061609144058703,1.8726803802344238,38.34951333740893,0.3275651824730836
P,electronics,3y,LSTM + ratio,real_panel_lstm_ratio_cal3y__LSTM__electronics__r070,1,0.4049537663050031,4.070974066956284,13.21648319586036,38.618429731227074,0.3143353170820414
P,electronics,3y,LSTM + ratio,real_panel_lstm_ratio_cal3y__LSTM__electronics__r071,1,0.40482370986045463,3.994887675483144,11.235821270429103,38.24841024639356,0.32318682205919336
P,electronics,3y,LSTM + ratio,real_panel_lstm_ratio_cal3y__LSTM__electronics__r072,1,0.40462529896310423,4.012437265650967,-1.5268004107296844,37.012589249640854,0.31697903576165026
P,electronics,3y,LSTM + ratio,real_panel_lstm_ratio_cal3y__LSTM__electronics__r073,1,0.40475906078467194,3.9712194352803585,15.040493572987668,40.13977947640051,0.33332353920421004
P,electronics,3y,LSTM + ratio,real_panel_lstm_ratio_cal3y__LSTM__electronics__r074,1,0.4043928045915119,3.950346492781368,15.96119437346466,40.194289545567244,0.3285485644083928
P,electronics,3y,LSTM + ratio,real_panel_lstm_ratio_cal3y__LSTM__electronics__r075,1,0.40466899583340427,3.9947056702851653,2.7940302337521667,37.29604157249911,0.32361455616332696
P,electronics,3y,LSTM + ratio,real_panel_lstm_ratio_cal3y__LSTM__electronics__r076,1,0.4045398801238191,4.000054745470699,-6.765476656451669,36.39065541422488,0.3171569999584433
P,electronics,3y,LSTM + ratio,real_panel_lstm_ratio_cal3y__LSTM__electronics__r077,1,0.4049195493174413,4.014169737642213,9.084101636107654,38.426865785340965,0.31985670515113
P,electronics,3y,LSTM + ratio,real_panel_lstm_ratio_cal3y__LSTM__electronics__r078,1,0.4042042419622351,3.9746206799610126,2.9395201443049706,37.45606756987596,0.31780276352801995
P,electronics,3y,LSTM + ratio,real_panel_lstm_ratio_cal3y__LSTM__electronics__r079,1,0.40565680326612197,4.254175671578049,10.380402674486213,39.12355625418137,0.32742504429747543
P,electronics,3y,LSTM + ratio,real_panel_lstm_ratio_cal3y__LSTM__electronics__r080,1,0.40418722930288387,4.009697865821634,-2.600908118960826,37.500064862235696,0.3250026367343076
P,electronics,3y,LSTM + ratio,real_panel_lstm_ratio_cal3y__LSTM__electronics__r081,1,0.40441014029520134,4.001063429336892,-4.984684955521613,39.186372488358174,0.3198770695568919
P,electronics,3y,LSTM + ratio,real_panel_lstm_ratio_cal3y__LSTM__electronics__r082,1,0.40429674570599594,3.960810872548587,-11.15457458780591,36.500713769811846,0.3273988857648201
P,electronics,3y,LSTM + ratio,real_panel_lstm_ratio_cal3y__LSTM__electronics__r083,1,0.40443386325060304,3.989882474438005,-2.3992209006156466,36.20038942014164,0.32544437175962915
P,electronics,3y,LSTM + ratio,real_panel_lstm_ratio_cal3y__LSTM__electronics__r084,1,0.40477846913998605,3.887061267725101,6.88604835602446,39.1287476388075,0.33481421370597475
P,electronics,3y,LSTM + ratio,real_panel_lstm_ratio_cal3y__LSTM__electronics__r085,1,0.4042033730617598,3.975356223439739,-6.734717380597648,34.90343932261828,0.3300489535710147
P,electronics,3y,LSTM + ratio,real_panel_lstm_ratio_cal3y__LSTM__electronics__r086,1,0.40457311551936614,3.961564500261924,26.04568500028238,43.434912597882594,0.32375014617334696
P,electronics,3y,LSTM + ratio,real_panel_lstm_ratio_cal3y__LSTM__electronics__r087,1,0.4039325425541463,3.853824995876704,12.57313471790609,38.10201184157797,0.3289288296768777
P,electronics,3y,LSTM + ratio,real_panel_lstm_ratio_cal3y__LSTM__electronics__r088,1,0.40402064036402485,3.9052119178882334,-2.113043127861415,36.37676835312441,0.3257991248956192
P,electronics,3y,LSTM + ratio,real_panel_lstm_ratio_cal3y__LSTM__electronics__r089,1,0.4044672610334141,3.9726778913116894,9.092018585050655,40.53108383622503,0.3314907426856469
P,electronics,3y,LSTM + ratio,real_panel_lstm_ratio_cal3y__LSTM__electronics__r090,1,0.404651952047322,3.9706293443353533,3.0495785799246167,38.27008441063992,0.3133270608325373
P,electronics,3y,LSTM + ratio,real_panel_lstm_ratio_cal3y__LSTM__electronics__r091,1,0.4050858910500228,4.104872146732546,22.82089590598708,41.42154465270231,0.3197212160734009
P,electronics,3y,LSTM + ratio,real_panel_lstm_ratio_cal3y__LSTM__electronics__r092,1,0.4047685347010533,3.9486046391954286,2.58844948830319,39.44996765941335,0.32379157901624817
P,electronics,3y,LSTM + ratio,real_panel_lstm_ratio_cal3y__LSTM__electronics__r093,1,0.40469570039249353,3.9567833874092946,3.349124322815074,37.23880603799498,0.3301094272392922
P,electronics,3y,LSTM + ratio,real_panel_lstm_ratio_cal3y__LSTM__electronics__r094,1,0.4046458428632998,3.897391540972911,27.995328158490594,45.54523063837476,0.32193116804890815
P,electronics,3y,LSTM + ratio,real_panel_lstm_ratio_cal3y__LSTM__electronics__r095,1,0.4060768582189494,4.220409711869656,20.967683748636304,41.48397172280232,0.3220615446824043
P,electronics,3y,LSTM + ratio,real_panel_lstm_ratio_cal3y__LSTM__electronics__r096,1,0.40425313252867945,3.9813222287202525,13.15691147416898,39.09772889878076,0.30887074986784907
P,electronics,3y,LSTM + ratio,real_panel_lstm_ratio_cal3y__LSTM__electronics__r097,1,0.40466905375746526,4.000516619220521,-0.40298469791032626,38.39857237790345,0.320265805235794
P,electronics,3y,LSTM + ratio,real_panel_lstm_ratio_cal3y__LSTM__electronics__r098,1,0.4044574673726986,3.994065910078181,-9.15885752396057,36.72044120124911,0.3298169436859454
P,electronics,3y,LSTM + ratio,real_panel_lstm_ratio_cal3y__LSTM__electronics__r099,1,0.40439624733147606,3.9544128150181646,0.7329010499681216,37.44776121029142,0.3346901428212733
P,electronics,3y,LSTM + bounded32ratio,real_panel_lstm_bounded32ratio_cal3y__LSTM__electronics__r000,1,0.404238582390114,3.92262190589031,24.32485442588337,43.45321240229013,0.323316817074773
P,electronics,3y,LSTM + bounded32ratio,real_panel_lstm_bounded32ratio_cal3y__LSTM__electronics__r001,1,0.4042943910520215,3.943577578405342,3.65593804443566,37.99234269136087,0.3349351055979515
P,electronics,3y,LSTM + bounded32ratio,real_panel_lstm_bounded32ratio_cal3y__LSTM__electronics__r002,1,0.40450790554653143,3.960497515677385,26.528488439846107,46.05580819784287,0.32013955097803753
P,electronics,3y,LSTM + bounded32ratio,real_panel_lstm_bounded32ratio_cal3y__LSTM__electronics__r003,1,0.40459807614611093,3.942536116733228,13.754705146712235,39.980013094921574,0.32706727825064374
P,electronics,3y,LSTM + bounded32ratio,real_panel_lstm_bounded32ratio_cal3y__LSTM__electronics__r004,1,0.4044138714052178,3.9998000522798822,-12.703698522400526,35.869435428781955,0.32791854178513413
P,electronics,3y,LSTM + bounded32ratio,real_panel_lstm_bounded32ratio_cal3y__LSTM__electronics__r005,1,0.40431802910998377,3.95445895989498,2.3339393906297747,38.79597671724319,0.333311410174641
P,electronics,3y,LSTM + bounded32ratio,real_panel_lstm_bounded32ratio_cal3y__LSTM__electronics__r006,1,0.40456836187844314,4.049200691059893,46.62608734249216,57.344581700872276,0.31458779474799586
P,electronics,3y,LSTM + bounded32ratio,real_panel_lstm_bounded32ratio_cal3y__LSTM__electronics__r007,1,0.40397472570787996,3.9226521698786847,23.905905681867022,41.4706037497047,0.3319301979109448
P,electronics,3y,LSTM + bounded32ratio,real_panel_lstm_bounded32ratio_cal3y__LSTM__electronics__r008,1,0.4041321009760004,3.924458062113309,2.9148608668525426,38.05386121013115,0.3132012738379823
P,electronics,3y,LSTM + bounded32ratio,real_panel_lstm_bounded32ratio_cal3y__LSTM__electronics__r009,1,0.4040168945813309,3.9353181061628653,16.943543553859904,39.7129138403721,0.327136750042848
P,electronics,3y,LSTM + bounded32ratio,real_panel_lstm_bounded32ratio_cal3y__LSTM__electronics__r010,1,0.40421167465649577,3.9374585215388196,3.3242054181178307,37.27255035645044,0.31935793555677233
P,electronics,3y,LSTM + bounded32ratio,real_panel_lstm_bounded32ratio_cal3y__LSTM__electronics__r011,1,0.4045015598398629,3.9643498701496287,9.740428662436337,39.73393914139282,0.3407583645518122
P,electronics,3y,LSTM + bounded32ratio,real_panel_lstm_bounded32ratio_cal3y__LSTM__electronics__r012,1,0.4041508469817752,3.9602559939055806,18.470214513864065,39.805970290759724,0.3259464012814132
P,electronics,3y,LSTM + bounded32ratio,real_panel_lstm_bounded32ratio_cal3y__LSTM__electronics__r013,1,0.40440358667409865,4.006959407803517,-23.14678745049364,37.71187527888469,0.31389260602664254
P,electronics,3y,LSTM + bounded32ratio,real_panel_lstm_bounded32ratio_cal3y__LSTM__electronics__r014,1,0.4041644481746205,3.9383924163541626,-5.078260482006174,35.3118754432148,0.3213528565820728
P,electronics,3y,LSTM + bounded32ratio,real_panel_lstm_bounded32ratio_cal3y__LSTM__electronics__r015,1,0.40431585369362044,3.9756255070659434,2.819857623072623,39.07527584050123,0.3190250529428215
P,electronics,3y,LSTM + bounded32ratio,real_panel_lstm_bounded32ratio_cal3y__LSTM__electronics__r016,1,0.40412970871504666,3.935791116290332,-5.671511612086881,35.6523037240233,0.33164674219209594
P,electronics,3y,LSTM + bounded32ratio,real_panel_lstm_bounded32ratio_cal3y__LSTM__electronics__r017,1,0.404430764412355,3.9787057874369633,11.679299529956017,37.91317340303246,0.3304816579685134
P,electronics,3y,LSTM + bounded32ratio,real_panel_lstm_bounded32ratio_cal3y__LSTM__electronics__r018,1,0.4041699791984576,3.929559414779857,9.3916941371139,37.524854087441206,0.31935887690063924
P,electronics,3y,LSTM + bounded32ratio,real_panel_lstm_bounded32ratio_cal3y__LSTM__electronics__r019,1,0.40418764285550157,4.0181435985260885,-21.287605127061145,37.14925363849631,0.30797797469055493
P,electronics,3y,LSTM + bounded32ratio,real_panel_lstm_bounded32ratio_cal3y__LSTM__electronics__r020,1,0.4043595875817146,3.97357645857164,-3.978974305774523,36.718494519014165,0.31635833871503155
P,electronics,3y,LSTM + bounded32ratio,real_panel_lstm_bounded32ratio_cal3y__LSTM__electronics__r021,1,0.4042813349663186,3.8674644881025766,8.175470888699751,38.34964319153116,0.3263721368958437
P,electronics,3y,LSTM + bounded32ratio,real_panel_lstm_bounded32ratio_cal3y__LSTM__electronics__r022,1,0.4039877216299799,3.9400602890668006,1.8650230824689926,37.14445171177283,0.311078102463839
P,electronics,3y,LSTM + bounded32ratio,real_panel_lstm_bounded32ratio_cal3y__LSTM__electronics__r023,1,0.4044579802410644,4.015169149755179,8.642440330702996,37.427125327904925,0.32068011746274666
P,electronics,3y,LSTM + bounded32ratio,real_panel_lstm_bounded32ratio_cal3y__LSTM__electronics__r024,1,0.4043371528531731,3.9602674639616744,-8.071641438480011,36.33951982082878,0.3179063958652183
P,electronics,3y,LSTM + bounded32ratio,real_panel_lstm_bounded32ratio_cal3y__LSTM__electronics__r025,1,0.4042006196620586,3.909749302493807,22.593770686949085,42.00064914381414,0.33011853664897406
P,electronics,3y,LSTM + bounded32ratio,real_panel_lstm_bounded32ratio_cal3y__LSTM__electronics__r026,1,0.4039863931432699,3.910164109069759,-10.415054791296438,34.58014274846116,0.32865926644714377
P,electronics,3y,LSTM + bounded32ratio,real_panel_lstm_bounded32ratio_cal3y__LSTM__electronics__r027,1,0.4043596830359942,3.96549927979026,7.675535695586117,38.224529635824716,0.3185949060780174
P,electronics,3y,LSTM + bounded32ratio,real_panel_lstm_bounded32ratio_cal3y__LSTM__electronics__r028,1,0.4042804277813691,3.934016180066519,-4.762231927192335,35.355353708718006,0.32358759607483617
P,electronics,3y,LSTM + bounded32ratio,real_panel_lstm_bounded32ratio_cal3y__LSTM__electronics__r029,1,0.40471773868266453,4.049397831773788,52.97443265656492,59.671122966123235,0.33436415092519994
P,electronics,3y,LSTM + bounded32ratio,real_panel_lstm_bounded32ratio_cal3y__LSTM__electronics__r030,1,0.40423510458832373,3.9067029592151576,11.53030535058118,39.25256339445136,0.3144494974744817
P,electronics,3y,LSTM + bounded32ratio,real_panel_lstm_bounded32ratio_cal3y__LSTM__electronics__r031,1,0.4055701471801306,4.12987699237755,67.79935153471361,72.84854026163795,0.32272283994036627
P,electronics,3y,LSTM + bounded32ratio,real_panel_lstm_bounded32ratio_cal3y__LSTM__electronics__r032,1,0.4043530890663759,3.9550851562376987,22.742635075961914,41.72303718238239,0.31992604454073315
P,electronics,3y,LSTM + bounded32ratio,real_panel_lstm_bounded32ratio_cal3y__LSTM__electronics__r033,1,0.40420682120899376,3.9487666478589594,3.215834222362778,38.18507471703846,0.31873847984686954
P,electronics,3y,LSTM + bounded32ratio,real_panel_lstm_bounded32ratio_cal3y__LSTM__electronics__r034,1,0.4044625519552487,3.9634071771843935,3.489293011662533,37.41245946460411,0.32318127270419084
P,electronics,3y,LSTM + bounded32ratio,real_panel_lstm_bounded32ratio_cal3y__LSTM__electronics__r035,1,0.40450988310888786,3.970928335451133,12.016353385820794,39.743024091439345,0.3319064418872006
P,electronics,3y,LSTM + bounded32ratio,real_panel_lstm_bounded32ratio_cal3y__LSTM__electronics__r036,1,0.40381898560614077,3.8667710206730734,5.237508473263803,34.514341404568434,0.3281138221602734
P,electronics,3y,LSTM + bounded32ratio,real_panel_lstm_bounded32ratio_cal3y__LSTM__electronics__r037,1,0.40448357119130485,3.9691690674063755,-3.399999609617858,38.768981212322785,0.3166662083661449
P,electronics,3y,LSTM + bounded32ratio,real_panel_lstm_bounded32ratio_cal3y__LSTM__electronics__r038,1,0.4043636904491566,3.925348632396784,12.160026326870318,39.63854655828613,0.3249332614019593
P,electronics,3y,LSTM + bounded32ratio,real_panel_lstm_bounded32ratio_cal3y__LSTM__electronics__r039,1,0.40483769703675676,4.062806959283006,59.66411470474832,65.82868307071026,0.3246114535842216
P,electronics,3y,LSTM + bounded32ratio,real_panel_lstm_bounded32ratio_cal3y__LSTM__electronics__r040,1,0.4042165870866356,3.954561673431346,5.666969836847152,37.55743030901685,0.32941357676714567
P,electronics,3y,LSTM + bounded32ratio,real_panel_lstm_bounded32ratio_cal3y__LSTM__electronics__r041,1,0.4039701875262446,3.8972428516136834,20.78650271407293,42.26372504141782,0.3278713194276238
P,electronics,3y,LSTM + bounded32ratio,real_panel_lstm_bounded32ratio_cal3y__LSTM__electronics__r042,1,0.40429950096730194,3.9496746465471246,18.240104195459867,40.20817664478787,0.32502319112032707
P,electronics,3y,LSTM + bounded32ratio,real_panel_lstm_bounded32ratio_cal3y__LSTM__electronics__r043,1,0.4038492752994034,3.9617643397737923,31.537443654349296,47.7554836854372,0.3152664032660397
P,electronics,3y,LSTM + bounded32ratio,real_panel_lstm_bounded32ratio_cal3y__LSTM__electronics__r044,1,0.4043403272161804,3.964321000151229,6.842699947121383,39.11395209639269,0.31532484189329874
P,electronics,3y,LSTM + bounded32ratio,real_panel_lstm_bounded32ratio_cal3y__LSTM__electronics__r045,1,0.4045229342211122,4.006163557661079,13.788449441793992,38.055029388191954,0.32289455361384994
P,electronics,3y,LSTM + bounded32ratio,real_panel_lstm_bounded32ratio_cal3y__LSTM__electronics__r046,1,0.4043091834515461,3.951549802210812,-2.6537309815633305,37.21414665996152,0.30824600666901014
P,electronics,3y,LSTM + bounded32ratio,real_panel_lstm_bounded32ratio_cal3y__LSTM__electronics__r047,1,0.4041143774763822,3.9428743959498544,0.4600912158326126,37.39143416869025,0.3261494041007444
P,electronics,3y,LSTM + bounded32ratio,real_panel_lstm_bounded32ratio_cal3y__LSTM__electronics__r048,1,0.40410381154384195,3.8992023146209585,4.238806381693994,35.196106498900825,0.3167534349572509
P,electronics,3y,LSTM + bounded32ratio,real_panel_lstm_bounded32ratio_cal3y__LSTM__electronics__r049,1,0.4041212341325308,3.9501017078022413,2.280208017839524,36.0977287854338,0.33168129300528015
P,electronics,3y,LSTM + bounded32ratio,real_panel_lstm_bounded32ratio_cal3y__LSTM__electronics__r050,1,0.40395964687199293,3.924452935604494,-6.290200809506476,35.80116811323255,0.3248548189333216
P,electronics,3y,LSTM + bounded32ratio,real_panel_lstm_bounded32ratio_cal3y__LSTM__electronics__r051,1,0.4040058989063446,3.91762241488911,2.1519796196660232,36.615055226790346,0.3257410491248195
P,electronics,3y,LSTM + bounded32ratio,real_panel_lstm_bounded32ratio_cal3y__LSTM__electronics__r052,1,0.40440215020718295,4.00320013576374,9.764698623512656,37.42310192333537,0.3132128302422037
P,electronics,3y,LSTM + bounded32ratio,real_panel_lstm_bounded32ratio_cal3y__LSTM__electronics__r053,1,0.40455531934034533,3.9733500686069667,-2.769110591385431,37.700194720191526,0.32079569735255925
P,electronics,3y,LSTM + bounded32ratio,real_panel_lstm_bounded32ratio_cal3y__LSTM__electronics__r054,1,0.40424426137056474,3.925851883934848,8.940428680447667,37.82530838723662,0.30915854239867985
P,electronics,3y,LSTM + bounded32ratio,real_panel_lstm_bounded32ratio_cal3y__LSTM__electronics__r055,1,0.40424432482808653,3.9244131488411558,-1.6982474962509246,36.279688565750064,0.3157487198106184
P,electronics,3y,LSTM + bounded32ratio,real_panel_lstm_bounded32ratio_cal3y__LSTM__electronics__r056,1,0.4045328022437652,4.0009737556485,32.04477652372499,46.56677503809013,0.3101452039511563
P,electronics,3y,LSTM + bounded32ratio,real_panel_lstm_bounded32ratio_cal3y__LSTM__electronics__r057,1,0.4041001993917007,3.9184347162056423,12.920441645173883,40.52407544811532,0.3405979290713631
P,electronics,3y,LSTM + bounded32ratio,real_panel_lstm_bounded32ratio_cal3y__LSTM__electronics__r058,1,0.404353745474474,3.962349639303955,23.476314480237466,43.03140838557667,0.31475480170124076
P,electronics,3y,LSTM + bounded32ratio,real_panel_lstm_bounded32ratio_cal3y__LSTM__electronics__r059,1,0.40417457275862745,3.9180674601920455,4.309409840765432,37.70772232412674,0.3258005260757445
P,electronics,3y,LSTM + bounded32ratio,real_panel_lstm_bounded32ratio_cal3y__LSTM__electronics__r060,1,0.40392466893186596,3.9154860925881865,-4.444126848033025,36.039195308569965,0.33014825907335
P,electronics,3y,LSTM + bounded32ratio,real_panel_lstm_bounded32ratio_cal3y__LSTM__electronics__r061,1,0.40422952371292525,3.928649527612172,7.520571446132539,36.987929977310365,0.30601947111134015
P,electronics,3y,LSTM + bounded32ratio,real_panel_lstm_bounded32ratio_cal3y__LSTM__electronics__r062,1,0.404493271426962,4.007281259905169,7.594679160412745,36.53510719004986,0.3135760558646886
P,electronics,3y,LSTM + bounded32ratio,real_panel_lstm_bounded32ratio_cal3y__LSTM__electronics__r063,1,0.40410607329097076,3.9294663648310895,3.117716151708347,36.79454910495158,0.3165911393301749
P,electronics,3y,LSTM + bounded32ratio,real_panel_lstm_bounded32ratio_cal3y__LSTM__electronics__r064,1,0.4040857355867595,3.889442565830751,10.466840076498874,38.167813226506844,0.3091105557078282
P,electronics,3y,LSTM + bounded32ratio,real_panel_lstm_bounded32ratio_cal3y__LSTM__electronics__r065,1,0.40411769319879565,3.9030062991705337,1.4305000762876434,35.99091506834182,0.31967205113722075
P,electronics,3y,LSTM + bounded32ratio,real_panel_lstm_bounded32ratio_cal3y__LSTM__electronics__r066,1,0.4045404236313574,3.9587866458053473,29.98377722400935,46.70746293587341,0.3288410810647769
P,electronics,3y,LSTM + bounded32ratio,real_panel_lstm_bounded32ratio_cal3y__LSTM__electronics__r067,1,0.4041054682527212,3.920510606512738,8.06074016571872,37.118234996512236,0.3445083253277686
P,electronics,3y,LSTM + bounded32ratio,real_panel_lstm_bounded32ratio_cal3y__LSTM__electronics__r068,1,0.40404304214174,3.9362909724980955,8.231408589327255,37.119922216689716,0.32603757528956295
P,electronics,3y,LSTM + bounded32ratio,real_panel_lstm_bounded32ratio_cal3y__LSTM__electronics__r069,1,0.404721274356584,3.9948979182448476,29.82102574867902,47.47034415808465,0.3301154445037136
P,electronics,3y,LSTM + bounded32ratio,real_panel_lstm_bounded32ratio_cal3y__LSTM__electronics__r070,1,0.40470043141937945,3.9797319665468263,43.712524767320716,55.15444541780912,0.3217478712653759
P,electronics,3y,LSTM + bounded32ratio,real_panel_lstm_bounded32ratio_cal3y__LSTM__electronics__r071,1,0.4043199976289952,3.9502169106068084,-5.659181983445966,34.96924078774607,0.3219656166541949
P,electronics,3y,LSTM + bounded32ratio,real_panel_lstm_bounded32ratio_cal3y__LSTM__electronics__r072,1,0.4043482061772954,3.9440619471208755,24.73406919775583,42.89318642728292,0.32638314890055836
P,electronics,3y,LSTM + bounded32ratio,real_panel_lstm_bounded32ratio_cal3y__LSTM__electronics__r073,1,0.4044124034182384,3.9667090316281652,-13.423490866557689,39.02089546821677,0.3326862853048627
P,electronics,3y,LSTM + bounded32ratio,real_panel_lstm_bounded32ratio_cal3y__LSTM__electronics__r074,1,0.40397732961661936,3.9343733114441233,-1.624658942542421,34.77326413992149,0.3250846197981164
P,electronics,3y,LSTM + bounded32ratio,real_panel_lstm_bounded32ratio_cal3y__LSTM__electronics__r075,1,0.4048015716899339,3.972441038373508,34.74769679124478,52.53303081359549,0.31504039453813226
P,electronics,3y,LSTM + bounded32ratio,real_panel_lstm_bounded32ratio_cal3y__LSTM__electronics__r076,1,0.4043854346355913,3.957025688191398,8.831019184369497,39.37352380241187,0.3174017133827296
P,electronics,3y,LSTM + bounded32ratio,real_panel_lstm_bounded32ratio_cal3y__LSTM__electronics__r077,1,0.40441192525492603,3.996641526772185,-6.11732600679564,37.3510708023282,0.3148106547706786
P,electronics,3y,LSTM + bounded32ratio,real_panel_lstm_bounded32ratio_cal3y__LSTM__electronics__r078,1,0.4041367054117175,3.94807621839982,7.435042552418991,38.438027369318945,0.3185361298096911
P,electronics,3y,LSTM + bounded32ratio,real_panel_lstm_bounded32ratio_cal3y__LSTM__electronics__r079,1,0.4042107730893255,3.9685424561732194,-4.844126843507197,38.2193381209434,0.3227686269062948
P,electronics,3y,LSTM + bounded32ratio,real_panel_lstm_bounded32ratio_cal3y__LSTM__electronics__r080,1,0.40402301209754904,3.925489361392423,11.113433242113,39.18559386660533,0.32531591426184686
P,electronics,3y,LSTM + bounded32ratio,real_panel_lstm_bounded32ratio_cal3y__LSTM__electronics__r081,1,0.4041670436332517,3.9246260343685955,9.149643447323138,38.96794296536075,0.3147452191744986
P,electronics,3y,LSTM + bounded32ratio,real_panel_lstm_bounded32ratio_cal3y__LSTM__electronics__r082,1,0.40403511462882225,3.9235397291040037,2.215055554245688,35.87605457071221,0.32740645872118296
P,electronics,3y,LSTM + bounded32ratio,real_panel_lstm_bounded32ratio_cal3y__LSTM__electronics__r083,1,0.4040662318293676,3.918976225761499,9.910188563165514,37.44477624028899,0.31438621406312117
P,electronics,3y,LSTM + bounded32ratio,real_panel_lstm_bounded32ratio_cal3y__LSTM__electronics__r084,1,0.40427911826642665,3.893091936726885,11.844776524321373,38.83270615775867,0.3374888056212832
P,electronics,3y,LSTM + bounded32ratio,real_panel_lstm_bounded32ratio_cal3y__LSTM__electronics__r085,1,0.40427368892945387,3.9692402047856934,-1.6028549307009623,37.615055190931116,0.32730468689738035
P,electronics,3y,LSTM + bounded32ratio,real_panel_lstm_bounded32ratio_cal3y__LSTM__electronics__r086,1,0.4043370928277572,3.9406749665927245,34.37884536974899,49.00103856215343,0.3257936793679829
P,electronics,3y,LSTM + bounded32ratio,real_panel_lstm_bounded32ratio_cal3y__LSTM__electronics__r087,1,0.4042572048133938,3.9696402448834545,0.34458180821484685,38.78818954536624,0.32318587443969565
P,electronics,3y,LSTM + bounded32ratio,real_panel_lstm_bounded32ratio_cal3y__LSTM__electronics__r088,1,0.4041517790330108,3.9139314478968843,15.407657763623865,40.319792522718174,0.32806564418091017
P,electronics,3y,LSTM + bounded32ratio,real_panel_lstm_bounded32ratio_cal3y__LSTM__electronics__r089,1,0.40413844110798336,3.929769818729282,8.73562662406238,36.831667883146956,0.3264021389442672
P,electronics,3y,LSTM + bounded32ratio,real_panel_lstm_bounded32ratio_cal3y__LSTM__electronics__r090,1,0.40395006543924494,3.917694277017459,-1.4133675711981242,37.13173268397327,0.31646550130140705
P,electronics,3y,LSTM + bounded32ratio,real_panel_lstm_bounded32ratio_cal3y__LSTM__electronics__r091,1,0.4042388281150011,3.9199308337450756,13.046853073798776,39.578196087548086,0.3181360477902119
P,electronics,3y,LSTM + bounded32ratio,real_panel_lstm_bounded32ratio_cal3y__LSTM__electronics__r092,1,0.40437723219310806,3.9594081144483306,-4.721349381719756,37.248799526060104,0.33075169988745456
P,electronics,3y,LSTM + bounded32ratio,real_panel_lstm_bounded32ratio_cal3y__LSTM__electronics__r093,1,0.4042082588415922,3.938850783292206,-0.16132341427371677,35.623750860511514,0.33184295590875196
P,electronics,3y,LSTM + bounded32ratio,real_panel_lstm_bounded32ratio_cal3y__LSTM__electronics__r094,1,0.40397841732289874,3.881916945586922,-3.30447724370369,36.743024002931676,0.3229976746972023
P,electronics,3y,LSTM + bounded32ratio,real_panel_lstm_bounded32ratio_cal3y__LSTM__electronics__r095,1,0.40445083424040773,4.014906682456329,-7.191433794062284,35.43984420462479,0.3142779294495058
P,electronics,3y,LSTM + bounded32ratio,real_panel_lstm_bounded32ratio_cal3y__LSTM__electronics__r096,1,0.4041194322829113,3.94496029575043,9.148864755841998,37.727968932578456,0.316796887390606
P,electronics,3y,LSTM + bounded32ratio,real_panel_lstm_bounded32ratio_cal3y__LSTM__electronics__r097,1,0.40415468474237076,3.965542555579974,-11.62543765551469,35.96080464146557,0.3154123839190481
P,electronics,3y,LSTM + bounded32ratio,real_panel_lstm_bounded32ratio_cal3y__LSTM__electronics__r098,1,0.4039318855642548,3.8981286822740406,10.305256735941906,37.81258935709514,0.32666230300806776
P,electronics,3y,LSTM + bounded32ratio,real_panel_lstm_bounded32ratio_cal3y__LSTM__electronics__r099,1,0.40398259973188116,3.939040413963255,-13.703698565138623,37.54691759254034,0.3374315656379453
P,gift,3y,LSTM + bounded32,real_panel_lstm_bounded32_cal3y__LSTM__gift__r000,1,0.10004526618333524,1.054111051027084,21.005001223932382,28.57423140461398,0.4388611746056513
P,gift,3y,LSTM + bounded32,real_panel_lstm_bounded32_cal3y__LSTM__gift__r001,1,0.10013262002789257,1.0851025183278413,-15.997691189069005,29.626922737247412,0.39523985982559395
P,gift,3y,LSTM + bounded32,real_panel_lstm_bounded32_cal3y__LSTM__gift__r002,1,0.1000419478528355,1.06786801910566,-4.314229599952663,30.14653834191938,0.4124143080031106
P,gift,3y,LSTM + bounded32,real_panel_lstm_bounded32_cal3y__LSTM__gift__r003,1,0.1001060453859097,1.0709272933941445,-15.431537370045481,27.003845827958543,0.4346223828048663
P,gift,3y,LSTM + bounded32,real_panel_lstm_bounded32_cal3y__LSTM__gift__r004,1,0.1000426740649217,1.0541879260323235,-10.101345045953478,26.637115180649147,0.42599716461249376
P,gift,3y,LSTM + bounded32,real_panel_lstm_bounded32_cal3y__LSTM__gift__r005,1,0.10001686420997542,1.0545413586651682,-10.250768130354347,25.983845966111424,0.429510909111021
P,gift,3y,LSTM + bounded32,real_panel_lstm_bounded32_cal3y__LSTM__gift__r006,1,0.0999323954469512,1.033244353899426,-3.2194219218444156,25.806730710766985,0.403910895888265
P,gift,3y,LSTM + bounded32,real_panel_lstm_bounded32_cal3y__LSTM__gift__r007,1,0.1000102175313285,1.0509328643611007,-0.1990372571165503,27.408269190614522,0.400920692779567
P,gift,3y,LSTM + bounded32,real_panel_lstm_bounded32_cal3y__LSTM__gift__r008,1,0.10012288390923571,1.0790845326686018,-22.52192201498076,33.23038416818384,0.42824929485523805
P,gift,3y,LSTM + bounded32,real_panel_lstm_bounded32_cal3y__LSTM__gift__r009,1,0.100011892896663,1.0528730722134039,-2.3103834598220354,29.37269225501669,0.43454046340656094
P,gift,3y,LSTM + bounded32,real_panel_lstm_bounded32_cal3y__LSTM__gift__r010,1,0.10009830242092758,1.0684615025326292,-0.8776911696457563,25.699999794149075,0.44246815202557205
P,gift,3y,LSTM + bounded32,real_panel_lstm_bounded32_cal3y__LSTM__gift__r011,1,0.1001252109105871,1.0581463005665634,10.742885761764155,30.5175000857427,0.41387750318752003
P,gift,3y,LSTM + bounded32,real_panel_lstm_bounded32_cal3y__LSTM__gift__r012,1,0.09997358955049783,1.0478894650911579,-8.866729647494521,25.099422882328998,0.42373811794741306
P,gift,3y,LSTM + bounded32,real_panel_lstm_bounded32_cal3y__LSTM__gift__r013,1,0.1000537405010258,1.0765722684230281,-17.14519115283554,27.297115065627608,0.4170910712508675
P,gift,3y,LSTM + bounded32,real_panel_lstm_bounded32_cal3y__LSTM__gift__r014,1,0.09999559155820464,1.061739309762228,-6.719998946444959,26.1499998920212,0.43677994098089984
P,gift,3y,LSTM + bounded32,real_panel_lstm_bounded32_cal3y__LSTM__gift__r015,1,0.10008396068958786,1.080184069018674,-12.597883503633566,24.46365346093312,0.42857986861887803
P,gift,3y,LSTM + bounded32,real_panel_lstm_bounded32_cal3y__LSTM__gift__r016,1,0.10007042211736522,1.076501872840137,-7.99846038370095,25.59961515254918,0.4219892482277398
P,gift,3y,LSTM + bounded32,real_panel_lstm_bounded32_cal3y__LSTM__gift__r017,1,0.10000318114029637,1.0525793753732315,-15.154037385453831,25.73365361308862,0.4090670914426312
P,gift,3y,LSTM + bounded32,real_panel_lstm_bounded32_cal3y__LSTM__gift__r018,1,0.0999189375223594,1.0289911891315502,5.237693517186524,29.27230768660172,0.43329131049950714
P,gift,3y,LSTM + bounded32,real_panel_lstm_bounded32_cal3y__LSTM__gift__r019,1,0.10006340748551601,1.0725474666141912,0.16461659422062142,25.193846047958896,0.42073788649393956
P,gift,3y,LSTM + bounded32,real_panel_lstm_bounded32_cal3y__LSTM__gift__r020,1,0.09993945604129133,1.0477068984644953,-10.726537355871276,25.54499980512239,0.42658977341829646
P,gift,3y,LSTM + bounded32,real_panel_lstm_bounded32_cal3y__LSTM__gift__r021,1,0.09994634015665672,1.0455251758326938,-14.038075829762288,24.664614926150623,0.4420357552405662
P,gift,3y,LSTM + bounded32,real_panel_lstm_bounded32_cal3y__LSTM__gift__r022,1,0.10001938911851234,1.0510485041862314,-3.3394219032312287,25.97596140117207,0.38738743935583786
P,gift,3y,LSTM + bounded32,real_panel_lstm_bounded32_cal3y__LSTM__gift__r023,1,0.10013922413396932,1.0858715023385435,-0.09499886644081156,29.894615327469243,0.4344733580568906
P,gift,3y,LSTM + bounded32,real_panel_lstm_bounded32_cal3y__LSTM__gift__r024,1,0.10018150543110664,1.0787069105025848,16.24153968929551,29.08423107831567,0.39883562718471266
P,gift,3y,LSTM + bounded32,real_panel_lstm_bounded32_cal3y__LSTM__gift__r025,1,0.10007608386953314,1.0554291102859306,5.54692427589655,32.14884616656209,0.41350330856524903
P,gift,3y,LSTM + bounded32,real_panel_lstm_bounded32_cal3y__LSTM__gift__r026,1,0.09996385622337373,1.0369206714538646,-3.324421905317212,24.50326907419369,0.4311103530018003
P,gift,3y,LSTM + bounded32,real_panel_lstm_bounded32_cal3y__LSTM__gift__r027,1,0.10006011417731717,1.06908589911295,-21.236729683833808,29.99326866108917,0.41108982274215233
P,gift,3y,LSTM + bounded32,real_panel_lstm_bounded32_cal3y__LSTM__gift__r028,1,0.10010515045699016,1.0782667256752638,-15.845191208959344,26.4224995614496,0.4386373687089428
P,gift,3y,LSTM + bounded32,real_panel_lstm_bounded32_cal3y__LSTM__gift__r029,1,0.10009447488298376,1.081065029177976,-24.96884513514297,30.119230270524632,0.4371313452893694
P,gift,3y,LSTM + bounded32,real_panel_lstm_bounded32_cal3y__LSTM__gift__r030,1,0.10016244862962105,1.0813039858967317,-5.087883503203377,26.39519221543406,0.423365184392754
P,gift,3y,LSTM + bounded32,real_panel_lstm_bounded32_cal3y__LSTM__gift__r031,1,0.10000378584239536,1.0637291496471566,2.6371165080208288,25.857884656243847,0.42368647109574287
P,gift,3y,LSTM + bounded32,real_panel_lstm_bounded32_cal3y__LSTM__gift__r032,1,0.09998122501806143,1.0409312089161493,-9.115960381191046,26.48442276744537,0.43009416866341654
P,gift,3y,LSTM + bounded32,real_panel_lstm_bounded32_cal3y__LSTM__gift__r033,1,0.09999926918821282,1.037586180863303,3.1215396039006182,30.020769121071616,0.4377169516545799
P,gift,3y,LSTM + bounded32,real_panel_lstm_bounded32_cal3y__LSTM__gift__r034,1,0.10002532284356805,1.0602436203972023,-8.319614249317658,26.186538212305837,0.4249374504504078
P,gift,3y,LSTM + bounded32,real_panel_lstm_bounded32_cal3y__LSTM__gift__r035,1,0.10013452564660666,1.0483950047541168,15.156539615418033,33.167692434665014,0.4297694610454611
P,gift,3y,LSTM + bounded32,real_panel_lstm_bounded32_cal3y__LSTM__gift__r036,1,0.09999236168144982,1.0587083803218875,-9.56442196293794,25.90442292069874,0.41852591040148074
P,gift,3y,LSTM + bounded32,real_panel_lstm_bounded32_cal3y__LSTM__gift__r037,1,0.10022892117828895,1.0796063458528873,25.159039670139975,33.95480829508189,0.415436731311353
P,gift,3y,LSTM + bounded32,real_panel_lstm_bounded32_cal3y__LSTM__gift__r038,1,0.09990962005360354,1.0518569562906397,-4.838460384792208,25.629230572622696,0.4054467970427845
P,gift,3y,LSTM + bounded32,real_panel_lstm_bounded32_cal3y__LSTM__gift__r039,1,0.1001789415910794,1.0710415810961385,12.3373088772325,29.532307828933185,0.4166216236961482
P,gift,3y,LSTM + bounded32,real_panel_lstm_bounded32_cal3y__LSTM__gift__r040,1,0.10020648495154304,1.0894801881242877,-2.6753834689423703,29.601538355950304,0.43274560844788595
P,gift,3y,LSTM + bounded32,real_panel_lstm_bounded32_cal3y__LSTM__gift__r041,1,0.1001416388535801,1.0735689528465469,-9.506152697745057,29.636153692688552,0.4123258269930095
P,gift,3y,LSTM + bounded32,real_panel_lstm_bounded32_cal3y__LSTM__gift__r042,1,0.10006334932455926,1.0642063419482535,-13.688460449786882,26.818845919288663,0.4306444834041266
P,gift,3y,LSTM + bounded32,real_panel_lstm_bounded32_cal3y__LSTM__gift__r043,1,0.10003910560796773,1.0676832311334135,-19.441152773282795,28.039999589650932,0.42319108265596306
P,gift,3y,LSTM + bounded32,real_panel_lstm_bounded32_cal3y__LSTM__gift__r044,1,0.1001231629837124,1.0674358661353291,-3.0292296441847535,27.79884616226457,0.42873271086230785
P,gift,3y,LSTM + bounded32,real_panel_lstm_bounded32_cal3y__LSTM__gift__r045,1,0.09993592590152034,1.037864490346521,-3.1123065719016223,23.791153728044076,0.42405229162500824
P,gift,3y,LSTM + bounded32,real_panel_lstm_bounded32_cal3y__LSTM__gift__r046,1,0.10001448711786608,1.06868065550496,0.7250011606864877,26.070000054919166,0.42914953600694467
P,gift,3y,LSTM + bounded32,real_panel_lstm_bounded32_cal3y__LSTM__gift__r047,1,0.10011018830287893,1.0652135542971073,-8.917498850944488,29.741346043122647,0.4049895517496104
P,gift,3y,LSTM + bounded32,real_panel_lstm_bounded32_cal3y__LSTM__gift__r048,1,0.09999596947983498,1.0535880071401957,-9.578075788628848,29.541538291109305,0.423524123675249
P,gift,3y,LSTM + bounded32,real_panel_lstm_bounded32_cal3y__LSTM__gift__r049,1,0.1001902106145192,1.102399054118175,-26.446729666696935,32.291730287655064,0.43046761684336515
P,gift,3y,LSTM + bounded32,real_panel_lstm_bounded32_cal3y__LSTM__gift__r050,1,0.09996834852971054,1.0511638499715394,-21.697114304138125,29.81980714588795,0.4332276096876588
P,gift,3y,LSTM + bounded32,real_panel_lstm_bounded32_cal3y__LSTM__gift__r051,1,0.10000773472354395,1.0538058896945688,-7.39288359992406,25.849423008666445,0.4458683556767584
P,gift,3y,LSTM + bounded32,real_panel_lstm_bounded32_cal3y__LSTM__gift__r052,1,0.09998190577464422,1.0409811834234648,14.437308910598027,28.710000272974508,0.4072192780139803
P,gift,3y,LSTM + bounded32,real_panel_lstm_bounded32_cal3y__LSTM__gift__r053,1,0.09999523229286285,1.0556855826934162,-7.994998854947922,27.311153756029224,0.4174512191433241
P,gift,3y,LSTM + bounded32,real_panel_lstm_bounded32_cal3y__LSTM__gift__r054,1,0.10015649286059758,1.0846106039724428,-11.843460463681666,27.09730746553624,0.43780415880435203
P,gift,3y,LSTM + bounded32,real_panel_lstm_bounded32_cal3y__LSTM__gift__r055,1,0.10001343769596113,1.062578899754546,-11.827114337603232,26.950192073686964,0.43019692031376017
P,gift,3y,LSTM + bounded32,real_panel_lstm_bounded32_cal3y__LSTM__gift__r056,1,0.10001361393118671,1.0612076498192602,-3.562691187119137,23.924999849987234,0.4086016774987687
P,gift,3y,LSTM + bounded32,real_panel_lstm_bounded32_cal3y__LSTM__gift__r057,1,0.10005060645753203,1.0577600877112794,-6.1765373140898285,24.88692291103342,0.4144543853101658
P,gift,3y,LSTM + bounded32,real_panel_lstm_bounded32_cal3y__LSTM__gift__r058,1,0.10005667199897746,1.0555144573428785,-2.167306579224336,25.72730763419082,0.41952491867548486
P,gift,3y,LSTM + bounded32,real_panel_lstm_bounded32_cal3y__LSTM__gift__r059,1,0.09999472267879725,1.056206207585007,-12.194614320827974,27.888076749088516,0.44186859833689507
P,gift,3y,LSTM + bounded32,real_panel_lstm_bounded32_cal3y__LSTM__gift__r060,1,0.10005544049370628,1.0625078853592496,2.6050012021842077,29.133076905586307,0.4251870164079636
P,gift,3y,LSTM + bounded32,real_panel_lstm_bounded32_cal3y__LSTM__gift__r061,1,0.10022027779458492,1.0789936395299533,-12.593075794082996,28.607307318710035,0.42824555906947476
P,gift,3y,LSTM + bounded32,real_panel_lstm_bounded32_cal3y__LSTM__gift__r062,1,0.10019043457445297,1.0923912575072263,-21.66461431083309,33.76115358257759,0.43917122140854126
P,gift,3y,LSTM + bounded32,real_panel_lstm_bounded32_cal3y__LSTM__gift__r063,1,0.10013028184004247,1.0675415557149366,-7.265768127198249,27.46730764613647,0.42496508198427935
P,gift,3y,LSTM + bounded32,real_panel_lstm_bounded32_cal3y__LSTM__gift__r064,1,0.10011899583630067,1.0766733587403998,5.857693507322385,25.567307766289588,0.38015654098201057
P,gift,3y,LSTM + bounded32,real_panel_lstm_bounded32_cal3y__LSTM__gift__r065,1,0.099990804623003,1.0562700158098999,-17.506152719814704,28.00153797917758,0.418777410780565
P,gift,3y,LSTM + bounded32,real_panel_lstm_bounded32_cal3y__LSTM__gift__r066,1,0.10012600004171825,1.0760688761994932,-11.990191216844984,27.640576661909225,0.42367704679046314
P,gift,3y,LSTM + bounded32,real_panel_lstm_bounded32_cal3y__LSTM__gift__r067,1,0.1001519853359704,1.0767176084669254,-8.166345033521754,31.13673058260109,0.4329062468417997
P,gift,3y,LSTM + bounded32,real_panel_lstm_bounded32_cal3y__LSTM__gift__r068,1,0.10015826616399984,1.1026939177408681,-22.288075860146687,29.689230262995984,0.42938445851620377
P,gift,3y,LSTM + bounded32,real_panel_lstm_bounded32_cal3y__LSTM__gift__r069,1,0.10011992324532322,1.076656696172406,0.5584626391643829,29.204999966963292,0.42240434119749976
P,gift,3y,LSTM + bounded32,real_panel_lstm_bounded32_cal3y__LSTM__gift__r070,1,0.1000857129175355,1.066477282786057,5.4548088524066864,27.13673084403402,0.4153177932938404
P,gift,3y,LSTM + bounded32,real_panel_lstm_bounded32_cal3y__LSTM__gift__r071,1,0.10013825479467418,1.0768925004635013,-17.25884503850629,28.591538198390804,0.4243153228468143
P,gift,3y,LSTM + bounded32,real_panel_lstm_bounded32_cal3y__LSTM__gift__r072,1,0.10006929685296463,1.0720561429260795,-15.120960447709137,25.4340380529847,0.4398070556994149
P,gift,3y,LSTM + bounded32,real_panel_lstm_bounded32_cal3y__LSTM__gift__r073,1,0.10014464563398005,1.0865327756947125,5.164039638452843,25.945576957467235,0.417888499798062
P,gift,3y,LSTM + bounded32,real_panel_lstm_bounded32_cal3y__LSTM__gift__r074,1,0.09999672791894897,1.0649822114258976,-16.6257681575597,28.425768858444265,0.41182093707842476
P,gift,3y,LSTM + bounded32,real_panel_lstm_bounded32_cal3y__LSTM__gift__r075,1,0.09992519043523328,1.0086756513951651,-5.69942191784977,25.607884414225413,0.4095864279747517
P,gift,3y,LSTM + bounded32,real_panel_lstm_bounded32_cal3y__LSTM__gift__r076,1,0.10006332827101876,1.0603350120916142,15.968655095627904,32.05365399178559,0.42383246634697497
P,gift,3y,LSTM + bounded32,real_panel_lstm_bounded32_cal3y__LSTM__gift__r077,1,0.10008859632188336,1.0576688961957241,1.722501156439456,27.442884531382532,0.40740583515985385
P,gift,3y,LSTM + bounded32,real_panel_lstm_bounded32_cal3y__LSTM__gift__r078,1,0.10011567677448685,1.0722274397867133,-13.567498914288741,25.639807277117363,0.4335913399259082
P,gift,3y,LSTM + bounded32,real_panel_lstm_bounded32_cal3y__LSTM__gift__r079,1,0.10016557582131018,1.094793628516672,-22.27076820044155,30.820384167018435,0.44534023451804655
P,gift,3y,LSTM + bounded32,real_panel_lstm_bounded32_cal3y__LSTM__gift__r080,1,0.10012408737989024,1.0611806833283233,5.740385764645343,31.628076700547453,0.4190816268096119
P,gift,3y,LSTM + bounded32,real_panel_lstm_bounded32_cal3y__LSTM__gift__r081,1,0.10003904389681666,1.060123815199323,-2.309037281800539,23.973268978432085,0.39737876905810526
P,gift,3y,LSTM + bounded32,real_panel_lstm_bounded32_cal3y__LSTM__gift__r082,1,0.10008091780036187,1.053592222232315,3.503078130239229,22.124999999762675,0.4203798813205066
P,gift,3y,LSTM + bounded32,real_panel_lstm_bounded32_cal3y__LSTM__gift__r083,1,0.10004061232054605,1.0587842325830337,-16.07403743029324,28.99980733106188,0.4302701358215021
P,gift,3y,LSTM + bounded32,real_panel_lstm_bounded32_cal3y__LSTM__gift__r084,1,0.10008414817361057,1.0669511088793464,-7.8863449504852445,24.069422799377545,0.4186214455055269
P,gift,3y,LSTM + bounded32,real_panel_lstm_bounded32_cal3y__LSTM__gift__r085,1,0.10017439039483396,1.0971489270874062,-23.374806662793308,31.435191814425107,0.4383152764950434
P,gift,3y,LSTM + bounded32,real_panel_lstm_bounded32_cal3y__LSTM__gift__r086,1,0.10010447612290271,1.0831863399388,-16.740383531522365,26.716538014230764,0.4284418990090701
P,gift,3y,LSTM + bounded32,real_panel_lstm_bounded32_cal3y__LSTM__gift__r087,1,0.1000755344020101,1.0796625305535457,-15.641537347804231,27.277691989953578,0.41716822632821227
P,gift,3y,LSTM + bounded32,real_panel_lstm_bounded32_cal3y__LSTM__gift__r088,1,0.10026717721566158,1.0774176424443525,5.893078140327602,33.712692286823675,0.412655156840992
P,gift,3y,LSTM + bounded32,real_panel_lstm_bounded32_cal3y__LSTM__gift__r089,1,0.09991194101018648,1.0458578984507447,9.570385832361607,26.040000156700884,0.43302433531095214
P,gift,3y,LSTM + bounded32,real_panel_lstm_bounded32_cal3y__LSTM__gift__r090,1,0.09988651846381048,1.0208831805411844,9.645770408118848,29.010000111906777,0.4205176803185821
P,gift,3y,LSTM + bounded32,real_panel_lstm_bounded32_cal3y__LSTM__gift__r091,1,0.09999747236962936,1.0495877171205392,1.777116540693774,27.410576878375224,0.43735169820587844
P,gift,3y,LSTM + bounded32,real_panel_lstm_bounded32_cal3y__LSTM__gift__r092,1,0.0999291866721011,1.041845095379473,15.92000120041792,31.888846348066608,0.4244222864595598
P,gift,3y,LSTM + bounded32,real_panel_lstm_bounded32_cal3y__LSTM__gift__r093,1,0.10007214364024715,1.0652691243885863,-7.008075739521463,28.256538346557566,0.4179806582221071
P,gift,3y,LSTM + bounded32,real_panel_lstm_bounded32_cal3y__LSTM__gift__r094,1,0.10001359360677689,1.0555747669054543,-0.17557574176399052,30.157500032084737,0.43259879970027304
P,gift,3y,LSTM + bounded32,real_panel_lstm_bounded32_cal3y__LSTM__gift__r095,1,0.10007476668919772,1.0752456626777638,-18.286345097361913,30.96019195571835,0.4270931317935898
P,gift,3y,LSTM + bounded32,real_panel_lstm_bounded32_cal3y__LSTM__gift__r096,1,0.09995656707967758,1.0417440755853478,-0.7346142394596182,27.619615377222452,0.43456899030600205
P,gift,3y,LSTM + bounded32,real_panel_lstm_bounded32_cal3y__LSTM__gift__r097,1,0.09989854306841707,1.0162285089385026,6.14865502503746,23.827115483984965,0.4211984398331771
P,gift,3y,LSTM + bounded32,real_panel_lstm_bounded32_cal3y__LSTM__gift__r098,1,0.10014719022662712,1.0895945433962078,-8.678268124954121,31.965576739010164,0.4382133929196212
P,gift,3y,LSTM + bounded32,real_panel_lstm_bounded32_cal3y__LSTM__gift__r099,1,0.0999838650005306,1.045796409549456,2.3319242866438117,21.66346162423274,0.4223603908575984
P,gift,3y,LSTM + log,real_panel_lstm_log_cal3y__LSTM__gift__r000,1,0.10020430724655746,1.0425022535891362,33.583654966205096,39.008654602982226,0.4311292109515371
P,gift,3y,LSTM + log,real_panel_lstm_log_cal3y__LSTM__gift__r001,1,0.10019573195188453,1.0709601073713455,52.746731890947295,53.01865488344494,0.42828835970814966
P,gift,3y,LSTM + log,real_panel_lstm_log_cal3y__LSTM__gift__r002,1,0.10004331860521946,0.9506690009543782,35.97000113717487,38.52884703559798,0.42213476433136066
P,gift,3y,LSTM + log,real_panel_lstm_log_cal3y__LSTM__gift__r003,1,0.09973470798114924,0.9535129840996177,26.825577985571204,31.562500639634884,0.4317327334275181
P,gift,3y,LSTM + log,real_panel_lstm_log_cal3y__LSTM__gift__r004,1,0.09993124063737233,1.0127726845491984,25.216154897822577,29.437308321379945,0.442122390093009
P,gift,3y,LSTM + log,real_panel_lstm_log_cal3y__LSTM__gift__r005,1,0.09967694835110408,0.9383814881971763,21.055193409489117,29.58365427695043,0.42883170989065655
P,gift,3y,LSTM + log,real_panel_lstm_log_cal3y__LSTM__gift__r006,1,0.0997993061791645,0.981440812616061,13.502693350444543,24.086538894155613,0.4267777934535694
P,gift,3y,LSTM + log,real_panel_lstm_log_cal3y__LSTM__gift__r007,1,0.09995797595629621,1.0141005627126014,23.2850011448427,28.890000674380918,0.43439486867487326
P,gift,3y,LSTM + log,real_panel_lstm_log_cal3y__LSTM__gift__r008,1,0.10029227972928223,1.0706431576933044,61.184616490589335,61.19153953117044,0.4260015774605949
P,gift,3y,LSTM + log,real_panel_lstm_log_cal3y__LSTM__gift__r009,1,0.10119099779325375,1.280301600312221,51.18327036332044,51.88096259736272,0.43040959548558216
P,gift,3y,LSTM + log,real_panel_lstm_log_cal3y__LSTM__gift__r010,1,0.10031908932702523,0.9949414078791654,29.5355779926129,32.97096231423947,0.42759659879408796
P,gift,3y,LSTM + log,real_panel_lstm_log_cal3y__LSTM__gift__r011,1,0.09980291143819633,0.9426312295822362,17.206924096524247,27.596538831332,0.42779613628576446
P,gift,3y,LSTM + log,real_panel_lstm_log_cal3y__LSTM__gift__r012,1,0.09978653669190714,0.9353240889500123,30.642693329450005,37.21961601476098,0.4337784293493788
P,gift,3y,LSTM + log,real_panel_lstm_log_cal3y__LSTM__gift__r013,1,0.10022954125473492,1.0516402712683086,46.94480880154629,47.242116412828224,0.4328484633411741
P,gift,3y,LSTM + log,real_panel_lstm_log_cal3y__LSTM__gift__r014,1,0.10087542985052378,1.206883297844418,46.24500114699047,47.40653944537558,0.4297659028107194
P,gift,3y,LSTM + log,real_panel_lstm_log_cal3y__LSTM__gift__r015,1,0.10015724505832332,1.0643916013742656,29.40634726378772,32.62288532468313,0.4356657540421239
P,gift,3y,LSTM + log,real_panel_lstm_log_cal3y__LSTM__gift__r016,1,0.09997587320305118,1.0176267253118474,35.0513472999533,40.495193003846815,0.4300361571267752
P,gift,3y,LSTM + log,real_panel_lstm_log_cal3y__LSTM__gift__r017,1,0.10602102121459135,1.9556284547684977,37.390577947931114,38.35788546374064,0.42968812066133194
P,gift,3y,LSTM + log,real_panel_lstm_log_cal3y__LSTM__gift__r018,1,0.09987349754631746,0.9972668595642976,12.919231832134654,22.167308076302657,0.4291596734647048
P,gift,3y,LSTM + log,real_panel_lstm_log_cal3y__LSTM__gift__r019,1,0.10000759651375961,1.024807553607718,50.7230780551279,50.78692416481362,0.428714479985447
P,gift,3y,LSTM + log,real_panel_lstm_log_cal3y__LSTM__gift__r020,1,0.09974368068603218,0.942488036939467,18.27807798354793,28.423077351494165,0.4290630116039316
P,gift,3y,LSTM + log,real_panel_lstm_log_cal3y__LSTM__gift__r021,1,0.10002876572840998,1.0266468781033944,22.374424152210352,29.69480820358362,0.43227858957135706
P,gift,3y,LSTM + log,real_panel_lstm_log_cal3y__LSTM__gift__r022,1,0.09981072664994066,0.9631487532318763,28.356924178190468,33.93730831634723,0.424148379572163
P,gift,3y,LSTM + log,real_panel_lstm_log_cal3y__LSTM__gift__r023,1,0.10002373832834197,1.0349821420785768,19.273270287129883,28.949423507348385,0.42797787690702127
P,gift,3y,LSTM + log,real_panel_lstm_log_cal3y__LSTM__gift__r024,1,0.10039439684186484,1.1015621060812955,46.70538578003332,46.732308820713634,0.434574282983041
P,gift,3y,LSTM + log,real_panel_lstm_log_cal3y__LSTM__gift__r025,1,0.09999344117448197,0.9966748370923242,24.03153952889463,32.91346206085727,0.4319001028512978
P,gift,3y,LSTM + log,real_panel_lstm_log_cal3y__LSTM__gift__r026,1,0.10030978410649204,1.0314363409962972,32.44096267095278,36.384808448850585,0.43421740589729363
P,gift,3y,LSTM + log,real_panel_lstm_log_cal3y__LSTM__gift__r027,1,0.09970088819100806,0.966423708028767,22.251924151093277,28.953846742627256,0.4329302776050326
P,gift,3y,LSTM + log,real_panel_lstm_log_cal3y__LSTM__gift__r028,1,0.09981280341760951,0.9731495336382333,18.58134720340132,26.389423617645257,0.43586462989701347
P,gift,3y,LSTM + log,real_panel_lstm_log_cal3y__LSTM__gift__r029,1,0.09978734626351009,0.9640615122152091,21.390578016065394,29.028654423398923,0.43433752691561067
P,gift,3y,LSTM + log,real_panel_lstm_log_cal3y__LSTM__gift__r030,1,0.1016214932716257,1.2197113725968678,38.62750116323739,40.53288561556144,0.42206822594687865
P,gift,3y,LSTM + log,real_panel_lstm_log_cal3y__LSTM__gift__r031,1,0.09975178981097678,0.9658776983240365,22.0136549067905,27.91134671001379,0.4290142462898103
P,gift,3y,LSTM + log,real_panel_lstm_log_cal3y__LSTM__gift__r032,1,0.1005506904841273,1.1387964777643025,53.102501202172945,53.102501202172974,0.42576034706906574
P,gift,3y,LSTM + log,real_panel_lstm_log_cal3y__LSTM__gift__r033,1,0.09979498328200913,0.926714834098796,25.370193385639737,29.84480843756134,0.426903653849025
P,gift,3y,LSTM + log,real_panel_lstm_log_cal3y__LSTM__gift__r034,1,0.101944709687361,1.369982428099891,63.67442418310696,63.67442418310697,0.43204946923350207
P,gift,3y,LSTM + log,real_panel_lstm_log_cal3y__LSTM__gift__r035,1,0.10034677042933615,1.0657030125099094,48.471731872570714,48.80788557667962,0.4289450341089461
P,gift,3y,LSTM + log,real_panel_lstm_log_cal3y__LSTM__gift__r036,1,0.1008377558388885,1.1763973511068595,60.70769342896054,60.70769342896057,0.424982477050774
P,gift,3y,LSTM + log,real_panel_lstm_log_cal3y__LSTM__gift__r037,1,0.09982947149882815,0.9550527951327851,21.660770299517345,28.537692933258125,0.43246989050628426
P,gift,3y,LSTM + log,real_panel_lstm_log_cal3y__LSTM__gift__r038,1,0.10000042397218543,1.0214245262660007,23.53057804819656,29.74250060132282,0.4190000399064439
P,gift,3y,LSTM + log,real_panel_lstm_log_cal3y__LSTM__gift__r039,1,0.10002821041354112,1.0350305243425497,36.042116481089664,37.74211627576713,0.43143028080440354
P,gift,3y,LSTM + log,real_panel_lstm_log_cal3y__LSTM__gift__r040,1,0.10084836530572007,1.1258101253979016,23.305962620316226,27.36288531837845,0.43446491014015637
P,gift,3y,LSTM + log,real_panel_lstm_log_cal3y__LSTM__gift__r041,1,0.09971430670852416,0.9260059316344872,11.835962606642978,25.09057712322544,0.43167390017881413
P,gift,3y,LSTM + log,real_panel_lstm_log_cal3y__LSTM__gift__r042,1,0.10027794748097685,1.0795649211118452,52.74442423269341,53.47096259889277,0.4265448199299152
P,gift,3y,LSTM + log,real_panel_lstm_log_cal3y__LSTM__gift__r043,1,0.10072505614224748,1.065421413575632,22.28403953996537,30.264808231060123,0.4352882552354421
P,gift,3y,LSTM + log,real_panel_lstm_log_cal3y__LSTM__gift__r044,1,0.10079138784472046,1.0835872006929028,55.887116500458305,56.357501039232,0.42516950336662485
P,gift,3y,LSTM + log,real_panel_lstm_log_cal3y__LSTM__gift__r045,1,0.10010894332110436,1.0163883303238979,25.98942414058187,28.738269893421037,0.4295029926381259
P,gift,3y,LSTM + log,real_panel_lstm_log_cal3y__LSTM__gift__r046,1,0.09995978020451972,1.0160740454935309,36.05711651200297,37.46673182082841,0.4251980524305096
P,gift,3y,LSTM + log,real_panel_lstm_log_cal3y__LSTM__gift__r047,1,0.09985318777173008,0.9715632636040928,18.08384723553878,28.704615815076878,0.42958698698943065
P,gift,3y,LSTM + log,real_panel_lstm_log_cal3y__LSTM__gift__r048,1,0.10256817565449354,1.4232706578456862,45.89634719286806,46.490962452237056,0.44082025923388796
P,gift,3y,LSTM + log,real_panel_lstm_log_cal3y__LSTM__gift__r049,1,0.09996857803469159,0.9938877651954656,36.36788571772784,37.30134711770964,0.42844546771859077
P,gift,3y,LSTM + log,real_panel_lstm_log_cal3y__LSTM__gift__r050,1,0.10070359006637071,1.180930690852613,23.875193392226365,32.3686543912312,0.43543899525852026
P,gift,3y,LSTM + log,real_panel_lstm_log_cal3y__LSTM__gift__r051,1,0.10006570959520293,0.9786766606282811,36.244616434694265,38.0723084559519,0.43345231559646086
P,gift,3y,LSTM + log,real_panel_lstm_log_cal3y__LSTM__gift__r052,1,0.10024099811924282,1.0523438469772037,44.050001127269,44.82577015990548,0.4362688784066052
P,gift,3y,LSTM + log,real_panel_lstm_log_cal3y__LSTM__gift__r053,1,0.0998681074646565,0.9772080487708014,6.273077969940591,26.867307849864158,0.4331891247038062
P,gift,3y,LSTM + log,real_panel_lstm_log_cal3y__LSTM__gift__r054,1,0.09992345482315186,0.9464435139949695,17.4721164250735,28.259423492641904,0.4318527205247391
P,gift,3y,LSTM + log,real_panel_lstm_log_cal3y__LSTM__gift__r055,1,0.09973949393199005,0.9482461593632805,5.974231741632689,21.791154118926347,0.4228807656192121
P,gift,3y,LSTM + log,real_panel_lstm_log_cal3y__LSTM__gift__r056,1,0.10034965228025833,1.0960404994076356,50.747116544225435,51.507501085848226,0.42066370346001725
P,gift,3y,LSTM + log,real_panel_lstm_log_cal3y__LSTM__gift__r057,1,0.10090359073416888,1.203702200846162,35.93327029561152,39.87673151617976,0.4307246942007551
P,gift,3y,LSTM + log,real_panel_lstm_log_cal3y__LSTM__gift__r058,1,0.09973473210489565,0.9499832278061207,15.86307797836154,26.89461574231517,0.4291657612978296
P,gift,3y,LSTM + log,real_panel_lstm_log_cal3y__LSTM__gift__r059,1,0.1002945862418055,1.0578649874661203,43.29730883451116,45.16577023184442,0.4244899797519292
P,gift,3y,LSTM + log,real_panel_lstm_log_cal3y__LSTM__gift__r060,1,0.100353438863373,1.063378275903501,45.49519342056879,47.83019324666081,0.4267827793079192
P,gift,3y,LSTM + log,real_panel_lstm_log_cal3y__LSTM__gift__r061,1,0.10105381967813178,1.203278480299007,69.03788580744984,69.93442422990177,0.43633533347589215
P,gift,3y,LSTM + log,real_panel_lstm_log_cal3y__LSTM__gift__r062,1,0.09998371931683347,0.9930465258697924,13.644039479930344,24.99557725084454,0.43283676108663066
P,gift,3y,LSTM + log,real_panel_lstm_log_cal3y__LSTM__gift__r063,1,0.09973659201572782,0.9400824155696285,24.432885682192175,31.74326982707345,0.4258639278163966
P,gift,3y,LSTM + log,real_panel_lstm_log_cal3y__LSTM__gift__r064,1,0.10024191305679679,1.0718264304038683,47.8905780760506,48.75903950751145,0.4261090753731281
P,gift,3y,LSTM + log,real_panel_lstm_log_cal3y__LSTM__gift__r065,1,0.10039098285144614,1.1056286050942243,52.027501151337034,52.59173184854868,0.4309559418865103
P,gift,3y,LSTM + log,real_panel_lstm_log_cal3y__LSTM__gift__r066,1,0.10009687578490392,1.0507751208436067,34.83269342599643,35.64923171797978,0.42638870082074615
P,gift,3y,LSTM + log,real_panel_lstm_log_cal3y__LSTM__gift__r067,1,0.1005623804465944,1.125726436376808,44.32269342272752,46.579616430255605,0.43042814549640884
P,gift,3y,LSTM + log,real_panel_lstm_log_cal3y__LSTM__gift__r068,1,0.09999250867853157,0.9737727648078197,31.150578022285014,36.87250074153623,0.42802068839783664
P,gift,3y,LSTM + log,real_panel_lstm_log_cal3y__LSTM__gift__r069,1,0.0998654255778628,0.9531056939063536,14.769808770484014,26.102115759522977,0.4226464889547462
P,gift,3y,LSTM + log,real_panel_lstm_log_cal3y__LSTM__gift__r070,1,0.09972504503543256,0.9790147513953138,2.6396164459469693,23.014615528988433,0.4327996114078964
P,gift,3y,LSTM + log,real_panel_lstm_log_cal3y__LSTM__gift__r071,1,0.10028234685483911,1.0771269024486578,23.52596258668458,30.05019288783199,0.43347821908760864
P,gift,3y,LSTM + log,real_panel_lstm_log_cal3y__LSTM__gift__r072,1,0.10008616596972068,1.0302663302584023,21.581539584663794,29.566538961371293,0.4320288430608574
P,gift,3y,LSTM + log,real_panel_lstm_log_cal3y__LSTM__gift__r073,1,0.10069216416611118,1.076508673381945,69.82096271005055,69.82096271005055,0.4248474166787382
P,gift,3y,LSTM + log,real_panel_lstm_log_cal3y__LSTM__gift__r074,1,0.10412150107113724,1.7564392520116565,40.25788568378883,45.5205777867543,0.4255552090106847
P,gift,3y,LSTM + log,real_panel_lstm_log_cal3y__LSTM__gift__r075,1,0.09964025121191425,0.9234315224074076,2.3669240664903466,23.706153832967043,0.43097221099953703
P,gift,3y,LSTM + log,real_panel_lstm_log_cal3y__LSTM__gift__r076,1,0.10024939133721077,1.0674993866333342,32.53115494325825,36.22000068200002,0.42888622314826774
P,gift,3y,LSTM + log,real_panel_lstm_log_cal3y__LSTM__gift__r077,1,0.10011047654886741,1.038612138970435,27.964616486838278,31.82038530447648,0.435403636283105
P,gift,3y,LSTM + log,real_panel_lstm_log_cal3y__LSTM__gift__r078,1,0.10055009948279549,1.1154193293354866,47.610193398140574,48.571731698085635,0.42849966729915334
P,gift,3y,LSTM + log,real_panel_lstm_log_cal3y__LSTM__gift__r079,1,0.10061122072540585,1.1139960748961262,51.54750110328514,52.515577943346116,0.43587404359667936
P,gift,3y,LSTM + log,real_panel_lstm_log_cal3y__LSTM__gift__r080,1,0.10010583242482118,1.0160023446857183,40.319808802764165,43.04942392838133,0.4308955805090929
P,gift,3y,LSTM + log,real_panel_lstm_log_cal3y__LSTM__gift__r081,1,0.0998366763007086,0.9709509480312487,28.037693364715633,33.87192370978957,0.43163773090339136
P,gift,3y,LSTM + log,real_panel_lstm_log_cal3y__LSTM__gift__r082,1,0.10054455997621513,0.9995149178946238,34.27115496812149,38.46230847075957,0.4334268033262808
P,gift,3y,LSTM + log,real_panel_lstm_log_cal3y__LSTM__gift__r083,1,0.10252490795890996,1.4402528765074318,41.332116508766624,41.98365487686622,0.43251114279064734
P,gift,3y,LSTM + log,real_panel_lstm_log_cal3y__LSTM__gift__r084,1,0.10152893864629074,1.3342526905852186,74.47057807065806,74.47057807065809,0.4328314631974353
P,gift,3y,LSTM + log,real_panel_lstm_log_cal3y__LSTM__gift__r085,1,0.10134455721743586,1.282002085422989,19.452501049448628,27.350192855474805,0.4360463791749638
P,gift,3y,LSTM + log,real_panel_lstm_log_cal3y__LSTM__gift__r086,1,0.10227138524250613,1.4078626603763933,48.170385667248034,49.94192404300847,0.41932005224981544
P,gift,3y,LSTM + log,real_panel_lstm_log_cal3y__LSTM__gift__r087,1,0.0997042014057166,0.936047575707986,14.801539537326502,25.19000038719513,0.4291666035687933
P,gift,3y,LSTM + log,real_panel_lstm_log_cal3y__LSTM__gift__r088,1,0.09984743435835594,0.9659991462621469,15.962885644246356,26.97134652226492,0.4294530831636899
P,gift,3y,LSTM + log,real_panel_lstm_log_cal3y__LSTM__gift__r089,1,0.09983289478121095,0.938050599044081,11.621539491080783,26.110769455800167,0.43962728441377574
P,gift,3y,LSTM + log,real_panel_lstm_log_cal3y__LSTM__gift__r090,1,0.1001824797409838,1.040582472965409,29.504808795015744,33.4398085342566,0.42708735501555906
P,gift,3y,LSTM + log,real_panel_lstm_log_cal3y__LSTM__gift__r091,1,0.10070712903470506,1.1526010455782028,71.29153967472303,71.29153967472304,0.4296435114924733
P,gift,3y,LSTM + log,real_panel_lstm_log_cal3y__LSTM__gift__r092,1,0.09987280428108342,0.986090195125076,4.246154867219878,22.81576941407713,0.43240353362029155
P,gift,3y,LSTM + log,real_panel_lstm_log_cal3y__LSTM__gift__r093,1,0.09962583605673307,0.9249338935563516,12.503270269147452,23.902500285632634,0.42791951637835285
P,gift,3y,LSTM + log,real_panel_lstm_log_cal3y__LSTM__gift__r094,1,0.1002233674637863,1.0406448282065064,42.893270390587055,43.69288567652848,0.4294863843131446
P,gift,3y,LSTM + log,real_panel_lstm_log_cal3y__LSTM__gift__r095,1,0.10000911117978976,1.004124662458295,41.16557808680201,42.47750100346097,0.4302037166335238
P,gift,3y,LSTM + log,real_panel_lstm_log_cal3y__LSTM__gift__r096,1,0.10024821820616042,1.0313319957011269,39.45557802058106,46.788270121659494,0.4370941187362881
P,gift,3y,LSTM + log,real_panel_lstm_log_cal3y__LSTM__gift__r097,1,0.0999413933406685,0.9992599236176726,32.678847328060975,34.410000966387,0.4204243233111045
P,gift,3y,LSTM + log,real_panel_lstm_log_cal3y__LSTM__gift__r098,1,0.09987925244157861,0.9812335500690118,46.03288577027735,46.75365491752272,0.4269315296876297
P,gift,3y,LSTM + log,real_panel_lstm_log_cal3y__LSTM__gift__r099,1,0.0999900881062951,1.0040873773449104,29.12173191734673,33.40865455729011,0.42664383384071025
P,gift,3y,LSTM + ratio,real_panel_lstm_ratio_cal3y__LSTM__gift__r000,1,0.09957016927439535,0.9150125201120302,9.511539624721589,22.549231048436013,0.441356314991112
P,gift,3y,LSTM + ratio,real_panel_lstm_ratio_cal3y__LSTM__gift__r001,1,0.09980478857541573,0.9771746948688301,13.695385729325114,24.64653889400103,0.4404088690077279
P,gift,3y,LSTM + ratio,real_panel_lstm_ratio_cal3y__LSTM__gift__r002,1,0.10010860457594162,1.0422102600739944,17.752885804197874,34.58057705232366,0.43495012192015176
P,gift,3y,LSTM + ratio,real_panel_lstm_ratio_cal3y__LSTM__gift__r003,1,0.10004390515429387,1.0382139538229962,13.28000119390258,24.451154098720572,0.44136647190876227
P,gift,3y,LSTM + ratio,real_panel_lstm_ratio_cal3y__LSTM__gift__r004,1,0.09988527982592295,1.0141432197701248,-0.048652715766370244,22.3978846387651,0.4478722657679891
P,gift,3y,LSTM + ratio,real_panel_lstm_ratio_cal3y__LSTM__gift__r005,1,0.10034270662156956,1.0494702601510775,55.1967319706004,58.83480877011021,0.44002204780373966
P,gift,3y,LSTM + ratio,real_panel_lstm_ratio_cal3y__LSTM__gift__r006,1,0.09990161857772692,1.0196785485794122,-3.5636527346709213,26.209422942953953,0.4388252734240058
P,gift,3y,LSTM + ratio,real_panel_lstm_ratio_cal3y__LSTM__gift__r007,1,0.09993067544484656,1.0313593281559845,16.991924247211635,30.429231062029892,0.44387922689327364
P,gift,3y,LSTM + ratio,real_panel_lstm_ratio_cal3y__LSTM__gift__r008,1,0.09972076098457751,0.9630667753871675,6.4234626630112555,19.604615671179502,0.43427688155805744
P,gift,3y,LSTM + ratio,real_panel_lstm_ratio_cal3y__LSTM__gift__r009,1,0.09988968025213889,1.0089754453045918,5.8753857634905255,26.559615386112643,0.43769063506726436
P,gift,3y,LSTM + ratio,real_panel_lstm_ratio_cal3y__LSTM__gift__r010,1,0.09960704465587149,0.9374955977723554,-1.6401912308694477,26.21403843822637,0.4422790278784664
P,gift,3y,LSTM + ratio,real_panel_lstm_ratio_cal3y__LSTM__gift__r011,1,0.09990183871418613,1.0069283274536682,12.845770380987766,25.8084617461113,0.4398036384684462
P,gift,3y,LSTM + ratio,real_panel_lstm_ratio_cal3y__LSTM__gift__r012,1,0.10002034673295844,1.0342005822608071,10.075770438617134,24.120769599125662,0.44141650790135
P,gift,3y,LSTM + ratio,real_panel_lstm_ratio_cal3y__LSTM__gift__r013,1,0.1000221455694193,1.0387676389702434,11.565385727735439,25.997692564963465,0.4438073964334973
P,gift,3y,LSTM + ratio,real_panel_lstm_ratio_cal3y__LSTM__gift__r014,1,0.09998143974585848,1.0249213243320003,8.844231920061334,29.692692400086084,0.43682380127912784
P,gift,3y,LSTM + ratio,real_panel_lstm_ratio_cal3y__LSTM__gift__r015,1,0.09970498806892379,0.9720008174789255,4.159424188412249,25.345192354647054,0.4459880739548557
P,gift,3y,LSTM + ratio,real_panel_lstm_ratio_cal3y__LSTM__gift__r016,1,0.09987297124719247,1.0301911886910256,-8.153460434382975,25.688461277862302,0.44716559028821184
P,gift,3y,LSTM + ratio,real_panel_lstm_ratio_cal3y__LSTM__gift__r017,1,0.09985720312955695,0.9682850722255042,17.33769345990479,30.268461867571336,0.4418109057997973
P,gift,3y,LSTM + ratio,real_panel_lstm_ratio_cal3y__LSTM__gift__r018,1,0.09980849809069933,0.9369171335769372,31.873270409951537,34.85596232452016,0.4427889064691859
P,gift,3y,LSTM + ratio,real_panel_lstm_ratio_cal3y__LSTM__gift__r019,1,0.09973744424665487,0.9816175097800686,12.251155009613841,28.045769412352538,0.44067269276459975
P,gift,3y,LSTM + ratio,real_panel_lstm_ratio_cal3y__LSTM__gift__r020,1,0.10018520528397579,1.016687538869309,60.19153965748995,61.14077030475079,0.444898915838469
P,gift,3y,LSTM + ratio,real_panel_lstm_ratio_cal3y__LSTM__gift__r021,1,0.10008282140360664,1.0450514551304941,14.864231966113245,32.36076958249134,0.44764357153596823
P,gift,3y,LSTM + ratio,real_panel_lstm_ratio_cal3y__LSTM__gift__r022,1,0.09998408811401173,0.9707519438665008,17.416924205854666,34.68423102957709,0.44024122992180403
P,gift,3y,LSTM + ratio,real_panel_lstm_ratio_cal3y__LSTM__gift__r023,1,0.09986890048652163,0.9792635274292926,10.996924210160422,32.33923089663638,0.44271134124672556
P,gift,3y,LSTM + ratio,real_panel_lstm_ratio_cal3y__LSTM__gift__r024,1,0.10005210591725949,1.0474788664881256,6.826731942150493,27.606730800851835,0.44732856266201887
P,gift,3y,LSTM + ratio,real_panel_lstm_ratio_cal3y__LSTM__gift__r025,1,0.09957733309566956,0.93048375902594,25.01442422810466,30.50673140058403,0.443687382525374
P,gift,3y,LSTM + ratio,real_panel_lstm_ratio_cal3y__LSTM__gift__r026,1,0.10028103240338576,0.9297448363154145,26.351924266401717,35.794231301204775,0.4470188901748012
P,gift,3y,LSTM + ratio,real_panel_lstm_ratio_cal3y__LSTM__gift__r027,1,0.09976896332049552,0.9745580299898832,9.300578053538947,26.967500193680294,0.4434549351668832
P,gift,3y,LSTM + ratio,real_panel_lstm_ratio_cal3y__LSTM__gift__r028,1,0.09975770523585406,0.9797437566773111,-3.855575897457999,21.205961317912028,0.4478783841688039
P,gift,3y,LSTM + ratio,real_panel_lstm_ratio_cal3y__LSTM__gift__r029,1,0.09989838399401602,0.9790219051203087,29.862116560285916,39.02442347571744,0.4416770252448621
P,gift,3y,LSTM + ratio,real_panel_lstm_ratio_cal3y__LSTM__gift__r030,1,0.09972525900355833,0.9033368164782262,7.041539525939807,27.95307693861942,0.43353431028511835
P,gift,3y,LSTM + ratio,real_panel_lstm_ratio_cal3y__LSTM__gift__r031,1,0.0999958760254056,1.0354805245364829,7.122116546132877,32.269807695075315,0.4356424191980659
P,gift,3y,LSTM + ratio,real_panel_lstm_ratio_cal3y__LSTM__gift__r032,1,0.09986460168346152,1.0006178922069264,-3.5503835086444724,21.933076801181496,0.43970486749309373
P,gift,3y,LSTM + ratio,real_panel_lstm_ratio_cal3y__LSTM__gift__r033,1,0.10001131753090242,1.042786732127586,1.7336549707506668,27.617500067795955,0.4425853122293497
P,gift,3y,LSTM + ratio,real_panel_lstm_ratio_cal3y__LSTM__gift__r034,1,0.10002364900123273,1.0429972330290516,3.8292319212518158,31.637692333494563,0.4439210448785773
P,gift,3y,LSTM + ratio,real_panel_lstm_ratio_cal3y__LSTM__gift__r035,1,0.09979497168422227,0.9645285779637699,6.990962647228225,29.264038396135074,0.4437698129143709
P,gift,3y,LSTM + ratio,real_panel_lstm_ratio_cal3y__LSTM__gift__r036,1,0.1000661191158797,1.0360227775656732,5.867501131455631,31.67903844692492,0.4394683428698751
P,gift,3y,LSTM + ratio,real_panel_lstm_ratio_cal3y__LSTM__gift__r037,1,0.09963876297120818,0.9211416861355007,12.183847211059279,33.05307712276066,0.44720141653738127
P,gift,3y,LSTM + ratio,real_panel_lstm_ratio_cal3y__LSTM__gift__r038,1,0.09964713615606588,0.9125435850050396,17.85884730775295,29.821154240075437,0.4284496031077497
P,gift,3y,LSTM + ratio,real_panel_lstm_ratio_cal3y__LSTM__gift__r039,1,0.10001489182991424,1.0206819903153903,17.773847334207506,31.384230972370613,0.43922372261167697
P,gift,3y,LSTM + ratio,real_panel_lstm_ratio_cal3y__LSTM__gift__r040,1,0.09998068901862697,1.043430771104806,-6.426152694845261,26.11346144605284,0.44479977895514355
P,gift,3y,LSTM + ratio,real_panel_lstm_ratio_cal3y__LSTM__gift__r041,1,0.09980843024183336,0.9025934963853289,15.376924167906317,28.815769545662192,0.4413180570938493
P,gift,3y,LSTM + ratio,real_panel_lstm_ratio_cal3y__LSTM__gift__r042,1,0.10001778194184507,1.0445119937645202,10.62211656853385,28.054038631335693,0.4385730102009903
P,gift,3y,LSTM + ratio,real_panel_lstm_ratio_cal3y__LSTM__gift__r043,1,0.0996052362572077,0.912717029885152,4.728847258240439,21.828077044382727,0.4423326459346949
P,gift,3y,LSTM + ratio,real_panel_lstm_ratio_cal3y__LSTM__gift__r044,1,0.0998774782911353,1.004828073902993,-1.2363450447449071,29.62096147013093,0.43980461225339307
P,gift,3y,LSTM + ratio,real_panel_lstm_ratio_cal3y__LSTM__gift__r045,1,0.09974965754777665,0.9813068643782856,9.788077979084164,25.564230886498393,0.44007882172256124
P,gift,3y,LSTM + ratio,real_panel_lstm_ratio_cal3y__LSTM__gift__r046,1,0.10004474787519634,1.064454558643864,-6.7919219468830345,23.379230584071678,0.4363246417969886
P,gift,3y,LSTM + ratio,real_panel_lstm_ratio_cal3y__LSTM__gift__r047,1,0.09966348792914052,0.9495274292781279,9.391731921618971,26.292884768336023,0.43318637516234787
P,gift,3y,LSTM + ratio,real_panel_lstm_ratio_cal3y__LSTM__gift__r048,1,0.09984169742674763,0.9930117354466388,7.6457703915028,29.531538564971463,0.44430737309037155
P,gift,3y,LSTM + ratio,real_panel_lstm_ratio_cal3y__LSTM__gift__r049,1,0.10006093849647124,1.0504935281392624,35.658655052449106,38.42942396863879,0.4410559033521012
P,gift,3y,LSTM + ratio,real_panel_lstm_ratio_cal3y__LSTM__gift__r050,1,0.10001813292197428,1.0236204437088594,54.66288584454595,55.39173185829794,0.4462656077952269
P,gift,3y,LSTM + ratio,real_panel_lstm_ratio_cal3y__LSTM__gift__r051,1,0.09970019802854013,0.9146623189659463,24.094808828779414,31.184808099485586,0.4480183450145587
P,gift,3y,LSTM + ratio,real_panel_lstm_ratio_cal3y__LSTM__gift__r052,1,0.09998366837329553,1.0029448084919341,19.452308851222295,29.200000411544167,0.4495531631532235
P,gift,3y,LSTM + ratio,real_panel_lstm_ratio_cal3y__LSTM__gift__r053,1,0.09988035277293013,0.999449184110921,17.994424158151787,29.785961881279846,0.4417283408745669
P,gift,3y,LSTM + ratio,real_panel_lstm_ratio_cal3y__LSTM__gift__r054,1,0.09995465994484934,1.0198385528707907,12.396154971390034,31.10615395224434,0.43806652507362154
P,gift,3y,LSTM + ratio,real_panel_lstm_ratio_cal3y__LSTM__gift__r055,1,0.09996943911305729,1.0265929149689534,11.56500117235361,27.812692433765754,0.43783754796424235
P,gift,3y,LSTM + ratio,real_panel_lstm_ratio_cal3y__LSTM__gift__r056,1,0.09966864896474306,0.9176618816569873,5.213462674000482,28.166538388535468,0.4272283702719113
P,gift,3y,LSTM + ratio,real_panel_lstm_ratio_cal3y__LSTM__gift__r057,1,0.09998344301336548,1.0174293303183783,24.377308872353467,32.51384671054354,0.43801567351057
P,gift,3y,LSTM + ratio,real_panel_lstm_ratio_cal3y__LSTM__gift__r058,1,0.10006993674907182,1.0504339950348964,18.55192423256334,36.49923095484077,0.4433791752418478
P,gift,3y,LSTM + ratio,real_panel_lstm_ratio_cal3y__LSTM__gift__r059,1,0.10215765215286038,1.270089975110188,57.49134733458019,57.70442421565948,0.4349294869763299
P,gift,3y,LSTM + ratio,real_panel_lstm_ratio_cal3y__LSTM__gift__r060,1,0.09991271427396932,1.0009554277839456,23.006539613997766,30.548846758745206,0.4376207196028208
P,gift,3y,LSTM + ratio,real_panel_lstm_ratio_cal3y__LSTM__gift__r061,1,0.10009927736700913,1.0316810236314449,13.555770360891302,28.223846364237943,0.44512548848342914
P,gift,3y,LSTM + ratio,real_panel_lstm_ratio_cal3y__LSTM__gift__r062,1,0.09993777703712758,0.9920438302225819,28.489231952586657,35.02884682292513,0.4490826278645163
P,gift,3y,LSTM + ratio,real_panel_lstm_ratio_cal3y__LSTM__gift__r063,1,0.09988879886890101,0.964371632166928,23.159231890324026,35.50692351588682,0.4366224578644038
P,gift,3y,LSTM + ratio,real_panel_lstm_ratio_cal3y__LSTM__gift__r064,1,0.09986014953685589,0.9940057423457263,20.81115501229802,31.935384997497916,0.43773094600686546
P,gift,3y,LSTM + ratio,real_panel_lstm_ratio_cal3y__LSTM__gift__r065,1,0.10000855089879242,1.0286197898033005,25.850578055452594,33.753269786135895,0.441669394506476
P,gift,3y,LSTM + ratio,real_panel_lstm_ratio_cal3y__LSTM__gift__r066,1,0.09999958572434542,1.0329810479882509,21.221347298683302,33.343654172651625,0.43650402098837177
P,gift,3y,LSTM + ratio,real_panel_lstm_ratio_cal3y__LSTM__gift__r067,1,0.10009861454631788,1.0688317246280106,4.0367319433087365,24.539038501187342,0.44090461210809706
P,gift,3y,LSTM + ratio,real_panel_lstm_ratio_cal3y__LSTM__gift__r068,1,0.09966449425123314,0.9128746973563173,7.711154974262469,26.492307699294386,0.44193625900826033
P,gift,3y,LSTM + ratio,real_panel_lstm_ratio_cal3y__LSTM__gift__r069,1,0.10006915388937693,1.0362329866980646,18.57500115884079,29.930769637665737,0.4328580256742241
P,gift,3y,LSTM + ratio,real_panel_lstm_ratio_cal3y__LSTM__gift__r070,1,0.09977288262333074,0.9495837504744465,18.48327036441025,34.45942331069643,0.4364115052384265
P,gift,3y,LSTM + ratio,real_panel_lstm_ratio_cal3y__LSTM__gift__r071,1,0.1002479884224071,1.0681008090175148,31.541539588987632,37.376923796165414,0.4478748188989287
P,gift,3y,LSTM + ratio,real_panel_lstm_ratio_cal3y__LSTM__gift__r072,1,0.09987711990427636,1.0061491596544112,6.282308820428852,21.043846466121764,0.4469063235052519
P,gift,3y,LSTM + ratio,real_panel_lstm_ratio_cal3y__LSTM__gift__r073,1,0.10005552401005814,1.0604178393000454,-0.49384499741117555,26.251923040142085,0.4329271182213323
P,gift,3y,LSTM + ratio,real_panel_lstm_ratio_cal3y__LSTM__gift__r074,1,0.10003358050278395,1.0404126793395583,32.940385741329166,35.76077005814722,0.4358480208700715
P,gift,3y,LSTM + ratio,real_panel_lstm_ratio_cal3y__LSTM__gift__r075,1,0.09981931169673222,0.9217467957401736,22.272501174660224,29.57826994052766,0.4386874058606992
P,gift,3y,LSTM + ratio,real_panel_lstm_ratio_cal3y__LSTM__gift__r076,1,0.10125434455041199,1.0686336000613466,71.75346278099653,74.20230875559609,0.44017087225377316
P,gift,3y,LSTM + ratio,real_panel_lstm_ratio_cal3y__LSTM__gift__r077,1,0.10012591619944575,0.9096782774137362,17.32250118545284,28.043269648982214,0.4456479600274899
P,gift,3y,LSTM + ratio,real_panel_lstm_ratio_cal3y__LSTM__gift__r078,1,0.09984627425471193,1.003006495835638,2.1736549699559977,29.458653812919053,0.44302160878187996
P,gift,3y,LSTM + ratio,real_panel_lstm_ratio_cal3y__LSTM__gift__r079,1,0.09988599765535827,0.9807671043763785,39.1275012139407,42.639039314996516,0.44349198223742037
P,gift,3y,LSTM + ratio,real_panel_lstm_ratio_cal3y__LSTM__gift__r080,1,0.09991013159685436,0.9898637495095567,18.104616557225267,31.532308090581054,0.44389263754036856
P,gift,3y,LSTM + ratio,real_panel_lstm_ratio_cal3y__LSTM__gift__r081,1,0.09984526060390994,0.9086677918543018,18.189424197368346,29.624808118857626,0.43433166956313274
P,gift,3y,LSTM + ratio,real_panel_lstm_ratio_cal3y__LSTM__gift__r082,1,0.1000408267437129,1.046072925487742,11.91788574420962,26.226346341516898,0.4423054906829721
P,gift,3y,LSTM + ratio,real_panel_lstm_ratio_cal3y__LSTM__gift__r083,1,0.10010786357435202,1.0360863930869824,40.570385792256566,42.03230868142899,0.44461428048489876
P,gift,3y,LSTM + ratio,real_panel_lstm_ratio_cal3y__LSTM__gift__r084,1,0.10008642948063458,1.0692046458849092,-8.119229625400347,27.408076573226012,0.4400507421791821
P,gift,3y,LSTM + ratio,real_panel_lstm_ratio_cal3y__LSTM__gift__r085,1,0.0996875400855432,0.9402850477908048,4.3598088613135335,23.706346264762683,0.44462164779579066
P,gift,3y,LSTM + ratio,real_panel_lstm_ratio_cal3y__LSTM__gift__r086,1,0.09998673138215028,1.019702770852548,11.953270376498477,29.17365407947301,0.43140594387883213
P,gift,3y,LSTM + ratio,real_panel_lstm_ratio_cal3y__LSTM__gift__r087,1,0.09990127242054872,0.9765875834517432,10.66557804093437,29.235577009363023,0.4388701474958055
P,gift,3y,LSTM + ratio,real_panel_lstm_ratio_cal3y__LSTM__gift__r088,1,0.10007559572897742,1.0531785605992339,4.0271165265359015,29.97288459638813,0.4335274969497336
P,gift,3y,LSTM + ratio,real_panel_lstm_ratio_cal3y__LSTM__gift__r089,1,0.0999740296798685,1.0397869551352492,4.5053857579027685,23.23346158523163,0.4473757525076457
P,gift,3y,LSTM + ratio,real_panel_lstm_ratio_cal3y__LSTM__gift__r090,1,0.0998333174036607,0.9885253205761116,19.646155039193005,31.943461913727305,0.4360812789017736
P,gift,3y,LSTM + ratio,real_panel_lstm_ratio_cal3y__LSTM__gift__r091,1,0.10016379073373866,1.0497798027308476,21.96269348628627,30.913077529694267,0.44400311962945216
P,gift,3y,LSTM + ratio,real_panel_lstm_ratio_cal3y__LSTM__gift__r092,1,0.09986661849722397,0.9408747114777738,31.532693486257457,41.034231335730496,0.44295314310996864
P,gift,3y,LSTM + ratio,real_panel_lstm_ratio_cal3y__LSTM__gift__r093,1,0.09979976651476084,0.9911051509369921,-9.598268107086001,22.937884299563706,0.43985921277456813
P,gift,3y,LSTM + ratio,real_panel_lstm_ratio_cal3y__LSTM__gift__r094,1,0.09985070945587168,1.0072980330428045,-11.873652758681493,24.531345813369562,0.4419576743137854
P,gift,3y,LSTM + ratio,real_panel_lstm_ratio_cal3y__LSTM__gift__r095,1,0.09998017021230188,0.9527668450752608,58.40057810725918,60.39673183272261,0.43980747451740515
P,gift,3y,LSTM + ratio,real_panel_lstm_ratio_cal3y__LSTM__gift__r096,1,0.09986898434373334,0.9985106766838319,3.8690395607574803,29.906346162852742,0.4442775435651588
P,gift,3y,LSTM + ratio,real_panel_lstm_ratio_cal3y__LSTM__gift__r097,1,0.10000924899993893,1.024278033899466,14.349616526092943,35.60192312120653,0.4397076638085769
P,gift,3y,LSTM + ratio,real_panel_lstm_ratio_cal3y__LSTM__gift__r098,1,0.09982516780335533,0.9681350225907656,4.237501108929109,22.665192290262958,0.43864776564567304
P,gift,3y,LSTM + ratio,real_panel_lstm_ratio_cal3y__LSTM__gift__r099,1,0.09982190364110556,0.9081507432410796,-2.247306598113349,23.38192304858241,0.43784215186548936
P,gift,3y,LSTM + bounded32ratio,real_panel_lstm_bounded32ratio_cal3y__LSTM__gift__r000,1,0.09972499902804202,0.9679351386944651,13.990770401298478,23.374231066465164,0.44084648090285067
P,gift,3y,LSTM + bounded32ratio,real_panel_lstm_bounded32ratio_cal3y__LSTM__gift__r001,1,0.10005683436041149,1.0361173036844975,9.14250108046216,30.864038587046316,0.4426336689918047
P,gift,3y,LSTM + bounded32ratio,real_panel_lstm_bounded32ratio_cal3y__LSTM__gift__r002,1,0.09998066291455776,1.0189424762199808,41.71346272917236,42.670000977925866,0.43897416974085074
P,gift,3y,LSTM + bounded32ratio,real_panel_lstm_bounded32ratio_cal3y__LSTM__gift__r003,1,0.09989940362764924,1.0275906457766382,-20.753075870385484,29.72038419364261,0.44741483613562905
P,gift,3y,LSTM + bounded32ratio,real_panel_lstm_bounded32ratio_cal3y__LSTM__gift__r004,1,0.09997856313454584,1.0266030501599552,17.660578051850347,36.35750023634702,0.44590393035289494
P,gift,3y,LSTM + bounded32ratio,real_panel_lstm_bounded32ratio_cal3y__LSTM__gift__r005,1,0.09992640785539866,1.0222713556240857,3.024808812904124,24.819807795127097,0.44323096754699237
P,gift,3y,LSTM + bounded32ratio,real_panel_lstm_bounded32ratio_cal3y__LSTM__gift__r006,1,0.10132516434300848,1.0052946848022504,34.30500113024672,41.212308487783076,0.4377228567576278
P,gift,3y,LSTM + bounded32ratio,real_panel_lstm_bounded32ratio_cal3y__LSTM__gift__r007,1,0.09987015557250291,1.0231361024689793,13.371155018506002,29.95538476930674,0.440983874226579
P,gift,3y,LSTM + bounded32ratio,real_panel_lstm_bounded32ratio_cal3y__LSTM__gift__r008,1,0.09990317348479949,1.0135966626824209,10.32096268674064,27.368653977374827,0.4352842301019632
P,gift,3y,LSTM + bounded32ratio,real_panel_lstm_bounded32ratio_cal3y__LSTM__gift__r009,1,0.10003545499774039,1.034715334977777,23.45288576697009,35.66826967992628,0.44020434669025327
P,gift,3y,LSTM + bounded32ratio,real_panel_lstm_bounded32ratio_cal3y__LSTM__gift__r010,1,0.09964393989098215,0.9626384575200536,-7.341345103542883,22.3305767303324,0.437287504406974
P,gift,3y,LSTM + bounded32ratio,real_panel_lstm_bounded32ratio_cal3y__LSTM__gift__r011,1,0.09990176086129691,0.9679699010167392,41.30827041327152,42.669424033530994,0.4410466144790563
P,gift,3y,LSTM + bounded32ratio,real_panel_lstm_bounded32ratio_cal3y__LSTM__gift__r012,1,0.10005872706313192,1.0539732313304573,-8.77346044545123,24.066922794982776,0.4384541995250027
P,gift,3y,LSTM + bounded32ratio,real_panel_lstm_bounded32ratio_cal3y__LSTM__gift__r013,1,0.09998090599648067,1.0173953224148118,34.93750116957963,37.85019318447782,0.44357826817007695
P,gift,3y,LSTM + bounded32ratio,real_panel_lstm_bounded32ratio_cal3y__LSTM__gift__r014,1,0.10042224070907028,1.064948379121575,66.22923198538858,69.56192413539723,0.44066235510136453
P,gift,3y,LSTM + bounded32ratio,real_panel_lstm_bounded32ratio_cal3y__LSTM__gift__r015,1,0.09996780444990391,1.0284494757647291,13.459808783350214,26.42750030264805,0.44927835089754153
P,gift,3y,LSTM + bounded32ratio,real_panel_lstm_bounded32ratio_cal3y__LSTM__gift__r016,1,0.0999455762921941,1.0242241464118926,2.793654974778078,20.330961584270224,0.438647738280202
P,gift,3y,LSTM + bounded32ratio,real_panel_lstm_bounded32ratio_cal3y__LSTM__gift__r017,1,0.10016839809024566,1.0181799657155888,29.58077045444084,38.438846691099506,0.4357305209847796
P,gift,3y,LSTM + bounded32ratio,real_panel_lstm_bounded32ratio_cal3y__LSTM__gift__r018,1,0.10009074690596399,1.0262830149353015,44.45327046031746,47.474039377277265,0.4428988116562828
P,gift,3y,LSTM + bounded32ratio,real_panel_lstm_bounded32ratio_cal3y__LSTM__gift__r019,1,0.09988861401137918,1.01873926818825,11.849616555868378,28.008461756018235,0.4390538296841312
P,gift,3y,LSTM + bounded32ratio,real_panel_lstm_bounded32ratio_cal3y__LSTM__gift__r020,1,0.09974269478672125,0.9588251546636863,13.728847250548073,25.08961588520402,0.44190548546659286
P,gift,3y,LSTM + bounded32ratio,real_panel_lstm_bounded32ratio_cal3y__LSTM__gift__r021,1,0.10011187262481028,1.055385541231177,10.728655023267187,32.72326945913768,0.4418278064542117
P,gift,3y,LSTM + bounded32ratio,real_panel_lstm_bounded32ratio_cal3y__LSTM__gift__r022,1,0.09996096455116847,1.021555004389551,10.091924256904532,30.12884619798007,0.43908300224913405
P,gift,3y,LSTM + bounded32ratio,real_panel_lstm_bounded32ratio_cal3y__LSTM__gift__r023,1,0.09999409518297904,1.0232865625337697,31.50692421985455,34.110770071744525,0.44318118285001856
P,gift,3y,LSTM + bounded32ratio,real_panel_lstm_bounded32ratio_cal3y__LSTM__gift__r024,1,0.1000177936841538,1.0263996627640226,9.429616570503798,29.673461671135023,0.4464617149041441
P,gift,3y,LSTM + bounded32ratio,real_panel_lstm_bounded32ratio_cal3y__LSTM__gift__r025,1,0.09980743266452453,0.995987137924046,10.934231853931722,25.437692586319045,0.44149304189135863
P,gift,3y,LSTM + bounded32ratio,real_panel_lstm_bounded32ratio_cal3y__LSTM__gift__r026,1,0.10003099422737662,1.0185034728712064,15.253462648901003,24.68769278630263,0.45110155485525255
P,gift,3y,LSTM + bounded32ratio,real_panel_lstm_bounded32ratio_cal3y__LSTM__gift__r027,1,0.09973523688323109,0.9525775491317608,22.00250113953792,29.57288510696682,0.44100936289719667
P,gift,3y,LSTM + bounded32ratio,real_panel_lstm_bounded32ratio_cal3y__LSTM__gift__r028,1,0.10012103359292183,1.059514370386338,16.56192421617605,27.86961576941664,0.44030156108405183
P,gift,3y,LSTM + bounded32ratio,real_panel_lstm_bounded32ratio_cal3y__LSTM__gift__r029,1,0.10033713278933358,1.0665302215764596,58.2359627647492,61.03365498740426,0.434679776501239
P,gift,3y,LSTM + bounded32ratio,real_panel_lstm_bounded32ratio_cal3y__LSTM__gift__r030,1,0.10006718197609484,1.0406709076030072,29.021347340222928,33.50711608874199,0.43285451157285676
P,gift,3y,LSTM + bounded32ratio,real_panel_lstm_bounded32ratio_cal3y__LSTM__gift__r031,1,0.10007684226261161,1.038917706951857,36.90442428086818,40.10596240404971,0.43789483091580744
P,gift,3y,LSTM + bounded32ratio,real_panel_lstm_bounded32ratio_cal3y__LSTM__gift__r032,1,0.09976886423821567,0.9499573316228682,43.74519347416909,45.19673172095679,0.4417886177224852
P,gift,3y,LSTM + bounded32ratio,real_panel_lstm_bounded32ratio_cal3y__LSTM__gift__r033,1,0.09993253879688449,1.0117576677164168,8.608270372429493,26.729807795468634,0.44573546826143434
P,gift,3y,LSTM + bounded32ratio,real_panel_lstm_bounded32ratio_cal3y__LSTM__gift__r034,1,0.099525365640027,0.9209214899686825,8.867885754085242,24.789038592447987,0.4439352565421436
P,gift,3y,LSTM + bounded32ratio,real_panel_lstm_bounded32ratio_cal3y__LSTM__gift__r035,1,0.09993478175854568,0.9962388613076714,23.713847301729977,28.519231486581816,0.4457541661412318
P,gift,3y,LSTM + bounded32ratio,real_panel_lstm_bounded32ratio_cal3y__LSTM__gift__r036,1,0.1000905739620829,1.065535201911692,-5.397498894308469,25.854038298958404,0.4342903870444299
P,gift,3y,LSTM + bounded32ratio,real_panel_lstm_bounded32ratio_cal3y__LSTM__gift__r037,1,0.0999246235326462,1.028778657043418,3.9830780635773304,21.621153935982562,0.43756272617602165
P,gift,3y,LSTM + bounded32ratio,real_panel_lstm_bounded32ratio_cal3y__LSTM__gift__r038,1,0.09994065015106653,1.0329586068755305,-10.257691212755404,26.692691966645093,0.4301760963433032
P,gift,3y,LSTM + bounded32ratio,real_panel_lstm_bounded32ratio_cal3y__LSTM__gift__r039,1,0.09971593989748068,0.9486438618961142,24.12577037039061,29.92038522052223,0.43870201688728566
P,gift,3y,LSTM + bounded32ratio,real_panel_lstm_bounded32ratio_cal3y__LSTM__gift__r040,1,0.10000397123263371,1.0409655334742598,-9.345575850636294,32.50019206213232,0.44515717702672714
P,gift,3y,LSTM + bounded32ratio,real_panel_lstm_bounded32ratio_cal3y__LSTM__gift__r041,1,0.09981679238147312,1.0013729908045597,13.787116532710728,23.570961938217142,0.44400883796059026
P,gift,3y,LSTM + bounded32ratio,real_panel_lstm_bounded32ratio_cal3y__LSTM__gift__r042,1,0.09996455165259445,1.0103702373759504,15.022693428707656,29.902692510491125,0.4372448645735968
P,gift,3y,LSTM + bounded32ratio,real_panel_lstm_bounded32ratio_cal3y__LSTM__gift__r043,1,0.1001828532403233,1.0218773977484195,52.24596272607735,53.899808655439,0.44284185832987816
P,gift,3y,LSTM + bounded32ratio,real_panel_lstm_bounded32ratio_cal3y__LSTM__gift__r044,1,0.09987106868426286,0.9989025785150132,19.604424197593634,29.736346565231635,0.43987627738229673
P,gift,3y,LSTM + bounded32ratio,real_panel_lstm_bounded32ratio_cal3y__LSTM__gift__r045,1,0.09975901761826446,1.003069784402882,1.4484626747432554,23.909615145127596,0.4333079272276678
P,gift,3y,LSTM + bounded32ratio,real_panel_lstm_bounded32ratio_cal3y__LSTM__gift__r046,1,0.09981012675441489,0.9898452986549167,10.685001094601429,24.71576936028069,0.4337139945693563
P,gift,3y,LSTM + bounded32ratio,real_panel_lstm_bounded32ratio_cal3y__LSTM__gift__r047,1,0.09981562349802078,0.9734171512618973,15.143078082876663,27.941154214472846,0.43572448396316843
P,gift,3y,LSTM + bounded32ratio,real_panel_lstm_bounded32ratio_cal3y__LSTM__gift__r048,1,0.09966800612864134,0.9522097135889316,6.828270327913012,25.622115372344307,0.4473922006561967
P,gift,3y,LSTM + bounded32ratio,real_panel_lstm_bounded32ratio_cal3y__LSTM__gift__r049,1,0.09985604687495209,1.0193846259543866,-8.195768114416932,24.56999977376728,0.44083054105997477
P,gift,3y,LSTM + bounded32ratio,real_panel_lstm_bounded32ratio_cal3y__LSTM__gift__r050,1,0.09959630070800739,0.9534902104162147,-4.410383504045508,20.78538440311188,0.4491301786686896
P,gift,3y,LSTM + bounded32ratio,real_panel_lstm_bounded32ratio_cal3y__LSTM__gift__r051,1,0.09984897104951178,0.9847951413390869,33.67865503996206,37.186731663644274,0.4448296460218254
P,gift,3y,LSTM + bounded32ratio,real_panel_lstm_bounded32ratio_cal3y__LSTM__gift__r052,1,0.10018254285766796,1.0817599375802165,-2.986537325576819,29.626538282542402,0.44384172560034363
P,gift,3y,LSTM + bounded32ratio,real_panel_lstm_bounded32ratio_cal3y__LSTM__gift__r053,1,0.100061711171897,1.0247083785502975,32.93153960571168,37.1961545774962,0.43832001105935936
P,gift,3y,LSTM + bounded32ratio,real_panel_lstm_bounded32ratio_cal3y__LSTM__gift__r054,1,0.10016278904312999,1.029697151374147,31.782116532468716,41.43557765588253,0.43453557980592455
P,gift,3y,LSTM + bounded32ratio,real_panel_lstm_bounded32ratio_cal3y__LSTM__gift__r055,1,0.09979681813152345,0.9768974826256777,8.390770346942418,23.114231220970296,0.4399765276820786
P,gift,3y,LSTM + bounded32ratio,real_panel_lstm_bounded32ratio_cal3y__LSTM__gift__r056,1,0.0997902083904901,0.9627605855709456,27.084039623172707,31.219808334068123,0.4395557841797245
P,gift,3y,LSTM + bounded32ratio,real_panel_lstm_bounded32ratio_cal3y__LSTM__gift__r057,1,0.09994587359923494,1.034376899551907,12.384231966906482,29.262692493749178,0.4420327078144708
P,gift,3y,LSTM + bounded32ratio,real_panel_lstm_bounded32ratio_cal3y__LSTM__gift__r058,1,0.09991299581126353,1.0120130081952612,23.865385766772164,31.34923141268334,0.44370015624455394
P,gift,3y,LSTM + bounded32ratio,real_panel_lstm_bounded32ratio_cal3y__LSTM__gift__r059,1,0.09991594916027385,1.0191874708310467,6.245385710790026,21.264230975536385,0.4405901010846146
P,gift,3y,LSTM + bounded32ratio,real_panel_lstm_bounded32ratio_cal3y__LSTM__gift__r060,1,0.1000660233114139,1.0435401706317704,10.342885725347672,28.339807923609992,0.43713902534001964
P,gift,3y,LSTM + bounded32ratio,real_panel_lstm_bounded32ratio_cal3y__LSTM__gift__r061,1,0.09996092444390227,0.9857431155320874,38.0986549970333,41.34019315524829,0.44721044637893254
P,gift,3y,LSTM + bounded32ratio,real_panel_lstm_bounded32ratio_cal3y__LSTM__gift__r062,1,0.1001057146541423,1.0637981883787215,-2.3959604365744704,26.032115222389212,0.4450547017841847
P,gift,3y,LSTM + bounded32ratio,real_panel_lstm_bounded32ratio_cal3y__LSTM__gift__r063,1,0.1000417045408275,1.0016135809295712,37.6221165154798,42.995577616809435,0.4390030879844928
P,gift,3y,LSTM + bounded32ratio,real_panel_lstm_bounded32ratio_cal3y__LSTM__gift__r064,1,0.09979574808915691,0.9856470184857968,14.74865494051904,27.89519263626193,0.4389915045978599
P,gift,3y,LSTM + bounded32ratio,real_panel_lstm_bounded32ratio_cal3y__LSTM__gift__r065,1,0.1000813278183744,1.0756603795244177,-17.90269123023184,28.175768908068523,0.4456333148341774
P,gift,3y,LSTM + bounded32ratio,real_panel_lstm_bounded32ratio_cal3y__LSTM__gift__r066,1,0.09988465873243446,1.0105845268752958,24.874808858394733,33.6886542729468,0.44162743995600384
P,gift,3y,LSTM + bounded32ratio,real_panel_lstm_bounded32ratio_cal3y__LSTM__gift__r067,1,0.0997772646325514,0.9723670752672058,9.716347280459646,24.576346353009786,0.4407239381360855
P,gift,3y,LSTM + bounded32ratio,real_panel_lstm_bounded32ratio_cal3y__LSTM__gift__r068,1,0.10005663805900175,1.0540619543903849,10.575001168382393,32.47307698598324,0.44321783028083783
P,gift,3y,LSTM + bounded32ratio,real_panel_lstm_bounded32ratio_cal3y__LSTM__gift__r069,1,0.0998843915112752,0.9981916494219994,7.594231834876662,19.73076951913886,0.43708525216272714
P,gift,3y,LSTM + bounded32ratio,real_panel_lstm_bounded32ratio_cal3y__LSTM__gift__r070,1,0.09984986846266546,1.0010298975910874,-0.501729643371111,28.79249982663451,0.43680193844924864
P,gift,3y,LSTM + bounded32ratio,real_panel_lstm_bounded32ratio_cal3y__LSTM__gift__r071,1,0.09996523457374977,1.0338563088545132,-4.396537376854523,24.445384333868418,0.44387536594421073
P,gift,3y,LSTM + bounded32ratio,real_panel_lstm_bounded32ratio_cal3y__LSTM__gift__r072,1,0.09993689365307251,1.026806011540335,-6.422883496024492,23.752114969874405,0.4415665437765742
P,gift,3y,LSTM + bounded32ratio,real_panel_lstm_bounded32ratio_cal3y__LSTM__gift__r073,1,0.09994500949054776,0.9659944744970345,28.234231898654887,32.005770014343575,0.4318183378657091
P,gift,3y,LSTM + bounded32ratio,real_panel_lstm_bounded32ratio_cal3y__LSTM__gift__r074,1,0.0998847295006692,1.0106142066714583,6.272693424633141,23.50500010815894,0.4395363519376577
P,gift,3y,LSTM + bounded32ratio,real_panel_lstm_bounded32ratio_cal3y__LSTM__gift__r075,1,0.09986199423079088,0.9822456354169142,16.628078093366916,26.440769686730675,0.4354007199924322
P,gift,3y,LSTM + bounded32ratio,real_panel_lstm_bounded32ratio_cal3y__LSTM__gift__r076,1,0.10005935267594365,1.0515451765511894,5.681924244473705,21.82961547077862,0.43517457717431557
P,gift,3y,LSTM + bounded32ratio,real_panel_lstm_bounded32ratio_cal3y__LSTM__gift__r077,1,0.09978107480530543,0.9604245061888775,27.286347330552065,36.347115869038205,0.43977695140306544
P,gift,3y,LSTM + bounded32ratio,real_panel_lstm_bounded32ratio_cal3y__LSTM__gift__r078,1,0.10001341400502976,1.0590241696280862,-32.31576823638414,35.726537803376154,0.43928263271773693
P,gift,3y,LSTM + bounded32ratio,real_panel_lstm_bounded32ratio_cal3y__LSTM__gift__r079,1,0.09994879144925091,1.007395054199623,25.407885768732573,36.26711581706037,0.4422768632083536
P,gift,3y,LSTM + bounded32ratio,real_panel_lstm_bounded32ratio_cal3y__LSTM__gift__r080,1,0.10002039578440554,1.0392890103592787,5.635578097045459,28.159038475781767,0.4360686414036677
P,gift,3y,LSTM + bounded32ratio,real_panel_lstm_bounded32ratio_cal3y__LSTM__gift__r081,1,0.09990904149053295,1.0195304941520795,21.019039661153116,31.24403887385795,0.43856448030485917
P,gift,3y,LSTM + bounded32ratio,real_panel_lstm_bounded32ratio_cal3y__LSTM__gift__r082,1,0.09987212111245478,0.9746536672209363,42.7003858064952,45.15192401199129,0.447888125603937
P,gift,3y,LSTM + bounded32ratio,real_panel_lstm_bounded32ratio_cal3y__LSTM__gift__r083,1,0.09982909255527753,0.9993609092006677,0.5969241810870384,21.88615375610356,0.44300358113688926
P,gift,3y,LSTM + bounded32ratio,real_panel_lstm_bounded32ratio_cal3y__LSTM__gift__r084,1,0.09987069627046556,0.9795709006461292,16.565193410026758,27.7294234094845,0.4445756274070474
P,gift,3y,LSTM + bounded32ratio,real_panel_lstm_bounded32ratio_cal3y__LSTM__gift__r085,1,0.09970781214972926,0.9597691397092749,7.647885676885069,23.419423216389657,0.4452610700296908
P,gift,3y,LSTM + bounded32ratio,real_panel_lstm_bounded32ratio_cal3y__LSTM__gift__r086,1,0.09978878220124164,0.9635049482966587,26.789808846324814,29.79596238298984,0.4351861494425605
P,gift,3y,LSTM + bounded32ratio,real_panel_lstm_bounded32ratio_cal3y__LSTM__gift__r087,1,0.10002160085910682,1.0300331065407748,17.744808785567837,26.197115873510352,0.4410513909112887
P,gift,3y,LSTM + bounded32ratio,real_panel_lstm_bounded32ratio_cal3y__LSTM__gift__r088,1,0.09983368079212239,0.9794233927878964,10.591731863722945,25.379038648590253,0.4384307959083095
P,gift,3y,LSTM + bounded32ratio,real_panel_lstm_bounded32ratio_cal3y__LSTM__gift__r089,1,0.10001267173768358,1.0408789313787212,6.736924159631358,25.423461609372232,0.44800267567320373
P,gift,3y,LSTM + bounded32ratio,real_panel_lstm_bounded32ratio_cal3y__LSTM__gift__r090,1,0.09997012144075106,1.024963603099847,21.70173190686322,33.78903886334637,0.43446567517091805
P,gift,3y,LSTM + bounded32ratio,real_panel_lstm_bounded32ratio_cal3y__LSTM__gift__r091,1,0.09997603811790522,1.0341180365723854,0.6455780309622565,30.066346005590358,0.44797903294413216
P,gift,3y,LSTM + bounded32ratio,real_panel_lstm_bounded32ratio_cal3y__LSTM__gift__r092,1,0.0995460613924131,0.9152920443331919,0.07538573626098136,23.02884615010743,0.44564744520592214
P,gift,3y,LSTM + bounded32ratio,real_panel_lstm_bounded32ratio_cal3y__LSTM__gift__r093,1,0.09992559232886368,1.0123741270718314,11.93115501624253,29.613846276635954,0.4409026562416984
P,gift,3y,LSTM + bounded32ratio,real_panel_lstm_bounded32ratio_cal3y__LSTM__gift__r094,1,0.09994948940953642,1.0214176050703627,13.656347310371757,29.36788485732478,0.43704372192840346
P,gift,3y,LSTM + bounded32ratio,real_panel_lstm_bounded32ratio_cal3y__LSTM__gift__r095,1,0.0999841151795751,1.0216459228324108,23.211731920152832,28.914423593982487,0.4421260270703151
P,gift,3y,LSTM + bounded32ratio,real_panel_lstm_bounded32ratio_cal3y__LSTM__gift__r096,1,0.09992012254452289,0.9814940297216977,24.774616575226478,31.125769860540863,0.44524517105929434
P,gift,3y,LSTM + bounded32ratio,real_panel_lstm_bounded32ratio_cal3y__LSTM__gift__r097,1,0.10006317186990296,1.0462442128273162,3.220001135128646,28.134615305238047,0.43675277605346136
P,gift,3y,LSTM + bounded32ratio,real_panel_lstm_bounded32ratio_cal3y__LSTM__gift__r098,1,0.09989522788625961,0.9934165934915331,14.452693448155461,29.050769526085972,0.43654653603659105
P,gift,3y,LSTM + bounded32ratio,real_panel_lstm_bounded32ratio_cal3y__LSTM__gift__r099,1,0.0999424300827302,1.019598470707057,4.757116480725734,25.778653883361766,0.4412770408221449
P,multichannel,3y,LSTM + bounded32,real_panel_lstm_bounded32_cal3y__LSTM__multichannel__r000,1,0.04898200042861908,0.41213387958622855,72.27283669608664,84.38844270842644,0.2537121198822143
P,multichannel,3y,LSTM + bounded32,real_panel_lstm_bounded32_cal3y__LSTM__multichannel__r001,1,0.04892417381460909,0.40016440271128867,17.045090315900747,55.41271731200905,0.2747417707120296
P,multichannel,3y,LSTM + bounded32,real_panel_lstm_bounded32_cal3y__LSTM__multichannel__r002,1,0.048914794678661666,0.4026838950043166,-5.053176053374731,53.198843963734916,0.2290511020663211
P,multichannel,3y,LSTM + bounded32,real_panel_lstm_bounded32_cal3y__LSTM__multichannel__r003,1,0.04891704246833251,0.39549522953793054,18.267055489849177,56.18150342306966,0.2328517455884661
P,multichannel,3y,LSTM + bounded32,real_panel_lstm_bounded32_cal3y__LSTM__multichannel__r004,1,0.04886427567209198,0.3920396793275823,29.801159547345325,59.2578045750638,0.24564541207127336
P,multichannel,3y,LSTM + bounded32,real_panel_lstm_bounded32_cal3y__LSTM__multichannel__r005,1,0.04897603476446609,0.40710811723682067,47.783819113378335,67.09248831177985,0.20885168374095897
P,multichannel,3y,LSTM + bounded32,real_panel_lstm_bounded32_cal3y__LSTM__multichannel__r006,1,0.04893286662778962,0.4021845272313225,31.85665112236367,61.840463873009476,0.25266769951729073
P,multichannel,3y,LSTM + bounded32,real_panel_lstm_bounded32_cal3y__LSTM__multichannel__r007,1,0.04889339509911298,0.3929841824838288,8.200003288287512,54.88670544343529,0.2296696588116096
P,multichannel,3y,LSTM + bounded32,real_panel_lstm_bounded32_cal3y__LSTM__multichannel__r008,1,0.04898146499808834,0.42388384314571237,29.861275926823968,64.23584015883823,0.10797933063313948
P,multichannel,3y,LSTM + bounded32,real_panel_lstm_bounded32_cal3y__LSTM__multichannel__r009,1,0.049002529966893346,0.41406440060000915,87.04393494273918,96.83121741935011,0.245400150634938
P,multichannel,3y,LSTM + bounded32,real_panel_lstm_bounded32_cal3y__LSTM__multichannel__r010,1,0.04889778538964141,0.39814526458109906,-10.739881474110529,53.914450794711406,0.26482624991164705
P,multichannel,3y,LSTM + bounded32,real_panel_lstm_bounded32_cal3y__LSTM__multichannel__r011,1,0.04890743703389456,0.3946806399545414,22.061275344104665,56.398844608304806,0.20434658300694916
P,multichannel,3y,LSTM + bounded32,real_panel_lstm_bounded32_cal3y__LSTM__multichannel__r012,1,0.04894320023050598,0.4077152514150655,18.423125123324738,56.56878673956005,0.20537531528588662
P,multichannel,3y,LSTM + bounded32,real_panel_lstm_bounded32_cal3y__LSTM__multichannel__r013,1,0.048919558775787096,0.40638281224467215,15.213876426881669,53.59306405419531,0.22768680367774585
P,multichannel,3y,LSTM + bounded32,real_panel_lstm_bounded32_cal3y__LSTM__multichannel__r014,1,0.048911630882220614,0.3996832128424184,20.38613077188457,56.51791983127929,0.23000555991058255
P,multichannel,3y,LSTM + bounded32,real_panel_lstm_bounded32_cal3y__LSTM__multichannel__r015,1,0.04892868245145232,0.3997871579460571,6.826593086790625,53.749133132645746,0.22581698296738817
P,multichannel,3y,LSTM + bounded32,real_panel_lstm_bounded32_cal3y__LSTM__multichannel__r016,1,0.048965609484897074,0.4150338455805284,25.455495248402826,58.135261589854814,0.17671978944869085
P,multichannel,3y,LSTM + bounded32,real_panel_lstm_bounded32_cal3y__LSTM__multichannel__r017,1,0.04890756660972971,0.39716693637859224,39.21387658947003,61.52832607854383,0.2594065371634069
P,multichannel,3y,LSTM + bounded32,real_panel_lstm_bounded32_cal3y__LSTM__multichannel__r018,1,0.048923101128105495,0.40524485575110203,71.10636253771172,83.53410714973424,0.25085019652246177
P,multichannel,3y,LSTM + bounded32,real_panel_lstm_bounded32_cal3y__LSTM__multichannel__r019,1,0.048866310771374794,0.3991376042813705,-10.916760097247339,53.450866966949775,0.2374991191180427
P,multichannel,3y,LSTM + bounded32,real_panel_lstm_bounded32_cal3y__LSTM__multichannel__r020,1,0.048933255705042,0.41043835863281447,10.575726146222559,50.5549138901765,0.18524742381029488
P,multichannel,3y,LSTM + bounded32,real_panel_lstm_bounded32_cal3y__LSTM__multichannel__r021,1,0.048960585963982686,0.4078401036475563,70.98844361146897,83.84855812189325,0.2593699036804494
P,multichannel,3y,LSTM + bounded32,real_panel_lstm_bounded32_cal3y__LSTM__multichannel__r022,1,0.04900111804174193,0.41152591524023147,90.23931047346133,99.13641957975219,0.2561420998494948
P,multichannel,3y,LSTM + bounded32,real_panel_lstm_bounded32_cal3y__LSTM__multichannel__r023,1,0.04892372971337247,0.3977070229287396,22.8832406516726,54.490174265642864,0.26765950606753597
P,multichannel,3y,LSTM + bounded32,real_panel_lstm_bounded32_cal3y__LSTM__multichannel__r024,1,0.04897423892905998,0.4094100741338464,81.92023528831258,93.09248878012188,0.2554485143825654
P,multichannel,3y,LSTM + bounded32,real_panel_lstm_bounded32_cal3y__LSTM__multichannel__r025,1,0.049009441759830415,0.4123005095469353,89.83353014357014,98.4878648024025,0.2715294674184708
P,multichannel,3y,LSTM + bounded32,real_panel_lstm_bounded32_cal3y__LSTM__multichannel__r026,1,0.04897947277301976,0.4110894866178987,86.91907942986765,96.12370280190875,0.2582612794779909
P,multichannel,3y,LSTM + bounded32,real_panel_lstm_bounded32_cal3y__LSTM__multichannel__r027,1,0.04889797333683227,0.39726110455061525,9.376882038326443,55.0832373880097,0.2073910423187519
P,multichannel,3y,LSTM + bounded32,real_panel_lstm_bounded32_cal3y__LSTM__multichannel__r028,1,0.0489215820471846,0.3931240043378301,46.0069402690293,66.18497357071163,0.2610932559729001
P,multichannel,3y,LSTM + bounded32,real_panel_lstm_bounded32_cal3y__LSTM__multichannel__r029,1,0.048896765423054156,0.3977293974722577,25.877460097419856,56.60346921969382,0.2414919305505436
P,multichannel,3y,LSTM + bounded32,real_panel_lstm_bounded32_cal3y__LSTM__multichannel__r030,1,0.04888569416977944,0.3923090035080351,31.60115945774671,59.18497268468484,0.24487957349293593
P,multichannel,3y,LSTM + bounded32,real_panel_lstm_bounded32_cal3y__LSTM__multichannel__r031,1,0.048903480120653195,0.3958460671521836,36.50751816044171,61.32138908889141,0.25262249695008243
P,multichannel,3y,LSTM + bounded32,real_panel_lstm_bounded32_cal3y__LSTM__multichannel__r032,1,0.048908107893573055,0.39638827726651915,18.634685606835255,55.31676350379452,0.20372433226679118
P,multichannel,3y,LSTM + bounded32,real_panel_lstm_bounded32_cal3y__LSTM__multichannel__r033,1,0.0489592159715498,0.4195394459769783,11.500581730872698,54.68439354838505,0.19882040217155672
P,multichannel,3y,LSTM + bounded32,real_panel_lstm_bounded32_cal3y__LSTM__multichannel__r034,1,0.04890553714997253,0.3964301836035682,25.49826946254838,55.71329563296242,0.2517277452166885
P,multichannel,3y,LSTM + bounded32,real_panel_lstm_bounded32_cal3y__LSTM__multichannel__r035,1,0.04889751160529823,0.3960653054923481,22.35838502895773,55.995376945494584,0.2533970960231127
P,multichannel,3y,LSTM + bounded32,real_panel_lstm_bounded32_cal3y__LSTM__multichannel__r036,1,0.04896906783068377,0.40954226656707965,65.72948370581014,80.40925135265324,0.25019364442289566
P,multichannel,3y,LSTM + bounded32,real_panel_lstm_bounded32_cal3y__LSTM__multichannel__r037,1,0.048910157439641146,0.39881082532943585,24.92139104880194,57.436995081350396,0.244579262265862
P,multichannel,3y,LSTM + bounded32,real_panel_lstm_bounded32_cal3y__LSTM__multichannel__r038,1,0.048906265812902285,0.39786662552274377,14.609252000388627,55.05086772219199,0.21989525725124506
P,multichannel,3y,LSTM + bounded32,real_panel_lstm_bounded32_cal3y__LSTM__multichannel__r039,1,0.0488746030059679,0.3908578486305925,46.94220045099593,66.69248818067226,0.2623533980562905
P,multichannel,3y,LSTM + bounded32,real_panel_lstm_bounded32_cal3y__LSTM__multichannel__r040,1,0.04889958628038733,0.4006720745992611,15.757228997185658,54.1502893969653,0.2199572097669931
P,multichannel,3y,LSTM + bounded32,real_panel_lstm_bounded32_cal3y__LSTM__multichannel__r041,1,0.04890114923986446,0.3954359883557516,35.81734477849143,60.24740079896916,0.24998740914320722
P,multichannel,3y,LSTM + bounded32,real_panel_lstm_bounded32_cal3y__LSTM__multichannel__r042,1,0.048892063066492825,0.402210847614298,-24.650864413336727,55.93641569819089,0.22146529531969458
P,multichannel,3y,LSTM + bounded32,real_panel_lstm_bounded32_cal3y__LSTM__multichannel__r043,1,0.04890085471446488,0.39514712099805605,36.94451231094878,61.52716952973593,0.23017000899588294
P,multichannel,3y,LSTM + bounded32,real_panel_lstm_bounded32_cal3y__LSTM__multichannel__r044,1,0.04892881869834109,0.40240509565370386,63.52139120165071,78.23352896207304,0.27288049296776695
P,multichannel,3y,LSTM + bounded32,real_panel_lstm_bounded32_cal3y__LSTM__multichannel__r045,1,0.048900869863844516,0.3988145633335156,29.803471853202414,57.31560818937109,0.23679408850862632
P,multichannel,3y,LSTM + bounded32,real_panel_lstm_bounded32_cal3y__LSTM__multichannel__r046,1,0.04890108360144873,0.39518895258132086,17.15954111140674,53.17341110216863,0.23918733364515068
P,multichannel,3y,LSTM + bounded32,real_panel_lstm_bounded32_cal3y__LSTM__multichannel__r047,1,0.04894014309351022,0.4038569054913774,55.86358778060199,73.13757507006645,0.26159056964997573
P,multichannel,3y,LSTM + bounded32,real_panel_lstm_bounded32_cal3y__LSTM__multichannel__r048,1,0.04895726598415699,0.40637538551235575,77.34104458517137,89.47514777497005,0.2559903063214057
P,multichannel,3y,LSTM + bounded32,real_panel_lstm_bounded32_cal3y__LSTM__multichannel__r049,1,0.048908333944121196,0.4046581060180853,22.2080961887241,56.45086773606599,0.21928630921208014
P,multichannel,3y,LSTM + bounded32,real_panel_lstm_bounded32_cal3y__LSTM__multichannel__r050,1,0.04895342069156037,0.40422559143260844,54.81618891814611,71.52138991588203,0.26559705633674163
P,multichannel,3y,LSTM + bounded32,real_panel_lstm_bounded32_cal3y__LSTM__multichannel__r051,1,0.04890690976516255,0.39551919333993024,18.2624312556436,55.12948029814551,0.245799215524027
P,multichannel,3y,LSTM + bounded32,real_panel_lstm_bounded32_cal3y__LSTM__multichannel__r052,1,0.04890178147486019,0.3996448601298207,2.8797719869866714,54.0497111859112,0.2190960250046765
P,multichannel,3y,LSTM + bounded32,real_panel_lstm_bounded32_cal3y__LSTM__multichannel__r053,1,0.04890504239739576,0.40008568330096406,45.71561069696054,65.80115858804547,0.2557978525645451
P,multichannel,3y,LSTM + bounded32,real_panel_lstm_bounded32_cal3y__LSTM__multichannel__r054,1,0.04890598141761897,0.3940084945093357,38.95029269382199,61.14913476482977,0.26226917409705125
P,multichannel,3y,LSTM + bounded32,real_panel_lstm_bounded32_cal3y__LSTM__multichannel__r055,1,0.04891512333059849,0.39728655690701725,46.13063966282022,67.46243009400233,0.25545697794574485
P,multichannel,3y,LSTM + bounded32,real_panel_lstm_bounded32_cal3y__LSTM__multichannel__r056,1,0.04888587261889012,0.39597937573306713,-6.895950860263452,54.144508569808195,0.2639222934281124
P,multichannel,3y,LSTM + bounded32,real_panel_lstm_bounded32_cal3y__LSTM__multichannel__r057,1,0.04897516485923297,0.4077915826653664,48.16416592210623,67.77110080587279,0.20139277237991185
P,multichannel,3y,LSTM + bounded32,real_panel_lstm_bounded32_cal3y__LSTM__multichannel__r058,1,0.0489343702237977,0.40628765129511274,66.79769207526881,81.8635870144035,0.2576104601759006
P,multichannel,3y,LSTM + bounded32,real_panel_lstm_bounded32_cal3y__LSTM__multichannel__r059,1,0.048911267431634944,0.39841832057990934,-2.610401514072752,53.618497073225065,0.23178255508150541
P,multichannel,3y,LSTM + bounded32,real_panel_lstm_bounded32_cal3y__LSTM__multichannel__r060,1,0.048891405454947315,0.3974935633686612,24.502893745618824,56.005781376195884,0.21853516090460198
P,multichannel,3y,LSTM + bounded32,real_panel_lstm_bounded32_cal3y__LSTM__multichannel__r061,1,0.04887698173906314,0.3975109753986696,-5.261268649476699,53.501734086662275,0.22831373241264333
P,multichannel,3y,LSTM + bounded32,real_panel_lstm_bounded32_cal3y__LSTM__multichannel__r062,1,0.048908704706447495,0.40149355629809436,17.927171174312566,54.88901785238386,0.22669010447868404
P,multichannel,3y,LSTM + bounded32,real_panel_lstm_bounded32_cal3y__LSTM__multichannel__r063,1,0.048886837265445904,0.3950078062342911,13.098269302230657,53.33872881941383,0.20782638293415365
P,multichannel,3y,LSTM + bounded32,real_panel_lstm_bounded32_cal3y__LSTM__multichannel__r064,1,0.04890514841116604,0.39912324392955334,14.343356024177394,54.47976930306495,0.24769303175696228
P,multichannel,3y,LSTM + bounded32,real_panel_lstm_bounded32_cal3y__LSTM__multichannel__r065,1,0.048960917670007466,0.4084974287831269,75.94335680340234,87.40231530280526,0.27362335992327846
P,multichannel,3y,LSTM + bounded32,real_panel_lstm_bounded32_cal3y__LSTM__multichannel__r066,1,0.048922689536748734,0.3955600129078975,50.19537963637905,69.1479795228826,0.24187660832960572
P,multichannel,3y,LSTM + bounded32,real_panel_lstm_bounded32_cal3y__LSTM__multichannel__r067,1,0.04890279966193539,0.39167055849738136,39.54682451635117,62.16416398327056,0.20836595655412568
P,multichannel,3y,LSTM + bounded32,real_panel_lstm_bounded32_cal3y__LSTM__multichannel__r068,1,0.04892761602779104,0.4027878357275109,58.7364204229264,74.42890454333964,0.2415327303655767
P,multichannel,3y,LSTM + bounded32,real_panel_lstm_bounded32_cal3y__LSTM__multichannel__r069,1,0.04892728409559696,0.4003936338269605,50.278616552859674,69.17110101987346,0.259303865245196
P,multichannel,3y,LSTM + bounded32,real_panel_lstm_bounded32_cal3y__LSTM__multichannel__r070,1,0.048986631985979905,0.4244503439003617,23.052027180112102,54.59422075695674,0.0853132944839795
P,multichannel,3y,LSTM + bounded32,real_panel_lstm_bounded32_cal3y__LSTM__multichannel__r071,1,0.04888839389613405,0.39649414441090597,36.74451256442678,60.7953778200247,0.2536277530230153
P,multichannel,3y,LSTM + bounded32,real_panel_lstm_bounded32_cal3y__LSTM__multichannel__r072,1,0.04891487487741641,0.40318282185565657,-6.23352289471722,54.29132939410541,0.25298001873629933
P,multichannel,3y,LSTM + bounded32,real_panel_lstm_bounded32_cal3y__LSTM__multichannel__r073,1,0.048948171735787395,0.4061481367802377,69.81272084794529,82.61040769425856,0.24784105007027477
P,multichannel,3y,LSTM + bounded32,real_panel_lstm_bounded32_cal3y__LSTM__multichannel__r074,1,0.04890414542715737,0.39781304854232485,48.486709116413806,68.20925108178595,0.25786697484506005
P,multichannel,3y,LSTM + bounded32,real_panel_lstm_bounded32_cal3y__LSTM__multichannel__r075,1,0.04894512387716883,0.4061047853391246,77.14220053365528,89.1722573034697,0.26440601396987223
P,multichannel,3y,LSTM + bounded32,real_panel_lstm_bounded32_cal3y__LSTM__multichannel__r076,1,0.048915579285647465,0.40254189507533333,20.104049987864432,55.58381574766733,0.2513642789547355
P,multichannel,3y,LSTM + bounded32,real_panel_lstm_bounded32_cal3y__LSTM__multichannel__r077,1,0.04896528621604894,0.4144251097066871,35.01734511611789,61.78034821732454,0.1774764807011771
P,multichannel,3y,LSTM + bounded32,real_panel_lstm_bounded32_cal3y__LSTM__multichannel__r078,1,0.04888949540794018,0.3928619710874894,46.204628036464605,66.53526262824273,0.2581696199866453
P,multichannel,3y,LSTM + bounded32,real_panel_lstm_bounded32_cal3y__LSTM__multichannel__r079,1,0.04888458639923037,0.39443945007815046,40.623125190323925,62.49595629185876,0.2672217183146613
P,multichannel,3y,LSTM + bounded32,real_panel_lstm_bounded32_cal3y__LSTM__multichannel__r080,1,0.04888293648617232,0.39917227125134946,7.922546741568406,55.228902069808626,0.2280393336279282
P,multichannel,3y,LSTM + bounded32,real_panel_lstm_bounded32_cal3y__LSTM__multichannel__r081,1,0.04890430585742262,0.39745365359423895,19.830061295580748,56.10520298043633,0.23769773733597516
P,multichannel,3y,LSTM + bounded32,real_panel_lstm_bounded32_cal3y__LSTM__multichannel__r082,1,0.048917801244612716,0.39753594866935815,28.356073093007907,59.174567549973766,0.2514789783663896
P,multichannel,3y,LSTM + bounded32,real_panel_lstm_bounded32_cal3y__LSTM__multichannel__r083,1,0.048927931695649685,0.40168028039741027,49.895957828434184,69.27399113330132,0.22283436857794356
P,multichannel,3y,LSTM + bounded32,real_panel_lstm_bounded32_cal3y__LSTM__multichannel__r084,1,0.04890653618383496,0.4019253128948098,4.038153504790893,51.83005802268752,0.21815527990480238
P,multichannel,3y,LSTM + bounded32,real_panel_lstm_bounded32_cal3y__LSTM__multichannel__r085,1,0.048922404117061655,0.39414683394097355,53.88439693286249,70.24046496926861,0.27315950436119985
P,multichannel,3y,LSTM + bounded32,real_panel_lstm_bounded32_cal3y__LSTM__multichannel__r086,1,0.048922084484324585,0.39710681963307726,26.245090415070937,55.8543366168737,0.26338714427996746
P,multichannel,3y,LSTM + bounded32,real_panel_lstm_bounded32_cal3y__LSTM__multichannel__r087,1,0.048955177503625574,0.41337432324348083,21.353761040648195,55.538729460764436,0.19997514101853564
P,multichannel,3y,LSTM + bounded32,real_panel_lstm_bounded32_cal3y__LSTM__multichannel__r088,1,0.048945937703005066,0.40198586290177585,55.58150678622677,72.06705461937162,0.2546670768594238
P,multichannel,3y,LSTM + bounded32,real_panel_lstm_bounded32_cal3y__LSTM__multichannel__r089,1,0.04889096161846773,0.39663212755117755,34.04624642887658,60.43468353545776,0.21634124892369555
P,multichannel,3y,LSTM + bounded32,real_panel_lstm_bounded32_cal3y__LSTM__multichannel__r090,1,0.04896224838860208,0.4090331673713706,61.06589998837197,76.98266180272498,0.2540965806728598
P,multichannel,3y,LSTM + bounded32,real_panel_lstm_bounded32_cal3y__LSTM__multichannel__r091,1,0.048946758242295725,0.40112848775792453,65.96532191373238,78.59422265527712,0.25249185010954034
P,multichannel,3y,LSTM + bounded32,real_panel_lstm_bounded32_cal3y__LSTM__multichannel__r092,1,0.048908686756032105,0.4026010829210549,10.939887840155038,54.523700118371636,0.24370509350386219
P,multichannel,3y,LSTM + bounded32,real_panel_lstm_bounded32_cal3y__LSTM__multichannel__r093,1,0.04897582358797386,0.4227678514204582,3.5815065760279943,51.67167663689957,0.11826472133251599
P,multichannel,3y,LSTM + bounded32,real_panel_lstm_bounded32_cal3y__LSTM__multichannel__r094,1,0.04892467118219068,0.4018969038918188,17.575726239010248,56.5583822430471,0.2389518745769862
P,multichannel,3y,LSTM + bounded32,real_panel_lstm_bounded32_cal3y__LSTM__multichannel__r095,1,0.04893250501817624,0.4022387954426531,12.83121738445531,53.760693966131065,0.23104170011967515
P,multichannel,3y,LSTM + bounded32,real_panel_lstm_bounded32_cal3y__LSTM__multichannel__r096,1,0.04895641648379248,0.40742275531679173,48.17803875055923,67.79422239155463,0.23915312537625769
P,multichannel,3y,LSTM + bounded32,real_panel_lstm_bounded32_cal3y__LSTM__multichannel__r097,1,0.04892266542534368,0.4021936286892292,26.515610544737275,57.810405789432856,0.23554285142149778
P,multichannel,3y,LSTM + bounded32,real_panel_lstm_bounded32_cal3y__LSTM__multichannel__r098,1,0.048910305514757973,0.40020448818757975,39.388443070807845,64.28555084319724,0.24457565568118048
P,multichannel,3y,LSTM + bounded32,real_panel_lstm_bounded32_cal3y__LSTM__multichannel__r099,1,0.0489048870087469,0.4041599341472815,-0.5491296720366254,53.54566481745008,0.24646331324127607
P,multichannel,3y,LSTM + log,real_panel_lstm_log_cal3y__LSTM__multichannel__r000,1,0.048991138235800064,0.4068200232716437,58.25780682114975,72.41271916383874,0.2518123537361986
P,multichannel,3y,LSTM + log,real_panel_lstm_log_cal3y__LSTM__multichannel__r001,1,0.04902204137024595,0.43511508373135976,32.81156346578696,58.0578045682668,0.27143528108624393
P,multichannel,3y,LSTM + log,real_panel_lstm_log_cal3y__LSTM__multichannel__r002,1,0.048940848815706706,0.4018856096093217,42.514454055916204,63.638151997048716,0.2425117522446758
P,multichannel,3y,LSTM + log,real_panel_lstm_log_cal3y__LSTM__multichannel__r003,1,0.048977689378973066,0.410620021683527,40.708673704614334,63.120232883576804,0.2407142056561892
P,multichannel,3y,LSTM + log,real_panel_lstm_log_cal3y__LSTM__multichannel__r004,1,0.048889172195951236,0.40298791774889553,63.150292394865275,75.74913522438514,0.2514010010842755
P,multichannel,3y,LSTM + log,real_panel_lstm_log_cal3y__LSTM__multichannel__r005,1,0.04988517486702549,0.6163085605097847,151.31329927886785,155.12832800596553,0.22425938179734098
P,multichannel,3y,LSTM + log,real_panel_lstm_log_cal3y__LSTM__multichannel__r006,1,0.04895910839054051,0.41010540489018193,61.39422293450917,76.1572277849009,0.25502698102059107
P,multichannel,3y,LSTM + log,real_panel_lstm_log_cal3y__LSTM__multichannel__r007,1,0.048972608838379415,0.41197974873451565,69.1595410247129,81.89248801262826,0.24799338389639383
P,multichannel,3y,LSTM + log,real_panel_lstm_log_cal3y__LSTM__multichannel__r008,1,0.04888922887152403,0.40101622023798,28.462430581347817,56.80693730380848,0.24807538409310279
P,multichannel,3y,LSTM + log,real_panel_lstm_log_cal3y__LSTM__multichannel__r009,1,0.04913651966347039,0.4652637078588949,50.64740201372158,68.28439504613353,0.24867461609756433
P,multichannel,3y,LSTM + log,real_panel_lstm_log_cal3y__LSTM__multichannel__r010,1,0.0490469215772932,0.4284029436720995,64.24855824810204,77.79769019016454,0.26774975272104223
P,multichannel,3y,LSTM + log,real_panel_lstm_log_cal3y__LSTM__multichannel__r011,1,0.04954604138722786,0.5434846557256604,58.81965631966283,73.90867263856558,0.2359721709078539
P,multichannel,3y,LSTM + log,real_panel_lstm_log_cal3y__LSTM__multichannel__r012,1,0.04897245927281415,0.41204133349154737,58.13641950065447,74.40925095771334,0.23769796142790453
P,multichannel,3y,LSTM + log,real_panel_lstm_log_cal3y__LSTM__multichannel__r013,1,0.04899110463733372,0.42606135423465996,65.2127200932738,78.8867075858914,0.2558774586461777
P,multichannel,3y,LSTM + log,real_panel_lstm_log_cal3y__LSTM__multichannel__r014,1,0.04891121358736971,0.3979354787006225,30.63815322508081,57.67167742469069,0.24314298142942684
P,multichannel,3y,LSTM + log,real_panel_lstm_log_cal3y__LSTM__multichannel__r015,1,0.04899548561145701,0.40854960496805937,69.4462463215279,82.48439562934914,0.2521223673378859
P,multichannel,3y,LSTM + log,real_panel_lstm_log_cal3y__LSTM__multichannel__r016,1,0.04901590092217106,0.433747161480182,80.68670876030731,90.2982689403908,0.2533413099656804
P,multichannel,3y,LSTM + log,real_panel_lstm_log_cal3y__LSTM__multichannel__r017,1,0.04906527977522692,0.44766201155557883,83.13179533414468,92.49133233053598,0.23946568636105925
P,multichannel,3y,LSTM + log,real_panel_lstm_log_cal3y__LSTM__multichannel__r018,1,0.048933906029078954,0.41303109840199365,43.9699451828027,64.50404783971909,0.2532525107078624
P,multichannel,3y,LSTM + log,real_panel_lstm_log_cal3y__LSTM__multichannel__r019,1,0.048946944319152044,0.40672930230114984,54.20809577709025,70.75607142265788,0.24709678966678783
P,multichannel,3y,LSTM + log,real_panel_lstm_log_cal3y__LSTM__multichannel__r020,1,0.04964936144850055,0.5725602379358515,86.42890555016928,94.76878942068451,0.24835083668103042
P,multichannel,3y,LSTM + log,real_panel_lstm_log_cal3y__LSTM__multichannel__r021,1,0.04908962113950188,0.4451904761367511,66.44740216891539,79.11098515372576,0.2656457690679332
P,multichannel,3y,LSTM + log,real_panel_lstm_log_cal3y__LSTM__multichannel__r022,1,0.04898250728945517,0.41421595407845263,54.26011902988015,70.67167876312482,0.24030594616293488
P,multichannel,3y,LSTM + log,real_panel_lstm_log_cal3y__LSTM__multichannel__r023,1,0.04916219960945003,0.4801318009905588,82.87861632624578,92.36069662668669,0.27418593682833725
P,multichannel,3y,LSTM + log,real_panel_lstm_log_cal3y__LSTM__multichannel__r024,1,0.048903219266860955,0.40084035154636083,26.427748544824944,56.60346922601932,0.23564256206926448
P,multichannel,3y,LSTM + log,real_panel_lstm_log_cal3y__LSTM__multichannel__r025,1,0.04900509002523942,0.42172438747565383,77.75260460229183,87.74104337127176,0.25059625864688173
P,multichannel,3y,LSTM + log,real_panel_lstm_log_cal3y__LSTM__multichannel__r026,1,0.04893031680987235,0.4133534067970889,41.40578337778117,61.80115787075497,0.25387839357954195
P,multichannel,3y,LSTM + log,real_panel_lstm_log_cal3y__LSTM__multichannel__r027,1,0.0488598711387257,0.394494874004682,11.656650026312366,52.680924991576376,0.24178026025763383
P,multichannel,3y,LSTM + log,real_panel_lstm_log_cal3y__LSTM__multichannel__r028,1,0.05027786721239199,0.6868098232436168,128.97341524511813,133.77572717642968,0.22909139765254485
P,multichannel,3y,LSTM + log,real_panel_lstm_log_cal3y__LSTM__multichannel__r029,1,0.04889601361273342,0.39367203651089505,35.34566778756872,59.09364328092492,0.2505703437987748
P,multichannel,3y,LSTM + log,real_panel_lstm_log_cal3y__LSTM__multichannel__r030,1,0.04898687615240504,0.42395144889760367,52.56185315823876,68.24971322223212,0.25011535335598123
P,multichannel,3y,LSTM + log,real_panel_lstm_log_cal3y__LSTM__multichannel__r031,1,0.04925235998568609,0.49224038031689316,91.59653591586897,99.19653546046197,0.25183191581399966
P,multichannel,3y,LSTM + log,real_panel_lstm_log_cal3y__LSTM__multichannel__r032,1,0.048901821867954734,0.40416510188216725,23.58266155698406,55.49479852769664,0.2410820390888487
P,multichannel,3y,LSTM + log,real_panel_lstm_log_cal3y__LSTM__multichannel__r033,1,0.048962242781959736,0.4111273883529292,48.360696851512266,66.72370138893015,0.25890131257655324
P,multichannel,3y,LSTM + log,real_panel_lstm_log_cal3y__LSTM__multichannel__r034,1,0.04889760193501135,0.4000143833861395,32.90289309551371,59.018498523069084,0.24039183810450881
P,multichannel,3y,LSTM + log,real_panel_lstm_log_cal3y__LSTM__multichannel__r035,1,0.048963617168396596,0.4200511789838782,39.557228538454936,61.91329645313237,0.26840453546177034
P,multichannel,3y,LSTM + log,real_panel_lstm_log_cal3y__LSTM__multichannel__r036,1,0.04888417504837304,0.3933744362135713,40.70751775376388,63.25318083272029,0.24241606497319304
P,multichannel,3y,LSTM + log,real_panel_lstm_log_cal3y__LSTM__multichannel__r037,1,0.048986597266550996,0.41295785050666484,55.14682395951615,71.7988459214382,0.25139980688783975
P,multichannel,3y,LSTM + log,real_panel_lstm_log_cal3y__LSTM__multichannel__r038,1,0.04908493111161119,0.4514895535202791,56.17456958761041,71.2127186803446,0.2506460059381061
P,multichannel,3y,LSTM + log,real_panel_lstm_log_cal3y__LSTM__multichannel__r039,1,0.04941920273696147,0.517555554814061,53.147980609956626,68.99306600485393,0.2549877695291976
P,multichannel,3y,LSTM + log,real_panel_lstm_log_cal3y__LSTM__multichannel__r040,1,0.04892181868508548,0.40933185938705136,31.11907811875744,57.61849827771032,0.2627436760979561
P,multichannel,3y,LSTM + log,real_panel_lstm_log_cal3y__LSTM__multichannel__r041,1,0.04940592039654813,0.5310681399587378,68.62774985503195,80.02428069274633,0.26696078812436574
P,multichannel,3y,LSTM + log,real_panel_lstm_log_cal3y__LSTM__multichannel__r042,1,0.0489798480332369,0.4180016971250301,73.40693980942541,85.08786368493296,0.22610549592811416
P,multichannel,3y,LSTM + log,real_panel_lstm_log_cal3y__LSTM__multichannel__r043,1,0.0489006549986922,0.4065053779380918,26.193066505375704,55.758382439629365,0.24358217109584018
P,multichannel,3y,LSTM + log,real_panel_lstm_log_cal3y__LSTM__multichannel__r044,1,0.048885671161689265,0.39314949847548547,25.627748536031753,57.01503006881355,0.25623175901882234
P,multichannel,3y,LSTM + log,real_panel_lstm_log_cal3y__LSTM__multichannel__r045,1,0.048850117436778785,0.39057628535956335,15.756072141122075,53.93641661190438,0.2324956732105517
P,multichannel,3y,LSTM + log,real_panel_lstm_log_cal3y__LSTM__multichannel__r046,1,0.04905744700769275,0.43252137807361046,48.44508979273005,69.1641636433702,0.23976709376672223
P,multichannel,3y,LSTM + log,real_panel_lstm_log_cal3y__LSTM__multichannel__r047,1,0.04890046594054521,0.39506531032163467,25.639309509215494,54.545665836914395,0.25937567588771887
P,multichannel,3y,LSTM + log,real_panel_lstm_log_cal3y__LSTM__multichannel__r048,1,0.04949298184215725,0.5523147931534043,107.96532185312108,114.06243139463342,0.24311279112912598
P,multichannel,3y,LSTM + log,real_panel_lstm_log_cal3y__LSTM__multichannel__r049,1,0.04894944732054014,0.4151910418052199,58.66821140516503,74.48786359853642,0.24997904860431153
P,multichannel,3y,LSTM + log,real_panel_lstm_log_cal3y__LSTM__multichannel__r050,1,0.04893826297494292,0.40992188901954163,45.91676611305208,65.94913493521548,0.23809452583273077
P,multichannel,3y,LSTM + log,real_panel_lstm_log_cal3y__LSTM__multichannel__r051,1,0.04904593491114081,0.43069468926383064,83.06243120143512,92.96300875647431,0.25172766858676404
P,multichannel,3y,LSTM + log,real_panel_lstm_log_cal3y__LSTM__multichannel__r052,1,0.04915321192785355,0.4586267460990278,104.86127532429052,111.68439619961774,0.23953917112564857
P,multichannel,3y,LSTM + log,real_panel_lstm_log_cal3y__LSTM__multichannel__r053,1,0.048855054614349414,0.3949069232748286,22.412720235532536,54.05202424167129,0.24651240453960432
P,multichannel,3y,LSTM + log,real_panel_lstm_log_cal3y__LSTM__multichannel__r054,1,0.04892926331383911,0.4029405580302563,37.29826901848197,60.36647565923931,0.25314003310317074
P,multichannel,3y,LSTM + log,real_panel_lstm_log_cal3y__LSTM__multichannel__r055,1,0.05048900074681881,0.7123045137482652,129.31214381746761,138.54913769876546,0.09347651600981823
P,multichannel,3y,LSTM + log,real_panel_lstm_log_cal3y__LSTM__multichannel__r056,1,0.04898320680478504,0.42239826883319026,64.48786471838437,78.04162095050492,0.26002375514320264
P,multichannel,3y,LSTM + log,real_panel_lstm_log_cal3y__LSTM__multichannel__r057,1,0.048935550303226515,0.39884547045462587,24.366476947462836,55.388440100497576,0.24877039177303037
P,multichannel,3y,LSTM + log,real_panel_lstm_log_cal3y__LSTM__multichannel__r058,1,0.048890116014397196,0.3987101930094361,42.82428075914693,64.0474006584762,0.27487345560663184
P,multichannel,3y,LSTM + log,real_panel_lstm_log_cal3y__LSTM__multichannel__r059,1,0.04900081963841222,0.4234812800222185,61.41734429341665,75.70173641427175,0.2544500207165068
P,multichannel,3y,LSTM + log,real_panel_lstm_log_cal3y__LSTM__multichannel__r060,1,0.04907276972260745,0.44939394401410504,58.80000320467729,73.23237207497446,0.23919431069923747
P,multichannel,3y,LSTM + log,real_panel_lstm_log_cal3y__LSTM__multichannel__r061,1,0.0489220065392521,0.4059260005680739,65.38613100248098,78.06358636730994,0.2444573025669311
P,multichannel,3y,LSTM + log,real_panel_lstm_log_cal3y__LSTM__multichannel__r062,1,0.04901940440666513,0.4277397060101806,41.4242805396283,62.63815207902124,0.2524709732227365
P,multichannel,3y,LSTM + log,real_panel_lstm_log_cal3y__LSTM__multichannel__r063,1,0.04909940827957941,0.4586988245759127,82.82081279688263,91.64393364742482,0.2590157633053248
P,multichannel,3y,LSTM + log,real_panel_lstm_log_cal3y__LSTM__multichannel__r064,1,0.04896038200564137,0.4170821995953296,56.16069692536881,71.01618703077867,0.25625843730698344
P,multichannel,3y,LSTM + log,real_panel_lstm_log_cal3y__LSTM__multichannel__r065,1,0.04901766892739736,0.43066251395335253,79.60115955964841,89.21503175905931,0.25387086904713635
P,multichannel,3y,LSTM + log,real_panel_lstm_log_cal3y__LSTM__multichannel__r066,1,0.04981884774784853,0.5683974978980487,67.66243130466552,79.65318177829354,0.2354424718769868
P,multichannel,3y,LSTM + log,real_panel_lstm_log_cal3y__LSTM__multichannel__r067,1,0.048943454704172995,0.4030272188425459,37.671679498444284,60.75375896900051,0.25925575231424797
P,multichannel,3y,LSTM + log,real_panel_lstm_log_cal3y__LSTM__multichannel__r068,1,0.04925270810160145,0.4961841564826335,71.01965657276502,81.61387545974468,0.26583852448352524
P,multichannel,3y,LSTM + log,real_panel_lstm_log_cal3y__LSTM__multichannel__r069,1,0.049179642354110494,0.4748599267975639,123.6601197271133,128.39769169855046,0.2573656140029858
P,multichannel,3y,LSTM + log,real_panel_lstm_log_cal3y__LSTM__multichannel__r070,1,0.04899434897281826,0.4201013642303974,45.38150598830634,65.20347032020368,0.24295558849021454
P,multichannel,3y,LSTM + log,real_panel_lstm_log_cal3y__LSTM__multichannel__r071,1,0.04896582742555648,0.41335511882627557,54.43930943359203,70.5410424408613,0.27063836354329496
P,multichannel,3y,LSTM + log,real_panel_lstm_log_cal3y__LSTM__multichannel__r072,1,0.04897724184620156,0.42021500609363244,61.24393388418959,74.49248762844324,0.2682974106859029
P,multichannel,3y,LSTM + log,real_panel_lstm_log_cal3y__LSTM__multichannel__r073,1,0.04900496518701408,0.4281535552349861,55.03237327921422,70.30404859674644,0.25405775172955736
P,multichannel,3y,LSTM + log,real_panel_lstm_log_cal3y__LSTM__multichannel__r074,1,0.04937478358129558,0.5099522162715483,120.07514892948042,126.45665162883505,0.2572129377366174
P,multichannel,3y,LSTM + log,real_panel_lstm_log_cal3y__LSTM__multichannel__r075,1,0.049030999382921825,0.44188142434061484,56.97225738838918,72.42427938294736,0.25913381679258973
P,multichannel,3y,LSTM + log,real_panel_lstm_log_cal3y__LSTM__multichannel__r076,1,0.04896372586922199,0.4087788197855579,62.33641945573888,76.7364187001898,0.2625298454731705
P,multichannel,3y,LSTM + log,real_panel_lstm_log_cal3y__LSTM__multichannel__r077,1,0.049006153641922755,0.4206092595014837,61.58844258318571,76.18266137699007,0.25955323045435796
P,multichannel,3y,LSTM + log,real_panel_lstm_log_cal3y__LSTM__multichannel__r078,1,0.04905243960406567,0.4465764757087775,66.16069720667667,80.25780605284106,0.24754783164407906
P,multichannel,3y,LSTM + log,real_panel_lstm_log_cal3y__LSTM__multichannel__r079,1,0.04890768945284885,0.4054068426546113,35.06011852316216,59.33757374692967,0.25059856272851166
P,multichannel,3y,LSTM + log,real_panel_lstm_log_cal3y__LSTM__multichannel__r080,1,0.04890628152001726,0.40188816544049116,45.23121695386774,64.87514645579873,0.23907673225758522
P,multichannel,3y,LSTM + log,real_panel_lstm_log_cal3y__LSTM__multichannel__r081,1,0.049369233243845664,0.5243458445345591,117.72717201053987,123.8080967026568,0.2531895588318702
P,multichannel,3y,LSTM + log,real_panel_lstm_log_cal3y__LSTM__multichannel__r082,1,0.0489289829784617,0.40542299364133516,49.564165054453944,67.6312159104916,0.2599132093639582
P,multichannel,3y,LSTM + log,real_panel_lstm_log_cal3y__LSTM__multichannel__r083,1,0.048933849965538345,0.40575194733221714,63.43352939096372,77.53295038484885,0.22592810499527266
P,multichannel,3y,LSTM + log,real_panel_lstm_log_cal3y__LSTM__multichannel__r084,1,0.048937617755723396,0.4087387899517971,39.920234352732045,62.51445264525884,0.23637378349366764
P,multichannel,3y,LSTM + log,real_panel_lstm_log_cal3y__LSTM__multichannel__r085,1,0.048895660149144114,0.3922605545666632,22.686707966885205,54.08786189341317,0.25158890606853995
P,multichannel,3y,LSTM + log,real_panel_lstm_log_cal3y__LSTM__multichannel__r086,1,0.04890776012798239,0.39840211948723675,46.78728643635163,66.37341255696211,0.2532124007507617
P,multichannel,3y,LSTM + log,real_panel_lstm_log_cal3y__LSTM__multichannel__r087,1,0.04891174081368685,0.3974989145842223,31.94451173673199,55.37572404749219,0.254673952599763
P,multichannel,3y,LSTM + log,real_panel_lstm_log_cal3y__LSTM__multichannel__r088,1,0.04891972476795465,0.3993072394354668,38.56416482308763,61.29711137484262,0.2543732402969787
P,multichannel,3y,LSTM + log,real_panel_lstm_log_cal3y__LSTM__multichannel__r089,1,0.04912453523139857,0.4554816219163955,81.16185323650102,89.77919373502424,0.22451806522330472
P,multichannel,3y,LSTM + log,real_panel_lstm_log_cal3y__LSTM__multichannel__r090,1,0.04890631573911716,0.40271289073687017,31.116765986379338,57.618498355230805,0.25573890886621137
P,multichannel,3y,LSTM + log,real_panel_lstm_log_cal3y__LSTM__multichannel__r091,1,0.04897349559074122,0.410771050972535,34.22659374665783,64.57572430129963,0.14620151246812146
P,multichannel,3y,LSTM + log,real_panel_lstm_log_cal3y__LSTM__multichannel__r092,1,0.048896497238963485,0.3971954608957123,18.400002866202463,54.030058247769304,0.2594724082599112
P,multichannel,3y,LSTM + log,real_panel_lstm_log_cal3y__LSTM__multichannel__r093,1,0.04900916804511406,0.4352850717120897,50.99769108067361,70.01271884796867,0.2439638387686949
P,multichannel,3y,LSTM + log,real_panel_lstm_log_cal3y__LSTM__multichannel__r094,1,0.048910095741095685,0.3981064137517011,44.939887679364546,64.75953960567789,0.26356850167144735
P,multichannel,3y,LSTM + log,real_panel_lstm_log_cal3y__LSTM__multichannel__r095,1,0.04897616247157423,0.4086498534073372,56.06589932882883,72.25780575159322,0.2675717972400746
P,multichannel,3y,LSTM + log,real_panel_lstm_log_cal3y__LSTM__multichannel__r096,1,0.048881285390928675,0.3916939220997663,10.752603866164938,53.91560706398798,0.2536708632495749
P,multichannel,3y,LSTM + log,real_panel_lstm_log_cal3y__LSTM__multichannel__r097,1,0.0489869635155152,0.42519178955505976,67.38266241575157,79.84971352718257,0.2547918848765539
P,multichannel,3y,LSTM + log,real_panel_lstm_log_cal3y__LSTM__multichannel__r098,1,0.048988232490260374,0.4292865736039045,56.82081256231322,72.26589832958236,0.25626540871667014
P,multichannel,3y,LSTM + log,real_panel_lstm_log_cal3y__LSTM__multichannel__r099,1,0.04907787959021344,0.44059010941273075,76.00347167486541,87.53873094461409,0.26498320358029687
P,multichannel,3y,LSTM + ratio,real_panel_lstm_ratio_cal3y__LSTM__multichannel__r000,1,0.04904660779412912,0.41731552364476304,75.59537953209892,85.95144818738764,0.23894085698060338
P,multichannel,3y,LSTM + ratio,real_panel_lstm_ratio_cal3y__LSTM__multichannel__r001,1,0.048933761950578115,0.40282249229110456,29.672836177884978,57.48555044242502,0.2451272715854367
P,multichannel,3y,LSTM + ratio,real_panel_lstm_ratio_cal3y__LSTM__multichannel__r002,1,0.04893239569409054,0.40173841952018774,23.66705547797453,57.008093469264644,0.23088684464294174
P,multichannel,3y,LSTM + ratio,real_panel_lstm_ratio_cal3y__LSTM__multichannel__r003,1,0.048949737625059796,0.4051594644593265,44.98959925978502,65.54682322783155,0.22153957328196477
P,multichannel,3y,LSTM + ratio,real_panel_lstm_ratio_cal3y__LSTM__multichannel__r004,1,0.048884356312130214,0.3987059136888822,43.51792284300915,65.24508882144359,0.24769380715897185
P,multichannel,3y,LSTM + ratio,real_panel_lstm_ratio_cal3y__LSTM__multichannel__r005,1,0.048945556012930914,0.396581336768348,52.40809622522111,69.38612949630652,0.23047822312397065
P,multichannel,3y,LSTM + ratio,real_panel_lstm_ratio_cal3y__LSTM__multichannel__r006,1,0.04890813762477252,0.39506368548815696,34.01156435653278,60.49017512705151,0.25612434106138054
P,multichannel,3y,LSTM + ratio,real_panel_lstm_ratio_cal3y__LSTM__multichannel__r007,1,0.048876962656441765,0.3888824071183348,11.695956878869728,53.32601202431134,0.23694663237076719
P,multichannel,3y,LSTM + ratio,real_panel_lstm_ratio_cal3y__LSTM__multichannel__r008,1,0.048892299852175594,0.39764575779816297,39.51561057393663,62.0982676304368,0.2432195993867634
P,multichannel,3y,LSTM + ratio,real_panel_lstm_ratio_cal3y__LSTM__multichannel__r009,1,0.048922177571775055,0.401966252262351,49.193067443583445,68.25896195146741,0.23635677160007912
P,multichannel,3y,LSTM + ratio,real_panel_lstm_ratio_cal3y__LSTM__multichannel__r010,1,0.04893041492153781,0.40029870827114244,25.21272016086198,56.52370033785686,0.25413116021898496
P,multichannel,3y,LSTM + ratio,real_panel_lstm_ratio_cal3y__LSTM__multichannel__r011,1,0.04893765755699038,0.40302556234675047,44.6566511557911,64.71676511886481,0.217734807604567
P,multichannel,3y,LSTM + ratio,real_panel_lstm_ratio_cal3y__LSTM__multichannel__r012,1,0.048934947090526607,0.4050416974430487,50.796535592983226,69.82312394464833,0.22997539968619854
P,multichannel,3y,LSTM + ratio,real_panel_lstm_ratio_cal3y__LSTM__multichannel__r013,1,0.04891704527567806,0.4038489012438796,52.171102053124535,70.26127405017795,0.2480751369601132
P,multichannel,3y,LSTM + ratio,real_panel_lstm_ratio_cal3y__LSTM__multichannel__r014,1,0.04973291775120557,0.5740346284732923,58.46011910030321,74.3121409418618,0.23523260237903615
P,multichannel,3y,LSTM + ratio,real_panel_lstm_ratio_cal3y__LSTM__multichannel__r015,1,0.04897398853662606,0.4011385443401244,42.968789786180594,65.18150488509514,0.2419272714771626
P,multichannel,3y,LSTM + ratio,real_panel_lstm_ratio_cal3y__LSTM__multichannel__r016,1,0.048902038411654775,0.39143061509352906,58.44509053996821,74.60693916537342,0.24857164150029962
P,multichannel,3y,LSTM + ratio,real_panel_lstm_ratio_cal3y__LSTM__multichannel__r017,1,0.04892089566797045,0.3960408064000964,68.38381902201613,81.94913576475457,0.2388393685994201
P,multichannel,3y,LSTM + ratio,real_panel_lstm_ratio_cal3y__LSTM__multichannel__r018,1,0.04891568416061288,0.4021612766167721,46.63931010102507,66.69711205203893,0.24914782039805866
P,multichannel,3y,LSTM + ratio,real_panel_lstm_ratio_cal3y__LSTM__multichannel__r019,1,0.04888621044789587,0.3919727901700336,49.62659350884323,68.6300602322979,0.23646468573693608
P,multichannel,3y,LSTM + ratio,real_panel_lstm_ratio_cal3y__LSTM__multichannel__r020,1,0.048924279235351475,0.40239790613106435,54.10404976503064,71.52138979354501,0.22355263439848164
P,multichannel,3y,LSTM + ratio,real_panel_lstm_ratio_cal3y__LSTM__multichannel__r021,1,0.048893047789399124,0.39917176070603894,36.462431432371915,60.15491510776377,0.25136337878261666
P,multichannel,3y,LSTM + ratio,real_panel_lstm_ratio_cal3y__LSTM__multichannel__r022,1,0.04891752308627689,0.3958659988802754,29.706362054704307,57.151446531451164,0.2370334144589894
P,multichannel,3y,LSTM + ratio,real_panel_lstm_ratio_cal3y__LSTM__multichannel__r023,1,0.04893715583906193,0.4018241901840226,59.952605177104026,76.69711253562674,0.259943286436994
P,multichannel,3y,LSTM + ratio,real_panel_lstm_ratio_cal3y__LSTM__multichannel__r024,1,0.04893956908831189,0.40592948284596125,36.83237378469298,60.64277636802412,0.22695924885239382
P,multichannel,3y,LSTM + ratio,real_panel_lstm_ratio_cal3y__LSTM__multichannel__r025,1,0.04892097193201402,0.39517211344623676,58.51329866974327,73.4797715136745,0.24545497488802806
P,multichannel,3y,LSTM + ratio,real_panel_lstm_ratio_cal3y__LSTM__multichannel__r026,1,0.048899031994975826,0.40104766548751347,33.46358743008994,58.29133101741658,0.23597942153508372
P,multichannel,3y,LSTM + ratio,real_panel_lstm_ratio_cal3y__LSTM__multichannel__r027,1,0.04889094141562251,0.39304214602103077,20.027749096796654,55.556069865602,0.23145602956529865
P,multichannel,3y,LSTM + ratio,real_panel_lstm_ratio_cal3y__LSTM__multichannel__r028,1,0.04891597298926541,0.3950583777504756,47.49595749143432,66.05318142504889,0.2462332726566489
P,multichannel,3y,LSTM + ratio,real_panel_lstm_ratio_cal3y__LSTM__multichannel__r029,1,0.048898845176331494,0.39710994874814853,37.24740250776282,60.66011779072173,0.23541092282061793
P,multichannel,3y,LSTM + ratio,real_panel_lstm_ratio_cal3y__LSTM__multichannel__r030,1,0.04891436058632438,0.3936555160910942,44.3179227036252,64.50058036185015,0.2391151649374741
P,multichannel,3y,LSTM + ratio,real_panel_lstm_ratio_cal3y__LSTM__multichannel__r031,1,0.04890887522257632,0.40375227607543407,32.32717124282231,59.906360022777264,0.2455653709610567
P,multichannel,3y,LSTM + ratio,real_panel_lstm_ratio_cal3y__LSTM__multichannel__r032,1,0.04892677890548233,0.39783395073313504,59.06127543764596,74.94104302359027,0.2196131405515999
P,multichannel,3y,LSTM + ratio,real_panel_lstm_ratio_cal3y__LSTM__multichannel__r033,1,0.049235585998966026,0.46344130941874484,94.42890552356995,101.2312173719561,0.25627223576752867
P,multichannel,3y,LSTM + ratio,real_panel_lstm_ratio_cal3y__LSTM__multichannel__r034,1,0.04889362346285936,0.3914182563783177,36.18959886549436,59.86589782015324,0.24399926559837476
P,multichannel,3y,LSTM + ratio,real_panel_lstm_ratio_cal3y__LSTM__multichannel__r035,1,0.048928300066094055,0.39743184537211157,37.31445458063516,62.28555088170987,0.2575938470849141
P,multichannel,3y,LSTM + ratio,real_panel_lstm_ratio_cal3y__LSTM__multichannel__r036,1,0.0489148300095969,0.3993556580017184,18.314454318938964,54.63352671681727,0.23625245438932302
P,multichannel,3y,LSTM + ratio,real_panel_lstm_ratio_cal3y__LSTM__multichannel__r037,1,0.048905319503038135,0.39760821322678386,20.631217379983866,55.428902460585086,0.2302737408082435
P,multichannel,3y,LSTM + ratio,real_panel_lstm_ratio_cal3y__LSTM__multichannel__r038,1,0.04892958738304085,0.40291808353342323,48.44046637666153,68.15144773290018,0.2296234004183055
P,multichannel,3y,LSTM + ratio,real_panel_lstm_ratio_cal3y__LSTM__multichannel__r039,1,0.04892104651526618,0.3991485632872436,62.403472122665704,76.51676577838857,0.24739654536450467
P,multichannel,3y,LSTM + ratio,real_panel_lstm_ratio_cal3y__LSTM__multichannel__r040,1,0.04891706994931117,0.40332632693231885,43.10058183992236,64.13873058078896,0.24670624835283256
P,multichannel,3y,LSTM + ratio,real_panel_lstm_ratio_cal3y__LSTM__multichannel__r041,1,0.04888570483412663,0.3919994182976792,43.068211671971135,64.48323901896092,0.24660993599175327
P,multichannel,3y,LSTM + ratio,real_panel_lstm_ratio_cal3y__LSTM__multichannel__r042,1,0.048927928331198176,0.40378773725255385,33.90058170791362,58.95722746657921,0.2158313277109743
P,multichannel,3y,LSTM + ratio,real_panel_lstm_ratio_cal3y__LSTM__multichannel__r043,1,0.048961658394138574,0.4103728839139213,66.93988815528645,80.4566501234681,0.2363584631169188
P,multichannel,3y,LSTM + ratio,real_panel_lstm_ratio_cal3y__LSTM__multichannel__r044,1,0.04894041608081541,0.4039670163047155,66.57457044684519,79.89480054030159,0.2496504702323157
P,multichannel,3y,LSTM + ratio,real_panel_lstm_ratio_cal3y__LSTM__multichannel__r045,1,0.04890906649088441,0.40237971159485,11.944512014594489,54.006936918201156,0.21401251482394112
P,multichannel,3y,LSTM + ratio,real_panel_lstm_ratio_cal3y__LSTM__multichannel__r046,1,0.049030567443952226,0.42408250012373006,84.2508710538585,92.08208417406824,0.2276838898120429
P,multichannel,3y,LSTM + ratio,real_panel_lstm_ratio_cal3y__LSTM__multichannel__r047,1,0.04891271055389347,0.3998989570106936,34.11445444788885,59.890175103936414,0.2550316312206431
P,multichannel,3y,LSTM + ratio,real_panel_lstm_ratio_cal3y__LSTM__multichannel__r048,1,0.048930844947821954,0.4027247362537014,53.58150682770023,71.24624527745837,0.24970252941192383
P,multichannel,3y,LSTM + ratio,real_panel_lstm_ratio_cal3y__LSTM__multichannel__r049,1,0.04891642557246816,0.4016568085253183,55.788443260287245,72.79191035010156,0.23718225520085104
P,multichannel,3y,LSTM + ratio,real_panel_lstm_ratio_cal3y__LSTM__multichannel__r050,1,0.049383553170802855,0.49499852408513373,67.47746038966561,80.27283533885385,0.2511571358167589
P,multichannel,3y,LSTM + ratio,real_panel_lstm_ratio_cal3y__LSTM__multichannel__r051,1,0.04891106944169439,0.3980040969611963,18.551448472462823,55.08786215691819,0.23925212829460363
P,multichannel,3y,LSTM + ratio,real_panel_lstm_ratio_cal3y__LSTM__multichannel__r052,1,0.04893301687821908,0.40002186162080045,40.707518242439,62.862430006599084,0.24302280506777435
P,multichannel,3y,LSTM + ratio,real_panel_lstm_ratio_cal3y__LSTM__multichannel__r053,1,0.04904454045452432,0.4285980267380907,42.40925184267963,62.17110010504568,0.22289961414064233
P,multichannel,3y,LSTM + ratio,real_panel_lstm_ratio_cal3y__LSTM__multichannel__r054,1,0.048928825428312124,0.39566858217722833,53.905206148625155,70.79075389256332,0.2466245382930957
P,multichannel,3y,LSTM + ratio,real_panel_lstm_ratio_cal3y__LSTM__multichannel__r055,1,0.04892761378516105,0.39482883188579315,45.471680039577095,65.28670755228413,0.24680086636146997
P,multichannel,3y,LSTM + ratio,real_panel_lstm_ratio_cal3y__LSTM__multichannel__r056,1,0.04893957245297109,0.4008442244471404,69.50289418401317,82.5526043410661,0.2467840831846015
P,multichannel,3y,LSTM + ratio,real_panel_lstm_ratio_cal3y__LSTM__multichannel__r057,1,0.04889293781514126,0.3962501985487296,21.292489065755927,54.11560791961813,0.23561338834030862
P,multichannel,3y,LSTM + ratio,real_panel_lstm_ratio_cal3y__LSTM__multichannel__r058,1,0.04889051272378121,0.4000632548347807,27.99769139934734,56.934105115538735,0.2545502793560247
P,multichannel,3y,LSTM + ratio,real_panel_lstm_ratio_cal3y__LSTM__multichannel__r059,1,0.0489226603758546,0.39859252052914823,35.72370309094616,59.85549316523471,0.2446884726661879
P,multichannel,3y,LSTM + ratio,real_panel_lstm_ratio_cal3y__LSTM__multichannel__r060,1,0.04898425018069606,0.40688129260084877,82.68092883497712,93.05087036366997,0.22824106686840656
P,multichannel,3y,LSTM + ratio,real_panel_lstm_ratio_cal3y__LSTM__multichannel__r061,1,0.04893911896073452,0.40147274259299376,58.778038583802996,74.61156329123877,0.22274109791436983
P,multichannel,3y,LSTM + ratio,real_panel_lstm_ratio_cal3y__LSTM__multichannel__r062,1,0.04890923195873125,0.3960024971396169,46.40578408375587,66.15607175529183,0.24184951713061276
P,multichannel,3y,LSTM + ratio,real_panel_lstm_ratio_cal3y__LSTM__multichannel__r063,1,0.048915532736501656,0.3982260849399628,40.04740251788031,62.78728498226662,0.23928302385298378
P,multichannel,3y,LSTM + ratio,real_panel_lstm_ratio_cal3y__LSTM__multichannel__r064,1,0.04895663110125644,0.40817367609692473,75.0346860380008,84.84277783063959,0.23466314924937182
P,multichannel,3y,LSTM + ratio,real_panel_lstm_ratio_cal3y__LSTM__multichannel__r065,1,0.04886913900333702,0.39187276708676005,27.60578383680796,57.270521244486225,0.24377547101552388
P,multichannel,3y,LSTM + ratio,real_panel_lstm_ratio_cal3y__LSTM__multichannel__r066,1,0.0489382893229241,0.40009614829254875,50.692489433957675,69.22890422381208,0.23503789354799223
P,multichannel,3y,LSTM + ratio,real_panel_lstm_ratio_cal3y__LSTM__multichannel__r067,1,0.04891516651489536,0.3963760450139847,36.01618858775599,60.48092669188259,0.2362377634845214
P,multichannel,3y,LSTM + ratio,real_panel_lstm_ratio_cal3y__LSTM__multichannel__r068,1,0.048897135708973,0.40207678409076697,3.290176622816818,53.116763161624505,0.2512849936656936
P,multichannel,3y,LSTM + ratio,real_panel_lstm_ratio_cal3y__LSTM__multichannel__r069,1,0.048905397478895864,0.3937838653918213,65.547980828953,79.81156384319318,0.24713540150365387
P,multichannel,3y,LSTM + ratio,real_panel_lstm_ratio_cal3y__LSTM__multichannel__r070,1,0.048946709481985866,0.40715668102870695,62.32948378683948,75.89017607236639,0.2289102597214474
P,multichannel,3y,LSTM + ratio,real_panel_lstm_ratio_cal3y__LSTM__multichannel__r071,1,0.04890779546505684,0.400313080376618,27.320234750321642,56.29595511504078,0.26174135596184295
P,multichannel,3y,LSTM + ratio,real_panel_lstm_ratio_cal3y__LSTM__multichannel__r072,1,0.04891544188248321,0.4025402191576852,30.142200165535396,57.182660313845126,0.2584882808106132
P,multichannel,3y,LSTM + ratio,real_panel_lstm_ratio_cal3y__LSTM__multichannel__r073,1,0.049006721270807505,0.4259696342503664,81.37572635748403,90.88786454518633,0.23974423844293824
P,multichannel,3y,LSTM + ratio,real_panel_lstm_ratio_cal3y__LSTM__multichannel__r074,1,0.04889923676941153,0.3950522570694774,39.138732003478225,61.40462637722807,0.2575477018747542
P,multichannel,3y,LSTM + ratio,real_panel_lstm_ratio_cal3y__LSTM__multichannel__r075,1,0.04888894662065263,0.3942528683791535,32.41503245555181,59.85318061645319,0.2625948588665075
P,multichannel,3y,LSTM + ratio,real_panel_lstm_ratio_cal3y__LSTM__multichannel__r076,1,0.04892777134012013,0.3975192485226469,72.33295216362298,84.06011873487377,0.26861678861753324
P,multichannel,3y,LSTM + ratio,real_panel_lstm_ratio_cal3y__LSTM__multichannel__r077,1,0.048909182038400945,0.39438184409422444,41.87746039010273,63.76647621371637,0.2392887910256745
P,multichannel,3y,LSTM + ratio,real_panel_lstm_ratio_cal3y__LSTM__multichannel__r078,1,0.04891658316031037,0.39984603347398695,28.959541152650818,58.43237126421033,0.24115393808444777
P,multichannel,3y,LSTM + ratio,real_panel_lstm_ratio_cal3y__LSTM__multichannel__r079,1,0.04886951904499604,0.3960119887919126,25.960697142697537,56.138729404474894,0.23715768995521477
P,multichannel,3y,LSTM + ratio,real_panel_lstm_ratio_cal3y__LSTM__multichannel__r080,1,0.04889402295383625,0.393928826869982,42.191911109108936,63.98381718173268,0.2307494141375749
P,multichannel,3y,LSTM + ratio,real_panel_lstm_ratio_cal3y__LSTM__multichannel__r081,1,0.04895565718704608,0.40430722100017885,69.58728726573675,82.37803771949157,0.24158941831602385
P,multichannel,3y,LSTM + ratio,real_panel_lstm_ratio_cal3y__LSTM__multichannel__r082,1,0.0489001792660927,0.3953234147129576,21.964165226238297,54.46358458112074,0.2498901150722893
P,multichannel,3y,LSTM + ratio,real_panel_lstm_ratio_cal3y__LSTM__multichannel__r083,1,0.04889934167742476,0.3956181247835454,24.298269469344344,57.396532848983234,0.21512017704100617
P,multichannel,3y,LSTM + ratio,real_panel_lstm_ratio_cal3y__LSTM__multichannel__r084,1,0.048978349760375094,0.4057865058967348,64.4439346212188,79.05202618479746,0.21965493866815353
P,multichannel,3y,LSTM + ratio,real_panel_lstm_ratio_cal3y__LSTM__multichannel__r085,1,0.04892678395424636,0.39579592143347253,49.93641988638025,68.01965566879542,0.26654534324803436
P,multichannel,3y,LSTM + ratio,real_panel_lstm_ratio_cal3y__LSTM__multichannel__r086,1,0.049047375194172786,0.4233817679125553,112.17341478308313,118.55954131302545,0.2485937991524778
P,multichannel,3y,LSTM + ratio,real_panel_lstm_ratio_cal3y__LSTM__multichannel__r087,1,0.048911883834343854,0.4009201581019333,26.83121733800758,55.326012934213345,0.2447437985629163
P,multichannel,3y,LSTM + ratio,real_panel_lstm_ratio_cal3y__LSTM__multichannel__r088,1,0.048940101052566284,0.3966859763202095,51.54566834196177,68.71098493861074,0.23372838026146422
P,multichannel,3y,LSTM + ratio,real_panel_lstm_ratio_cal3y__LSTM__multichannel__r089,1,0.048891208506398075,0.3976567672261421,18.19884731741095,55.491330013798766,0.2113571525282969
P,multichannel,3y,LSTM + ratio,real_panel_lstm_ratio_cal3y__LSTM__multichannel__r090,1,0.04895474881380445,0.4061785803608498,47.495957342180475,67.09826809981253,0.23972836977189274
P,multichannel,3y,LSTM + ratio,real_panel_lstm_ratio_cal3y__LSTM__multichannel__r091,1,0.04892795300010394,0.397369675981243,29.78728676532385,57.6578047005404,0.2515620630994065
P,multichannel,3y,LSTM + ratio,real_panel_lstm_ratio_cal3y__LSTM__multichannel__r092,1,0.04891238525167212,0.40138245774306935,15.10867380989253,54.54450915702155,0.2508841338723321
P,multichannel,3y,LSTM + ratio,real_panel_lstm_ratio_cal3y__LSTM__multichannel__r093,1,0.04890463626558083,0.39929917964335415,26.59422310871279,56.23583909597856,0.24049119667670094
P,multichannel,3y,LSTM + ratio,real_panel_lstm_ratio_cal3y__LSTM__multichannel__r094,1,0.048921772703133894,0.40143060193194646,33.77572621280718,59.47514605221201,0.26097643157973066
P,multichannel,3y,LSTM + ratio,real_panel_lstm_ratio_cal3y__LSTM__multichannel__r095,1,0.04890493020559576,0.3895040197317393,43.320234913803716,64.27977100684885,0.2642977652947925
P,multichannel,3y,LSTM + ratio,real_panel_lstm_ratio_cal3y__LSTM__multichannel__r096,1,0.05333240257270092,0.9705494062899971,137.4323739679631,139.80231587842286,0.2291463006642671
P,multichannel,3y,LSTM + ratio,real_panel_lstm_ratio_cal3y__LSTM__multichannel__r097,1,0.048972803222840006,0.40717825263295576,78.6196572669759,90.286708399626,0.22956370904031922
P,multichannel,3y,LSTM + ratio,real_panel_lstm_ratio_cal3y__LSTM__multichannel__r098,1,0.04891463540299576,0.39309192911069146,65.94566868596539,80.54219940542657,0.2544147315136442
P,multichannel,3y,LSTM + ratio,real_panel_lstm_ratio_cal3y__LSTM__multichannel__r099,1,0.04893495606209918,0.4013653062527302,44.6254372444655,65.40231435960719,0.2412157795525875
P,multichannel,3y,LSTM + bounded32ratio,real_panel_lstm_bounded32ratio_cal3y__LSTM__multichannel__r000,1,0.04895826676193007,0.40274918372326335,51.81734478639412,70.38381751761277,0.24601736238834412
P,multichannel,3y,LSTM + bounded32ratio,real_panel_lstm_bounded32ratio_cal3y__LSTM__multichannel__r001,1,0.04892069827714143,0.3961242910088947,28.751448780631506,57.56531891041566,0.2516601298237434
P,multichannel,3y,LSTM + bounded32ratio,real_panel_lstm_bounded32ratio_cal3y__LSTM__multichannel__r002,1,0.04892071678494686,0.39639738293874394,61.46936810674959,77.53410689637688,0.2365577752553484
P,multichannel,3y,LSTM + bounded32ratio,real_panel_lstm_bounded32ratio_cal3y__LSTM__multichannel__r003,1,0.04891307623852964,0.3922267283637463,39.70983015518651,61.88555117454243,0.21794865193193658
P,multichannel,3y,LSTM + bounded32ratio,real_panel_lstm_bounded32ratio_cal3y__LSTM__multichannel__r004,1,0.04887291963831249,0.3864175055285147,52.90405018971043,70.97803749187104,0.2381869301788553
P,multichannel,3y,LSTM + bounded32ratio,real_panel_lstm_bounded32ratio_cal3y__LSTM__multichannel__r005,1,0.04894870640845758,0.4033086843844473,39.290177240843406,62.33988626593577,0.2198891577455726
P,multichannel,3y,LSTM + bounded32ratio,real_panel_lstm_bounded32ratio_cal3y__LSTM__multichannel__r006,1,0.04892504686939068,0.4020332748533799,63.543356154678676,77.5202337887963,0.24914691231130368
P,multichannel,3y,LSTM + bounded32ratio,real_panel_lstm_bounded32ratio_cal3y__LSTM__multichannel__r007,1,0.04891051360416587,0.3977874114453522,20.621968781564348,55.405780805726984,0.23215975479330475
P,multichannel,3y,LSTM + bounded32ratio,real_panel_lstm_bounded32ratio_cal3y__LSTM__multichannel__r008,1,0.04888466215885795,0.39792950600552884,21.657806886171173,55.89826640611064,0.24369354711767247
P,multichannel,3y,LSTM + bounded32ratio,real_panel_lstm_bounded32ratio_cal3y__LSTM__multichannel__r009,1,0.04896906110868605,0.4062477835040385,47.10058189600089,66.75607179872914,0.23118378318257093
P,multichannel,3y,LSTM + bounded32ratio,real_panel_lstm_bounded32ratio_cal3y__LSTM__multichannel__r010,1,0.04892796758003784,0.3994171223475685,49.74566842523493,68.04393281570651,0.2620818818840775
P,multichannel,3y,LSTM + bounded32ratio,real_panel_lstm_bounded32ratio_cal3y__LSTM__multichannel__r011,1,0.04893594047746512,0.4048326159204896,33.802315773377295,59.3144522947553,0.21327955672843746
P,multichannel,3y,LSTM + bounded32ratio,real_panel_lstm_bounded32ratio_cal3y__LSTM__multichannel__r012,1,0.04893120993511465,0.40581734596109836,56.55376124976281,73.50867323878832,0.22898973565104408
P,multichannel,3y,LSTM + bounded32ratio,real_panel_lstm_bounded32ratio_cal3y__LSTM__multichannel__r013,1,0.04892290094006173,0.4049944759824641,48.8046280979146,67.25549370392238,0.23218509394877687
P,multichannel,3y,LSTM + bounded32ratio,real_panel_lstm_bounded32ratio_cal3y__LSTM__multichannel__r014,1,0.048940621239460066,0.4018193120220605,53.51329869375306,71.36532053690516,0.23151964726985824
P,multichannel,3y,LSTM + bounded32ratio,real_panel_lstm_bounded32ratio_cal3y__LSTM__multichannel__r015,1,0.04900692167350201,0.4064318214273644,74.11329880884294,86.27052341313237,0.23986899287644675
P,multichannel,3y,LSTM + bounded32ratio,real_panel_lstm_bounded32ratio_cal3y__LSTM__multichannel__r016,1,0.0488858956296468,0.39282837829747985,51.988443098235024,70.48092715380237,0.2504423085487218
P,multichannel,3y,LSTM + bounded32ratio,real_panel_lstm_bounded32ratio_cal3y__LSTM__multichannel__r017,1,0.04887974705564209,0.3917113632843398,39.7433563306481,62.44393283450093,0.23535874266890616
P,multichannel,3y,LSTM + bounded32ratio,real_panel_lstm_bounded32ratio_cal3y__LSTM__multichannel__r018,1,0.048894645744629574,0.3946528700057143,45.236997964328424,66.03237220094199,0.24786530311232896
P,multichannel,3y,LSTM + bounded32ratio,real_panel_lstm_bounded32ratio_cal3y__LSTM__multichannel__r019,1,0.048984236738520114,0.4175199703564512,94.39884827437201,102.66243146525127,0.23006762621783872
P,multichannel,3y,LSTM + bounded32ratio,real_panel_lstm_bounded32ratio_cal3y__LSTM__multichannel__r020,1,0.048919277260371534,0.4023737132355548,25.29248899249904,56.464740850510324,0.21407192930774735
P,multichannel,3y,LSTM + bounded32ratio,real_panel_lstm_bounded32ratio_cal3y__LSTM__multichannel__r021,1,0.048872205633008765,0.3930886369048092,31.916766610491333,56.931793564564266,0.24728281327307733
P,multichannel,3y,LSTM + bounded32ratio,real_panel_lstm_bounded32ratio_cal3y__LSTM__multichannel__r022,1,0.04893968512150298,0.4031820336015641,38.92601530169853,61.92716952208724,0.236347653961017
P,multichannel,3y,LSTM + bounded32ratio,real_panel_lstm_bounded32ratio_cal3y__LSTM__multichannel__r023,1,0.04889524215882368,0.3906017565731224,38.31792277636524,62.641620172074376,0.26417215164434876
P,multichannel,3y,LSTM + bounded32ratio,real_panel_lstm_bounded32ratio_cal3y__LSTM__multichannel__r024,1,0.048903314075349744,0.39566031481346514,41.70289371375245,62.94451077250636,0.23160601468497494
P,multichannel,3y,LSTM + bounded32ratio,real_panel_lstm_bounded32ratio_cal3y__LSTM__multichannel__r025,1,0.04897239317050457,0.40711291450150494,59.1468246416802,73.84740153698996,0.24553705463212583
P,multichannel,3y,LSTM + bounded32ratio,real_panel_lstm_bounded32ratio_cal3y__LSTM__multichannel__r026,1,0.04892556665538439,0.4001333093793793,40.05087078723875,62.7352623776341,0.23027380196013505
P,multichannel,3y,LSTM + bounded32ratio,real_panel_lstm_bounded32ratio_cal3y__LSTM__multichannel__r027,1,0.048935983644399876,0.40414185246955614,58.580350831710255,73.9329506382019,0.22946175576368477
P,multichannel,3y,LSTM + bounded32ratio,real_panel_lstm_bounded32ratio_cal3y__LSTM__multichannel__r028,1,0.048903458241770115,0.39096649752903323,40.90173781157632,62.24740085722258,0.2518718901573768
P,multichannel,3y,LSTM + bounded32ratio,real_panel_lstm_bounded32ratio_cal3y__LSTM__multichannel__r029,1,0.048905197216246386,0.3972612089018372,22.106361931937737,55.750289537696204,0.23495160521229896
P,multichannel,3y,LSTM + bounded32ratio,real_panel_lstm_bounded32ratio_cal3y__LSTM__multichannel__r030,1,0.04891679963972522,0.3990336048748528,38.16647773966507,61.64855670757197,0.23882024802149823
P,multichannel,3y,LSTM + bounded32ratio,real_panel_lstm_bounded32ratio_cal3y__LSTM__multichannel__r031,1,0.048901610937522114,0.3975758757593518,48.06821177877713,68.17688098395304,0.2535767915510347
P,multichannel,3y,LSTM + bounded32ratio,real_panel_lstm_bounded32ratio_cal3y__LSTM__multichannel__r032,1,0.048909145018103235,0.3956064994208714,21.489020824200445,56.14797755620954,0.2172494124537356
P,multichannel,3y,LSTM + bounded32ratio,real_panel_lstm_bounded32ratio_cal3y__LSTM__multichannel__r033,1,0.048915464877519216,0.39646468407999297,39.438153984094576,61.849713010169445,0.2543914992814724
P,multichannel,3y,LSTM + bounded32ratio,real_panel_lstm_bounded32ratio_cal3y__LSTM__multichannel__r034,1,0.048896384470046524,0.3952233668374314,41.58959913907274,64.34566655325422,0.24127668286574824
P,multichannel,3y,LSTM + bounded32ratio,real_panel_lstm_bounded32ratio_cal3y__LSTM__multichannel__r035,1,0.048896225691771995,0.39481148477797134,18.95029245555423,55.01271725801819,0.25945671829159844
P,multichannel,3y,LSTM + bounded32ratio,real_panel_lstm_bounded32ratio_cal3y__LSTM__multichannel__r036,1,0.048934294539025,0.4042761347763113,54.840466341762244,72.35260375740364,0.23310712376534007
P,multichannel,3y,LSTM + bounded32ratio,real_panel_lstm_bounded32ratio_cal3y__LSTM__multichannel__r037,1,0.048920676408498745,0.39936673553042323,47.39075537711714,66.83121636116874,0.2322157525420308
P,multichannel,3y,LSTM + bounded32ratio,real_panel_lstm_bounded32ratio_cal3y__LSTM__multichannel__r038,1,0.04892619465208216,0.4014708056115043,31.701737731517014,59.70867156102224,0.22663432000766284
P,multichannel,3y,LSTM + bounded32ratio,real_panel_lstm_bounded32ratio_cal3y__LSTM__multichannel__r039,1,0.04891629826610748,0.39905903671031,54.62196921025252,71.8358409521031,0.24872979749186938
P,multichannel,3y,LSTM + bounded32ratio,real_panel_lstm_bounded32ratio_cal3y__LSTM__multichannel__r040,1,0.04892736651796,0.4034099310142809,39.18150662218378,61.69942385823883,0.2468263351695675
P,multichannel,3y,LSTM + bounded32ratio,real_panel_lstm_bounded32ratio_cal3y__LSTM__multichannel__r041,1,0.048892529341422214,0.3917938998580236,47.17919452282725,66.44162116679891,0.25307410163020905
P,multichannel,3y,LSTM + bounded32ratio,real_panel_lstm_bounded32ratio_cal3y__LSTM__multichannel__r042,1,0.048981223046932136,0.41328270866326805,76.92023542402727,88.04855823699825,0.20971136965372048
P,multichannel,3y,LSTM + bounded32ratio,real_panel_lstm_bounded32ratio_cal3y__LSTM__multichannel__r043,1,0.0489004872589314,0.3945702082503186,13.676303904637757,54.235838654160304,0.23317286821855915
P,multichannel,3y,LSTM + bounded32ratio,real_panel_lstm_bounded32ratio_cal3y__LSTM__multichannel__r044,1,0.048895414964611,0.3969525966900045,27.060118976258615,56.38959640610106,0.2524043130339664
P,multichannel,3y,LSTM + bounded32ratio,real_panel_lstm_bounded32ratio_cal3y__LSTM__multichannel__r045,1,0.04889801485663806,0.40109656766481727,16.507517788531857,53.71445132475986,0.21304359551166518
P,multichannel,3y,LSTM + bounded32ratio,real_panel_lstm_bounded32ratio_cal3y__LSTM__multichannel__r046,1,0.048887714910941404,0.3904242476842349,41.54220019612473,62.8855514649643,0.2249920292073144
P,multichannel,3y,LSTM + bounded32ratio,real_panel_lstm_bounded32ratio_cal3y__LSTM__multichannel__r047,1,0.04889520905444874,0.3980277125464464,11.630061104613356,52.83237042906823,0.25995695213443776
P,multichannel,3y,LSTM + bounded32ratio,real_panel_lstm_bounded32ratio_cal3y__LSTM__multichannel__r048,1,0.048931240769690236,0.40140603881105646,47.56069752183077,67.9306382569077,0.2451206478731978
P,multichannel,3y,LSTM + bounded32ratio,real_panel_lstm_bounded32ratio_cal3y__LSTM__multichannel__r049,1,0.04891059773916039,0.3914632131590771,65.44277860494971,80.12948284542001,0.23525287045918855
P,multichannel,3y,LSTM + bounded32ratio,real_panel_lstm_bounded32ratio_cal3y__LSTM__multichannel__r050,1,0.0489349033633166,0.3973118204226552,57.82312516895511,73.04393331199908,0.2477248501456974
P,multichannel,3y,LSTM + bounded32ratio,real_panel_lstm_bounded32ratio_cal3y__LSTM__multichannel__r051,1,0.0489109690453892,0.39858986159622944,40.33295153922785,62.083239032822014,0.2378011913493438
P,multichannel,3y,LSTM + bounded32ratio,real_panel_lstm_bounded32ratio_cal3y__LSTM__multichannel__r052,1,0.048927112522450446,0.4022324331425189,22.68786471635811,56.2138737091858,0.2288882247972124
P,multichannel,3y,LSTM + bounded32ratio,real_panel_lstm_bounded32ratio_cal3y__LSTM__multichannel__r053,1,0.048956858048955526,0.4049145108261788,61.403472170184656,76.71214157804219,0.22429495254497986
P,multichannel,3y,LSTM + bounded32ratio,real_panel_lstm_bounded32ratio_cal3y__LSTM__multichannel__r054,1,0.04893281000602932,0.3958494982197345,60.290177406963295,75.03468511946389,0.2564726260890377
P,multichannel,3y,LSTM + bounded32ratio,real_panel_lstm_bounded32ratio_cal3y__LSTM__multichannel__r055,1,0.0489437624243473,0.39940121834426157,60.35260511764042,75.89480050185361,0.25507499165711683
P,multichannel,3y,LSTM + bounded32ratio,real_panel_lstm_bounded32ratio_cal3y__LSTM__multichannel__r056,1,0.04891458436306203,0.3987884867602688,36.8323737225151,60.763007805633976,0.2502120484155757
P,multichannel,3y,LSTM + bounded32ratio,real_panel_lstm_bounded32ratio_cal3y__LSTM__multichannel__r057,1,0.04890104321438573,0.391901000624637,46.211564427542626,66.48208331532008,0.23908610297837057
P,multichannel,3y,LSTM + bounded32ratio,real_panel_lstm_bounded32ratio_cal3y__LSTM__multichannel__r058,1,0.04888463073250234,0.39467459312360553,25.4982695023853,56.24046323314899,0.2558128380421818
P,multichannel,3y,LSTM + bounded32ratio,real_panel_lstm_bounded32ratio_cal3y__LSTM__multichannel__r059,1,0.04900542534605021,0.41463184226115374,82.98844355104602,93.11792242658306,0.24275524233698212
P,multichannel,3y,LSTM + bounded32ratio,real_panel_lstm_bounded32ratio_cal3y__LSTM__multichannel__r060,1,0.04890133773147759,0.40277096576577154,12.652026345371516,53.11445135763178,0.2286753312455629
P,multichannel,3y,LSTM + bounded32ratio,real_panel_lstm_bounded32ratio_cal3y__LSTM__multichannel__r061,1,0.04895375244638766,0.407084551778137,50.094801654656386,68.94566740401889,0.22744547898195439
P,multichannel,3y,LSTM + bounded32ratio,real_panel_lstm_bounded32ratio_cal3y__LSTM__multichannel__r062,1,0.04894227705810509,0.40064778240398,65.98728721492967,78.79653478396547,0.24291602760403846
P,multichannel,3y,LSTM + bounded32ratio,real_panel_lstm_bounded32ratio_cal3y__LSTM__multichannel__r063,1,0.04890929534053415,0.3943847666909773,34.53410770972829,59.810406247266684,0.2447419864741297
P,multichannel,3y,LSTM + bounded32ratio,real_panel_lstm_bounded32ratio_cal3y__LSTM__multichannel__r064,1,0.04893430070484119,0.4023108223566295,52.24971484858484,69.46821066731214,0.2412857743003621
P,multichannel,3y,LSTM + bounded32ratio,real_panel_lstm_bounded32ratio_cal3y__LSTM__multichannel__r065,1,0.04886750484654814,0.394194713492235,11.079772153594325,53.45202364267054,0.24956226724404626
P,multichannel,3y,LSTM + bounded32ratio,real_panel_lstm_bounded32ratio_cal3y__LSTM__multichannel__r066,1,0.048909408081967407,0.39808942156021865,54.00347196176657,71.52948215902569,0.2359302961927891
P,multichannel,3y,LSTM + bounded32ratio,real_panel_lstm_bounded32ratio_cal3y__LSTM__multichannel__r067,1,0.04895087362438506,0.40498259496949135,57.89711370544632,74.54219912192232,0.23284286139646884
P,multichannel,3y,LSTM + bounded32ratio,real_panel_lstm_bounded32ratio_cal3y__LSTM__multichannel__r068,1,0.04891947858357104,0.4017735261380021,45.9294836448683,66.14219886116175,0.25650478345009364
P,multichannel,3y,LSTM + bounded32ratio,real_panel_lstm_bounded32ratio_cal3y__LSTM__multichannel__r069,1,0.04893736325253196,0.4043279666863307,46.25780737630407,66.85202549254713,0.2345914055528538
P,multichannel,3y,LSTM + bounded32ratio,real_panel_lstm_bounded32ratio_cal3y__LSTM__multichannel__r070,1,0.04893182832634185,0.40521816800902444,38.612720519949754,61.771100312955596,0.22694755015503065
P,multichannel,3y,LSTM + bounded32ratio,real_panel_lstm_bounded32ratio_cal3y__LSTM__multichannel__r071,1,0.048931761049879834,0.40226156063152163,64.38150683140611,79.38959835072922,0.2726012986544657
P,multichannel,3y,LSTM + bounded32ratio,real_panel_lstm_bounded32ratio_cal3y__LSTM__multichannel__r072,1,0.04892232336573439,0.40290040517136755,34.127171443252585,59.06589775644968,0.2570069198658882
P,multichannel,3y,LSTM + bounded32ratio,real_panel_lstm_bounded32ratio_cal3y__LSTM__multichannel__r073,1,0.048913873773282025,0.39861583353282165,58.94682489919573,75.2589624847491,0.24286608611079072
P,multichannel,3y,LSTM + bounded32ratio,real_panel_lstm_bounded32ratio_cal3y__LSTM__multichannel__r074,1,0.04890363382801025,0.39690755108841236,57.46474359830452,72.939886877076,0.25039793702891
P,multichannel,3y,LSTM + bounded32ratio,real_panel_lstm_bounded32ratio_cal3y__LSTM__multichannel__r075,1,0.04894383416816806,0.4058134867360457,84.50520638540601,94.33873163366559,0.25407035721717003
P,multichannel,3y,LSTM + bounded32ratio,real_panel_lstm_bounded32ratio_cal3y__LSTM__multichannel__r076,1,0.04890616204169862,0.39680027724452016,50.494801629780916,68.5757250488716,0.27290029802307003
P,multichannel,3y,LSTM + bounded32ratio,real_panel_lstm_bounded32ratio_cal3y__LSTM__multichannel__r077,1,0.048884988207115135,0.39345506095885974,42.15376096228462,63.95260327350252,0.23415550124232215
P,multichannel,3y,LSTM + bounded32ratio,real_panel_lstm_bounded32ratio_cal3y__LSTM__multichannel__r078,1,0.04905222708358995,0.42790145651989203,118.49133436086177,125.01156536627994,0.23155602943592554
P,multichannel,3y,LSTM + bounded32ratio,real_panel_lstm_bounded32ratio_cal3y__LSTM__multichannel__r079,1,0.04890675551023571,0.40672526882391086,57.44509053970978,73.79653437084592,0.24057712032181006
P,multichannel,3y,LSTM + bounded32ratio,real_panel_lstm_bounded32ratio_cal3y__LSTM__multichannel__r080,1,0.04891212220891336,0.39961456538452705,46.744512384783775,66.38381756327988,0.22771592316922212
P,multichannel,3y,LSTM + bounded32ratio,real_panel_lstm_bounded32ratio_cal3y__LSTM__multichannel__r081,1,0.04892883664129252,0.3997680365840554,68.9919114341641,81.47052319052804,0.24267960514427292
P,multichannel,3y,LSTM + bounded32ratio,real_panel_lstm_bounded32ratio_cal3y__LSTM__multichannel__r082,1,0.04893945305237034,0.3977027873986916,61.261275769452986,76.46821097826079,0.24308874010245998
P,multichannel,3y,LSTM + bounded32ratio,real_panel_lstm_bounded32ratio_cal3y__LSTM__multichannel__r083,1,0.048945759469966446,0.40289336672396536,62.74913716644005,77.52139024352984,0.2036546485248374
P,multichannel,3y,LSTM + bounded32ratio,real_panel_lstm_bounded32ratio_cal3y__LSTM__multichannel__r084,1,0.048939170531082196,0.40374415695733484,45.09711360391929,65.5479791504193,0.22502352086736938
P,multichannel,3y,LSTM + bounded32ratio,real_panel_lstm_bounded32ratio_cal3y__LSTM__multichannel__r085,1,0.04896029683777069,0.40973986827387193,62.42890589267513,76.15607211694638,0.2532554799496428
P,multichannel,3y,LSTM + bounded32ratio,real_panel_lstm_bounded32ratio_cal3y__LSTM__multichannel__r086,1,0.048943895826583164,0.40253087797207204,59.113298679669064,74.7849737150009,0.25975984864445306
P,multichannel,3y,LSTM + bounded32ratio,real_panel_lstm_bounded32ratio_cal3y__LSTM__multichannel__r087,1,0.048883609929785396,0.38844182383044057,45.145668449401974,65.12254584712517,0.2455995599010938
P,multichannel,3y,LSTM + bounded32ratio,real_panel_lstm_bounded32ratio_cal3y__LSTM__multichannel__r088,1,0.04894170643769296,0.40149085601868584,29.78613077073357,55.99653320131276,0.23706230018482105
P,multichannel,3y,LSTM + bounded32ratio,real_panel_lstm_bounded32ratio_cal3y__LSTM__multichannel__r089,1,0.04891555741248685,0.39399810672865315,26.458963042399194,57.67514557897963,0.21620778262489232
P,multichannel,3y,LSTM + bounded32ratio,real_panel_lstm_bounded32ratio_cal3y__LSTM__multichannel__r090,1,0.04891896938940707,0.39870682283133324,58.69711354991225,74.90751714232964,0.2475608777460326
P,multichannel,3y,LSTM + bounded32ratio,real_panel_lstm_bounded32ratio_cal3y__LSTM__multichannel__r091,1,0.048944047719698056,0.40141488785235424,49.764165813318066,68.59653447889225,0.2452594716734435
P,multichannel,3y,LSTM + bounded32ratio,real_panel_lstm_bounded32ratio_cal3y__LSTM__multichannel__r092,1,0.04890320019674378,0.3923266137054257,56.309830599781506,73.06127436701276,0.2408650110961931
P,multichannel,3y,LSTM + bounded32ratio,real_panel_lstm_bounded32ratio_cal3y__LSTM__multichannel__r093,1,0.04893794961541116,0.401104086575733,36.186131021691075,59.642776617688526,0.22643395667691293
P,multichannel,3y,LSTM + bounded32ratio,real_panel_lstm_bounded32ratio_cal3y__LSTM__multichannel__r094,1,0.04894614059832751,0.40154064313047516,65.8242815641163,81.57688173468073,0.2561837208044126
P,multichannel,3y,LSTM + bounded32ratio,real_panel_lstm_bounded32ratio_cal3y__LSTM__multichannel__r095,1,0.048972759527429785,0.40613079941473823,64.21965721878831,78.1364190194353,0.2600762822019824
P,multichannel,3y,LSTM + bounded32ratio,real_panel_lstm_bounded32ratio_cal3y__LSTM__multichannel__r096,1,0.0489545734153523,0.40882158782552913,67.66589993322903,80.50520509532528,0.22517667532464541
P,multichannel,3y,LSTM + bounded32ratio,real_panel_lstm_bounded32ratio_cal3y__LSTM__multichannel__r097,1,0.048892163505257685,0.39292683588990557,40.28439678768494,62.647400833020015,0.23631739120517936
P,multichannel,3y,LSTM + bounded32ratio,real_panel_lstm_bounded32ratio_cal3y__LSTM__multichannel__r098,1,0.04892341738460879,0.4003834581942073,46.29711367343254,66.81040703693121,0.24420443474778625
P,multichannel,3y,LSTM + bounded32ratio,real_panel_lstm_bounded32ratio_cal3y__LSTM__multichannel__r099,1,0.048917738437145024,0.4017325179287213,27.699425656649442,56.13872945884689,0.2530744942698626
E,cdnow,2y-arms,LSTM no_ar (ar_encoding),ar_encoding__cdnow__no_ar__a,1,0.147425398474164,,3.256907809472596,20.09903151866257,
E,cdnow,2y-arms,LSTM no_ar (ar_encoding),ar_encoding__cdnow__no_ar__a,2,0.1483948438705098,,51.88823191121229,54.64244783771765,
E,cdnow,2y-arms,LSTM no_ar (ar_encoding),ar_encoding__cdnow__no_ar__a,3,0.1481313877006316,,-29.52368083834524,30.19250043784644,
E,cdnow,2y-arms,LSTM no_ar (ar_encoding),ar_encoding__cdnow__no_ar__a,4,0.1475232663264385,,-3.925546425353611,18.24596345813622,
E,cdnow,2y-arms,LSTM no_ar (ar_encoding),ar_encoding__cdnow__no_ar__a,5,0.1476039971806536,,-0.1822741458090212,18.599569583532222,
E,cdnow,2y-arms,LSTM no_ar (ar_encoding),ar_encoding__cdnow__no_ar__a,6,0.1474011758526367,,-6.524398291971739,18.09418728338019,
E,cdnow,2y-arms,LSTM no_ar (ar_encoding),ar_encoding__cdnow__no_ar__a,7,0.1475204424718901,,-22.296913618280023,24.79386388878584,
E,cdnow,2y-arms,LSTM no_ar (ar_encoding),ar_encoding__cdnow__no_ar__a,8,0.1474366334571633,,4.278077419563543,20.13455351979539,
E,cdnow,2y-arms,LSTM no_ar (ar_encoding),ar_encoding__cdnow__no_ar__a,9,0.1473934411925271,,1.6679231402493284,18.595443288113948,
E,cdnow,2y-arms,LSTM no_ar (ar_encoding),ar_encoding__cdnow__no_ar__a,10,0.1474220493563339,,-14.339073603637958,19.711876285099,
E,cdnow,2y-arms,LSTM no_ar (ar_encoding),ar_encoding__cdnow__no_ar__a,11,0.147178118862052,,-19.573914055763648,22.65285212582677,
E,cdnow,2y-arms,LSTM no_ar (ar_encoding),ar_encoding__cdnow__no_ar__a,12,0.1476719943629942,,29.79242992502175,36.59185551129988,
E,cdnow,2y-arms,LSTM no_ar (ar_encoding),ar_encoding__cdnow__no_ar__a,13,0.1472725971824706,,8.006818065884953,21.357732705382958,
E,cdnow,2y-arms,LSTM no_ar (ar_encoding),ar_encoding__cdnow__no_ar__a,14,0.1475234004381808,,-2.415140988270124,18.173304680595525,
E,cdnow,2y-arms,LSTM no_ar (ar_encoding),ar_encoding__cdnow__no_ar__a,15,0.1475673271960821,,-0.6962676931310955,19.160567133023783,
E,cdnow,2y-arms,LSTM no_ar (ar_encoding),ar_encoding__cdnow__no_ar__a,16,0.1473193203822492,,5.548439867668199,20.99910324476499,
E,cdnow,2y-arms,LSTM no_ar (ar_encoding),ar_encoding__cdnow__no_ar__a,17,0.147514586941269,,1.0658421069213195,19.3884107267456,
E,cdnow,2y-arms,LSTM no_ar (ar_encoding),ar_encoding__cdnow__no_ar__a,18,0.1477171093593277,,-27.250986161443283,28.15374907131725,
E,cdnow,2y-arms,LSTM no_ar (ar_encoding),ar_encoding__cdnow__no_ar__a,19,0.1475520914493855,,7.60889920126346,21.23860819360484,
E,cdnow,2y-arms,LSTM no_ar (ar_encoding),ar_encoding__cdnow__no_ar__a,20,0.1476842542725816,,-13.988158672289126,19.657337345434524,
E,cdnow,2y-arms,LSTM no_ar (ar_encoding),ar_encoding__cdnow__no_ar__b,1,0.1473718464343955,,-4.998564090007321,18.15895231055202,
E,cdnow,2y-arms,LSTM no_ar (ar_encoding),ar_encoding__cdnow__no_ar__b,2,0.147501589199017,,3.9876218314259537,21.609795777592307,
E,cdnow,2y-arms,LSTM no_ar (ar_encoding),ar_encoding__cdnow__no_ar__b,3,0.1474077705827183,,-1.2405805477714096,18.360064671935252,
E,cdnow,2y-arms,LSTM no_ar (ar_encoding),ar_encoding__cdnow__no_ar__b,4,0.1472885933600093,,-13.872981142048172,19.568352878897723,
E,cdnow,2y-arms,LSTM no_ar (ar_encoding),ar_encoding__cdnow__no_ar__b,5,0.1474876726595359,,-0.8484025747967389,18.10853975911227,
E,cdnow,2y-arms,LSTM no_ar (ar_encoding),ar_encoding__cdnow__no_ar__b,6,0.1476761681841109,,21.152853159147718,30.720129509258964,
E,cdnow,2y-arms,LSTM no_ar (ar_encoding),ar_encoding__cdnow__no_ar__b,7,0.1471874409138244,,14.638500942636092,25.37477614853804,
E,cdnow,2y-arms,LSTM no_ar (ar_encoding),ar_encoding__cdnow__no_ar__b,8,0.1478175812912568,,-2.481161851653442,17.83100115132806,
E,cdnow,2y-arms,LSTM no_ar (ar_encoding),ar_encoding__cdnow__no_ar__b,9,0.1473290423341527,,-3.5281658659070585,17.78866170303529,
E,cdnow,2y-arms,LSTM no_ar (ar_encoding),ar_encoding__cdnow__no_ar__b,10,0.1472217357539469,,14.160746988159705,26.23824931649076,
E,cdnow,2y-arms,LSTM no_ar (ar_encoding),ar_encoding__cdnow__no_ar__b,11,0.147312318723459,,6.59203517987053,21.88805194856825,
E,cdnow,2y-arms,LSTM no_ar (ar_encoding),ar_encoding__cdnow__no_ar__b,12,0.1474199948302911,,-3.2208460789380355,17.79314681290638,
E,cdnow,2y-arms,LSTM no_ar (ar_encoding),ar_encoding__cdnow__no_ar__b,13,0.1480843313707536,,-34.95281610797802,34.98797939002085,
E,cdnow,2y-arms,LSTM no_ar (ar_encoding),ar_encoding__cdnow__no_ar__b,14,0.147359832881247,,-17.447075092452263,21.122712240678705,
E,cdnow,2y-arms,LSTM no_ar (ar_encoding),ar_encoding__cdnow__no_ar__b,15,0.1477404174195103,,-22.99264381893793,25.13401462364164,
E,cdnow,2y-arms,LSTM no_ar (ar_encoding),ar_encoding__cdnow__no_ar__b,16,0.1474240306397823,,-11.595801264298249,18.498564530083804,
E,cdnow,2y-arms,LSTM no_ar (ar_encoding),ar_encoding__cdnow__no_ar__b,17,0.1472375972137386,,-4.71743743092752,18.070864769458705,
E,cdnow,2y-arms,LSTM no_ar (ar_encoding),ar_encoding__cdnow__no_ar__b,18,0.1473044311981725,,-8.561893783016501,18.12163605991314,
E,cdnow,2y-arms,LSTM no_ar (ar_encoding),ar_encoding__cdnow__no_ar__b,19,0.1475647072592789,,9.20452177346623,22.18981025621708,
E,cdnow,2y-arms,LSTM no_ar (ar_encoding),ar_encoding__cdnow__no_ar__b,20,0.1473506808270855,,2.601005367341224,19.89809852915508,
E,cdnow,2y-arms,LSTM no_ar (ar_encoding),ar_encoding__cdnow__no_ar__c,1,0.1476817321273712,,-15.298348923832322,20.564226427569636,
E,cdnow,2y-arms,LSTM no_ar (ar_encoding),ar_encoding__cdnow__no_ar__c,2,0.1474675432769317,,-3.9370283408519535,18.02493723220141,
E,cdnow,2y-arms,LSTM no_ar (ar_encoding),ar_encoding__cdnow__no_ar__c,3,0.1475435369359295,,-13.909758937563163,19.40563295948328,
E,cdnow,2y-arms,LSTM no_ar (ar_encoding),ar_encoding__cdnow__no_ar__c,4,0.1471231163160881,,-3.239324742369755,18.077861554785336,
E,cdnow,2y-arms,LSTM no_ar (ar_encoding),ar_encoding__cdnow__no_ar__c,5,0.1473873478806266,,-5.2511654008256095,17.89666311895581,
E,cdnow,2y-arms,LSTM no_ar (ar_encoding),ar_encoding__cdnow__no_ar__c,6,0.1471340906300441,,0.052925038544423,18.75547194004809,
E,cdnow,2y-arms,LSTM no_ar (ar_encoding),ar_encoding__cdnow__no_ar__c,7,0.1476171174037297,,-14.435413770504953,19.748654177505625,
E,cdnow,2y-arms,LSTM no_ar (ar_encoding),ar_encoding__cdnow__no_ar__c,8,0.1474645467612463,,-6.071940467886394,18.000897025765674,
E,cdnow,2y-arms,LSTM no_ar (ar_encoding),ar_encoding__cdnow__no_ar__c,9,0.1474645021906676,,30.18783718950052,36.187836911681686,
E,cdnow,2y-arms,LSTM no_ar (ar_encoding),ar_encoding__cdnow__no_ar__c,10,0.1475705574509702,,12.837819180143564,25.791891305020684,
E,cdnow,2y-arms,LSTM no_ar (ar_encoding),ar_encoding__cdnow__no_ar__c,11,0.1474516077112937,,-8.918011565296736,18.313778150802637,
E,cdnow,2y-arms,LSTM no_ar (ar_encoding),ar_encoding__cdnow__no_ar__c,12,0.1475095397817998,,-3.100465749369371,18.012917178920574,
E,cdnow,2y-arms,LSTM no_ar (ar_encoding),ar_encoding__cdnow__no_ar__c,13,0.1474591033273053,,-6.700752809692868,17.774309228681652,
E,cdnow,2y-arms,LSTM no_ar (ar_encoding),ar_encoding__cdnow__no_ar__c,14,0.1471515582558671,,-0.2705411221611487,18.76462168808108,
E,cdnow,2y-arms,LSTM no_ar (ar_encoding),ar_encoding__cdnow__no_ar__c,15,0.1473081168916337,,7.7540372953468495,22.350735873268643,
E,cdnow,2y-arms,LSTM no_ar (ar_encoding),ar_encoding__cdnow__no_ar__c,16,0.1476255810993381,,-2.6594898483512446,18.37423755471525,
E,cdnow,2y-arms,LSTM no_ar (ar_encoding),ar_encoding__cdnow__no_ar__c,17,0.1471066092154568,,7.374417603359757,21.314496198289127,
E,cdnow,2y-arms,LSTM no_ar (ar_encoding),ar_encoding__cdnow__no_ar__c,18,0.1480248861316853,,-24.21564344475617,26.32508027556265,
E,cdnow,2y-arms,LSTM no_ar (ar_encoding),ar_encoding__cdnow__no_ar__c,19,0.1473582842888669,,-5.920523217532371,17.755471858390447,
E,cdnow,2y-arms,LSTM no_ar (ar_encoding),ar_encoding__cdnow__no_ar__c,20,0.1472496135801319,,6.496592020827463,20.463222374891977,
E,cdnow,2y-arms,LSTM no_ar (ar_encoding),ar_encoding__cdnow__no_ar__d,1,0.147104889282947,,-7.906709075228695,18.01973442407676,
E,cdnow,2y-arms,LSTM no_ar (ar_encoding),ar_encoding__cdnow__no_ar__d,2,0.1478830760923639,,3.577503406285309,19.72102642087396,
E,cdnow,2y-arms,LSTM no_ar (ar_encoding),ar_encoding__cdnow__no_ar__d,3,0.1471652031007827,,-4.621814958379274,17.950484430316166,
E,cdnow,2y-arms,LSTM no_ar (ar_encoding),ar_encoding__cdnow__no_ar__d,4,0.1472293673591953,,11.358091845959065,24.70147142227362,
E,cdnow,2y-arms,LSTM no_ar (ar_encoding),ar_encoding__cdnow__no_ar__d,5,0.1475509530690631,,-5.2687470676614,18.05848581363037,
E,cdnow,2y-arms,LSTM no_ar (ar_encoding),ar_encoding__cdnow__no_ar__d,6,0.1473377473706112,,7.441156090235196,20.54556902862416,
E,cdnow,2y-arms,LSTM no_ar (ar_encoding),ar_encoding__cdnow__no_ar__d,7,0.1474779376433258,,5.255472524326186,20.40366008812592,
E,cdnow,2y-arms,LSTM no_ar (ar_encoding),ar_encoding__cdnow__no_ar__d,8,0.1473511303905061,,0.1582353564823373,18.270541916113142,
E,cdnow,2y-arms,LSTM no_ar (ar_encoding),ar_encoding__cdnow__no_ar__d,9,0.1475249493931046,,-8.026192347800801,18.228202339500367,
E,cdnow,2y-arms,LSTM no_ar (ar_encoding),ar_encoding__cdnow__no_ar__d,10,0.1476641651005759,,-1.0986716734131134,18.20272701798434,
E,cdnow,2y-arms,LSTM no_ar (ar_encoding),ar_encoding__cdnow__no_ar__d,11,0.1472933625957521,,5.873879476774191,20.42429157441524,
E,cdnow,2y-arms,LSTM no_ar (ar_encoding),ar_encoding__cdnow__no_ar__d,12,0.1472238280275623,,-2.849299633956692,17.975959878197326,
E,cdnow,2y-arms,LSTM no_ar (ar_encoding),ar_encoding__cdnow__no_ar__d,13,0.1473796163136898,,-15.990849825417255,20.47308907987985,
E,cdnow,2y-arms,LSTM no_ar (ar_encoding),ar_encoding__cdnow__no_ar__d,14,0.147374493818038,,-7.997487671923923,18.05705050792469,
E,cdnow,2y-arms,LSTM no_ar (ar_encoding),ar_encoding__cdnow__no_ar__d,15,0.1480237228933415,,9.669179052557592,27.98277742727645,
E,cdnow,2y-arms,LSTM no_ar (ar_encoding),ar_encoding__cdnow__no_ar__d,16,0.1480390978281832,,42.724256262767646,46.4881599434893,
E,cdnow,2y-arms,LSTM no_ar (ar_encoding),ar_encoding__cdnow__no_ar__d,17,0.147468471992582,,3.4077868738990635,20.01130272665906,
E,cdnow,2y-arms,LSTM no_ar (ar_encoding),ar_encoding__cdnow__no_ar__d,18,0.1479885442671439,,-12.104592053370052,18.926982240113794,
E,cdnow,2y-arms,LSTM no_ar (ar_encoding),ar_encoding__cdnow__no_ar__d,19,0.1478287847815055,,40.79081527289781,45.03588150598738,
E,cdnow,2y-arms,LSTM no_ar (ar_encoding),ar_encoding__cdnow__no_ar__d,20,0.1474856249647611,,-2.87621024566471,18.208467924392977,
E,cdnow,2y-arms,LSTM no_ar (ar_encoding),ar_encoding__cdnow__no_ar__e,1,0.147937708011848,,-32.18227433711411,32.50269060884276,
E,cdnow,2y-arms,LSTM no_ar (ar_encoding),ar_encoding__cdnow__no_ar__e,2,0.1477748030366648,,12.90383998708613,24.41370688981313,
E,cdnow,2y-arms,LSTM no_ar (ar_encoding),ar_encoding__cdnow__no_ar__e,3,0.1474156210327374,,-7.581269511987081,17.924650108183066,
E,cdnow,2y-arms,LSTM no_ar (ar_encoding),ar_encoding__cdnow__no_ar__e,4,0.1471934780504206,,1.7791538750421982,19.066559223696768,
E,cdnow,2y-arms,LSTM no_ar (ar_encoding),ar_encoding__cdnow__no_ar__e,5,0.1473423945874853,,-6.43200512172953,17.754574776105823,
E,cdnow,2y-arms,LSTM no_ar (ar_encoding),ar_encoding__cdnow__no_ar__e,6,0.1483482967599868,,70.52870539991451,71.781306720436,
E,cdnow,2y-arms,LSTM no_ar (ar_encoding),ar_encoding__cdnow__no_ar__e,7,0.1472038584938903,,6.23699392393067,21.96214603291738,
E,cdnow,2y-arms,LSTM no_ar (ar_encoding),ar_encoding__cdnow__no_ar__e,8,0.1472909407291315,,-8.089701493047137,18.089343331938668,
E,cdnow,2y-arms,LSTM no_ar (ar_encoding),ar_encoding__cdnow__no_ar__e,9,0.1473369786236736,,0.3467893279062341,18.859885366076146,
E,cdnow,2y-arms,LSTM no_ar (ar_encoding),ar_encoding__cdnow__no_ar__e,10,0.1474405358587138,,4.803732357792901,19.698600908861653,
E,cdnow,2y-arms,LSTM no_ar (ar_encoding),ar_encoding__cdnow__no_ar__e,11,0.1474565336135418,,-6.40491499363538,17.968963010590503,
E,cdnow,2y-arms,LSTM no_ar (ar_encoding),ar_encoding__cdnow__no_ar__e,12,0.1476878708603459,,28.784177331223813,35.46555480599981,
E,cdnow,2y-arms,LSTM no_ar (ar_encoding),ar_encoding__cdnow__no_ar__e,13,0.1473050287093327,,-2.801398608825532,18.217617574231088,
E,cdnow,2y-arms,LSTM no_ar (ar_encoding),ar_encoding__cdnow__no_ar__e,14,0.1473595462208716,,-12.791352038571471,19.13042675735844,
E,cdnow,2y-arms,LSTM no_ar (ar_encoding),ar_encoding__cdnow__no_ar__e,15,0.1473918205670427,,-20.145675741222288,22.89092171089112,
E,cdnow,2y-arms,LSTM no_ar (ar_encoding),ar_encoding__cdnow__no_ar__e,16,0.1472708775238963,,7.292968111786394,21.733943643389257,
E,cdnow,2y-arms,LSTM no_ar (ar_encoding),ar_encoding__cdnow__no_ar__e,17,0.1469847073428611,,-7.806960300645672,18.032292683335147,
E,cdnow,2y-arms,LSTM no_ar (ar_encoding),ar_encoding__cdnow__no_ar__e,18,0.1472549695374936,,-14.198241224467344,19.638141105377564,
E,cdnow,2y-arms,LSTM no_ar (ar_encoding),ar_encoding__cdnow__no_ar__e,19,0.1471820888125561,,-15.207929082467462,19.92052357084448,
E,cdnow,2y-arms,LSTM no_ar (ar_encoding),ar_encoding__cdnow__no_ar__e,20,0.1474389392969048,,2.3801585717028484,19.948869983217527,
E,cdnow,2y-arms,LSTM ar_bounded_16 (ar_encoding),ar_encoding__cdnow__ar_bounded_16__a,1,0.1475396191617806,,-7.943307618340889,18.16325792200679,
E,cdnow,2y-arms,LSTM ar_bounded_16 (ar_encoding),ar_encoding__cdnow__ar_bounded_16__a,2,0.1471000671602269,,-12.605309815058812,18.861858443626723,
E,cdnow,2y-arms,LSTM ar_bounded_16 (ar_encoding),ar_encoding__cdnow__ar_bounded_16__a,3,0.1469747110794471,,0.6768933995862454,19.37585240137233,
E,cdnow,2y-arms,LSTM ar_bounded_16 (ar_encoding),ar_encoding__cdnow__ar_bounded_16__a,4,0.1474899672151575,,-24.90796501083105,26.487441285387025,
E,cdnow,2y-arms,LSTM ar_bounded_16 (ar_encoding),ar_encoding__cdnow__ar_bounded_16__a,5,0.1472727256467882,,-25.42321443641949,26.642087850052025,
E,cdnow,2y-arms,LSTM ar_bounded_16 (ar_encoding),ar_encoding__cdnow__ar_bounded_16__a,6,0.1470117883615143,,-10.206135080784431,18.4562252043968,
E,cdnow,2y-arms,LSTM ar_bounded_16 (ar_encoding),ar_encoding__cdnow__ar_bounded_16__a,7,0.147334626538325,,-11.908503200465852,19.001435095382167,
E,cdnow,2y-arms,LSTM ar_bounded_16 (ar_encoding),ar_encoding__cdnow__ar_bounded_16__a,8,0.1474334806541016,,10.179763891287068,23.569788657398483,
E,cdnow,2y-arms,LSTM ar_bounded_16 (ar_encoding),ar_encoding__cdnow__ar_bounded_16__a,9,0.1473073602562171,,-8.482238368068062,17.90383920249949,
E,cdnow,2y-arms,LSTM ar_bounded_16 (ar_encoding),ar_encoding__cdnow__ar_bounded_16__a,10,0.1472795704006994,,-26.32848890804043,27.357552496794572,
E,cdnow,2y-arms,LSTM ar_bounded_16 (ar_encoding),ar_encoding__cdnow__ar_bounded_16__a,11,0.1476201259536328,,17.769466161796075,28.1193043415578,
E,cdnow,2y-arms,LSTM ar_bounded_16 (ar_encoding),ar_encoding__cdnow__ar_bounded_16__a,12,0.1472679907312901,,18.41209261641568,28.77054219988783,
E,cdnow,2y-arms,LSTM ar_bounded_16 (ar_encoding),ar_encoding__cdnow__ar_bounded_16__a,13,0.1475398953780529,,-27.399174218362777,28.328488981657017,
E,cdnow,2y-arms,LSTM ar_bounded_16 (ar_encoding),ar_encoding__cdnow__ar_bounded_16__a,14,0.1472739259971012,,5.835845690863197,22.18604266442523,
E,cdnow,2y-arms,LSTM ar_bounded_16 (ar_encoding),ar_encoding__cdnow__ar_bounded_16__a,15,0.1477874438956215,,-17.722819658122614,21.608001070470017,
E,cdnow,2y-arms,LSTM ar_bounded_16 (ar_encoding),ar_encoding__cdnow__ar_bounded_16__a,16,0.1472425491936553,,14.962325796517026,27.590599576005285,
E,cdnow,2y-arms,LSTM ar_bounded_16 (ar_encoding),ar_encoding__cdnow__ar_bounded_16__a,17,0.1473530154029439,,-16.80839551300456,21.040903913098777,
E,cdnow,2y-arms,LSTM ar_bounded_16 (ar_encoding),ar_encoding__cdnow__ar_bounded_16__a,18,0.1478222411331433,,29.446179407249748,37.01022647421976,
E,cdnow,2y-arms,LSTM ar_bounded_16 (ar_encoding),ar_encoding__cdnow__ar_bounded_16__a,19,0.1471910549770497,,-13.108539097467228,19.201829709213897,
E,cdnow,2y-arms,LSTM ar_bounded_16 (ar_encoding),ar_encoding__cdnow__ar_bounded_16__a,20,0.1473229640298843,,-17.986185317062066,21.497488002377025,
E,cdnow,2y-arms,LSTM ar_bounded_16 (ar_encoding),ar_encoding__cdnow__ar_bounded_16__b,1,0.1475617854262542,,-14.943128208272896,20.358987785830685,
E,cdnow,2y-arms,LSTM ar_bounded_16 (ar_encoding),ar_encoding__cdnow__ar_bounded_16__b,2,0.1473446122603259,,-11.083243038095294,18.6512377292802,
E,cdnow,2y-arms,LSTM ar_bounded_16 (ar_encoding),ar_encoding__cdnow__ar_bounded_16__b,3,0.1473658898563337,,-35.62181512115922,35.62970894167803,
E,cdnow,2y-arms,LSTM ar_bounded_16 (ar_encoding),ar_encoding__cdnow__ar_bounded_16__b,4,0.1476124263172423,,-27.704879219505425,28.64854639189055,
E,cdnow,2y-arms,LSTM ar_bounded_16 (ar_encoding),ar_encoding__cdnow__ar_bounded_16__b,5,0.1473721772619548,,-16.65339019436257,20.931826026276138,
E,cdnow,2y-arms,LSTM ar_bounded_16 (ar_encoding),ar_encoding__cdnow__ar_bounded_16__b,6,0.1474954898541382,,0.5412636952829598,20.10925749323829,
E,cdnow,2y-arms,LSTM ar_bounded_16 (ar_encoding),ar_encoding__cdnow__ar_bounded_16__b,7,0.1475073287803269,,-20.59885124115532,23.029063083682573,
E,cdnow,2y-arms,LSTM ar_bounded_16 (ar_encoding),ar_encoding__cdnow__ar_bounded_16__b,8,0.1476565391735462,,26.82705490340642,34.91496270907435,
E,cdnow,2y-arms,LSTM ar_bounded_16 (ar_encoding),ar_encoding__cdnow__ar_bounded_16__b,9,0.1473459117941476,,7.409939694416833,21.326336904380774,
E,cdnow,2y-arms,LSTM ar_bounded_16 (ar_encoding),ar_encoding__cdnow__ar_bounded_16__b,10,0.1472469491991908,,-18.883924826125508,22.12468577599989,
E,cdnow,2y-arms,LSTM ar_bounded_16 (ar_encoding),ar_encoding__cdnow__ar_bounded_16__b,11,0.1472922760995658,,-29.11571536180077,29.76444163620352,
E,cdnow,2y-arms,LSTM ar_bounded_16 (ar_encoding),ar_encoding__cdnow__ar_bounded_16__b,12,0.1472509847006503,,-13.315930502740835,19.318801333523275,
E,cdnow,2y-arms,LSTM ar_bounded_16 (ar_encoding),ar_encoding__cdnow__ar_bounded_16__b,13,0.1472346355878697,,-16.990132216640834,20.89648339967569,
E,cdnow,2y-arms,LSTM ar_bounded_16 (ar_encoding),ar_encoding__cdnow__ar_bounded_16__b,14,0.1473066734451645,,-16.890742143453675,20.886077863476025,
E,cdnow,2y-arms,LSTM ar_bounded_16 (ar_encoding),ar_encoding__cdnow__ar_bounded_16__b,15,0.1471804275199677,,4.516505910233024,20.498565099587054,
E,cdnow,2y-arms,LSTM ar_bounded_16 (ar_encoding),ar_encoding__cdnow__ar_bounded_16__b,16,0.1472294065402643,,-6.704879226814655,17.91514168439315,
E,cdnow,2y-arms,LSTM ar_bounded_16 (ar_encoding),ar_encoding__cdnow__ar_bounded_16__b,17,0.1470241391742743,,-16.100645317912576,20.50932877673492,
E,cdnow,2y-arms,LSTM ar_bounded_16 (ar_encoding),ar_encoding__cdnow__ar_bounded_16__b,18,0.1471005955262514,,-10.551309018832931,18.327771599025567,
E,cdnow,2y-arms,LSTM ar_bounded_16 (ar_encoding),ar_encoding__cdnow__ar_bounded_16__b,19,0.1470841668697471,,-16.152493197388697,20.56153536993765,
E,cdnow,2y-arms,LSTM ar_bounded_16 (ar_encoding),ar_encoding__cdnow__ar_bounded_16__b,20,0.1474847358579872,,-22.559382314006804,24.681018614906925,
E,cdnow,2y-arms,LSTM ar_bounded_16 (ar_encoding),ar_encoding__cdnow__ar_bounded_16__c,1,0.147315701926659,,-10.001972870474162,18.41890904686511,
E,cdnow,2y-arms,LSTM ar_bounded_16 (ar_encoding),ar_encoding__cdnow__ar_bounded_16__c,2,0.1472462865686454,,4.8866171763500095,20.425547442030044,
E,cdnow,2y-arms,LSTM ar_bounded_16 (ar_encoding),ar_encoding__cdnow__ar_bounded_16__c,3,0.1470659965710472,,-15.794043251703242,20.4309291103544,
E,cdnow,2y-arms,LSTM ar_bounded_16 (ar_encoding),ar_encoding__cdnow__ar_bounded_16__c,4,0.1473079349828811,,-5.876389710484243,18.261750990928896,
E,cdnow,2y-arms,LSTM ar_bounded_16 (ar_encoding),ar_encoding__cdnow__ar_bounded_16__c,5,0.1470273910576123,,-8.281484817503575,18.08485820154139,
E,cdnow,2y-arms,LSTM ar_bounded_16 (ar_encoding),ar_encoding__cdnow__ar_bounded_16__c,6,0.1474246436578469,,-23.125941304523053,25.336203379210676,
E,cdnow,2y-arms,LSTM ar_bounded_16 (ar_encoding),ar_encoding__cdnow__ar_bounded_16__c,7,0.1473124475685031,,-14.636167284277688,19.761750732715957,
E,cdnow,2y-arms,LSTM ar_bounded_16 (ar_encoding),ar_encoding__cdnow__ar_bounded_16__c,8,0.1472588691820718,,-26.02457789079145,27.16092530578331,
E,cdnow,2y-arms,LSTM ar_bounded_16 (ar_encoding),ar_encoding__cdnow__ar_bounded_16__c,9,0.1473236856525951,,-15.974344593644206,20.427161559715177,
E,cdnow,2y-arms,LSTM ar_bounded_16 (ar_encoding),ar_encoding__cdnow__ar_bounded_16__c,10,0.147480338749467,,-3.365446051454374,20.08055267836477,
E,cdnow,2y-arms,LSTM ar_bounded_16 (ar_encoding),ar_encoding__cdnow__ar_bounded_16__c,11,0.1475184187485131,,7.962325788644394,22.68353099887138,
E,cdnow,2y-arms,LSTM ar_bounded_16 (ar_encoding),ar_encoding__cdnow__ar_bounded_16__c,12,0.147324837593343,,-24.96501564532438,26.34140615886833,
E,cdnow,2y-arms,LSTM ar_bounded_16 (ar_encoding),ar_encoding__cdnow__ar_bounded_16__c,13,0.1474953350861709,,-17.91442354336036,21.896124512670948,
E,cdnow,2y-arms,LSTM ar_bounded_16 (ar_encoding),ar_encoding__cdnow__ar_bounded_16__c,14,0.1473405119476112,,-30.70003540278688,31.17330419684112,
E,cdnow,2y-arms,LSTM ar_bounded_16 (ar_encoding),ar_encoding__cdnow__ar_bounded_16__c,15,0.1471845411140483,,-19.451739677163875,22.383566162713368,
E,cdnow,2y-arms,LSTM ar_bounded_16 (ar_encoding),ar_encoding__cdnow__ar_bounded_16__c,16,0.147350256072704,,-4.862755016259352,17.6341945124766,
E,cdnow,2y-arms,LSTM ar_bounded_16 (ar_encoding),ar_encoding__cdnow__ar_bounded_16__c,17,0.1471482825730908,,-17.263185675130643,21.28866138904124,
E,cdnow,2y-arms,LSTM ar_bounded_16 (ar_encoding),ar_encoding__cdnow__ar_bounded_16__c,18,0.1475104531219174,,15.860424067001023,26.27233622442285,
E,cdnow,2y-arms,LSTM ar_bounded_16 (ar_encoding),ar_encoding__cdnow__ar_bounded_16__c,19,0.1472776642522495,,-14.964297962945407,20.01381387008781,
E,cdnow,2y-arms,LSTM ar_bounded_16 (ar_encoding),ar_encoding__cdnow__ar_bounded_16__c,20,0.147294353055715,,-9.613382989296086,18.212594104573867,
E,cdnow,2y-arms,LSTM ar_bounded_16 (ar_encoding),ar_encoding__cdnow__ar_bounded_16__d,1,0.1475108559296037,,-36.681018574654544,36.72838135786852,
E,cdnow,2y-arms,LSTM ar_bounded_16 (ar_encoding),ar_encoding__cdnow__ar_bounded_16__d,2,0.1473811983435169,,-7.429493450638873,17.77215637807986,
E,cdnow,2y-arms,LSTM ar_bounded_16 (ar_encoding),ar_encoding__cdnow__ar_bounded_16__d,3,0.1475188114873303,,9.99390096338496,25.565482912418723,
E,cdnow,2y-arms,LSTM ar_bounded_16 (ar_encoding),ar_encoding__cdnow__ar_bounded_16__d,4,0.1472855502783129,,-15.289199291061774,20.19088602709044,
E,cdnow,2y-arms,LSTM ar_bounded_16 (ar_encoding),ar_encoding__cdnow__ar_bounded_16__d,5,0.1472397376736307,,3.352350957563349,20.87369962616456,
E,cdnow,2y-arms,LSTM ar_bounded_16 (ar_encoding),ar_encoding__cdnow__ar_bounded_16__d,6,0.147215519891894,,-19.770541263867543,22.51937530488197,
E,cdnow,2y-arms,LSTM ar_bounded_16 (ar_encoding),ar_encoding__cdnow__ar_bounded_16__d,7,0.1474950327125165,,-1.6293498621531737,18.28310018391785,
E,cdnow,2y-arms,LSTM ar_bounded_16 (ar_encoding),ar_encoding__cdnow__ar_bounded_16__d,8,0.1475974368483987,,-5.568173015615487,17.711697171785065,
E,cdnow,2y-arms,LSTM ar_bounded_16 (ar_encoding),ar_encoding__cdnow__ar_bounded_16__d,9,0.1481882060211085,,51.08575610518135,53.83566633208712,
E,cdnow,2y-arms,LSTM ar_bounded_16 (ar_encoding),ar_encoding__cdnow__ar_bounded_16__d,10,0.1474378677679384,,-14.165769035620183,19.73591648870267,
E,cdnow,2y-arms,LSTM ar_bounded_16 (ar_encoding),ar_encoding__cdnow__ar_bounded_16__d,11,0.1471933562536936,,-13.038033150403136,19.35952616237962,
E,cdnow,2y-arms,LSTM ar_bounded_16 (ar_encoding),ar_encoding__cdnow__ar_bounded_16__d,12,0.1475211946911555,,-17.54825919221453,21.21133805060633,
E,cdnow,2y-arms,LSTM ar_bounded_16 (ar_encoding),ar_encoding__cdnow__ar_bounded_16__d,13,0.1476923894646801,,32.10082596540852,38.15572339859946,
E,cdnow,2y-arms,LSTM ar_bounded_16 (ar_encoding),ar_encoding__cdnow__ar_bounded_16__d,14,0.147370138040169,,16.706315777640473,27.70093331109448,
E,cdnow,2y-arms,LSTM ar_bounded_16 (ar_encoding),ar_encoding__cdnow__ar_bounded_16__d,15,0.1472822253654154,,0.9058133456394862,18.516505316984556,
E,cdnow,2y-arms,LSTM ar_bounded_16 (ar_encoding),ar_encoding__cdnow__ar_bounded_16__d,16,0.1472129572864089,,-4.619841491858664,18.02888410454125,
E,cdnow,2y-arms,LSTM ar_bounded_16 (ar_encoding),ar_encoding__cdnow__ar_bounded_16__d,17,0.1470978154481594,,-2.236454384862591,18.683530788455634,
E,cdnow,2y-arms,LSTM ar_bounded_16 (ar_encoding),ar_encoding__cdnow__ar_bounded_16__d,18,0.1473617968855331,,-5.311086539613169,18.21205597333269,
E,cdnow,2y-arms,LSTM ar_bounded_16 (ar_encoding),ar_encoding__cdnow__ar_bounded_16__d,19,0.1474797221914261,,12.315572993990246,25.189630753953168,
E,cdnow,2y-arms,LSTM ar_bounded_16 (ar_encoding),ar_encoding__cdnow__ar_bounded_16__d,20,0.1472926024742177,,-4.045926812716406,18.22748479317569,
E,cdnow,2y-arms,LSTM ar_bounded_16 (ar_encoding),ar_encoding__cdnow__ar_bounded_16__e,1,0.1473348627072121,,-16.689091712934143,20.68299224201201,
E,cdnow,2y-arms,LSTM ar_bounded_16 (ar_encoding),ar_encoding__cdnow__ar_bounded_16__e,2,0.147547801848254,,-23.875851602823875,25.75026868403447,
E,cdnow,2y-arms,LSTM ar_bounded_16 (ar_encoding),ar_encoding__cdnow__ar_bounded_16__e,3,0.1474631380749581,,-11.072837593950196,19.612845184684478,
E,cdnow,2y-arms,LSTM ar_bounded_16 (ar_encoding),ar_encoding__cdnow__ar_bounded_16__e,4,0.147163026559722,,-5.606386172926039,17.821313215312383,
E,cdnow,2y-arms,LSTM ar_bounded_16 (ar_encoding),ar_encoding__cdnow__ar_bounded_16__e,5,0.1472136015302115,,-13.012199001928112,19.15213475921126,
E,cdnow,2y-arms,LSTM ar_bounded_16 (ar_encoding),ar_encoding__cdnow__ar_bounded_16__e,6,0.1471763551001728,,3.680302081449184,19.90599235172902,
E,cdnow,2y-arms,LSTM ar_bounded_16 (ar_encoding),ar_encoding__cdnow__ar_bounded_16__e,7,0.1474052062921826,,-23.90724741974073,25.54485070778797,
E,cdnow,2y-arms,LSTM ar_bounded_16 (ar_encoding),ar_encoding__cdnow__ar_bounded_16__e,8,0.1473155461223456,,-20.84983796988032,23.37011081413181,
E,cdnow,2y-arms,LSTM ar_bounded_16 (ar_encoding),ar_encoding__cdnow__ar_bounded_16__e,9,0.1469999643730898,,-2.71259352839998,18.108719136025577,
E,cdnow,2y-arms,LSTM ar_bounded_16 (ar_encoding),ar_encoding__cdnow__ar_bounded_16__e,10,0.1474045161823563,,-11.182094814227764,18.563867787117758,
E,cdnow,2y-arms,LSTM ar_bounded_16 (ar_encoding),ar_encoding__cdnow__ar_bounded_16__e,11,0.1475384323399467,,-7.316289239150018,18.3266954052646,
E,cdnow,2y-arms,LSTM ar_bounded_16 (ar_encoding),ar_encoding__cdnow__ar_bounded_16__e,12,0.1471397012209067,,8.077144513931225,21.34230386448745,
E,cdnow,2y-arms,LSTM ar_bounded_16 (ar_encoding),ar_encoding__cdnow__ar_bounded_16__e,13,0.1475807423932056,,-30.061355796422053,30.62109753418818,
E,cdnow,2y-arms,LSTM ar_bounded_16 (ar_encoding),ar_encoding__cdnow__ar_bounded_16__e,14,0.1472245105392695,,-19.77000307616055,22.65518445466957,
E,cdnow,2y-arms,LSTM ar_bounded_16 (ar_encoding),ar_encoding__cdnow__ar_bounded_16__e,15,0.1474040953762193,,6.202189377118082,22.846250739815748,
E,cdnow,2y-arms,LSTM ar_bounded_16 (ar_encoding),ar_encoding__cdnow__ar_bounded_16__e,16,0.1471698047788297,,-9.234660331273112,18.41729446853119,
E,cdnow,2y-arms,LSTM ar_bounded_16 (ar_encoding),ar_encoding__cdnow__ar_bounded_16__e,17,0.1473574180062834,,-6.7278429384135805,18.212953000103877,
E,cdnow,2y-arms,LSTM ar_bounded_16 (ar_encoding),ar_encoding__cdnow__ar_bounded_16__e,18,0.1472341675589125,,-3.7800495971427313,17.965554368588972,
E,cdnow,2y-arms,LSTM ar_bounded_16 (ar_encoding),ar_encoding__cdnow__ar_bounded_16__e,19,0.1474301712222781,,-18.874057558810275,22.129529563181777,
E,cdnow,2y-arms,LSTM ar_bounded_16 (ar_encoding),ar_encoding__cdnow__ar_bounded_16__e,20,0.1472641486017282,,-11.432902192204702,18.83153913658417,
E,cdnow,2y-arms,LSTM ar_bounded_32 (ar_encoding),ar_encoding__cdnow__ar_bounded_32__a,1,0.1501978447971788,,50.73412347723308,56.15644114963165,
E,cdnow,2y-arms,LSTM ar_bounded_32 (ar_encoding),ar_encoding__cdnow__ar_bounded_32__a,2,0.1472069154926459,,0.8274137302360972,18.422676810510534,
E,cdnow,2y-arms,LSTM ar_bounded_32 (ar_encoding),ar_encoding__cdnow__ar_bounded_32__a,3,0.1557399401849719,,133.45981424439304,136.55274554586342,
E,cdnow,2y-arms,LSTM ar_bounded_32 (ar_encoding),ar_encoding__cdnow__ar_bounded_32__a,4,0.1475892312795247,,11.785074336047256,23.33512779423492,
E,cdnow,2y-arms,LSTM ar_bounded_32 (ar_encoding),ar_encoding__cdnow__ar_bounded_32__a,5,0.1480800002462583,,-5.389845010647059,19.95317543935997,
E,cdnow,2y-arms,LSTM ar_bounded_32 (ar_encoding),ar_encoding__cdnow__ar_bounded_32__a,6,0.1476959189126267,,22.22317982293601,34.021528936126565,
E,cdnow,2y-arms,LSTM ar_bounded_32 (ar_encoding),ar_encoding__cdnow__ar_bounded_32__a,7,0.147708210426086,,-7.940257636006155,18.74363103824336,
E,cdnow,2y-arms,LSTM ar_bounded_32 (ar_encoding),ar_encoding__cdnow__ar_bounded_32__a,8,0.1475357424943274,,5.418192370507999,22.38051699786733,
E,cdnow,2y-arms,LSTM ar_bounded_32 (ar_encoding),ar_encoding__cdnow__ar_bounded_32__a,9,0.1512167604078108,,61.60459356581485,70.36562655679982,
E,cdnow,2y-arms,LSTM ar_bounded_32 (ar_encoding),ar_encoding__cdnow__ar_bounded_32__a,10,0.1470706650466021,,-7.813956983065668,18.245963401921028,
E,cdnow,2y-arms,LSTM ar_bounded_32 (ar_encoding),ar_encoding__cdnow__ar_bounded_32__a,11,0.1476096432760688,,-26.79870775356925,27.778973352074807,
E,cdnow,2y-arms,LSTM ar_bounded_32 (ar_encoding),ar_encoding__cdnow__ar_bounded_32__a,12,0.1474966690250128,,-15.872442889462382,20.855937936730214,
E,cdnow,2y-arms,LSTM ar_bounded_32 (ar_encoding),ar_encoding__cdnow__ar_bounded_32__a,13,0.1478952790529649,,-1.3566552087678638,18.591316926605856,
E,cdnow,2y-arms,LSTM ar_bounded_32 (ar_encoding),ar_encoding__cdnow__ar_bounded_32__a,14,0.1475458768837231,,8.323825649045952,21.398098662769296,
E,cdnow,2y-arms,LSTM ar_bounded_32 (ar_encoding),ar_encoding__cdnow__ar_bounded_32__a,15,0.1471627732362402,,6.034625720621695,22.069429804944907,
E,cdnow,2y-arms,LSTM ar_bounded_32 (ar_encoding),ar_encoding__cdnow__ar_bounded_32__a,16,0.1532147561691823,,84.88877008476598,94.82777227789956,
E,cdnow,2y-arms,LSTM ar_bounded_32 (ar_encoding),ar_encoding__cdnow__ar_bounded_32__a,17,0.1480143265164196,,29.4587377845024,38.46340189962091,
E,cdnow,2y-arms,LSTM ar_bounded_32 (ar_encoding),ar_encoding__cdnow__ar_bounded_32__a,18,0.1482358084750955,,19.1334776977825,30.97129572374371,
E,cdnow,2y-arms,LSTM ar_bounded_32 (ar_encoding),ar_encoding__cdnow__ar_bounded_32__a,19,0.1477488996665237,,22.195372122953437,32.11320452966032,
E,cdnow,2y-arms,LSTM ar_bounded_32 (ar_encoding),ar_encoding__cdnow__ar_bounded_32__a,20,0.1495890855380555,,60.12953067954281,69.3078583386096,
E,cdnow,2y-arms,LSTM ar_bounded_32 (ar_encoding),ar_encoding__cdnow__ar_bounded_32__b,1,0.1476576439958281,,8.766775101195696,23.44887007328113,
E,cdnow,2y-arms,LSTM ar_bounded_32 (ar_encoding),ar_encoding__cdnow__ar_bounded_32__b,2,0.1528299662274291,,89.51596784920696,97.94653809185272,
E,cdnow,2y-arms,LSTM ar_bounded_32 (ar_encoding),ar_encoding__cdnow__ar_bounded_32__b,3,0.1478617864827866,,42.73143238305296,45.56745664019586,
E,cdnow,2y-arms,LSTM ar_bounded_32 (ar_encoding),ar_encoding__cdnow__ar_bounded_32__b,4,0.1504527494038463,,78.76533993396535,84.53821372000182,
E,cdnow,2y-arms,LSTM ar_bounded_32 (ar_encoding),ar_encoding__cdnow__ar_bounded_32__b,5,0.1479594415471807,,27.599749649424744,35.11141054602931,
E,cdnow,2y-arms,LSTM ar_bounded_32 (ar_encoding),ar_encoding__cdnow__ar_bounded_32__b,6,0.1565998266687786,,116.8098321971228,124.28525347977904,
E,cdnow,2y-arms,LSTM ar_bounded_32 (ar_encoding),ar_encoding__cdnow__ar_bounded_32__b,7,0.1577244926502297,,93.23250869305582,103.33046322215782,
E,cdnow,2y-arms,LSTM ar_bounded_32 (ar_encoding),ar_encoding__cdnow__ar_bounded_32__b,8,0.1472595494681707,,-0.4190879639847639,17.988877028248908,
E,cdnow,2y-arms,LSTM ar_bounded_32 (ar_encoding),ar_encoding__cdnow__ar_bounded_32__b,9,0.1473827147199253,,1.4723724151026172,18.300861249120448,
E,cdnow,2y-arms,LSTM ar_bounded_32 (ar_encoding),ar_encoding__cdnow__ar_bounded_32__b,10,0.154737837172785,,97.16236180183752,101.70739215885894,
E,cdnow,2y-arms,LSTM ar_bounded_32 (ar_encoding),ar_encoding__cdnow__ar_bounded_32__b,11,0.1516553354744939,,77.42231876390863,84.73017641275007,
E,cdnow,2y-arms,LSTM ar_bounded_32 (ar_encoding),ar_encoding__cdnow__ar_bounded_32__b,12,0.1540548261833745,,105.12343105046526,109.46358151899788,
E,cdnow,2y-arms,LSTM ar_bounded_32 (ar_encoding),ar_encoding__cdnow__ar_bounded_32__b,13,0.148233653908207,,44.2115185742464,47.6169722980546,
E,cdnow,2y-arms,LSTM ar_bounded_32 (ar_encoding),ar_encoding__cdnow__ar_bounded_32__b,14,0.1482603386336972,,43.36957375629754,47.1779697208512,
E,cdnow,2y-arms,LSTM ar_bounded_32 (ar_encoding),ar_encoding__cdnow__ar_bounded_32__b,15,0.1539896753046942,,90.22892071939182,97.94689679071728,
E,cdnow,2y-arms,LSTM ar_bounded_32 (ar_encoding),ar_encoding__cdnow__ar_bounded_32__b,16,0.147591958803339,,13.388590685059834,23.80265563902364,
E,cdnow,2y-arms,LSTM ar_bounded_32 (ar_encoding),ar_encoding__cdnow__ar_bounded_32__b,17,0.1496989256673464,,57.277718738981584,66.32149310587566,
E,cdnow,2y-arms,LSTM ar_bounded_32 (ar_encoding),ar_encoding__cdnow__ar_bounded_32__b,18,0.1483955343939009,,54.41639810708824,61.393075275477486,
E,cdnow,2y-arms,LSTM ar_bounded_32 (ar_encoding),ar_encoding__cdnow__ar_bounded_32__b,19,0.152392960414022,,119.08790910081684,121.42267759091877,
E,cdnow,2y-arms,LSTM ar_bounded_32 (ar_encoding),ar_encoding__cdnow__ar_bounded_32__b,20,0.1533627295620053,,106.32059647141784,110.8595269779044,
E,cdnow,2y-arms,LSTM ar_saturating (ar_encoding),ar_encoding__cdnow__ar_saturating__a,1,0.1475273400832159,,-5.400429933133411,18.1058486045636,
E,cdnow,2y-arms,LSTM ar_saturating (ar_encoding),ar_encoding__cdnow__ar_saturating__a,2,0.1474813119762618,,21.06512442899846,30.81180515986806,
E,cdnow,2y-arms,LSTM ar_saturating (ar_encoding),ar_encoding__cdnow__ar_saturating__a,3,0.1473045150028522,,9.29655614481944,22.843021499389028,
E,cdnow,2y-arms,LSTM ar_saturating (ar_encoding),ar_encoding__cdnow__ar_saturating__a,4,0.1472732163253921,,8.273054161976193,23.233584799594272,
E,cdnow,2y-arms,LSTM ar_saturating (ar_encoding),ar_encoding__cdnow__ar_saturating__a,5,0.1477058936628888,,43.87441769653813,47.81736694484351,
E,cdnow,2y-arms,LSTM ar_saturating (ar_encoding),ar_encoding__cdnow__ar_saturating__a,6,0.1473485613323691,,10.724973816708316,25.45981374697056,
E,cdnow,2y-arms,LSTM ar_saturating (ar_encoding),ar_encoding__cdnow__ar_saturating__a,7,0.1475852121701668,,14.939182573569532,27.85665622325384,
E,cdnow,2y-arms,LSTM ar_saturating (ar_encoding),ar_encoding__cdnow__ar_saturating__a,8,0.1477045111984545,,11.682096164171314,24.47147507120758,
E,cdnow,2y-arms,LSTM ar_saturating (ar_encoding),ar_encoding__cdnow__ar_saturating__a,9,0.147546647432073,,19.527449576180143,30.158235028333987,
E,cdnow,2y-arms,LSTM ar_saturating (ar_encoding),ar_encoding__cdnow__ar_saturating__a,10,0.1471163182200379,,-4.3545024268242924,18.1826337437377,
E,cdnow,2y-arms,LSTM ar_saturating (ar_encoding),ar_encoding__cdnow__ar_saturating__a,11,0.1473273995435012,,20.70972440940748,30.601363859477225,
E,cdnow,2y-arms,LSTM ar_saturating (ar_encoding),ar_encoding__cdnow__ar_saturating__a,12,0.1473450345126867,,-0.934875632317454,18.740401999795345,
E,cdnow,2y-arms,LSTM ar_saturating (ar_encoding),ar_encoding__cdnow__ar_saturating__a,13,0.1494241714665269,,4.850556841245436,21.756189721446,
E,cdnow,2y-arms,LSTM ar_saturating (ar_encoding),ar_encoding__cdnow__ar_saturating__a,14,0.1487352386972065,,0.9987447775982567,19.89468984184055,
E,cdnow,2y-arms,LSTM ar_saturating (ar_encoding),ar_encoding__cdnow__ar_saturating__a,15,0.1479616420068671,,33.29673553233018,39.83889531103074,
E,cdnow,2y-arms,LSTM ar_saturating (ar_encoding),ar_encoding__cdnow__ar_saturating__a,16,0.1474536912570586,,-10.001793445490977,19.306422485137887,
E,cdnow,2y-arms,LSTM ar_saturating (ar_encoding),ar_encoding__cdnow__ar_saturating__a,17,0.1507791582460773,,-15.312521818567136,20.443128439020345,
E,cdnow,2y-arms,LSTM ar_saturating (ar_encoding),ar_encoding__cdnow__ar_saturating__a,18,0.147484248026276,,24.69501327565371,33.66917873979862,
E,cdnow,2y-arms,LSTM ar_saturating (ar_encoding),ar_encoding__cdnow__ar_saturating__a,19,0.14768208368551,,38.85970651212202,45.00753540862492,
E,cdnow,2y-arms,LSTM ar_saturating (ar_encoding),ar_encoding__cdnow__ar_saturating__a,20,0.1474763806214881,,26.67814931126494,33.77969188127462,
E,cdnow,2y-arms,LSTM ar_saturating (ar_encoding),ar_encoding__cdnow__ar_saturating__b,1,0.1473158555837558,,14.764622080568886,28.12917143303452,
E,cdnow,2y-arms,LSTM ar_saturating (ar_encoding),ar_encoding__cdnow__ar_saturating__b,2,0.1478742039030603,,39.59185578607211,43.6492649770409,
E,cdnow,2y-arms,LSTM ar_saturating (ar_encoding),ar_encoding__cdnow__ar_saturating__b,3,0.1476093659269781,,12.808396772905558,25.450664115929325,
E,cdnow,2y-arms,LSTM ar_saturating (ar_encoding),ar_encoding__cdnow__ar_saturating__b,4,0.1482439899658799,,50.331719487076434,53.72497376114174,
E,cdnow,2y-arms,LSTM ar_saturating (ar_encoding),ar_encoding__cdnow__ar_saturating__b,5,0.1476541896479904,,12.1444212484792,25.067635780737703,
E,cdnow,2y-arms,LSTM ar_saturating (ar_encoding),ar_encoding__cdnow__ar_saturating__b,6,0.1473035688092538,,20.327951858121907,30.550054176630347,
E,cdnow,2y-arms,LSTM ar_saturating (ar_encoding),ar_encoding__cdnow__ar_saturating__b,7,0.1475166851450399,,19.865626850104277,30.14083283049113,
E,cdnow,2y-arms,LSTM ar_saturating (ar_encoding),ar_encoding__cdnow__ar_saturating__b,8,0.1486161218075326,,15.936132756500948,26.95084357941453,
E,cdnow,2y-arms,LSTM ar_saturating (ar_encoding),ar_encoding__cdnow__ar_saturating__b,9,0.1477496066203261,,29.229100152626597,35.33064273937402,
E,cdnow,2y-arms,LSTM ar_saturating (ar_encoding),ar_encoding__cdnow__ar_saturating__b,10,0.1478457188914388,,8.899713586790305,24.47667774000978,
E,cdnow,2y-arms,LSTM ar_saturating (ar_encoding),ar_encoding__cdnow__ar_saturating__b,11,0.1498857622057852,,16.816290563365406,28.360244323999748,
E,cdnow,2y-arms,LSTM ar_saturating (ar_encoding),ar_encoding__cdnow__ar_saturating__b,12,0.1472511692016122,,-10.134014498444415,18.678686654483908,
E,cdnow,2y-arms,LSTM ar_saturating (ar_encoding),ar_encoding__cdnow__ar_saturating__b,13,0.1477121552389739,,27.625224990213837,34.82508119649331,
E,cdnow,2y-arms,LSTM ar_saturating (ar_encoding),ar_encoding__cdnow__ar_saturating__b,14,0.1475702653198428,,5.370829501555204,23.112486804253045,
E,cdnow,2y-arms,LSTM ar_saturating (ar_encoding),ar_encoding__cdnow__ar_saturating__b,15,0.1476914276885344,,12.365985634076068,26.073914919493657,
E,cdnow,2y-arms,LSTM ar_saturating (ar_encoding),ar_encoding__cdnow__ar_saturating__b,16,0.1477480516317155,,5.478472125679415,22.329566088696566,
E,cdnow,2y-arms,LSTM ar_saturating (ar_encoding),ar_encoding__cdnow__ar_saturating__b,17,0.1474721910264757,,-4.794222578372249,18.40814495889272,
E,cdnow,2y-arms,LSTM ar_saturating (ar_encoding),ar_encoding__cdnow__ar_saturating__b,18,0.1476834045933927,,0.5319346191333476,19.735737568277774,
E,cdnow,2y-arms,LSTM ar_saturating (ar_encoding),ar_encoding__cdnow__ar_saturating__b,19,0.1484967907940044,,-0.3130600064395414,18.465554477111613,
E,cdnow,2y-arms,LSTM ar_saturating (ar_encoding),ar_encoding__cdnow__ar_saturating__b,20,0.1573038446328643,,17.514891288442733,28.181198805037276,
E,cdnow,2y-arms,LSTM ar_saturating (ar_encoding),ar_encoding__cdnow__ar_saturating__c,1,0.1486094588495851,,41.70613630879791,45.98098369969398,
E,cdnow,2y-arms,LSTM ar_saturating (ar_encoding),ar_encoding__cdnow__ar_saturating__c,2,0.1473982848504035,,5.792788571860557,22.835845248929083,
E,cdnow,2y-arms,LSTM ar_saturating (ar_encoding),ar_encoding__cdnow__ar_saturating__c,3,0.147593832747715,,10.676534628055476,24.29332650836509,
E,cdnow,2y-arms,LSTM ar_saturating (ar_encoding),ar_encoding__cdnow__ar_saturating__c,4,0.1475271756864767,,-1.428955215690066,18.66218166163169,
E,cdnow,2y-arms,LSTM ar_saturating (ar_encoding),ar_encoding__cdnow__ar_saturating__c,5,0.1471645620414659,,3.003768132752924,20.459096074711823,
E,cdnow,2y-arms,LSTM ar_saturating (ar_encoding),ar_encoding__cdnow__ar_saturating__c,6,0.1526457052211816,,23.457840627256832,33.50340898895077,
E,cdnow,2y-arms,LSTM ar_saturating (ar_encoding),ar_encoding__cdnow__ar_saturating__c,7,0.1474009326127114,,-5.6083595978930205,18.33028348508132,
E,cdnow,2y-arms,LSTM ar_saturating (ar_encoding),ar_encoding__cdnow__ar_saturating__c,8,0.1476982589774902,,48.632939387161976,51.51883806400222,
E,cdnow,2y-arms,LSTM ar_saturating (ar_encoding),ar_encoding__cdnow__ar_saturating__c,9,0.1474560166302239,,-9.812342415341208,18.25008951566123,
E,cdnow,2y-arms,LSTM ar_saturating (ar_encoding),ar_encoding__cdnow__ar_saturating__c,10,0.1475590489397653,,18.88069680300957,30.23125259634268,
E,cdnow,2y-arms,LSTM ar_saturating (ar_encoding),ar_encoding__cdnow__ar_saturating__c,11,0.1474583377594227,,-0.7778966831709022,18.552565622590564,
E,cdnow,2y-arms,LSTM ar_saturating (ar_encoding),ar_encoding__cdnow__ar_saturating__c,12,0.1490572595625516,,41.24147904486936,51.32866923557444,
E,cdnow,2y-arms,LSTM ar_saturating (ar_encoding),ar_encoding__cdnow__ar_saturating__c,13,0.1474499717657129,,25.842124881599783,34.19411592140385,
E,cdnow,2y-arms,LSTM ar_saturating (ar_encoding),ar_encoding__cdnow__ar_saturating__c,14,0.1475356609213611,,8.125763193832508,23.619842461252183,
E,cdnow,2y-arms,LSTM ar_saturating (ar_encoding),ar_encoding__cdnow__ar_saturating__c,15,0.1471475432126214,,-10.272873473374736,18.37549323393523,
E,cdnow,2y-arms,LSTM ar_saturating (ar_encoding),ar_encoding__cdnow__ar_saturating__c,16,0.1481832407564149,,-3.24147769745712,18.23394330620938,
E,cdnow,2y-arms,LSTM ar_saturating (ar_encoding),ar_encoding__cdnow__ar_saturating__c,17,0.1475231132529346,,-0.0030491845201063,19.03713687633308,
E,cdnow,2y-arms,LSTM ar_saturating (ar_encoding),ar_encoding__cdnow__ar_saturating__c,18,0.147755569142488,,-8.651237250822,18.122712471567503,
E,cdnow,2y-arms,LSTM ar_saturating (ar_encoding),ar_encoding__cdnow__ar_saturating__c,19,0.1475085810544221,,15.620381039701629,27.85575922788597,
E,cdnow,2y-arms,LSTM ar_saturating (ar_encoding),ar_encoding__cdnow__ar_saturating__c,20,0.1476959537581749,,13.34714820336318,26.25780447756629,
E,cdnow,2y-arms,LSTM ar_saturating (ar_encoding),ar_encoding__cdnow__ar_saturating__d,1,0.1472851464125091,,0.325978384829408,19.237710957227936,
E,cdnow,2y-arms,LSTM ar_saturating (ar_encoding),ar_encoding__cdnow__ar_saturating__d,2,0.1475184036439049,,17.459275886698137,30.407965865835298,
E,cdnow,2y-arms,LSTM ar_saturating (ar_encoding),ar_encoding__cdnow__ar_saturating__d,3,0.1472328085047783,,16.98564832666197,28.22712627866088,
E,cdnow,2y-arms,LSTM ar_saturating (ar_encoding),ar_encoding__cdnow__ar_saturating__d,4,0.1473143650728153,,11.398278420918349,24.81126693100944,
E,cdnow,2y-arms,LSTM ar_saturating (ar_encoding),ar_encoding__cdnow__ar_saturating__d,5,0.1487894752509753,,32.349839239718094,39.39110195327879,
E,cdnow,2y-arms,LSTM ar_saturating (ar_encoding),ar_encoding__cdnow__ar_saturating__d,6,0.1474223039119123,,1.2997853659159544,19.978292354490844,
E,cdnow,2y-arms,LSTM ar_saturating (ar_encoding),ar_encoding__cdnow__ar_saturating__d,7,0.1478772915206671,,30.29494155180792,37.55902447634997,
E,cdnow,2y-arms,LSTM ar_saturating (ar_encoding),ar_encoding__cdnow__ar_saturating__d,8,0.1474544858719994,,19.891461042739422,31.880696435018866,
E,cdnow,2y-arms,LSTM ar_saturating (ar_encoding),ar_encoding__cdnow__ar_saturating__d,9,0.1475650968996683,,13.92447143137471,26.23268780358681,
E,cdnow,2y-arms,LSTM ar_saturating (ar_encoding),ar_encoding__cdnow__ar_saturating__d,10,0.147721802590631,,19.35665667489616,29.80516722340105,
E,cdnow,2y-arms,LSTM ar_saturating (ar_encoding),ar_encoding__cdnow__ar_saturating__d,11,0.1473343718520049,,-8.317006928410153,18.733225653045263,
E,cdnow,2y-arms,LSTM ar_saturating (ar_encoding),ar_encoding__cdnow__ar_saturating__d,12,0.147204949809544,,-1.3916390854263812,18.854862037270188,
E,cdnow,2y-arms,LSTM ar_saturating (ar_encoding),ar_encoding__cdnow__ar_saturating__d,13,0.1474872129940891,,13.440258994566197,26.881952199732044,
E,cdnow,2y-arms,LSTM ar_saturating (ar_encoding),ar_encoding__cdnow__ar_saturating__d,14,0.1495986757402379,,19.386617114879712,29.954969896849715,
E,cdnow,2y-arms,LSTM ar_saturating (ar_encoding),ar_encoding__cdnow__ar_saturating__d,15,0.1473865175585045,,8.517223484217679,22.383387439856172,
E,cdnow,2y-arms,LSTM ar_saturating (ar_encoding),ar_encoding__cdnow__ar_saturating__d,16,0.1472078445973435,,12.734661597895874,25.95999312731944,
E,cdnow,2y-arms,LSTM ar_saturating (ar_encoding),ar_encoding__cdnow__ar_saturating__d,17,0.1476854483286188,,5.120381040511647,21.27897411830968,
E,cdnow,2y-arms,LSTM ar_saturating (ar_encoding),ar_encoding__cdnow__ar_saturating__d,18,0.147510260524791,,20.312164300893294,30.997129850740173,
E,cdnow,2y-arms,LSTM ar_saturating (ar_encoding),ar_encoding__cdnow__ar_saturating__d,19,0.1476733010816053,,19.875494015014123,31.539289855229818,
E,cdnow,2y-arms,LSTM ar_saturating (ar_encoding),ar_encoding__cdnow__ar_saturating__d,20,0.1514430877470361,,-0.1736628337772272,19.498385537106973,
E,cdnow,2y-arms,LSTM ar_saturating (ar_encoding),ar_encoding__cdnow__ar_saturating__e,1,0.1475960722898637,,5.532472848890207,21.23789045462471,
E,cdnow,2y-arms,LSTM ar_saturating (ar_encoding),ar_encoding__cdnow__ar_saturating__e,2,0.1472520352608267,,4.90617218068465,21.242016779140556,
E,cdnow,2y-arms,LSTM ar_saturating (ar_encoding),ar_encoding__cdnow__ar_saturating__e,3,0.1477706286274142,,40.34571288287864,45.74040228519007,
E,cdnow,2y-arms,LSTM ar_saturating (ar_encoding),ar_encoding__cdnow__ar_saturating__e,4,0.1472515879116875,,4.632042251067162,20.333154178404957,
E,cdnow,2y-arms,LSTM ar_saturating (ar_encoding),ar_encoding__cdnow__ar_saturating__e,5,0.1476199599923554,,-9.731251667394025,18.176533761674857,
E,cdnow,2y-arms,LSTM ar_saturating (ar_encoding),ar_encoding__cdnow__ar_saturating__e,6,0.1474705678932065,,17.278077436983985,28.020811267497884,
E,cdnow,2y-arms,LSTM ar_saturating (ar_encoding),ar_encoding__cdnow__ar_saturating__e,7,0.1473518691686832,,8.881055559678279,22.64352379776778,
E,cdnow,2y-arms,LSTM ar_saturating (ar_encoding),ar_encoding__cdnow__ar_saturating__e,8,0.1475561312178615,,15.169358470445085,26.519914274655317,
E,cdnow,2y-arms,LSTM ar_saturating (ar_encoding),ar_encoding__cdnow__ar_saturating__e,9,0.14747552933261,,23.612846071837897,33.07104450206907,
E,cdnow,2y-arms,LSTM ar_saturating (ar_encoding),ar_encoding__cdnow__ar_saturating__e,10,0.1486777404296206,,13.627377803265984,26.02996083439616,
E,cdnow,2y-arms,LSTM ar_saturating (ar_encoding),ar_encoding__cdnow__ar_saturating__e,11,0.1475458348396847,,3.694475011246437,21.57857938683657,
E,cdnow,2y-arms,LSTM ar_saturating (ar_encoding),ar_encoding__cdnow__ar_saturating__e,12,0.1475040711031773,,-8.442948811684522,18.0712234991752,
E,cdnow,2y-arms,LSTM ar_saturating (ar_encoding),ar_encoding__cdnow__ar_saturating__e,13,0.148061375332742,,18.16612918191039,29.203803703891648,
E,cdnow,2y-arms,LSTM ar_saturating (ar_encoding),ar_encoding__cdnow__ar_saturating__e,14,0.1474746595329697,,-0.6020804065148335,19.227484919870648,
E,cdnow,2y-arms,LSTM ar_saturating (ar_encoding),ar_encoding__cdnow__ar_saturating__e,15,0.1475067758311486,,12.923036198972838,25.892895919123447,
E,cdnow,2y-arms,LSTM ar_saturating (ar_encoding),ar_encoding__cdnow__ar_saturating__e,16,0.1478215995325502,,41.58162969877328,46.75134601782249,
E,cdnow,2y-arms,LSTM ar_saturating (ar_encoding),ar_encoding__cdnow__ar_saturating__e,17,0.1475087273811486,,25.65697953809229,35.10800180427903,
E,cdnow,2y-arms,LSTM ar_saturating (ar_encoding),ar_encoding__cdnow__ar_saturating__e,18,0.1474113123384714,,18.70147182422703,29.371008640897045,
E,cdnow,2y-arms,LSTM ar_saturating (ar_encoding),ar_encoding__cdnow__ar_saturating__e,19,0.1475169206161281,,4.614460621950436,21.498206230126065,
E,cdnow,2y-arms,LSTM ar_saturating (ar_encoding),ar_encoding__cdnow__ar_saturating__e,20,0.147550007195879,,32.196269168862344,40.712953428111256,
E,cdnow,2y-arms,LSTM ar_log (ar_encoding),ar_encoding__cdnow__ar_log__a,1,0.1486130420630209,,17.477036814909102,29.10100497760027,
E,cdnow,2y-arms,LSTM ar_log (ar_encoding),ar_encoding__cdnow__ar_log__a,2,0.147917503588982,,14.284356489709396,27.666128700723384,
E,cdnow,2y-arms,LSTM ar_log (ar_encoding),ar_encoding__cdnow__ar_log__a,3,0.1539460971325683,,41.67276708480869,46.88410524409706,
E,cdnow,2y-arms,LSTM ar_log (ar_encoding),ar_encoding__cdnow__ar_log__a,4,0.1495567109372501,,21.30498804607648,32.84786541219921,
E,cdnow,2y-arms,LSTM ar_log (ar_encoding),ar_encoding__cdnow__ar_log__a,5,0.1492418483971171,,30.64998268664577,39.472730816853215,
E,cdnow,2y-arms,LSTM ar_log (ar_encoding),ar_encoding__cdnow__ar_log__a,6,0.1478481450795499,,18.42088326215303,29.78005051067494,
E,cdnow,2y-arms,LSTM ar_log (ar_encoding),ar_encoding__cdnow__ar_log__a,7,0.1478942771107577,,8.795658973485745,25.550592269906844,
E,cdnow,2y-arms,LSTM ar_log (ar_encoding),ar_encoding__cdnow__ar_log__a,8,0.1485561048362157,,26.729458796544115,35.86185895171181,
E,cdnow,2y-arms,LSTM ar_log (ar_encoding),ar_encoding__cdnow__ar_log__a,9,0.1484251333037234,,19.756907663700066,31.739325738041806,
E,cdnow,2y-arms,LSTM ar_log (ar_encoding),ar_encoding__cdnow__ar_log__a,10,0.1480383038427289,,12.26157217927626,28.13598878415496,
E,cdnow,2y-arms,LSTM ar_log (ar_encoding),ar_encoding__cdnow__ar_log__a,11,0.1480753099917109,,14.961966838481144,30.010046873821107,
E,cdnow,2y-arms,LSTM ar_log (ar_encoding),ar_encoding__cdnow__ar_log__a,12,0.1488364169690278,,11.87082941403795,27.602798969633238,
E,cdnow,2y-arms,LSTM ar_log (ar_encoding),ar_encoding__cdnow__ar_log__a,13,0.1488212140019335,,23.466810837475258,33.43918227088869,
E,cdnow,2y-arms,LSTM ar_log (ar_encoding),ar_encoding__cdnow__ar_log__a,14,0.1491329069077823,,26.712774209762383,35.91765366295158,
E,cdnow,2y-arms,LSTM ar_log (ar_encoding),ar_encoding__cdnow__ar_log__a,15,0.1488577655129387,,30.534984453569244,37.97452490447456,
E,cdnow,2y-arms,LSTM ar_log (ar_encoding),ar_encoding__cdnow__ar_log__a,16,0.1487240134347316,,13.945641075396274,28.087370174077808,
E,cdnow,2y-arms,LSTM ar_log (ar_encoding),ar_encoding__cdnow__ar_log__a,17,0.1482865107279707,,21.62486603982301,33.67151093122372,
E,cdnow,2y-arms,LSTM ar_log (ar_encoding),ar_encoding__cdnow__ar_log__a,18,0.147957014671328,,22.072838759175085,32.40868343073931,
E,cdnow,2y-arms,LSTM ar_log (ar_encoding),ar_encoding__cdnow__ar_log__a,19,0.1479069689925231,,8.030499301076865,25.49013297120661,
E,cdnow,2y-arms,LSTM ar_log (ar_encoding),ar_encoding__cdnow__ar_log__a,20,0.1494563087437702,,56.163976283491344,60.5705064112888,
E,cdnow,2y-arms,LSTM ar_log (ar_encoding),ar_encoding__cdnow__ar_log__b,1,0.1485696599238679,,21.3742380777817,33.483315643777246,
E,cdnow,2y-arms,LSTM ar_log (ar_encoding),ar_encoding__cdnow__ar_log__b,2,0.1486885082497532,,8.910657240572085,25.889128352369035,
E,cdnow,2y-arms,LSTM ar_log (ar_encoding),ar_encoding__cdnow__ar_log__b,3,0.1481818033776566,,13.115537025593822,28.063868199383883,
E,cdnow,2y-arms,LSTM ar_log (ar_encoding),ar_encoding__cdnow__ar_log__b,4,0.1492984052860261,,32.665232045774474,40.698601002028,
E,cdnow,2y-arms,LSTM ar_log (ar_encoding),ar_encoding__cdnow__ar_log__b,5,0.1478053693746275,,0.0385724789281531,21.19644789350499,
E,cdnow,2y-arms,LSTM ar_log (ar_encoding),ar_encoding__cdnow__ar_log__b,6,0.1478330251048404,,8.942591200334062,27.227126217579556,
E,cdnow,2y-arms,LSTM ar_log (ar_encoding),ar_encoding__cdnow__ar_log__b,7,0.1487719681184987,,22.67904615421169,34.68837486858208,
E,cdnow,2y-arms,LSTM ar_log (ar_encoding),ar_encoding__cdnow__ar_log__b,8,0.1495866207885053,,20.595981886026934,31.69321875304457,
E,cdnow,2y-arms,LSTM ar_log (ar_encoding),ar_encoding__cdnow__ar_log__b,9,0.1510027998530187,,26.323466629528745,36.186042547439484,
E,cdnow,2y-arms,LSTM ar_log (ar_encoding),ar_encoding__cdnow__ar_log__b,10,0.1497139673960245,,60.75636958004155,63.24650227190953,
E,cdnow,2y-arms,LSTM ar_log (ar_encoding),ar_encoding__cdnow__ar_log__b,11,0.1495014964074995,,18.541263521145687,30.63240065522576,
E,cdnow,2y-arms,LSTM ar_log (ar_encoding),ar_encoding__cdnow__ar_log__b,12,0.1478170429186981,,6.122892553490999,22.867779192801432,
E,cdnow,2y-arms,LSTM ar_log (ar_encoding),ar_encoding__cdnow__ar_log__b,13,0.1489826779468261,,28.96716959042168,37.818981259555,
E,cdnow,2y-arms,LSTM ar_log (ar_encoding),ar_encoding__cdnow__ar_log__b,14,0.1482795070268029,,7.561895051876843,24.303911237619552,
E,cdnow,2y-arms,LSTM ar_log (ar_encoding),ar_encoding__cdnow__ar_log__b,15,0.1526567287496611,,104.85629792978328,111.49246560345004,
E,cdnow,2y-arms,LSTM ar_log (ar_encoding),ar_encoding__cdnow__ar_log__b,16,0.1490317022701825,,1.625224743519616,22.92805893273485,
E,cdnow,2y-arms,LSTM ar_log (ar_encoding),ar_encoding__cdnow__ar_log__b,17,0.1481459249624568,,12.92644475616286,26.47972757528577,
E,cdnow,2y-arms,LSTM ar_log (ar_encoding),ar_encoding__cdnow__ar_log__b,18,0.1485863380280333,,12.811984776858084,27.99067121238194,
E,cdnow,2y-arms,LSTM ar_log (ar_encoding),ar_encoding__cdnow__ar_log__b,19,0.1486804300734132,,22.414065888993623,33.53354891985695,
E,cdnow,2y-arms,LSTM ar_log (ar_encoding),ar_encoding__cdnow__ar_log__b,20,0.1475840450224956,,-9.753856692484211,20.863293750342923,
E,cdnow,2y-arms,LSTM ar_log (ar_encoding),ar_encoding__cdnow__ar_log__c,1,0.1483366750583936,,26.145856365771007,36.01489085215369,
E,cdnow,2y-arms,LSTM ar_log (ar_encoding),ar_encoding__cdnow__ar_log__c,2,0.1500983747780586,,44.52709076699046,49.072838674521975,
E,cdnow,2y-arms,LSTM ar_log (ar_encoding),ar_encoding__cdnow__ar_log__c,3,0.1481484618323504,,15.06512434103008,28.72497335397633,
E,cdnow,2y-arms,LSTM ar_log (ar_encoding),ar_encoding__cdnow__ar_log__c,4,0.1478157798301525,,8.424291938249587,24.928417866292687,
E,cdnow,2y-arms,LSTM ar_log (ar_encoding),ar_encoding__cdnow__ar_log__c,5,0.1494544743488632,,12.604952114533964,27.20129193236352,
E,cdnow,2y-arms,LSTM ar_log (ar_encoding),ar_encoding__cdnow__ar_log__c,6,0.1479665010444454,,11.759778116634203,26.364729324038933,
E,cdnow,2y-arms,LSTM ar_log (ar_encoding),ar_encoding__cdnow__ar_log__c,7,0.1482804089276433,,4.801220510082783,23.34302136462996,
E,cdnow,2y-arms,LSTM ar_log (ar_encoding),ar_encoding__cdnow__ar_log__c,8,0.1483030495977614,,7.748116783931073,24.862576463255746,
E,cdnow,2y-arms,LSTM ar_log (ar_encoding),ar_encoding__cdnow__ar_log__c,9,0.1486926765149964,,30.91352767846372,37.909939337724296,
E,cdnow,2y-arms,LSTM ar_log (ar_encoding),ar_encoding__cdnow__ar_log__c,10,0.147545274867285,,-3.324183164188484,19.904377437582635,
E,cdnow,2y-arms,LSTM ar_log (ar_encoding),ar_encoding__cdnow__ar_log__c,11,0.1491687790966997,,10.002691634861495,27.00448531589287,
E,cdnow,2y-arms,LSTM ar_log (ar_encoding),ar_encoding__cdnow__ar_log__c,12,0.1487355039505212,,29.59867308589964,37.49174778680523,
E,cdnow,2y-arms,LSTM ar_log (ar_encoding),ar_encoding__cdnow__ar_log__c,13,0.1526550965232035,,38.85755360056822,46.06494474917975,
E,cdnow,2y-arms,LSTM ar_log (ar_encoding),ar_encoding__cdnow__ar_log__c,14,0.1488228807398639,,24.445102937906515,34.7145679665968,
E,cdnow,2y-arms,LSTM ar_log (ar_encoding),ar_encoding__cdnow__ar_log__c,15,0.1478995476611439,,17.2694659218958,30.585217331230357,
E,cdnow,2y-arms,LSTM ar_log (ar_encoding),ar_encoding__cdnow__ar_log__c,16,0.1478974133973056,,17.289021069011515,29.941335047090945,
E,cdnow,2y-arms,LSTM ar_log (ar_encoding),ar_encoding__cdnow__ar_log__c,17,0.1482784223420584,,15.348583286822612,28.873878998673884,
E,cdnow,2y-arms,LSTM ar_log (ar_encoding),ar_encoding__cdnow__ar_log__c,18,0.1500332529862746,,35.52063202402235,43.5475424067413,
E,cdnow,2y-arms,LSTM ar_log (ar_encoding),ar_encoding__cdnow__ar_log__c,19,0.1481560188995694,,11.756907609332478,27.215464883990208,
E,cdnow,2y-arms,LSTM ar_log (ar_encoding),ar_encoding__cdnow__ar_log__c,20,0.1501625009482152,,16.185863519441316,30.0983138271408,
E,cdnow,2y-arms,LSTM ar_log (ar_encoding),ar_encoding__cdnow__ar_log__d,1,0.1492362977110478,,40.57265940619546,45.76856876879858,
E,cdnow,2y-arms,LSTM ar_log (ar_encoding),ar_encoding__cdnow__ar_log__d,2,0.1483472159044594,,18.00322990222414,32.253678073526125,
E,cdnow,2y-arms,LSTM ar_log (ar_encoding),ar_encoding__cdnow__ar_log__d,3,0.1481536149154836,,15.029961111317755,28.7759241562054,
E,cdnow,2y-arms,LSTM ar_log (ar_encoding),ar_encoding__cdnow__ar_log__d,4,0.1489636225324959,,39.47093713904789,47.67976352968529,
E,cdnow,2y-arms,LSTM ar_log (ar_encoding),ar_encoding__cdnow__ar_log__d,5,0.1491888885153495,,31.65572362604067,40.00197374713041,
E,cdnow,2y-arms,LSTM ar_log (ar_encoding),ar_encoding__cdnow__ar_log__d,6,0.1482512015666449,,13.797453001083404,28.396304518704184,
E,cdnow,2y-arms,LSTM ar_log (ar_encoding),ar_encoding__cdnow__ar_log__d,7,0.1503756833612282,,35.50735616164765,42.30498778611217,
E,cdnow,2y-arms,LSTM ar_log (ar_encoding),ar_encoding__cdnow__ar_log__d,8,0.1504920333733332,,41.183172460781776,46.42178009156903,
E,cdnow,2y-arms,LSTM ar_log (ar_encoding),ar_encoding__cdnow__ar_log__d,9,0.1477984432089172,,16.554898327513246,30.134732949881304,
E,cdnow,2y-arms,LSTM ar_log (ar_encoding),ar_encoding__cdnow__ar_log__d,10,0.1478066594029197,,-2.684427159276978,20.9973089430788,
E,cdnow,2y-arms,LSTM ar_log (ar_encoding),ar_encoding__cdnow__ar_log__d,11,0.1485754814102493,,17.142088819807444,31.25618967727384,
E,cdnow,2y-arms,LSTM ar_log (ar_encoding),ar_encoding__cdnow__ar_log__d,12,0.1484549310539569,,21.837998379600325,33.40312186049636,
E,cdnow,2y-arms,LSTM ar_log (ar_encoding),ar_encoding__cdnow__ar_log__d,13,0.1477260094718877,,7.008073780940299,24.422856349201293,
E,cdnow,2y-arms,LSTM ar_log (ar_encoding),ar_encoding__cdnow__ar_log__d,14,0.1476905281142028,,-1.5877282208852286,21.52852534258335,
E,cdnow,2y-arms,LSTM ar_log (ar_encoding),ar_encoding__cdnow__ar_log__d,15,0.1496485349170698,,35.78973878784039,42.29494119040464,
E,cdnow,2y-arms,LSTM ar_log (ar_encoding),ar_encoding__cdnow__ar_log__d,16,0.1515305254871222,,39.20541854148713,46.1056694634754,
E,cdnow,2y-arms,LSTM ar_log (ar_encoding),ar_encoding__cdnow__ar_log__d,17,0.1504013260997159,,57.07570923180535,60.1374242536471,
E,cdnow,2y-arms,LSTM ar_log (ar_encoding),ar_encoding__cdnow__ar_log__d,18,0.1481305665785712,,4.012200037098667,23.1829926295635,
E,cdnow,2y-arms,LSTM ar_log (ar_encoding),ar_encoding__cdnow__ar_log__d,19,0.1489364111853087,,24.228741184320096,35.87674950510143,
E,cdnow,2y-arms,LSTM ar_log (ar_encoding),ar_encoding__cdnow__ar_log__d,20,0.1486761484134733,,28.942770623943822,37.32705447653387,
E,cdnow,2y-arms,LSTM ar_log (ar_encoding),ar_encoding__cdnow__ar_log__e,1,0.1482019768249742,,16.70810974068214,30.6019019780869,
E,cdnow,2y-arms,LSTM ar_log (ar_encoding),ar_encoding__cdnow__ar_log__e,2,0.1477988356009306,,11.129530548595245,26.406530596529397,
E,cdnow,2y-arms,LSTM ar_log (ar_encoding),ar_encoding__cdnow__ar_log__e,3,0.1478434340357873,,5.037496037018336,22.984033213468194,
E,cdnow,2y-arms,LSTM ar_log (ar_encoding),ar_encoding__cdnow__ar_log__e,4,0.1484946567020892,,10.4865452223302,27.185863171166773,
E,cdnow,2y-arms,LSTM ar_log (ar_encoding),ar_encoding__cdnow__ar_log__e,5,0.1485808826747293,,16.140294768165823,29.099390289918656,
E,cdnow,2y-arms,LSTM ar_log (ar_encoding),ar_encoding__cdnow__ar_log__e,6,0.1475647577066025,,7.451382032380037,24.958737248322247,
E,cdnow,2y-arms,LSTM ar_log (ar_encoding),ar_encoding__cdnow__ar_log__e,7,0.1479842069743721,,8.737890785349487,25.20685349104864,
E,cdnow,2y-arms,LSTM ar_log (ar_encoding),ar_encoding__cdnow__ar_log__e,8,0.1484646471664775,,26.95873767055824,38.55220701515904,
E,cdnow,2y-arms,LSTM ar_log (ar_encoding),ar_encoding__cdnow__ar_log__e,9,0.1477314208234883,,2.260675106826163,22.16379633236003,
E,cdnow,2y-arms,LSTM ar_log (ar_encoding),ar_encoding__cdnow__ar_log__e,10,0.1482748151549161,,30.96447859958929,37.77323321226796,
E,cdnow,2y-arms,LSTM ar_log (ar_encoding),ar_encoding__cdnow__ar_log__e,11,0.1474359384437483,,-2.5877281619171715,19.12665960533831,
E,cdnow,2y-arms,LSTM ar_log (ar_encoding),ar_encoding__cdnow__ar_log__e,12,0.1493598877445363,,16.134015680215573,30.766595162770063,
E,cdnow,2y-arms,LSTM ar_log (ar_encoding),ar_encoding__cdnow__ar_log__e,13,0.1481946367994719,,22.87226464166792,33.386796098819005,
E,cdnow,2y-arms,LSTM ar_log (ar_encoding),ar_encoding__cdnow__ar_log__e,14,0.1483645891922371,,24.04574878637622,32.76336598137355,
E,cdnow,2y-arms,LSTM ar_log (ar_encoding),ar_encoding__cdnow__ar_log__e,15,0.1516457907144751,,36.56153636641171,43.10836064375123,
E,cdnow,2y-arms,LSTM ar_log (ar_encoding),ar_encoding__cdnow__ar_log__e,16,0.1487131126445633,,12.177072686070035,27.153032157064864,
E,cdnow,2y-arms,LSTM ar_log (ar_encoding),ar_encoding__cdnow__ar_log__e,17,0.1475471746263871,,5.679584341349263,22.94259085147005,
E,cdnow,2y-arms,LSTM ar_log (ar_encoding),ar_encoding__cdnow__ar_log__e,18,0.1488030011536698,,25.72820293306061,35.20362426339377,
E,cdnow,2y-arms,LSTM ar_log (ar_encoding),ar_encoding__cdnow__ar_log__e,19,0.1480234291639193,,27.077682768104975,36.29978506254941,
E,cdnow,2y-arms,LSTM ar_log (ar_encoding),ar_encoding__cdnow__ar_log__e,20,0.1483286140969162,,28.154288412099834,37.43380012812215,
E,cdnow,2y-arms,LSTM ar_ratio (ar_encoding),ar_encoding__cdnow__ar_ratio__a,1,0.1493391862792801,,25.53319053579547,34.86975280613618,
E,cdnow,2y-arms,LSTM ar_ratio (ar_encoding),ar_encoding__cdnow__ar_ratio__a,2,0.1478846955179774,,25.72874126728299,35.80516721372592,
E,cdnow,2y-arms,LSTM ar_ratio (ar_encoding),ar_encoding__cdnow__ar_ratio__a,3,0.1487787151384738,,34.32292858508603,39.826337027286286,
E,cdnow,2y-arms,LSTM ar_ratio (ar_encoding),ar_encoding__cdnow__ar_ratio__a,4,0.1490302251522631,,8.762110446041412,23.790097199490678,
E,cdnow,2y-arms,LSTM ar_ratio (ar_encoding),ar_encoding__cdnow__ar_ratio__a,5,0.155891143992319,,42.92195975112321,49.32023723044837,
E,cdnow,2y-arms,LSTM ar_ratio (ar_encoding),ar_encoding__cdnow__ar_ratio__a,6,0.1478358937509879,,35.68227561789718,41.471654611020135,
E,cdnow,2y-arms,LSTM ar_ratio (ar_encoding),ar_encoding__cdnow__ar_ratio__a,7,0.1474669422064976,,20.65554431620063,30.51955546259948,
E,cdnow,2y-arms,LSTM ar_ratio (ar_encoding),ar_encoding__cdnow__ar_ratio__a,8,0.1473938018768695,,18.965913829959096,29.663078928996875,
E,cdnow,2y-arms,LSTM ar_ratio (ar_encoding),ar_encoding__cdnow__ar_ratio__a,9,0.1476611876808032,,8.715465345817936,24.121277681997988,
E,cdnow,2y-arms,LSTM ar_ratio (ar_encoding),ar_encoding__cdnow__ar_ratio__a,10,0.1533070582844083,,53.75080803883903,56.304449860364464,
E,cdnow,2y-arms,LSTM ar_ratio (ar_encoding),ar_encoding__cdnow__ar_ratio__a,11,0.1573351529051548,,50.87423820526763,56.08629395020374,
E,cdnow,2y-arms,LSTM ar_ratio (ar_encoding),ar_encoding__cdnow__ar_ratio__a,12,0.1509455780960281,,22.767492577677192,32.7082888200424,
E,cdnow,2y-arms,LSTM ar_ratio (ar_encoding),ar_encoding__cdnow__ar_ratio__a,13,0.1508076563592468,,50.05256627063268,52.97721632537247,
E,cdnow,2y-arms,LSTM ar_ratio (ar_encoding),ar_encoding__cdnow__ar_ratio__a,14,0.1493528131585644,,58.99533624788376,61.01686470423584,
E,cdnow,2y-arms,LSTM ar_ratio (ar_encoding),ar_encoding__cdnow__ar_ratio__a,15,0.1525613652371044,,6.161823335145796,23.86975270809768,
E,cdnow,2y-arms,LSTM ar_ratio (ar_encoding),ar_encoding__cdnow__ar_ratio__a,16,0.1478526118160552,,20.27969214257226,30.20936527171155,
E,cdnow,2y-arms,LSTM ar_ratio (ar_encoding),ar_encoding__cdnow__ar_ratio__a,17,0.1479617581295406,,21.40132827336917,31.240222810925985,
E,cdnow,2y-arms,LSTM ar_ratio (ar_encoding),ar_encoding__cdnow__ar_ratio__a,18,0.1497765146335771,,22.5812708315629,34.9006102275779,
E,cdnow,2y-arms,LSTM ar_ratio (ar_encoding),ar_encoding__cdnow__ar_ratio__a,19,0.1480254484533607,,8.429494795045615,23.825619260272244,
E,cdnow,2y-arms,LSTM ar_ratio (ar_encoding),ar_encoding__cdnow__ar_ratio__a,20,0.1493141827535184,,49.27413063878203,52.14711218724975,
E,cdnow,2y-arms,LSTM ar_ratio (ar_encoding),ar_encoding__cdnow__ar_ratio__c,1,0.148491852217462,,19.968066727707463,30.768568711069616,
E,cdnow,2y-arms,LSTM ar_ratio (ar_encoding),ar_encoding__cdnow__ar_ratio__c,2,0.1479893536093609,,42.01255904245456,46.13168334257082,
E,cdnow,2y-arms,LSTM ar_ratio (ar_encoding),ar_encoding__cdnow__ar_ratio__c,3,0.1538765943533894,,59.32831066639029,62.81413762888844,
E,cdnow,2y-arms,LSTM ar_ratio (ar_encoding),ar_encoding__cdnow__ar_ratio__c,4,0.1473941927816485,,1.8796203401344715,20.48672436379634,
E,cdnow,2y-arms,LSTM ar_ratio (ar_encoding),ar_encoding__cdnow__ar_ratio__c,5,0.1480640782164168,,15.001077106973383,27.729817364486166,
E,cdnow,2y-arms,LSTM ar_ratio (ar_encoding),ar_encoding__cdnow__ar_ratio__c,6,0.1477843111613345,,15.023861478350502,27.80427017742397,
E,cdnow,2y-arms,LSTM ar_ratio (ar_encoding),ar_encoding__cdnow__ar_ratio__c,7,0.1478298450934866,,40.538752112894514,44.48313657189364,
E,cdnow,2y-arms,LSTM ar_ratio (ar_encoding),ar_encoding__cdnow__ar_ratio__c,8,0.1473884336670745,,14.138500870855085,26.95837852946584,
E,cdnow,2y-arms,LSTM ar_ratio (ar_encoding),ar_encoding__cdnow__ar_ratio__c,9,0.1470667060138446,,12.330463611163935,26.169358097759662,
E,cdnow,2y-arms,LSTM ar_ratio (ar_encoding),ar_encoding__cdnow__ar_ratio__c,10,0.1495556545591715,,28.273951140331636,37.63060671141004,
E,cdnow,2y-arms,LSTM ar_ratio (ar_encoding),ar_encoding__cdnow__ar_ratio__c,11,0.1475005614591377,,9.743631840658455,25.81108751715801,
E,cdnow,2y-arms,LSTM ar_ratio (ar_encoding),ar_encoding__cdnow__ar_ratio__c,12,0.1532404574607078,,20.103696480657067,30.861500244255836,
E,cdnow,2y-arms,LSTM ar_ratio (ar_encoding),ar_encoding__cdnow__ar_ratio__c,13,0.1495647297186187,,38.40132833062997,43.33028395781023,
E,cdnow,2y-arms,LSTM ar_ratio (ar_encoding),ar_encoding__cdnow__ar_ratio__c,14,0.1488143751144605,,25.325440228550796,33.778256573689255,
E,cdnow,2y-arms,LSTM ar_ratio (ar_encoding),ar_encoding__cdnow__ar_ratio__c,15,0.1476732935365397,,31.10584930586453,37.15464698862028,
E,cdnow,2y-arms,LSTM ar_ratio (ar_encoding),ar_encoding__cdnow__ar_ratio__c,16,0.1472095161365624,,11.02583485528169,27.075350118863152,
E,cdnow,2y-arms,LSTM ar_ratio (ar_encoding),ar_encoding__cdnow__ar_ratio__c,17,0.1504037341658063,,27.446179404810664,36.19465411327924,
E,cdnow,2y-arms,LSTM ar_ratio (ar_encoding),ar_encoding__cdnow__ar_ratio__c,18,0.1479949841741273,,32.48582776539144,38.96878404195437,
E,cdnow,2y-arms,LSTM ar_ratio (ar_encoding),ar_encoding__cdnow__ar_ratio__c,19,0.1602915386073475,,57.671870094316986,61.24416992158015,
E,cdnow,2y-arms,LSTM ar_ratio (ar_encoding),ar_encoding__cdnow__ar_ratio__c,20,0.1476238987324183,,13.573018309411635,27.13527126932984,
E,cdnow,2y-arms,LSTM ar_ratio (ar_encoding),ar_encoding__cdnow__ar_ratio__d,1,0.1480636890858052,,-7.290455061752866,18.25852171937455,
E,cdnow,2y-arms,LSTM ar_ratio (ar_encoding),ar_encoding__cdnow__ar_ratio__d,2,0.1480608382461098,,20.20236884919973,31.14065341278008,
E,cdnow,2y-arms,LSTM ar_ratio (ar_encoding),ar_encoding__cdnow__ar_ratio__d,3,0.1479252997290272,,33.18317260328015,38.949587838238045,
E,cdnow,2y-arms,LSTM ar_ratio (ar_encoding),ar_encoding__cdnow__ar_ratio__d,4,0.147928366998808,,27.239684977712045,34.91639794252484,
E,cdnow,2y-arms,LSTM ar_ratio (ar_encoding),ar_encoding__cdnow__ar_ratio__d,5,0.1477460507578983,,21.597596686769503,31.21474741407208,
E,cdnow,2y-arms,LSTM ar_ratio (ar_encoding),ar_encoding__cdnow__ar_ratio__d,6,0.1486487138185846,,9.079297380201094,23.648367721419,
E,cdnow,2y-arms,LSTM ar_ratio (ar_encoding),ar_encoding__cdnow__ar_ratio__d,7,0.147569951766049,,8.501435924858754,23.784176861682848,
E,cdnow,2y-arms,LSTM ar_ratio (ar_encoding),ar_encoding__cdnow__ar_ratio__d,8,0.1487599342033231,,30.68622247317447,37.125762933399024,
E,cdnow,2y-arms,LSTM ar_ratio (ar_encoding),ar_encoding__cdnow__ar_ratio__d,9,0.1475588686037523,,10.991748107373674,25.905633636648027,
E,cdnow,2y-arms,LSTM ar_ratio (ar_encoding),ar_encoding__cdnow__ar_ratio__d,10,0.1479414970162957,,10.303732317339016,24.416756667763163,
E,cdnow,2y-arms,LSTM ar_ratio (ar_encoding),ar_encoding__cdnow__ar_ratio__d,11,0.1487585527789314,,19.298170754020337,30.438105823257608,
E,cdnow,2y-arms,LSTM ar_ratio (ar_encoding),ar_encoding__cdnow__ar_ratio__d,12,0.1474718343325687,,5.958199459634344,22.374417252219068,
E,cdnow,2y-arms,LSTM ar_ratio (ar_encoding),ar_encoding__cdnow__ar_ratio__d,13,0.1478739857897331,,34.66612918177606,40.775206744188665,
E,cdnow,2y-arms,LSTM ar_ratio (ar_encoding),ar_encoding__cdnow__ar_ratio__d,14,0.1473021661513372,,11.2739511482584,25.649623528540943,
E,cdnow,2y-arms,LSTM ar_ratio (ar_encoding),ar_encoding__cdnow__ar_ratio__d,15,0.1474049529741914,,23.960711170425007,33.80175848818305,
E,cdnow,2y-arms,LSTM ar_ratio (ar_encoding),ar_encoding__cdnow__ar_ratio__d,16,0.1475999520004022,,13.127736643430916,28.160029035678136,
E,cdnow,2y-arms,LSTM ar_ratio (ar_encoding),ar_encoding__cdnow__ar_ratio__d,17,0.1477578209247126,,10.743093563507404,26.02511691393188,
E,cdnow,2y-arms,LSTM ar_ratio (ar_encoding),ar_encoding__cdnow__ar_ratio__d,18,0.1478607096341013,,28.839613196206457,35.55148949107783,
E,cdnow,2y-arms,LSTM ar_ratio (ar_encoding),ar_encoding__cdnow__ar_ratio__d,19,0.1478807570077326,,23.26946608946269,32.81772550938809,
E,cdnow,2y-arms,LSTM ar_ratio (ar_encoding),ar_encoding__cdnow__ar_ratio__d,20,0.1500660183250693,,-1.9824177935765608,19.24650170712504,
E,cdnow,2y-arms,LSTM ar_ratio (ar_encoding),ar_encoding__cdnow__ar_ratio__e,1,0.1491205227792658,,29.046466460364265,35.93272375706302,
E,cdnow,2y-arms,LSTM ar_ratio (ar_encoding),ar_encoding__cdnow__ar_ratio__e,2,0.1483495811897689,,16.074453505679397,27.55561569498589,
E,cdnow,2y-arms,LSTM ar_ratio (ar_encoding),ar_encoding__cdnow__ar_ratio__e,3,0.1477634850534102,,23.490312842444684,34.84481556806713,
E,cdnow,2y-arms,LSTM ar_ratio (ar_encoding),ar_encoding__cdnow__ar_ratio__e,4,0.1521840556835239,,44.80839684526401,49.02619356174218,
E,cdnow,2y-arms,LSTM ar_ratio (ar_encoding),ar_encoding__cdnow__ar_ratio__e,5,0.1478778909017027,,24.146932878669865,32.77090098149974,
E,cdnow,2y-arms,LSTM ar_ratio (ar_encoding),ar_encoding__cdnow__ar_ratio__e,6,0.166327291082203,,73.50179476518609,76.37657044198268,
E,cdnow,2y-arms,LSTM ar_ratio (ar_encoding),ar_encoding__cdnow__ar_ratio__e,7,0.1478275163447643,,20.01740297997336,29.7296379958515,
E,cdnow,2y-arms,LSTM ar_ratio (ar_encoding),ar_encoding__cdnow__ar_ratio__e,8,0.1486679815104848,,34.70362468727386,40.42913575034661,
E,cdnow,2y-arms,LSTM ar_ratio (ar_encoding),ar_encoding__cdnow__ar_ratio__e,9,0.1482002750656166,,7.729997095302052,23.08127050532632,
E,cdnow,2y-arms,LSTM ar_ratio (ar_encoding),ar_encoding__cdnow__ar_ratio__e,10,0.1489703333361027,,25.18371078005287,34.12235411474495,
E,cdnow,2y-arms,LSTM ar_ratio (ar_encoding),ar_encoding__cdnow__ar_ratio__e,11,0.1474774127517634,,17.622175109367195,29.75170469323556,
E,cdnow,2y-arms,LSTM ar_ratio (ar_encoding),ar_encoding__cdnow__ar_ratio__e,12,0.1475024029138906,,11.768569006756012,26.09687869114234,
E,cdnow,2y-arms,LSTM ar_ratio (ar_encoding),ar_encoding__cdnow__ar_ratio__e,13,0.1478891036755645,,22.316470039222462,32.401507334889935,
E,cdnow,2y-arms,LSTM ar_ratio (ar_encoding),ar_encoding__cdnow__ar_ratio__e,14,0.147807499537334,,15.788482926085198,28.614819145599025,
E,cdnow,2y-arms,LSTM ar_ratio (ar_encoding),ar_encoding__cdnow__ar_ratio__e,15,0.1533282705765826,,47.61589592705161,51.44653797600282,
E,cdnow,2y-arms,LSTM ar_ratio (ar_encoding),ar_encoding__cdnow__ar_ratio__e,16,0.1475875997726138,,11.982060259281266,26.41334797692284,
E,cdnow,2y-arms,LSTM ar_ratio (ar_encoding),ar_encoding__cdnow__ar_ratio__e,17,0.1485259422850974,,22.101902374616785,32.646932512666105,
E,cdnow,2y-arms,LSTM ar_ratio (ar_encoding),ar_encoding__cdnow__ar_ratio__e,18,0.1474243975468683,,16.840869037457516,28.49103013598395,
E,cdnow,2y-arms,LSTM ar_ratio (ar_encoding),ar_encoding__cdnow__ar_ratio__e,19,0.1494166266239519,,9.456405396231393,24.60710471365661,
E,cdnow,2y-arms,LSTM ar_ratio (ar_encoding),ar_encoding__cdnow__ar_ratio__e,20,0.1508218073555365,,32.948332164758384,40.72084714900662,
E,cdnow,2y-arms,LSTM ar_unbounded (ar_encoding),ar_encoding__cdnow__ar_unbounded__a,1,0.2005163160769273,,154.03372857103622,161.85647688023604,
E,cdnow,2y-arms,LSTM ar_unbounded (ar_encoding),ar_encoding__cdnow__ar_unbounded__a,2,0.3855781994280645,,536.8302839798391,551.6874777633583,
E,cdnow,2y-arms,LSTM ar_unbounded (ar_encoding),ar_encoding__cdnow__ar_unbounded__a,3,0.4295002279644346,,746.709724016281,756.1585935337952,
E,cdnow,2y-arms,LSTM ar_unbounded (ar_encoding),ar_encoding__cdnow__ar_unbounded__a,4,0.1899559542996823,,170.18281355489194,175.6729461325872,
E,cdnow,2y-arms,LSTM ar_unbounded (ar_encoding),ar_encoding__cdnow__ar_unbounded__a,5,0.159471911381362,,97.14226836902044,105.55597463857276,
E,cdnow,2y-arms,LSTM ar_unbounded (ar_encoding),ar_encoding__cdnow__ar_unbounded__a,6,0.2268132799142636,,178.04216065449566,189.78274158972533,
E,cdnow,2y-arms,LSTM ar_unbounded (ar_encoding),ar_encoding__cdnow__ar_unbounded__a,7,0.1731169460015537,,120.20990364328708,127.25296048502628,
E,cdnow,2y-arms,LSTM ar_unbounded (ar_encoding),ar_encoding__cdnow__ar_unbounded__a,8,0.5030797314539628,,914.6103331986844,924.0308568416668,
E,cdnow,2y-arms,LSTM ar_unbounded (ar_encoding),ar_encoding__cdnow__ar_unbounded__a,9,0.1504362171705595,,16.93900307794317,32.62504510973972,
E,cdnow,2y-arms,LSTM ar_unbounded (ar_encoding),ar_encoding__cdnow__ar_unbounded__a,10,0.1630846437073683,,97.76372496688796,103.50466484148296,
E,cdnow,2y-arms,LSTM ar_unbounded (ar_encoding),ar_encoding__cdnow__ar_unbounded__a,11,0.1481083530578501,,6.822928447933994,24.05328333871068,
E,cdnow,2y-arms,LSTM ar_unbounded (ar_encoding),ar_encoding__cdnow__ar_unbounded__a,12,0.1484383443441732,,5.840151280237901,23.45012584107199,
E,cdnow,2y-arms,LSTM ar_unbounded (ar_encoding),ar_encoding__cdnow__ar_unbounded__a,13,0.7171682949424432,,1491.1980613901965,1498.1837088195807,
E,cdnow,2y-arms,LSTM ar_unbounded (ar_encoding),ar_encoding__cdnow__ar_unbounded__a,14,0.7442302849228514,,1225.055615854223,1232.8704703190947,
E,cdnow,2y-arms,LSTM ar_unbounded (ar_encoding),ar_encoding__cdnow__ar_unbounded__a,15,0.1490802166255486,,50.20954496775071,61.44420561669906,
E,cdnow,2y-arms,LSTM ar_unbounded (ar_encoding),ar_encoding__cdnow__ar_unbounded__a,16,0.4795598305870655,,700.5654830237964,703.6401151718554,
E,cdnow,2y-arms,LSTM ar_unbounded (ar_encoding),ar_encoding__cdnow__ar_unbounded__a,17,0.167868398996019,,110.83961299786482,117.01578790719438,
E,cdnow,2y-arms,LSTM ar_unbounded (ar_encoding),ar_encoding__cdnow__ar_unbounded__a,18,0.1507847730497863,,26.088805734260117,39.7619306590795,
E,cdnow,2y-arms,LSTM ar_unbounded (ar_encoding),ar_encoding__cdnow__ar_unbounded__a,19,0.8943307259534531,,2530.2398627975795,2532.9104762946417,
E,cdnow,2y-arms,LSTM ar_unbounded (ar_encoding),ar_encoding__cdnow__ar_unbounded__a,20,0.1527246056620797,,38.0543600602689,51.398457376766586,
E,cdnow,2y-arms,LSTM ar_unbounded (ar_encoding),ar_encoding__cdnow__ar_unbounded__b,1,0.1477896242779609,,-18.478291663536712,24.828847958350437,
E,cdnow,2y-arms,LSTM ar_unbounded (ar_encoding),ar_encoding__cdnow__ar_unbounded__b,2,0.4671757418652466,,526.477036702991,535.813957932721,
E,cdnow,2y-arms,LSTM ar_unbounded (ar_encoding),ar_encoding__cdnow__ar_unbounded__b,3,0.1627433030992964,,4.764083619615458,36.29619647459046,
E,cdnow,2y-arms,LSTM ar_unbounded (ar_encoding),ar_encoding__cdnow__ar_unbounded__b,4,0.1526427779214888,,114.21420972614344,123.74345242229778,
E,cdnow,2y-arms,LSTM ar_unbounded (ar_encoding),ar_encoding__cdnow__ar_unbounded__b,5,0.1634056229621562,,156.10154361862075,159.02583490895756,
E,cdnow,2y-arms,LSTM ar_unbounded (ar_encoding),ar_encoding__cdnow__ar_unbounded__b,6,0.1950807157987044,,224.8162904345512,229.60315783670023,
E,cdnow,2y-arms,LSTM ar_unbounded (ar_encoding),ar_encoding__cdnow__ar_unbounded__b,7,0.149326693782592,,68.99461857974529,74.79727354383876,
E,cdnow,2y-arms,LSTM ar_unbounded (ar_encoding),ar_encoding__cdnow__ar_unbounded__b,8,0.1615657195666855,,177.21851540429154,186.5755299180676,
E,cdnow,2y-arms,LSTM ar_unbounded (ar_encoding),ar_encoding__cdnow__ar_unbounded__b,9,0.1483512252479142,,42.938823815193565,49.6187660583737,
E,cdnow,2y-arms,LSTM ar_unbounded (ar_encoding),ar_encoding__cdnow__ar_unbounded__b,10,0.5219463388173669,,1383.1390379949105,1388.0701465570278,
E,cdnow,2y-arms,LSTM ar_unbounded (ar_encoding),ar_encoding__cdnow__ar_unbounded__b,11,0.1522009792238389,,116.85288915382068,123.36419145624276,
E,cdnow,2y-arms,LSTM ar_unbounded (ar_encoding),ar_encoding__cdnow__ar_unbounded__b,12,0.1481089142551493,,4.527628744889223,21.18424844173203,
E,cdnow,2y-arms,LSTM ar_unbounded (ar_encoding),ar_encoding__cdnow__ar_unbounded__b,13,0.3990690019386731,,403.6498028508802,418.27771785554745,
E,cdnow,2y-arms,LSTM ar_unbounded (ar_encoding),ar_encoding__cdnow__ar_unbounded__b,14,0.1476310398213559,,2.9504849637364337,27.47147478495571,
E,cdnow,2y-arms,LSTM ar_unbounded (ar_encoding),ar_encoding__cdnow__ar_unbounded__b,15,0.1829605646847045,,139.85324780360483,145.9687839950905,
E,cdnow,2y-arms,LSTM ar_unbounded (ar_encoding),ar_encoding__cdnow__ar_unbounded__b,16,0.1483645034643889,,23.246143436394192,38.71008278832112,
E,cdnow,2y-arms,LSTM ar_unbounded (ar_encoding),ar_encoding__cdnow__ar_unbounded__b,17,0.2748420322522691,,329.53749604360775,334.3358453083984,
E,cdnow,2y-arms,LSTM ar_unbounded (ar_encoding),ar_encoding__cdnow__ar_unbounded__b,18,0.1483670545610049,,5.550771938843414,28.405095209629227,
E,cdnow,2y-arms,LSTM ar_unbounded (ar_encoding),ar_encoding__cdnow__ar_unbounded__b,19,0.1513590254622031,,35.20254804462042,47.30911399272899,
E,cdnow,2y-arms,LSTM ar_unbounded (ar_encoding),ar_encoding__cdnow__ar_unbounded__b,20,0.2501770175838165,,404.4128098345158,422.39989231118034,
H,cdnow,2y-arms,LSTM no_ar (real_panel_arms),real_panel_arms__LSTM__cdnow__no_ar-no_cluster-valendin__a,1,0.1477100207397776,,12.170074574360614,24.36652273857972,
H,cdnow,2y-arms,LSTM no_ar (real_panel_arms),real_panel_arms__LSTM__cdnow__no_ar-no_cluster-valendin__a,2,0.1480205919092862,,-10.993811372212416,18.491119785591223,
H,cdnow,2y-arms,LSTM no_ar (real_panel_arms),real_panel_arms__LSTM__cdnow__no_ar-no_cluster-valendin__a,3,0.1477130687601399,,-24.202907030632076,26.13724484669789,
H,cdnow,2y-arms,LSTM no_ar (real_panel_arms),real_panel_arms__LSTM__cdnow__no_ar-no_cluster-valendin__a,4,0.1475696968199858,,-7.358988937325335,17.92303564019934,
H,cdnow,2y-arms,LSTM no_ar (real_panel_arms),real_panel_arms__LSTM__cdnow__no_ar-no_cluster-valendin__a,5,0.1480950238082348,,-24.20613643421568,26.156620606699853,
H,cdnow,2y-arms,LSTM no_ar (real_panel_arms),real_panel_arms__LSTM__cdnow__no_ar-no_cluster-valendin__a,6,0.1508026584287011,,31.50834158921075,56.05193759806944,
H,cdnow,2y-arms,LSTM no_ar (real_panel_arms),real_panel_arms__LSTM__cdnow__no_ar-no_cluster-valendin__a,7,0.1474111527443343,,-8.365178358890477,18.37594196770793,
H,cdnow,2y-arms,LSTM no_ar (real_panel_arms),real_panel_arms__LSTM__cdnow__no_ar-no_cluster-valendin__a,8,0.14756481012633,,-10.972820973500962,18.60683555584461,
H,cdnow,2y-arms,LSTM no_ar (real_panel_arms),real_panel_arms__LSTM__cdnow__no_ar-no_cluster-valendin__a,9,0.1473192692150914,,-16.638321508437926,21.09849345288866,
H,cdnow,2y-arms,LSTM no_ar (real_panel_arms),real_panel_arms__LSTM__cdnow__no_ar-no_cluster-valendin__a,10,0.1477845288130242,,-18.537137505525184,22.06458607157221,
H,cdnow,2y-arms,LSTM no_ar (real_panel_arms),real_panel_arms__LSTM__cdnow__no_ar-no_cluster-valendin__a,11,0.1476518801062881,,14.356027121391984,24.854412896456388,
H,cdnow,2y-arms,LSTM no_ar (real_panel_arms),real_panel_arms__LSTM__cdnow__no_ar-no_cluster-valendin__a,12,0.1483580856572458,,59.20344393603119,61.34068834860042,
H,cdnow,2y-arms,LSTM no_ar (real_panel_arms),real_panel_arms__LSTM__cdnow__no_ar-no_cluster-valendin__a,13,0.1479183709809057,,-27.66523218324731,28.536599078661773,
H,cdnow,2y-arms,LSTM no_ar (real_panel_arms),real_panel_arms__LSTM__cdnow__no_ar-no_cluster-valendin__a,14,0.1477388675784962,,13.291710774705969,26.44617829268319,
H,cdnow,2y-arms,LSTM no_ar (real_panel_arms),real_panel_arms__LSTM__cdnow__no_ar-no_cluster-valendin__a,15,0.1476443853418797,,-10.657158892539574,18.36060297954126,
H,cdnow,2y-arms,LSTM no_ar (real_panel_arms),real_panel_arms__LSTM__cdnow__no_ar-no_cluster-valendin__a,16,0.1477653447589948,,-18.446986737086636,22.163348190588685,
H,cdnow,2y-arms,LSTM no_ar (real_panel_arms),real_panel_arms__LSTM__cdnow__no_ar-no_cluster-valendin__a,17,0.1482881085954338,,39.87836315225413,42.72604898536584,
H,cdnow,2y-arms,LSTM no_ar (real_panel_arms),real_panel_arms__LSTM__cdnow__no_ar-no_cluster-valendin__a,18,0.1475804598594365,,-8.731701544138119,18.46044144078897,
H,cdnow,2y-arms,LSTM no_ar (real_panel_arms),real_panel_arms__LSTM__cdnow__no_ar-no_cluster-valendin__a,19,0.1472665543539393,,-3.3775572862026992,17.575618927492343,
H,cdnow,2y-arms,LSTM no_ar (real_panel_arms),real_panel_arms__LSTM__cdnow__no_ar-no_cluster-valendin__a,20,0.1474718147848829,,10.37621025975485,24.116791931880226,
H,cdnow,2y-arms,LSTM ar_bounded (real_panel_arms),real_panel_arms__LSTM__cdnow__ar_bounded-no_cluster-valendin__a,1,0.1476423378995757,,15.691603139038843,28.40850342604441,
H,cdnow,2y-arms,LSTM ar_bounded (real_panel_arms),real_panel_arms__LSTM__cdnow__ar_bounded-no_cluster-valendin__a,2,0.1474790769952965,,-17.197524795491166,21.05220702553992,
H,cdnow,2y-arms,LSTM ar_bounded (real_panel_arms),real_panel_arms__LSTM__cdnow__ar_bounded-no_cluster-valendin__a,3,0.1473431772589688,,-12.666039495549462,19.068622445352812,
H,cdnow,2y-arms,LSTM ar_bounded (real_panel_arms),real_panel_arms__LSTM__cdnow__ar_bounded-no_cluster-valendin__a,4,0.147829640646693,,-20.45452171280996,23.141281443584884,
H,cdnow,2y-arms,LSTM ar_bounded (real_panel_arms),real_panel_arms__LSTM__cdnow__ar_bounded-no_cluster-valendin__a,5,0.1473241043902819,,-26.381593661691564,27.37136752428878,
H,cdnow,2y-arms,LSTM ar_bounded (real_panel_arms),real_panel_arms__LSTM__cdnow__ar_bounded-no_cluster-valendin__a,6,0.1475426122467557,,-11.538213913542478,18.49246525999652,
H,cdnow,2y-arms,LSTM ar_bounded (real_panel_arms),real_panel_arms__LSTM__cdnow__ar_bounded-no_cluster-valendin__a,7,0.1473222201613565,,-17.867331136573423,21.52448913360173,
H,cdnow,2y-arms,LSTM ar_bounded (real_panel_arms),real_panel_arms__LSTM__cdnow__ar_bounded-no_cluster-valendin__a,8,0.1474773660630148,,0.2976311860952939,18.15177595706013,
H,cdnow,2y-arms,LSTM ar_bounded (real_panel_arms),real_panel_arms__LSTM__cdnow__ar_bounded-no_cluster-valendin__a,9,0.14733744666029,,-17.330732492407215,21.45990339900789,
H,cdnow,2y-arms,LSTM ar_bounded (real_panel_arms),real_panel_arms__LSTM__cdnow__ar_bounded-no_cluster-valendin__a,10,0.1471782512975175,,-8.807051296228597,17.92814860293848,
H,cdnow,2y-arms,LSTM ar_bounded (real_panel_arms),real_panel_arms__LSTM__cdnow__ar_bounded-no_cluster-valendin__a,11,0.1474389874974319,,-20.40958077891402,23.083423416554304,
H,cdnow,2y-arms,LSTM ar_bounded (real_panel_arms),real_panel_arms__LSTM__cdnow__ar_bounded-no_cluster-valendin__a,12,0.1474359763927668,,-8.25753560308788,17.93514538563355,
H,cdnow,2y-arms,LSTM ar_bounded (real_panel_arms),real_panel_arms__LSTM__cdnow__ar_bounded-no_cluster-valendin__a,13,0.1474526591713561,,-0.7405820015448961,18.28848216467135,
H,cdnow,2y-arms,LSTM ar_bounded (real_panel_arms),real_panel_arms__LSTM__cdnow__ar_bounded-no_cluster-valendin__a,14,0.1474171919701627,,-16.25296083876444,20.62002186677484,
H,cdnow,2y-arms,LSTM ar_bounded (real_panel_arms),real_panel_arms__LSTM__cdnow__ar_bounded-no_cluster-valendin__a,15,0.1475758874852685,,-9.503230002816,18.20021543523499,
H,cdnow,2y-arms,LSTM ar_bounded (real_panel_arms),real_panel_arms__LSTM__cdnow__ar_bounded-no_cluster-valendin__a,16,0.1474986322825403,,-9.116792871563648,18.2997848468144,
H,cdnow,2y-arms,LSTM ar_bounded (real_panel_arms),real_panel_arms__LSTM__cdnow__ar_bounded-no_cluster-valendin__a,17,0.1474815904089139,,-25.0828854769741,26.60333739746005,
H,cdnow,2y-arms,LSTM ar_bounded (real_panel_arms),real_panel_arms__LSTM__cdnow__ar_bounded-no_cluster-valendin__a,18,0.1475536080534132,,-1.600377469456908,19.51210967508677,
H,cdnow,2y-arms,LSTM ar_bounded (real_panel_arms),real_panel_arms__LSTM__cdnow__ar_bounded-no_cluster-valendin__a,19,0.147715282460842,,-17.833423705579087,21.338805512738677,
H,cdnow,2y-arms,LSTM ar_bounded (real_panel_arms),real_panel_arms__LSTM__cdnow__ar_bounded-no_cluster-valendin__a,20,0.147148827920775,,-11.633746622258595,18.776372645653797,
H,cdnow,2y-arms,Transformer ar_bounded (real_panel_arms),real_panel_arms__Transformer__cdnow__ar_bounded-no_cluster-valendin__a,1,0.1476260320147083,,-18.805974961556213,23.047094071881425,
H,cdnow,2y-arms,Transformer ar_bounded (real_panel_arms),real_panel_arms__Transformer__cdnow__ar_bounded-no_cluster-valendin__a,2,0.1475572674470561,,-16.31916112675501,21.601722609558504,
H,cdnow,2y-arms,Transformer ar_bounded (real_panel_arms),real_panel_arms__Transformer__cdnow__ar_bounded-no_cluster-valendin__a,3,0.1475721141050218,,-10.865985622190427,21.26695381806295,
H,cdnow,2y-arms,Transformer ar_bounded (real_panel_arms),real_panel_arms__Transformer__cdnow__ar_bounded-no_cluster-valendin__a,4,0.1479879712005502,,-28.597686453887828,33.930840091709655,
H,cdnow,2y-arms,Transformer ar_bounded (real_panel_arms),real_panel_arms__Transformer__cdnow__ar_bounded-no_cluster-valendin__a,5,0.1493550937940144,,-34.45748194106789,35.2007541922297,
H,cdnow,2y-arms,Transformer ar_bounded (real_panel_arms),real_panel_arms__Transformer__cdnow__ar_bounded-no_cluster-valendin__a,6,0.1471855943790594,,-18.764532399459053,22.64504884855884,
H,cdnow,2y-arms,Transformer ar_bounded (real_panel_arms),real_panel_arms__Transformer__cdnow__ar_bounded-no_cluster-valendin__a,7,0.1479945988925353,,8.394240273716102,22.24354106242156,
H,cdnow,2y-arms,Transformer ar_bounded (real_panel_arms),real_panel_arms__Transformer__cdnow__ar_bounded-no_cluster-valendin__a,8,0.1475354988515954,,-6.073197684540495,18.74004315436528,
H,cdnow,2y-arms,Transformer ar_bounded (real_panel_arms),real_panel_arms__Transformer__cdnow__ar_bounded-no_cluster-valendin__a,9,0.1482284801788564,,-27.467169754349488,29.376211567091143,
H,cdnow,2y-arms,Transformer ar_bounded (real_panel_arms),real_panel_arms__Transformer__cdnow__ar_bounded-no_cluster-valendin__a,10,0.1474033560209872,,0.1323996307739368,18.85522066783942,
H,cdnow,2y-arms,Transformer ar_bounded (real_panel_arms),real_panel_arms__Transformer__cdnow__ar_bounded-no_cluster-valendin__a,11,0.1493637650483841,,-37.8638328886636,37.8638328886636,
H,cdnow,2y-arms,Transformer ar_bounded (real_panel_arms),real_panel_arms__Transformer__cdnow__ar_bounded-no_cluster-valendin__a,12,0.1475709631509491,,4.036866849793604,19.00349827428159,
H,cdnow,2y-arms,Transformer ar_bounded (real_panel_arms),real_panel_arms__Transformer__cdnow__ar_bounded-no_cluster-valendin__a,13,0.1478753833002134,,-29.80651309141294,31.6854150148271,
H,cdnow,2y-arms,Transformer ar_bounded (real_panel_arms),real_panel_arms__Transformer__cdnow__ar_bounded-no_cluster-valendin__a,14,0.1473086595414239,,1.6219045238547325,18.238697306225948,
H,cdnow,2y-arms,Transformer ar_bounded (real_panel_arms),real_panel_arms__Transformer__cdnow__ar_bounded-no_cluster-valendin__a,15,0.1478261862372344,,26.346070243123883,32.636705683033,
H,cdnow,2y-arms,Transformer ar_bounded (real_panel_arms),real_panel_arms__Transformer__cdnow__ar_bounded-no_cluster-valendin__a,16,0.148029560061981,,1.1870281792880388,20.31243244402584,
H,cdnow,2y-arms,Transformer ar_bounded (real_panel_arms),real_panel_arms__Transformer__cdnow__ar_bounded-no_cluster-valendin__a,17,0.1475959603996735,,-30.09983928722757,31.36087255978473,
H,cdnow,2y-arms,Transformer ar_bounded (real_panel_arms),real_panel_arms__Transformer__cdnow__ar_bounded-no_cluster-valendin__a,18,0.147791163736103,,-33.827772522164736,34.25403721014036,
H,cdnow,2y-arms,Transformer ar_bounded (real_panel_arms),real_panel_arms__Transformer__cdnow__ar_bounded-no_cluster-valendin__a,19,0.1474480705299359,,-19.24488769826129,23.29117371334792,
H,cdnow,2y-arms,Transformer ar_bounded (real_panel_arms),real_panel_arms__Transformer__cdnow__ar_bounded-no_cluster-valendin__a,20,0.1478129116663178,,-2.4257274084414715,15.894510174787676,
H,cdnow,2y-arms,"Pareto/NBD, arms window (one fit)",real_panel_arms__ParetoNBD__cdnow,1,0.1468364450843538,,-11.613830481974816,18.70028133580193,
