suite,model,study,spearman,pred_sd,val_loss,best_epoch,epochs_run,lr,batch_size,weight_decay,updates,hidden,dense,dropout,embedder,d_model,arm
ar_encoding__electronics__ar_bounded_32__a,LSTM,1,0.2646876703300466,0.6280775007832818,0.0874109864234924,26.0,34.0,0.0085161017044225,128.0,7.185582975955352e-05,189.0,128.0,64.0,0.0,valendin,,a
ar_encoding__electronics__ar_bounded_32__a,LSTM,2,0.1987592471570509,0.3630759228155716,0.0854971706867218,31.0,39.0,0.0073993002458103,256.0,1.7298428356555206e-05,128.0,128.0,64.0,0.2,valendin,,a
ar_encoding__electronics__ar_bounded_32__a,LSTM,3,0.2953033135318024,0.5298925192208013,0.0876899915082114,18.0,26.0,0.0045340786817058,128.0,1.75236126533191e-06,133.0,128.0,64.0,0.0,valendin,,a
ar_encoding__electronics__ar_bounded_32__a,LSTM,4,0.2943777971850832,0.4301291458580853,0.0854958854615688,31.0,39.0,0.0093459057688833,256.0,0.0025568119453908,128.0,128.0,32.0,0.2,valendin,,a
ar_encoding__electronics__ar_bounded_32__a,LSTM,5,0.2424949187113074,0.68350123688166,0.0852459874004125,48.0,56.0,0.0068251429246809,256.0,7.371130115661969e-06,196.0,128.0,64.0,0.2,valendin,,a
ar_encoding__electronics__ar_bounded_32__a,LSTM,6,0.2144395967112282,0.387810325935896,0.0867842528969049,12.0,20.0,0.0095109541245082,256.0,2.0882130592781697e-05,52.0,128.0,64.0,0.0,valendin,,a
ar_encoding__electronics__ar_bounded_32__a,LSTM,7,0.139851118393809,0.2516326964046934,0.085982009768486,31.0,39.0,0.009644080520507,256.0,2.3493102824518204e-06,128.0,64.0,32.0,0.2,valendin,,a
ar_encoding__electronics__ar_bounded_32__a,LSTM,8,0.2889954731479331,0.4670511439601856,0.0884257725306919,20.0,28.0,0.002985268303603,128.0,0.0022981410515276,147.0,64.0,32.0,0.0,valendin,,a
ar_encoding__electronics__ar_bounded_32__a,LSTM,9,0.2472408239541087,0.381637560638689,0.0876186426196779,72.0,80.0,0.0040994813786399,128.0,0.0073761199003402,511.0,32.0,32.0,0.2,valendin,,a
ar_encoding__electronics__ar_bounded_32__a,LSTM,10,0.1941639961522486,0.234893625551534,0.0864307843148708,17.0,25.0,0.0091381598018715,256.0,0.0001214816273653,72.0,32.0,128.0,0.2,valendin,,a
ar_encoding__electronics__ar_bounded_32__a,LSTM,11,0.2251403105375279,0.3436032819700213,0.0879158143486295,24.0,32.0,0.0032646064996921,128.0,2.5614618279037093e-06,175.0,128.0,32.0,0.0,valendin,,a
ar_encoding__electronics__ar_bounded_32__a,LSTM,12,0.3250791279044657,1.0983067454526385,0.0871156709534781,26.0,34.0,0.0062007626063893,128.0,2.0194143136255857e-06,189.0,128.0,64.0,0.2,valendin,,a
ar_encoding__electronics__ar_bounded_32__a,LSTM,13,0.2026942324655506,0.2978067583661006,0.0878010083522115,23.0,31.0,0.0079153532354537,128.0,1.842398492824252e-06,168.0,64.0,32.0,0.0,valendin,,a
ar_encoding__electronics__ar_bounded_32__a,LSTM,14,0.2540214411023678,0.2621151098801149,0.086654182523489,39.0,47.0,0.0029285558807353,256.0,0.0005214534336205,160.0,32.0,32.0,0.0,valendin,,a
ar_encoding__electronics__ar_bounded_32__a,LSTM,15,0.266324172087067,0.3656840699072187,0.0852902252227068,37.0,45.0,0.0084613327513277,256.0,3.3034263900159782e-06,152.0,128.0,32.0,0.2,valendin,,a
ar_encoding__electronics__ar_bounded_32__a,LSTM,16,0.23517719299294,0.4363460574212551,0.0875972764832632,30.0,38.0,0.0055604104406721,128.0,0.0008439354614366,217.0,64.0,32.0,0.2,valendin,,a
ar_encoding__electronics__ar_bounded_32__a,LSTM,17,0.2592544368339911,0.478239524826007,0.0854357536882162,36.0,44.0,0.0091313002549127,256.0,6.659206879491428e-05,148.0,128.0,64.0,0.0,valendin,,a
ar_encoding__electronics__ar_bounded_32__a,LSTM,18,0.3041246890912161,0.832385172313444,0.0885033223491448,29.0,37.0,0.0019662990296146,64.0,0.0004340187366514,390.0,128.0,64.0,0.2,valendin,,a
ar_encoding__electronics__ar_bounded_32__a,LSTM,19,0.2487117400719307,0.6149370633249552,0.0852277148514986,31.0,39.0,0.0049431739588193,256.0,1.825211731712292e-05,128.0,128.0,64.0,0.2,valendin,,a
ar_encoding__electronics__ar_bounded_32__a,LSTM,20,0.2019551831032111,0.4352015859015565,0.0877316445112228,38.0,46.0,0.0023581958957929,128.0,2.9766312220180248e-05,273.0,32.0,64.0,0.2,valendin,,a
ar_encoding__electronics__ar_bounded_32__b,LSTM,1,0.2644827264899156,0.402235233585119,0.087598225900105,19.0,27.0,0.0078539888671772,128.0,1.1264423186495298e-06,140.0,128.0,64.0,0.0,valendin,,b
ar_encoding__electronics__ar_bounded_32__b,LSTM,2,0.2609710957073382,0.4369868561979717,0.0858907047659158,29.0,37.0,0.006748951694164,256.0,3.129997270851349e-05,120.0,128.0,64.0,0.2,valendin,,b
ar_encoding__electronics__ar_bounded_32__b,LSTM,3,0.246223603867915,0.4210057091014231,0.0856778118759393,21.0,29.0,0.0068290517654793,256.0,0.0009551021539047,88.0,128.0,64.0,0.0,valendin,,b
ar_encoding__electronics__ar_bounded_32__b,LSTM,4,0.2609551591951115,0.5838290005276832,0.087691734944071,44.0,52.0,0.0010705472391081,128.0,7.433604470218476e-05,315.0,128.0,32.0,0.0,valendin,,b
ar_encoding__electronics__ar_bounded_32__b,LSTM,5,0.1791837416589367,0.244448754087497,0.0865771528333425,45.0,53.0,0.0089172246691787,256.0,1.0805568416322378e-06,184.0,64.0,32.0,0.0,valendin,,b
ar_encoding__electronics__ar_bounded_32__b,LSTM,6,0.2386367114721887,0.3765686129592964,0.0880012118390628,31.0,39.0,0.0095651129704955,128.0,3.1953600550317536e-06,224.0,32.0,128.0,0.0,valendin,,b
ar_encoding__electronics__ar_bounded_32__b,LSTM,7,0.2948081305642417,0.6036073877944436,0.0888453206190696,22.0,30.0,0.0063535292888176,64.0,0.0007331794762906,299.0,64.0,32.0,0.2,valendin,,b
ar_encoding__electronics__ar_bounded_32__b,LSTM,8,0.2579473968058273,0.6196820208630153,0.0886988218587178,18.0,26.0,0.0098948142481954,64.0,0.0004483178986312,247.0,64.0,32.0,0.2,valendin,,b
ar_encoding__electronics__ar_bounded_32__b,LSTM,9,0.254742306011307,0.6119760073399726,0.0874209478497505,28.0,36.0,0.0049061891215032,128.0,8.60808131592279e-06,203.0,128.0,64.0,0.2,valendin,,b
ar_encoding__electronics__ar_bounded_32__b,LSTM,10,0.2928963179718846,0.7198664551449121,0.0872159515108381,21.0,29.0,0.0067055651580692,128.0,0.0002631633021555,154.0,128.0,64.0,0.0,valendin,,b
ar_encoding__electronics__ar_bounded_32__b,LSTM,11,0.2356601164648469,0.3008472999914248,0.0859403423964977,22.0,30.0,0.0098171955263521,256.0,0.0007192009215118,92.0,128.0,64.0,0.2,valendin,,b
ar_encoding__electronics__ar_bounded_32__b,LSTM,12,0.2159767517422419,0.2776988204657502,0.0859753470867872,26.0,34.0,0.0067021026079691,256.0,3.4578995685183066e-05,108.0,128.0,32.0,0.0,valendin,,b
ar_encoding__electronics__ar_bounded_32__b,LSTM,13,0.2690814581693294,0.614715911437165,0.0854871962219476,36.0,44.0,0.0053453498651167,256.0,0.0001124463493408,148.0,128.0,32.0,0.0,valendin,,b
ar_encoding__electronics__ar_bounded_32__b,LSTM,14,0.3328368810397053,1.0823854833813975,0.0883126817643642,13.0,21.0,0.0079467392997317,64.0,0.0010557635859297,182.0,128.0,64.0,0.2,valendin,,b
ar_encoding__electronics__ar_bounded_32__b,LSTM,15,0.1549248015472058,0.2302953313791597,0.0862503722310066,25.0,33.0,0.0089497213265263,256.0,0.0020627694031471,104.0,64.0,128.0,0.0,valendin,,b
ar_encoding__electronics__ar_bounded_32__b,LSTM,16,0.2841375187979051,0.9757403703759052,0.0873432351010186,32.0,40.0,0.0074101395553882,128.0,0.0003806889936472,231.0,64.0,32.0,0.2,valendin,,b
ar_encoding__electronics__ar_bounded_32__b,LSTM,17,0.2820771232230187,1.491668678626918,0.0881833113156832,19.0,27.0,0.006707582052318,64.0,6.714824714692676e-06,260.0,128.0,32.0,0.0,valendin,,b
ar_encoding__electronics__ar_bounded_32__b,LSTM,18,0.1580807576057966,0.2648147430317307,0.0862127561122179,22.0,30.0,0.0092674283100915,256.0,0.0003892490704116,92.0,128.0,32.0,0.2,valendin,,b
ar_encoding__electronics__ar_bounded_32__b,LSTM,19,0.2955496322043514,0.7679324672693907,0.0849662814289331,43.0,51.0,0.0084821481656049,256.0,2.341989504684316e-05,176.0,128.0,32.0,0.0,valendin,,b
ar_encoding__electronics__ar_bounded_32__b,LSTM,20,0.2789010979135469,0.5707396738436153,0.0861167535185813,34.0,42.0,0.0096321897828625,256.0,0.0010343081619682,140.0,128.0,64.0,0.0,valendin,,b
ar_encoding__electronics__ar_bounded_32__c,LSTM,1,0.3203668518184031,0.8802684108293466,0.087360180914402,29.0,37.0,0.0068272971052342,128.0,2.035551526658511e-06,210.0,128.0,64.0,0.0,valendin,,c
ar_encoding__electronics__ar_bounded_32__c,LSTM,2,0.2433043822443377,0.5056656562419397,0.0874958762100764,28.0,36.0,0.0032088029213659,128.0,0.0021856343934104,203.0,128.0,64.0,0.0,valendin,,c
ar_encoding__electronics__ar_bounded_32__c,LSTM,3,0.2312433085348798,0.244995816293751,0.0886173652751105,30.0,38.0,0.0023893766777153,128.0,0.0021918620813513,217.0,32.0,64.0,0.2,valendin,,c
ar_encoding__electronics__ar_bounded_32__c,LSTM,4,0.2867634914247086,1.84216779874988,0.08818694920494,22.0,30.0,0.0029715994882356,64.0,2.554360988172994e-06,299.0,128.0,32.0,0.0,valendin,,c
ar_encoding__electronics__ar_bounded_32__c,LSTM,5,0.2316770492398651,0.3374575350068324,0.0889417832860579,19.0,27.0,0.00940527937432,64.0,6.66701300151725e-05,260.0,64.0,32.0,0.0,valendin,,c
ar_encoding__electronics__ar_bounded_32__c,LSTM,6,0.2268570401603125,0.4653911888183917,0.0878990058388028,23.0,31.0,0.0033847898977247,128.0,4.07549219134513e-05,168.0,64.0,32.0,0.2,valendin,,c
ar_encoding__electronics__ar_bounded_32__c,LSTM,7,0.2744770483501529,0.7824385377040751,0.0873581139104706,26.0,34.0,0.0081701705376477,128.0,0.0021931474540031,189.0,128.0,32.0,0.2,valendin,,c
ar_encoding__electronics__ar_bounded_32__c,LSTM,8,0.3306875297530789,0.9908525229600642,0.0868700753365244,29.0,37.0,0.0083008032590005,128.0,1.0236165574889962e-05,210.0,128.0,32.0,0.2,valendin,,c
ar_encoding__electronics__ar_bounded_32__c,LSTM,9,0.307035590785276,0.6007802169723262,0.0857563875615596,25.0,33.0,0.0074717108254648,256.0,0.0001316172529209,104.0,128.0,64.0,0.2,valendin,,c
ar_encoding__electronics__ar_bounded_32__c,LSTM,10,0.1964323948924726,0.3048388602703865,0.0877073667943477,17.0,25.0,0.005498757692944,256.0,4.828882320792098e-06,72.0,32.0,128.0,0.2,valendin,,c
ar_encoding__electronics__ar_bounded_32__c,LSTM,11,0.2414641984422112,0.6434044237963129,0.085087165236473,44.0,52.0,0.0092691873432498,256.0,0.003753924808773,180.0,128.0,32.0,0.2,valendin,,c
ar_encoding__electronics__ar_bounded_32__c,LSTM,12,0.3035447803311268,0.9259932976750076,0.0869706954274858,42.0,50.0,0.0064497863733035,128.0,0.0003085210239992,301.0,128.0,32.0,0.0,valendin,,c
ar_encoding__electronics__ar_bounded_32__c,LSTM,13,0.3106831665780206,0.8588586447783351,0.0870602939810071,21.0,29.0,0.0073680768960167,128.0,0.0013841183393158,154.0,128.0,32.0,0.2,valendin,,c
ar_encoding__electronics__ar_bounded_32__c,LSTM,14,0.1795791577007515,0.2776263377397249,0.0863398183137178,34.0,42.0,0.009200243371845,256.0,0.0004380488585905,140.0,128.0,32.0,0.2,valendin,,c
ar_encoding__electronics__ar_bounded_32__c,LSTM,15,0.2466416417029048,0.4315133724907604,0.0858087167143821,32.0,40.0,0.0033946127946224,256.0,0.0002571306625997,132.0,32.0,128.0,0.0,valendin,,c
ar_encoding__electronics__ar_bounded_32__c,LSTM,16,0.1855896128779653,0.38043615112084,0.0857550408691167,32.0,40.0,0.0083866519953809,256.0,0.009933191591523,132.0,128.0,64.0,0.0,valendin,,c
ar_encoding__electronics__ar_bounded_32__c,LSTM,17,0.1813576561579921,0.3410580401141751,0.0878075297389711,20.0,28.0,0.0086406621699575,128.0,7.327444519867738e-05,147.0,32.0,128.0,0.0,valendin,,c
ar_encoding__electronics__ar_bounded_32__c,LSTM,18,0.2017232438848406,0.3038580043591304,0.0857148766517639,24.0,32.0,0.0092548585317187,256.0,0.0035032657476007,100.0,64.0,128.0,0.0,valendin,,c
ar_encoding__electronics__ar_bounded_32__c,LSTM,19,0.2992657309695144,0.8544077922671621,0.0871860374297414,29.0,37.0,0.009680891529243,128.0,1.0490904457875609e-05,210.0,128.0,32.0,0.0,valendin,,c
ar_encoding__electronics__ar_bounded_32__c,LSTM,20,0.2506290422442069,0.389263456153071,0.0887704480152863,15.0,23.0,0.0086250954821133,64.0,8.04397857579832e-05,208.0,64.0,32.0,0.2,valendin,,c
ar_encoding__electronics__ar_bounded_32__d,LSTM,1,0.2082108218640183,0.3261645247696955,0.0882994894470487,11.0,19.0,0.008226587011204,128.0,5.755548383729455e-05,84.0,32.0,128.0,0.0,valendin,,d
ar_encoding__electronics__ar_bounded_32__d,LSTM,2,0.3126343754878106,0.8660135219740034,0.0873742337737764,21.0,29.0,0.0039924939881558,128.0,0.0002261412824378,154.0,128.0,64.0,0.0,valendin,,d
ar_encoding__electronics__ar_bounded_32__d,LSTM,3,0.2664963667505962,0.6116526741851891,0.0856083892285823,34.0,42.0,0.0031301547986494,256.0,0.000242165615437,140.0,128.0,64.0,0.0,valendin,,d
ar_encoding__electronics__ar_bounded_32__d,LSTM,4,0.2871923594760993,0.8873273614645045,0.0882534356071398,26.0,34.0,0.0068042513569199,64.0,4.330027727091766e-06,351.0,128.0,32.0,0.0,valendin,,d
ar_encoding__electronics__ar_bounded_32__d,LSTM,5,0.3034853854505644,1.3608163364271155,0.0868371458990233,16.0,24.0,0.0087222789266711,128.0,1.253031279884078e-06,119.0,128.0,32.0,0.2,valendin,,d
ar_encoding__electronics__ar_bounded_32__d,LSTM,6,0.309006924909305,0.9779944624989718,0.0871588960289955,23.0,31.0,0.0048141285080763,128.0,0.001974388775717,168.0,128.0,32.0,0.0,valendin,,d
ar_encoding__electronics__ar_bounded_32__d,LSTM,7,0.3117053380766378,0.5215838514250839,0.0856297183781862,31.0,39.0,0.0034496229870925,256.0,0.0099880961891469,128.0,128.0,64.0,0.2,valendin,,d
ar_encoding__electronics__ar_bounded_32__d,LSTM,8,0.2482154286219417,0.3038590874237648,0.0856594517827034,28.0,36.0,0.0054154121295462,256.0,0.0006244145015199,116.0,128.0,64.0,0.0,valendin,,d
ar_encoding__electronics__ar_bounded_32__d,LSTM,9,0.2596724432304804,0.9587263328935368,0.0885125401501472,23.0,31.0,0.0030459815701674,64.0,7.276990309557779e-05,312.0,128.0,64.0,0.0,valendin,,d
ar_encoding__electronics__ar_bounded_32__d,LSTM,10,0.2562077193480637,0.8389733180903465,0.0875250697135925,16.0,24.0,0.0082289277838404,128.0,3.452503564970039e-06,119.0,128.0,64.0,0.2,valendin,,d
ar_encoding__electronics__ar_bounded_32__d,LSTM,11,0.2259186676675821,0.4160033574088379,0.0890073266166907,17.0,25.0,0.0040854430873097,64.0,0.0001411009874939,234.0,128.0,32.0,0.2,valendin,,d
ar_encoding__electronics__ar_bounded_32__d,LSTM,12,0.2401556213478737,0.3840543269133628,0.0876404494047164,38.0,46.0,0.0062086421387005,128.0,0.0002487982988277,273.0,64.0,32.0,0.2,valendin,,d
ar_encoding__electronics__ar_bounded_32__d,LSTM,13,0.3035918159545637,0.9916088877885608,0.0871482044458389,35.0,43.0,0.0046058888840923,128.0,0.0001304835653313,252.0,128.0,64.0,0.2,valendin,,d
ar_encoding__electronics__ar_bounded_32__d,LSTM,14,0.2458100675640191,0.2609401754486349,0.0855226796120405,43.0,51.0,0.0094317627496739,256.0,3.370614733115784e-05,176.0,64.0,32.0,0.2,valendin,,d
ar_encoding__electronics__ar_bounded_32__d,LSTM,15,0.242984820360208,0.5795499656330761,0.085786122828722,28.0,36.0,0.0055741738651958,256.0,0.0004736609147128,116.0,128.0,32.0,0.2,valendin,,d
ar_encoding__electronics__ar_bounded_32__d,LSTM,16,0.3076027198813207,1.329026540537955,0.0881072506308555,18.0,26.0,0.0037791623555732,64.0,0.0062718135567045,247.0,128.0,32.0,0.0,valendin,,d
ar_encoding__electronics__ar_bounded_32__d,LSTM,17,0.2911740879800523,0.9889619805799678,0.0850588958710432,32.0,40.0,0.0092322717613963,256.0,1.753438598777029e-05,132.0,128.0,32.0,0.2,valendin,,d
ar_encoding__electronics__ar_bounded_32__d,LSTM,18,0.2291339751083436,0.2906386828720814,0.0884118825197219,21.0,29.0,0.0038416897531729,128.0,8.770381888425425e-05,154.0,128.0,32.0,0.0,valendin,,d
ar_encoding__electronics__ar_bounded_32__d,LSTM,19,0.259729515970558,0.3905471329659092,0.0875525538410459,33.0,41.0,0.0061993604974804,128.0,0.0002299957970742,238.0,64.0,32.0,0.2,valendin,,d
ar_encoding__electronics__ar_bounded_32__d,LSTM,20,0.2754722183287501,0.6346241965088926,0.0871671448860849,23.0,31.0,0.006353284638566,128.0,0.0009436054827949,168.0,128.0,32.0,0.2,valendin,,d
ar_encoding__electronics__ar_bounded_32__e,LSTM,1,0.2555920729611995,0.6189221611423802,0.0874420553445816,15.0,23.0,0.0092738863594116,128.0,1.071934519220613e-05,112.0,128.0,32.0,0.2,valendin,,e
ar_encoding__electronics__ar_bounded_32__e,LSTM,2,0.1997485486127806,0.4676369893623474,0.0875931893076215,17.0,25.0,0.009337535035989,128.0,9.952177939109044e-05,126.0,128.0,32.0,0.0,valendin,,e
ar_encoding__electronics__ar_bounded_32__e,LSTM,3,0.1827617077824359,0.245218660925216,0.0878869316407612,26.0,34.0,0.0061949449981166,128.0,1.6157632907425424e-05,189.0,32.0,128.0,0.2,valendin,,e
ar_encoding__electronics__ar_bounded_32__e,LSTM,4,0.3113152643802533,0.7608969813455194,0.0852379128336906,26.0,34.0,0.0089401508658021,256.0,2.6120831803058567e-06,108.0,128.0,32.0,0.0,valendin,,e
ar_encoding__electronics__ar_bounded_32__e,LSTM,5,0.2595584030271184,0.3747383104105763,0.0888109086797787,33.0,41.0,0.0030463420625718,64.0,4.644230279328169e-05,442.0,32.0,128.0,0.2,valendin,,e
ar_encoding__electronics__ar_bounded_32__e,LSTM,6,0.2861822987740671,0.5554547049964513,0.0872500389814376,28.0,36.0,0.0097258648506208,128.0,0.0001977026413994,203.0,128.0,32.0,0.0,valendin,,e
ar_encoding__electronics__ar_bounded_32__e,LSTM,7,0.2888349204474245,1.0907723370037756,0.0880908536223264,20.0,28.0,0.0092378173762308,64.0,0.0014606281077896,273.0,128.0,32.0,0.0,valendin,,e
ar_encoding__electronics__ar_bounded_32__e,LSTM,8,0.270824192474016,0.8443892812429794,0.0852242372930049,39.0,47.0,0.0036418780864064,256.0,0.0001376809909535,160.0,128.0,64.0,0.0,valendin,,e
ar_encoding__electronics__ar_bounded_32__e,LSTM,9,0.2861983959528904,0.4626495319724842,0.0874887140733855,28.0,36.0,0.0089033988354942,128.0,0.0006650749324136,203.0,128.0,32.0,0.0,valendin,,e
ar_encoding__electronics__ar_bounded_32__e,LSTM,10,0.2422299120868905,0.3502286214244957,0.0866096280515194,47.0,55.0,0.0093322141004048,256.0,0.0010231733524582,192.0,32.0,128.0,0.2,valendin,,e
ar_encoding__electronics__ar_bounded_32__e,LSTM,11,0.3034263821740809,0.8992866711747715,0.088222236587451,25.0,33.0,0.0047819217595592,64.0,8.192421087714015e-06,338.0,128.0,32.0,0.2,valendin,,e
ar_encoding__electronics__ar_bounded_32__e,LSTM,12,0.2770789155103619,0.4871201136239445,0.08715227432549,24.0,32.0,0.004718110048347,256.0,0.0007280884999892,100.0,32.0,64.0,0.0,valendin,,e
ar_encoding__electronics__ar_bounded_32__e,LSTM,13,0.3021320941480597,0.7654707686324251,0.0871353670954704,22.0,30.0,0.0063974008126586,128.0,0.0003744285802935,161.0,128.0,32.0,0.2,valendin,,e
ar_encoding__electronics__ar_bounded_32__e,LSTM,14,0.2541152616291232,0.6528178983693539,0.0873106845787593,34.0,42.0,0.0053188874557062,128.0,0.0001291058382994,245.0,128.0,64.0,0.0,valendin,,e
ar_encoding__electronics__ar_bounded_32__e,LSTM,15,0.2734628827995422,0.8442732707150842,0.0872042125889233,31.0,39.0,0.0094731241286743,128.0,7.360423797444161e-06,224.0,128.0,32.0,0.0,valendin,,e
ar_encoding__electronics__ar_bounded_32__e,LSTM,16,0.2892640831254034,1.17780400540049,0.0881256249088507,21.0,29.0,0.0054325728587871,64.0,3.105650434385057e-06,286.0,128.0,32.0,0.0,valendin,,e
ar_encoding__electronics__ar_bounded_32__e,LSTM,17,0.1524367732604476,0.4571115440813686,0.0854841694235801,36.0,44.0,0.0072507967807935,256.0,5.792029965141345e-06,148.0,128.0,128.0,0.2,valendin,,e
ar_encoding__electronics__ar_bounded_32__e,LSTM,18,0.2569519440502979,1.1311252757919017,0.0850531067699194,22.0,30.0,0.0093135949049456,256.0,4.854241644962198e-06,92.0,128.0,32.0,0.0,valendin,,e
ar_encoding__electronics__ar_bounded_32__e,LSTM,19,0.3009067516129279,1.2022274942869702,0.0881803703422729,20.0,28.0,0.0083245897039322,64.0,3.17359914763022e-05,273.0,128.0,32.0,0.2,valendin,,e
ar_encoding__electronics__ar_bounded_32__e,LSTM,20,0.3062951293070297,0.4408176498564034,0.085591547191143,30.0,38.0,0.0092298715632045,256.0,0.0012916491332673,124.0,128.0,32.0,0.0,valendin,,e
ar_encoding__electronics__ar_bounded_52__a,LSTM,1,0.265820079206937,0.6088375178656859,0.08861065443073,24.0,32.0,0.004720207728784,128.0,1.6944873988989703e-05,175.0,128.0,32.0,0.2,valendin,,a
ar_encoding__electronics__ar_bounded_52__a,LSTM,2,0.3040554688330907,0.6559958128933744,0.0862186569720506,56.0,64.0,0.0020327123169534,256.0,0.0004483198948174,228.0,64.0,32.0,0.2,valendin,,a
ar_encoding__electronics__ar_bounded_52__a,LSTM,3,0.2591025532873722,0.5372198274915568,0.0897945669981149,23.0,31.0,0.0021653505842702,64.0,6.569336836120548e-06,312.0,128.0,32.0,0.2,valendin,,a
ar_encoding__electronics__ar_bounded_52__a,LSTM,4,0.260377990723211,0.2961950733615895,0.088786238006183,34.0,42.0,0.002862817644937,128.0,2.165088553677221e-05,245.0,64.0,64.0,0.0,valendin,,a
ar_encoding__electronics__ar_bounded_52__a,LSTM,5,0.2529663421079787,0.603728729038649,0.0900447930280978,19.0,27.0,0.0026699164451279,64.0,0.0008640472840089,260.0,128.0,64.0,0.0,valendin,,a
ar_encoding__electronics__ar_bounded_52__a,LSTM,6,0.2470127543134895,0.4956665182199508,0.0884616960372243,17.0,25.0,0.0052315840394429,128.0,0.0001685300612934,126.0,128.0,128.0,0.2,valendin,,a
ar_encoding__electronics__ar_bounded_52__a,LSTM,7,0.2166343414556418,0.5136250996296685,0.0878545138984918,29.0,37.0,0.0046936226634291,256.0,1.848620390607201e-05,120.0,64.0,32.0,0.0,valendin,,a
ar_encoding__electronics__ar_bounded_52__a,LSTM,8,0.2527170435931097,0.4425146541983094,0.0894811399854146,14.0,22.0,0.0059597728207528,64.0,0.0007814273698723,195.0,32.0,64.0,0.0,valendin,,a
ar_encoding__electronics__ar_bounded_52__a,LSTM,9,0.2814241394355737,0.5064276965466151,0.0882573146373033,30.0,38.0,0.0018387916493015,256.0,9.192261001579126e-05,124.0,64.0,64.0,0.0,valendin,,a
ar_encoding__electronics__ar_bounded_52__a,LSTM,10,0.2061205094909874,0.3506955221774839,0.0886110599551882,22.0,30.0,0.0042623639854296,128.0,3.824904000625222e-06,161.0,128.0,64.0,0.2,valendin,,a
ar_encoding__electronics__ar_bounded_52__a,LSTM,11,0.2458001377087599,0.6991286076638112,0.0892016707131495,26.0,34.0,0.0022140733101647,64.0,3.824696647311639e-05,351.0,128.0,32.0,0.0,valendin,,a
ar_encoding__electronics__ar_bounded_52__a,LSTM,12,0.2885151118921383,0.6545602561065345,0.0890685701026366,15.0,23.0,0.0046226972127571,64.0,0.0001732181177303,208.0,32.0,32.0,0.0,valendin,,a
ar_encoding__electronics__ar_bounded_52__a,LSTM,13,0.3035711040380054,0.7893641844429632,0.0894750282168388,23.0,31.0,0.0033046018664273,64.0,3.954289047195056e-06,312.0,128.0,32.0,0.0,valendin,,a
ar_encoding__electronics__ar_bounded_52__a,LSTM,14,0.2810206748307964,0.3265535088170847,0.0880138147622346,35.0,43.0,0.0024083414055478,256.0,0.0004156268644708,144.0,32.0,128.0,0.0,valendin,,a
ar_encoding__electronics__ar_bounded_52__a,LSTM,15,0.2014301425686482,0.3775786007367029,0.0904334264879043,28.0,36.0,0.0017880293596757,64.0,2.78524837903356e-06,377.0,128.0,64.0,0.0,valendin,,a
ar_encoding__electronics__ar_bounded_52__a,LSTM,16,0.2570959416220726,0.8901199065699988,0.0884279033967426,35.0,43.0,0.0043010977359854,128.0,0.0029943426210887,252.0,128.0,64.0,0.2,valendin,,a
ar_encoding__electronics__ar_bounded_52__a,LSTM,17,0.2841022797777811,0.5683914859171487,0.089746994467882,18.0,26.0,0.0018744574172577,64.0,0.0001213195322274,247.0,64.0,64.0,0.0,valendin,,a
ar_encoding__electronics__ar_bounded_52__a,LSTM,18,0.2322391964920881,0.491541952949132,0.0892422503003707,18.0,26.0,0.008253523480647,64.0,0.0022860500513928,247.0,32.0,32.0,0.2,valendin,,a
ar_encoding__electronics__ar_bounded_52__a,LSTM,19,0.1822955608964231,0.7673746519743792,0.0862897038459777,30.0,38.0,0.0043540152110987,256.0,4.270250766408908e-06,124.0,128.0,32.0,0.0,valendin,,a
ar_encoding__electronics__ar_bounded_52__a,LSTM,20,0.1337892383907598,0.2621436105788418,0.089210954095636,15.0,23.0,0.0060015596558585,128.0,0.0070978627580406,112.0,32.0,64.0,0.2,valendin,,a
ar_encoding__electronics__ar_bounded_52__b,LSTM,1,0.2371884587715648,0.2045068900547744,0.0904224347323179,12.0,20.0,0.0014109690116861,256.0,0.0008388717734768,52.0,128.0,64.0,0.0,valendin,,b
ar_encoding__electronics__ar_bounded_52__b,LSTM,2,0.2969967215997956,0.496632783642047,0.0892381854355335,21.0,29.0,0.0015083445972464,64.0,0.0001140186565948,286.0,128.0,64.0,0.0,valendin,,b
ar_encoding__electronics__ar_bounded_52__b,LSTM,3,-0.2331071747606296,0.2154472650916801,0.09027985855937,10.0,18.0,0.0020418819071599,256.0,1.1151700396753252e-05,44.0,128.0,32.0,0.0,valendin,,b
ar_encoding__electronics__ar_bounded_52__b,LSTM,4,0.2772946043375431,0.9484736357278968,0.089594691991806,10.0,18.0,0.0020312065152233,64.0,2.4819843631872704e-05,143.0,128.0,64.0,0.0,valendin,,b
ar_encoding__electronics__ar_bounded_52__b,LSTM,5,0.2427536209459296,0.340553594996813,0.0883903396981103,35.0,43.0,0.0056691470038227,128.0,0.0006400122924443,252.0,64.0,32.0,0.0,valendin,,b
ar_encoding__electronics__ar_bounded_52__b,LSTM,6,0.2696943660631261,0.3969416145471914,0.0872706789523363,34.0,42.0,0.0074570836296802,256.0,0.0013286191048561,140.0,128.0,64.0,0.0,valendin,,b
ar_encoding__electronics__ar_bounded_52__b,LSTM,7,0.3104252976090978,0.7151958596917066,0.0873021132179669,37.0,45.0,0.0022211851513162,128.0,0.0006184699854258,266.0,64.0,32.0,0.0,valendin,,b
ar_encoding__electronics__ar_bounded_52__b,LSTM,8,0.2164643697361244,0.5959040754984822,0.0888851817165102,25.0,33.0,0.0050744956885593,128.0,0.0008983297557702,182.0,128.0,32.0,0.0,valendin,,b
ar_encoding__electronics__ar_bounded_52__b,LSTM,9,0.313630969699311,0.8231333833423289,0.090279924754913,12.0,20.0,0.0053791333095586,64.0,0.0002273907522682,169.0,128.0,32.0,0.0,valendin,,b
ar_encoding__electronics__ar_bounded_52__b,LSTM,10,0.2387891693848643,0.4338520550305958,0.0886820544089589,23.0,31.0,0.0038652870629716,128.0,1.131245074686312e-06,168.0,64.0,32.0,0.2,valendin,,b
ar_encoding__electronics__ar_bounded_52__b,LSTM,11,-0.1997837650899287,0.1712414727403508,0.0907575301826,9.0,17.0,0.0029572711068773,256.0,8.805116609015542e-05,40.0,128.0,32.0,0.2,valendin,,b
ar_encoding__electronics__ar_bounded_52__b,LSTM,12,0.2433817022332863,0.879763863224829,0.0881328103797776,39.0,47.0,0.0048149126980102,128.0,8.669037232636085e-05,280.0,128.0,32.0,0.2,valendin,,b
ar_encoding__electronics__ar_bounded_52__b,LSTM,13,0.1263597590362455,0.3904013011917642,0.0894751325249672,41.0,49.0,0.0047396327206144,128.0,0.00020270443613,294.0,128.0,32.0,0.2,valendin,,b
ar_encoding__electronics__ar_bounded_52__b,LSTM,14,0.2887642720724134,0.6761154971163863,0.0890271674309458,22.0,30.0,0.0040251232185167,128.0,0.000135505339584,161.0,128.0,64.0,0.0,valendin,,b
ar_encoding__electronics__ar_bounded_52__b,LSTM,15,0.1208157637886372,0.2598093167915077,0.0883306693285703,29.0,37.0,0.0027716981570335,256.0,2.0511398145701704e-05,120.0,128.0,64.0,0.2,valendin,,b
ar_encoding__electronics__ar_bounded_52__b,LSTM,16,0.2568483026820362,0.4545899329478873,0.087237574160099,32.0,40.0,0.0054478012933376,256.0,8.086784149503378e-05,132.0,128.0,32.0,0.0,valendin,,b
ar_encoding__electronics__ar_bounded_52__b,LSTM,17,0.266266438166868,0.6592944651115524,0.0896575382122626,7.0,15.0,0.0037424531349786,64.0,5.591914580831191e-06,104.0,64.0,32.0,0.0,valendin,,b
ar_encoding__electronics__ar_bounded_52__b,LSTM,18,-0.1546143467348437,0.1745463798028327,0.091075699776411,10.0,18.0,0.0044957234436596,256.0,0.0075169092208676,44.0,32.0,64.0,0.0,valendin,,b
ar_encoding__electronics__ar_bounded_52__b,LSTM,19,0.2645043392905435,0.6414722279780125,0.0902011274145199,27.0,35.0,0.0062396927334918,64.0,0.0040983268924763,364.0,128.0,32.0,0.2,valendin,,b
ar_encoding__electronics__ar_bounded_52__b,LSTM,20,0.2163649227752674,0.5921006909714289,0.0898214928232706,20.0,28.0,0.0017127600092421,64.0,0.0016951366713894,273.0,128.0,64.0,0.0,valendin,,b
ar_encoding__electronics__ar_bounded_52__c,LSTM,1,0.2073145245918665,0.3206300379399168,0.0865989811718463,53.0,61.0,0.0053643322090313,256.0,0.0019401285604522,216.0,128.0,64.0,0.2,valendin,,c
ar_encoding__electronics__ar_bounded_52__c,LSTM,2,0.1568480508150092,0.2619939095085957,0.0863839350640773,47.0,55.0,0.0043728614239766,256.0,0.0089792480059074,192.0,32.0,64.0,0.0,valendin,,c
ar_encoding__electronics__ar_bounded_52__c,LSTM,3,0.2731947480164055,0.6553612389023862,0.0887389237490984,16.0,24.0,0.0018083610821272,64.0,0.0004431450924188,221.0,64.0,32.0,0.0,valendin,,c
ar_encoding__electronics__ar_bounded_52__c,LSTM,4,0.2736930070805794,0.5307784097705394,0.089293466082641,28.0,36.0,0.0098939532334443,128.0,0.0013954207748308,203.0,128.0,32.0,0.0,valendin,,c
ar_encoding__electronics__ar_bounded_52__c,LSTM,5,-0.1533842154757018,0.1994939493573596,0.0902410093694925,9.0,17.0,0.007130162501934,256.0,0.0019579667693217,40.0,32.0,32.0,0.2,valendin,,c
ar_encoding__electronics__ar_bounded_52__c,LSTM,6,0.2270068697178951,0.4276379367597727,0.0883099819932665,35.0,43.0,0.0033847898977247,128.0,4.07549219134513e-05,252.0,64.0,32.0,0.2,valendin,,c
ar_encoding__electronics__ar_bounded_52__c,LSTM,7,0.2195256364877562,0.3581691020034581,0.0894966730131552,19.0,27.0,0.0044215197144244,64.0,1.1826895964788145e-06,260.0,64.0,32.0,0.2,valendin,,c
ar_encoding__electronics__ar_bounded_52__c,LSTM,8,0.258658104729554,0.4916655054221269,0.0895414137496398,27.0,35.0,0.0010670292288156,64.0,1.6820376246295317e-06,364.0,128.0,32.0,0.0,valendin,,c
ar_encoding__electronics__ar_bounded_52__c,LSTM,9,0.224360930546445,0.6976783153537983,0.089972695765587,12.0,20.0,0.004574005786081,64.0,0.0065539343088242,169.0,128.0,64.0,0.0,valendin,,c
ar_encoding__electronics__ar_bounded_52__c,LSTM,10,0.2002714075624448,0.3691747927936992,0.0891050259981836,25.0,33.0,0.002936986906871,128.0,0.0092441602150466,182.0,128.0,64.0,0.0,valendin,,c
ar_encoding__electronics__ar_bounded_52__c,LSTM,11,0.1317070845768902,0.2639299517320723,0.0883383620530366,35.0,43.0,0.0027032409782098,256.0,8.903126280752343e-05,144.0,64.0,32.0,0.2,valendin,,c
ar_encoding__electronics__ar_bounded_52__c,LSTM,12,0.2884876043515345,0.5387098994903615,0.0887187240788569,22.0,30.0,0.0040532072861054,64.0,5.414738855410379e-05,299.0,32.0,64.0,0.0,valendin,,c
ar_encoding__electronics__ar_bounded_52__c,LSTM,13,0.2575564742747085,0.5830403438716922,0.0886849548135485,33.0,41.0,0.0027848057613218,128.0,1.0361544475140685e-06,238.0,64.0,32.0,0.0,valendin,,c
ar_encoding__electronics__ar_bounded_52__c,LSTM,14,0.2378227860763305,0.4851993346118621,0.0895666170578736,17.0,25.0,0.0044697389891581,64.0,0.0003531424639251,234.0,64.0,32.0,0.2,valendin,,c
ar_encoding__electronics__ar_bounded_52__c,LSTM,15,0.2004396306441366,0.3774449800382906,0.0899441412517002,18.0,26.0,0.005348382654964,128.0,3.0321910431602563e-06,133.0,128.0,32.0,0.0,valendin,,c
ar_encoding__electronics__ar_bounded_52__c,LSTM,16,0.1814575655650178,0.3461905650755135,0.0871088448911905,38.0,46.0,0.0022270742862594,256.0,2.0049835995277013e-05,156.0,32.0,64.0,0.2,valendin,,c
ar_encoding__electronics__ar_bounded_52__c,LSTM,17,0.1633447816614366,0.3674888793720847,0.0893242965851511,18.0,26.0,0.007255524991152,128.0,3.603270035819164e-05,133.0,32.0,64.0,0.0,valendin,,c
ar_encoding__electronics__ar_bounded_52__c,LSTM,18,0.1865464252420465,0.8471512994914203,0.0894954668787809,22.0,30.0,0.0091651488588643,64.0,0.0025972984849087,299.0,128.0,64.0,0.2,valendin,,c
ar_encoding__electronics__ar_bounded_52__c,LSTM,19,0.2201016543525097,0.3750324265042789,0.089385140973788,23.0,31.0,0.0019809377021444,64.0,0.0001982310644871,312.0,64.0,32.0,0.2,valendin,,c
ar_encoding__electronics__ar_bounded_52__c,LSTM,20,0.2697860981881173,0.5994780121330645,0.0898686558581315,11.0,19.0,0.0016459221150604,64.0,0.000117807848023,156.0,64.0,64.0,0.0,valendin,,c
ar_encoding__electronics__ar_bounded_52__d,LSTM,1,0.215542587178315,0.7517348687698007,0.0896432537298936,21.0,29.0,0.0013366770944878,64.0,3.135826038348312e-06,286.0,128.0,64.0,0.0,valendin,,d
ar_encoding__electronics__ar_bounded_52__d,LSTM,2,0.2830817209515348,0.4488441848598092,0.0878660966243062,24.0,32.0,0.0037573611573374,128.0,0.0005661677484662,175.0,64.0,32.0,0.0,valendin,,d
ar_encoding__electronics__ar_bounded_52__d,LSTM,3,-0.1618384448013317,0.1618406849069951,0.0910605434328317,15.0,23.0,0.0011230651147214,256.0,0.0015994317859408,64.0,128.0,32.0,0.2,valendin,,d
ar_encoding__electronics__ar_bounded_52__d,LSTM,4,0.2754924026892377,0.6992903267262864,0.0893934392012082,29.0,37.0,0.0010951605655756,64.0,0.0002422436042468,390.0,128.0,32.0,0.2,valendin,,d
ar_encoding__electronics__ar_bounded_52__d,LSTM,5,0.195637927461688,0.3286301441842642,0.0899134083436085,19.0,27.0,0.004003135836568,64.0,0.0005631359542366,260.0,32.0,64.0,0.2,valendin,,d
ar_encoding__electronics__ar_bounded_52__d,LSTM,6,0.1797996508509233,0.2564256085156716,0.0893259014074619,44.0,52.0,0.0067015599300553,64.0,1.1436163859110935e-05,585.0,32.0,32.0,0.2,valendin,,d
ar_encoding__electronics__ar_bounded_52__d,LSTM,7,0.3033612758222305,0.6139701478898779,0.0890002005866595,30.0,38.0,0.0035490759589591,128.0,0.0057499733621323,217.0,128.0,64.0,0.0,valendin,,d
ar_encoding__electronics__ar_bounded_52__d,LSTM,8,0.2845563014802371,0.7304422919085951,0.0897514754189894,13.0,21.0,0.0030768666447798,64.0,0.003737411773433,182.0,128.0,64.0,0.0,valendin,,d
ar_encoding__electronics__ar_bounded_52__d,LSTM,9,0.2405339299662535,0.3576140302345824,0.0893458961867369,30.0,38.0,0.0025331456504042,64.0,0.0012636290192556,403.0,32.0,32.0,0.0,valendin,,d
ar_encoding__electronics__ar_bounded_52__d,LSTM,10,0.2507992867486669,0.4598764508689695,0.0882152159299169,19.0,27.0,0.0058979748477416,128.0,0.0007751505209255,140.0,128.0,128.0,0.2,valendin,,d
ar_encoding__electronics__ar_bounded_52__d,LSTM,11,0.1650595164074534,0.418337317837383,0.0905748373613907,27.0,35.0,0.0015748606643652,64.0,0.0002883678043235,364.0,128.0,32.0,0.2,valendin,,d
ar_encoding__electronics__ar_bounded_52__d,LSTM,12,0.2284024211469635,0.369277302187083,0.0898927238125067,25.0,33.0,0.0017357470009894,64.0,1.0052545306577738e-06,338.0,128.0,64.0,0.2,valendin,,d
ar_encoding__electronics__ar_bounded_52__d,LSTM,13,0.2954584242122264,0.7357718287787736,0.0893138205775847,30.0,38.0,0.0020873687595296,64.0,4.6627535744301935e-05,403.0,128.0,64.0,0.0,valendin,,d
ar_encoding__electronics__ar_bounded_52__d,LSTM,14,0.0988439446760328,0.2591935371207206,0.0884105414152145,35.0,43.0,0.0054995381444493,256.0,7.347664815010607e-05,144.0,64.0,32.0,0.2,valendin,,d
ar_encoding__electronics__ar_bounded_52__d,LSTM,15,0.2333137203477416,0.6023769985358881,0.0863266196101903,40.0,48.0,0.0033197681938509,256.0,0.0012465706386694,164.0,64.0,32.0,0.0,valendin,,d
ar_encoding__electronics__ar_bounded_52__d,LSTM,16,0.2272133508888806,0.5302647329887927,0.0893892499689872,19.0,27.0,0.0027103966170095,64.0,0.0057292878861539,260.0,128.0,64.0,0.2,valendin,,d
ar_encoding__electronics__ar_bounded_52__d,LSTM,17,0.2783797459744058,0.7513170245371396,0.0898405210329936,28.0,36.0,0.0068510858604186,64.0,0.000608753799992,377.0,128.0,32.0,0.2,valendin,,d
ar_encoding__electronics__ar_bounded_52__d,LSTM,18,0.0829449983852641,0.255804136732878,0.0902368844701693,22.0,30.0,0.0042379826335064,64.0,7.858883711584473e-05,299.0,128.0,32.0,0.0,valendin,,d
ar_encoding__electronics__ar_bounded_52__d,LSTM,19,0.2498132335597401,0.4225722715871158,0.0896238727228982,29.0,37.0,0.0038563990925367,128.0,7.004518302215076e-06,210.0,64.0,64.0,0.2,valendin,,d
ar_encoding__electronics__ar_bounded_52__d,LSTM,20,0.1533613197414441,0.3195105011473271,0.0902962461113929,13.0,21.0,0.0058143950405989,64.0,0.0039742907102064,182.0,32.0,32.0,0.2,valendin,,d
ar_encoding__electronics__ar_bounded_52__e,LSTM,1,0.0313085411814225,0.4207191718919189,0.090134713266577,18.0,26.0,0.0092738863594116,128.0,1.071934519220613e-05,133.0,128.0,32.0,0.2,valendin,,e
ar_encoding__electronics__ar_bounded_52__e,LSTM,2,0.2300041115709691,0.4339564106100605,0.0895524368836329,16.0,24.0,0.0036616028394202,64.0,0.000439887894909,221.0,128.0,64.0,0.2,valendin,,e
ar_encoding__electronics__ar_bounded_52__e,LSTM,3,-0.0169620171547007,0.2408385183404323,0.0892669856548309,21.0,29.0,0.0095175855795402,256.0,4.2254796706301686e-06,88.0,128.0,32.0,0.0,valendin,,e
ar_encoding__electronics__ar_bounded_52__e,LSTM,4,0.2279984925637035,0.5140334581841292,0.0896993692104633,17.0,25.0,0.0050122953009436,64.0,2.504274471784221e-05,234.0,128.0,32.0,0.2,valendin,,e
ar_encoding__electronics__ar_bounded_52__e,LSTM,5,0.2098887275415851,0.3409206823418038,0.0893407741991373,24.0,32.0,0.0075426906867086,64.0,2.729018983429963e-05,325.0,32.0,32.0,0.2,valendin,,e
ar_encoding__electronics__ar_bounded_52__e,LSTM,6,0.2636929081870197,0.7345229451440829,0.0895480939320155,31.0,39.0,0.00608180680158,128.0,1.7769870177399205e-05,224.0,128.0,64.0,0.2,valendin,,e
ar_encoding__electronics__ar_bounded_52__e,LSTM,7,0.2445086668978884,0.8909396398967743,0.0881639538066727,29.0,37.0,0.0035662604014621,128.0,1.640307948461288e-06,210.0,128.0,32.0,0.0,valendin,,e
ar_encoding__electronics__ar_bounded_52__e,LSTM,8,0.2548728317262816,0.903641307641156,0.0891454053612855,37.0,45.0,0.0020424489157674,64.0,0.0049780636898178,494.0,128.0,64.0,0.2,valendin,,e
ar_encoding__electronics__ar_bounded_52__e,LSTM,9,0.2342627657353464,0.3832607096234919,0.0894091120706154,25.0,33.0,0.0013846260772968,64.0,1.8469532173434457e-06,338.0,64.0,32.0,0.0,valendin,,e
ar_encoding__electronics__ar_bounded_52__e,LSTM,10,0.2675618968742853,0.2954269323881704,0.089521213219716,22.0,30.0,0.0035896961532574,64.0,2.1265433306845988e-05,299.0,32.0,32.0,0.2,valendin,,e
ar_encoding__electronics__ar_bounded_52__e,LSTM,11,0.246598963867408,0.4500475835555235,0.0889386971082006,24.0,32.0,0.005328049262611,128.0,0.0046825819998091,175.0,32.0,32.0,0.2,valendin,,e
ar_encoding__electronics__ar_bounded_52__e,LSTM,12,0.15730690666335,0.4742520492507653,0.0897860610141204,15.0,23.0,0.0028348705190619,64.0,0.0068974426896172,208.0,128.0,32.0,0.0,valendin,,e
ar_encoding__electronics__ar_bounded_52__e,LSTM,13,0.2734769219572456,0.7507463887882854,0.08797701554639,25.0,33.0,0.0031564903425135,128.0,4.432461212992611e-05,182.0,64.0,32.0,0.0,valendin,,e
ar_encoding__electronics__ar_bounded_52__e,LSTM,14,-0.1352018792634436,1.0434809048245133,0.0891261373001795,20.0,28.0,0.0052788677428846,64.0,4.8896855292916725e-05,273.0,64.0,32.0,0.0,valendin,,e
ar_encoding__electronics__ar_bounded_52__e,LSTM,15,0.0880636032957568,0.201697910527588,0.0890723597258329,32.0,40.0,0.0032181325750186,256.0,0.0059873336705045,132.0,64.0,32.0,0.2,valendin,,e
ar_encoding__electronics__ar_bounded_52__e,LSTM,16,0.2607232478484095,0.6011686087750135,0.0885810596602303,22.0,30.0,0.0032124154325553,128.0,8.20016580327351e-05,161.0,128.0,32.0,0.0,valendin,,e
ar_encoding__electronics__ar_bounded_52__e,LSTM,17,-0.2171260519135468,0.1621933816673189,0.0898419823497533,9.0,17.0,0.0048611499486249,256.0,1.2265048628960883e-06,40.0,64.0,32.0,0.0,valendin,,e
ar_encoding__electronics__ar_bounded_52__e,LSTM,18,0.3282396145498961,0.5552127570896339,0.0896009246890361,19.0,27.0,0.0034338086713302,64.0,7.782384099240998e-05,260.0,32.0,32.0,0.0,valendin,,e
ar_encoding__electronics__ar_bounded_52__e,LSTM,19,0.251697710033234,0.528630053360989,0.0895123100624634,18.0,26.0,0.0012316928412595,64.0,5.592526928652157e-06,247.0,128.0,128.0,0.0,valendin,,e
ar_encoding__electronics__ar_bounded_52__e,LSTM,20,0.2928881874829527,0.6252122927588318,0.0882216936775616,30.0,38.0,0.0023869725478996,128.0,2.021555013643163e-06,217.0,128.0,64.0,0.2,valendin,,e
ar_encoding__electronics__ar_log__a,LSTM,1,0.3018071426307571,2.963975979504116,0.0890595157231603,14.0,22.0,0.0069980810416452,128.0,0.0020694031973234,105.0,128.0,128.0,0.2,valendin,,a
ar_encoding__electronics__ar_log__a,LSTM,2,0.2939600387451179,2.7407701255130927,0.0890669965973267,6.0,14.0,0.0096072504569749,64.0,0.0006352789286131,91.0,64.0,128.0,0.0,valendin,,a
ar_encoding__electronics__ar_log__a,LSTM,3,0.3033623716886099,8.31411379944651,0.0884170808962413,22.0,30.0,0.0061010109328743,128.0,1.0187627995191449e-05,161.0,32.0,64.0,0.0,valendin,,a
ar_encoding__electronics__ar_log__a,LSTM,4,0.3076558500916307,5.4388750061236415,0.0884602926671505,11.0,19.0,0.0090065509143388,256.0,0.0017078367302503,48.0,32.0,64.0,0.0,valendin,,a
ar_encoding__electronics__ar_log__a,LSTM,5,0.252017907998185,2.9322444341346032,0.0895439200103282,6.0,14.0,0.0032756097280089,256.0,0.0002013136945699,28.0,128.0,64.0,0.2,valendin,,a
ar_encoding__electronics__ar_log__a,LSTM,6,0.2949733310503358,3.113995428562382,0.0873946313347135,11.0,19.0,0.0096274373450904,128.0,3.719999891386089e-05,84.0,128.0,64.0,0.0,valendin,,a
ar_encoding__electronics__ar_log__a,LSTM,7,0.292815660377507,3.797699148436842,0.0884851132120404,20.0,28.0,0.0063205353012279,128.0,0.000747825355501,147.0,32.0,128.0,0.0,valendin,,a
ar_encoding__electronics__ar_log__a,LSTM,8,0.3096812246167041,4.602344713494491,0.0897073969244957,22.0,30.0,0.008160005086718,64.0,0.0019740555830439,299.0,128.0,32.0,0.0,valendin,,a
ar_encoding__electronics__ar_log__a,LSTM,9,0.3023920888602083,3.2088177329876686,0.0881855636835098,21.0,29.0,0.0032957838533602,128.0,0.0076853264292107,154.0,128.0,128.0,0.2,valendin,,a
ar_encoding__electronics__ar_log__a,LSTM,10,0.3043777795926501,2.2871051535266047,0.0854139644652605,28.0,36.0,0.0092920866837519,256.0,2.423162345496873e-05,116.0,128.0,128.0,0.2,valendin,,a
ar_encoding__electronics__ar_log__a,LSTM,11,0.2966193860736566,2.967758735432048,0.0858705434948206,29.0,37.0,0.0087562611430174,256.0,4.247454521263993e-05,120.0,64.0,128.0,0.2,valendin,,a
ar_encoding__electronics__ar_log__a,LSTM,12,0.3072603438882834,3.0082195862658807,0.0881954910499709,23.0,31.0,0.0042931881885247,128.0,7.66000554989199e-05,168.0,128.0,128.0,0.2,valendin,,a
ar_encoding__electronics__ar_log__a,LSTM,13,0.2966389526745047,6.096576586023881,0.087604871019721,10.0,18.0,0.0031624109865232,256.0,5.1177108279753885e-05,44.0,32.0,128.0,0.2,valendin,,a
ar_encoding__electronics__ar_log__a,LSTM,14,0.3084365172796302,2.0834719383477864,0.0867391712963581,30.0,38.0,0.0058896812543607,256.0,0.000342492762461,124.0,128.0,128.0,0.2,valendin,,a
ar_encoding__electronics__ar_log__a,LSTM,15,0.2967740686598577,3.804293628475024,0.0884189363569021,7.0,15.0,0.0037380699718037,256.0,0.0001151554996763,32.0,64.0,128.0,0.2,valendin,,a
ar_encoding__electronics__ar_log__a,LSTM,16,0.2786837597043108,2.17850162093164,0.0879199877381324,13.0,21.0,0.0091558405056755,128.0,8.643065768921798e-06,98.0,128.0,128.0,0.2,valendin,,a
ar_encoding__electronics__ar_log__a,LSTM,17,0.2950825386361724,3.774784718162299,0.0868941598704883,34.0,42.0,0.0066336223747387,128.0,3.472093278845832e-06,245.0,128.0,128.0,0.2,valendin,,a
ar_encoding__electronics__ar_log__a,LSTM,18,0.3003121295816583,2.4683028879414324,0.085177794098854,25.0,33.0,0.009372604357766,256.0,0.0018701526444454,104.0,64.0,128.0,0.0,valendin,,a
ar_encoding__electronics__ar_log__a,LSTM,19,0.2879646360569922,2.876969224272085,0.0872993894985744,19.0,27.0,0.0092479809853366,128.0,6.41668004666702e-06,140.0,128.0,128.0,0.2,valendin,,a
ar_encoding__electronics__ar_log__a,LSTM,20,0.3077856288620699,3.728081188747343,0.0858363546431064,34.0,42.0,0.0086719911723977,256.0,7.767250602273684e-06,140.0,128.0,32.0,0.2,valendin,,a
ar_encoding__electronics__ar_log__b,LSTM,1,0.2910591482972233,6.440811852449505,0.0879158172756433,10.0,18.0,0.0029348528324839,256.0,1.5814060519814927e-05,44.0,32.0,128.0,0.2,valendin,,b
ar_encoding__electronics__ar_log__b,LSTM,2,0.2933965273907351,7.883957232527067,0.0897770877927541,5.0,13.0,0.0043942865465593,256.0,0.0042898795983857,24.0,128.0,64.0,0.2,valendin,,b
ar_encoding__electronics__ar_log__b,LSTM,3,0.2796482612597121,12.501904253118392,0.0904238224029541,14.0,22.0,0.0046452852168488,128.0,8.738809850816807e-06,105.0,128.0,32.0,0.0,valendin,,b
ar_encoding__electronics__ar_log__b,LSTM,4,0.2894115400629419,2.6512930684153,0.0886133258732465,15.0,23.0,0.0088890319240926,64.0,0.0008492689507463,208.0,128.0,64.0,0.0,valendin,,b
ar_encoding__electronics__ar_log__b,LSTM,5,0.317829838860633,3.7481624812694254,0.0856256913393735,22.0,30.0,0.0095476674664792,256.0,3.382885723920883e-06,92.0,64.0,128.0,0.0,valendin,,b
ar_encoding__electronics__ar_log__b,LSTM,6,0.2971946997213723,3.1829864460798247,0.0887235451776247,11.0,19.0,0.0084338442721205,64.0,0.0001969693836395,156.0,64.0,128.0,0.2,valendin,,b
ar_encoding__electronics__ar_log__b,LSTM,7,0.3070145832078111,2.924649047983963,0.0854616109281778,22.0,30.0,0.008713202261833,256.0,1.046406679647386e-05,92.0,64.0,128.0,0.0,valendin,,b
ar_encoding__electronics__ar_log__b,LSTM,8,0.2967038897069056,5.571907982190372,0.0861366987228393,34.0,42.0,0.0077491061786074,256.0,2.0366619771314715e-05,140.0,32.0,128.0,0.0,valendin,,b
ar_encoding__electronics__ar_log__b,LSTM,9,0.2931624249672571,2.6602308489613504,0.0889284536242485,5.0,13.0,0.0096136888439233,64.0,1.1524834064485344e-06,78.0,128.0,128.0,0.0,valendin,,b
ar_encoding__electronics__ar_log__b,LSTM,10,0.2923320015707121,11.328462566517706,0.0869630109518766,27.0,35.0,0.0085736316184444,256.0,0.0002899218757713,112.0,64.0,32.0,0.2,valendin,,b
ar_encoding__electronics__ar_log__b,LSTM,11,0.2964050949509523,2.7973470776538605,0.0871767667787415,21.0,29.0,0.0082316360346773,128.0,0.0010975930584223,154.0,128.0,128.0,0.0,valendin,,b
ar_encoding__electronics__ar_log__b,LSTM,12,0.2546666962707487,10.840029613513243,0.0885691177099943,13.0,21.0,0.0011571200582995,256.0,0.0009857126297589,56.0,32.0,64.0,0.2,valendin,,b
ar_encoding__electronics__ar_log__b,LSTM,13,0.2863909005283145,3.461683700644161,0.0866469535976648,29.0,37.0,0.0094051773311851,256.0,0.0007182101496014,120.0,64.0,128.0,0.0,valendin,,b
ar_encoding__electronics__ar_log__b,LSTM,14,0.3054424832943194,3.716947702591089,0.0883205543671335,15.0,23.0,0.007191630677596,128.0,1.7031654286651434e-06,112.0,128.0,64.0,0.0,valendin,,b
ar_encoding__electronics__ar_log__b,LSTM,15,0.292544976115097,2.8873281139301925,0.0856238938868045,30.0,38.0,0.0089497213265263,256.0,0.0020627694031471,124.0,64.0,128.0,0.0,valendin,,b
ar_encoding__electronics__ar_log__b,LSTM,16,0.2949832657966542,2.6257245589857443,0.0856369156390428,29.0,37.0,0.0073587117329818,256.0,3.6254884122749576e-05,120.0,128.0,128.0,0.0,valendin,,b
ar_encoding__electronics__ar_log__b,LSTM,17,0.290990272000852,2.3227064647453006,0.0871430177773748,11.0,19.0,0.0095519610452658,128.0,0.0039660214416699,84.0,128.0,128.0,0.2,valendin,,b
ar_encoding__electronics__ar_log__b,LSTM,18,0.3043054881926565,3.450387010538393,0.0867563802748918,19.0,27.0,0.0065743087600898,256.0,6.41641490739233e-05,80.0,128.0,64.0,0.0,valendin,,b
ar_encoding__electronics__ar_log__b,LSTM,19,0.287204042010507,2.6163891369403838,0.088490637162557,6.0,14.0,0.008895995540675,64.0,2.3598810934799394e-06,91.0,128.0,128.0,0.0,valendin,,b
ar_encoding__electronics__ar_log__b,LSTM,20,0.2953454717495681,3.162182062897996,0.0886848428501532,7.0,15.0,0.0069100408480809,64.0,3.967636206433544e-06,104.0,32.0,128.0,0.2,valendin,,b
ar_encoding__electronics__ar_log__c,LSTM,1,0.3030368160071388,13.761294451948876,0.0877543836832046,23.0,31.0,0.0094042130336286,256.0,7.706131429868468e-05,96.0,32.0,32.0,0.0,valendin,,c
ar_encoding__electronics__ar_log__c,LSTM,2,0.3013191217483449,3.942644737685431,0.0871849451214075,26.0,34.0,0.0089686204469852,256.0,9.705752678019576e-06,108.0,64.0,64.0,0.0,valendin,,c
ar_encoding__electronics__ar_log__c,LSTM,3,0.3027540021694852,2.5620837504505354,0.0887898997618601,6.0,14.0,0.0086377097235243,64.0,0.0002026181650512,91.0,128.0,128.0,0.0,valendin,,c
ar_encoding__electronics__ar_log__c,LSTM,4,0.2977777764897898,2.7127317179249717,0.0889433739850154,18.0,26.0,0.0081841883309943,64.0,0.0019427985080974,247.0,64.0,128.0,0.0,valendin,,c
ar_encoding__electronics__ar_log__c,LSTM,5,0.3037550914739977,2.4081487366658214,0.0883462822863033,14.0,22.0,0.0069199134516762,128.0,1.1935827857817498e-05,105.0,128.0,128.0,0.2,valendin,,c
ar_encoding__electronics__ar_log__c,LSTM,6,0.2904749766417513,2.3084378351927874,0.0862823482602834,15.0,23.0,0.0090405252369413,256.0,2.0389622250507724e-06,64.0,128.0,128.0,0.2,valendin,,c
ar_encoding__electronics__ar_log__c,LSTM,7,0.2884650259420122,3.7658703934823055,0.0884209062371935,15.0,23.0,0.0097694826169927,128.0,1.5379905016172527e-05,112.0,64.0,128.0,0.0,valendin,,c
ar_encoding__electronics__ar_log__c,LSTM,8,0.3036137661116534,3.28000877394733,0.0875696529235158,18.0,26.0,0.0098081962338937,128.0,0.0005913673536458,133.0,128.0,64.0,0.0,valendin,,c
ar_encoding__electronics__ar_log__c,LSTM,9,0.3073307055319786,3.089000971626761,0.0891294356148976,8.0,16.0,0.0096062921887618,64.0,3.606278229074779e-06,117.0,128.0,64.0,0.0,valendin,,c
ar_encoding__electronics__ar_log__c,LSTM,10,0.2900771992722321,4.876395685628965,0.0861567147076129,9.0,17.0,0.0034115905151845,256.0,3.713671547308641e-06,40.0,32.0,128.0,0.2,valendin,,c
ar_encoding__electronics__ar_log__c,LSTM,11,0.2971132689264066,1.9805424206618267,0.0884482679622513,15.0,23.0,0.0081575797515356,128.0,8.158260251137686e-06,112.0,128.0,128.0,0.2,valendin,,c
ar_encoding__electronics__ar_log__c,LSTM,12,0.2845038721241158,3.303709210536703,0.0883847039479475,7.0,15.0,0.0093799474459516,64.0,1.1723017024595287e-06,104.0,128.0,128.0,0.0,valendin,,c
ar_encoding__electronics__ar_log__c,LSTM,13,0.233811435865919,7.374888983091843,0.0895693842321634,7.0,15.0,0.008293524414915,256.0,6.269964202455737e-05,32.0,32.0,64.0,0.2,valendin,,c
ar_encoding__electronics__ar_log__c,LSTM,14,0.2834063105805686,5.766155242587447,0.0874467156827449,5.0,13.0,0.003077913231598,256.0,0.0031997209545592,24.0,32.0,128.0,0.0,valendin,,c
ar_encoding__electronics__ar_log__c,LSTM,15,0.291889396310478,2.987379509603564,0.0881690466060088,11.0,19.0,0.0093511500148542,64.0,3.986446297592269e-06,156.0,128.0,128.0,0.0,valendin,,c
ar_encoding__electronics__ar_log__c,LSTM,16,0.2858391325544832,3.446688744600784,0.0889077702393898,21.0,29.0,0.0043034217069579,64.0,0.0015576991145059,286.0,128.0,64.0,0.0,valendin,,c
ar_encoding__electronics__ar_log__c,LSTM,17,0.2931090381991695,4.488971676029808,0.0882038314427648,23.0,31.0,0.0054488087465636,128.0,3.149133950464916e-05,168.0,32.0,128.0,0.2,valendin,,c
ar_encoding__electronics__ar_log__c,LSTM,18,0.2886697933627251,6.973225454923823,0.0874790623784065,31.0,39.0,0.0070306204088543,256.0,0.0065192764773877,128.0,64.0,32.0,0.2,valendin,,c
ar_encoding__electronics__ar_log__c,LSTM,19,0.2944131301473657,4.092511271027096,0.0886660831478925,10.0,18.0,0.0095597002622829,64.0,5.777743958171111e-05,143.0,128.0,32.0,0.0,valendin,,c
ar_encoding__electronics__ar_log__c,LSTM,20,0.2923719139493552,7.878062255893166,0.0878237690776586,22.0,30.0,0.0048083329878081,256.0,6.525056292884853e-06,92.0,32.0,64.0,0.0,valendin,,c
ar_encoding__electronics__ar_log__d,LSTM,1,0.2828750065113511,4.000295589244455,0.0883714109659195,32.0,40.0,0.0051365542507031,128.0,0.0009171921652586,231.0,32.0,128.0,0.2,valendin,,d
ar_encoding__electronics__ar_log__d,LSTM,2,0.2548826233857311,11.43193135082827,0.0891858432441949,8.0,16.0,0.0021762447962932,256.0,0.0006391019308567,36.0,32.0,64.0,0.0,valendin,,d
ar_encoding__electronics__ar_log__d,LSTM,3,0.3003435043345122,9.23511605059188,0.0896204507776669,27.0,35.0,0.0043459999104593,128.0,0.0016745891411211,196.0,128.0,32.0,0.2,valendin,,d
ar_encoding__electronics__ar_log__d,LSTM,4,0.2871304085784117,3.0503103649875,0.0882352134929253,12.0,20.0,0.0091773090063792,64.0,0.0004634245708289,169.0,128.0,128.0,0.2,valendin,,d
ar_encoding__electronics__ar_log__d,LSTM,5,0.2778093253590848,5.496077280972944,0.0890508033335208,6.0,14.0,0.0024872903434126,256.0,0.008248543058133,28.0,128.0,128.0,0.2,valendin,,d
ar_encoding__electronics__ar_log__d,LSTM,6,0.2978219508132979,11.43164483037241,0.0880640819668769,19.0,27.0,0.0068120139552892,256.0,1.7502896422294442e-06,80.0,32.0,64.0,0.0,valendin,,d
ar_encoding__electronics__ar_log__d,LSTM,7,0.3054947542240375,12.91007746363254,0.0886776018887758,39.0,47.0,0.0024873286846218,256.0,0.00179715856638,160.0,64.0,32.0,0.0,valendin,,d
ar_encoding__electronics__ar_log__d,LSTM,8,0.2980041875817869,3.042781850844894,0.0871627498418092,22.0,30.0,0.009426836086994,256.0,0.0001835636839128,92.0,32.0,128.0,0.2,valendin,,d
ar_encoding__electronics__ar_log__d,LSTM,9,0.2753503791109994,2.7372920086637618,0.0857013668864965,7.0,15.0,0.0022248253961286,256.0,7.81598872079797e-06,32.0,32.0,128.0,0.2,valendin,,d
ar_encoding__electronics__ar_log__d,LSTM,10,0.2921727829250095,2.9053596799277988,0.0879925042390823,13.0,21.0,0.0078159423642773,128.0,0.0002883869673268,98.0,64.0,128.0,0.0,valendin,,d
ar_encoding__electronics__ar_log__d,LSTM,11,0.2697790914334185,4.710320912531365,0.0883655864745378,7.0,15.0,0.0036099338371728,256.0,4.247070543016201e-06,32.0,64.0,128.0,0.2,valendin,,d
ar_encoding__electronics__ar_log__d,LSTM,12,0.2878994459590318,2.199549358628697,0.0862823780626058,30.0,38.0,0.0090604387881294,256.0,0.0005316908112919,124.0,128.0,128.0,0.2,valendin,,d
ar_encoding__electronics__ar_log__d,LSTM,13,0.3006431466834071,4.443299119420949,0.086619833484292,26.0,34.0,0.009630296148696,256.0,0.0096188130283232,108.0,64.0,64.0,0.0,valendin,,d
ar_encoding__electronics__ar_log__d,LSTM,14,0.2966469678081952,2.738994139354616,0.0875965420688901,15.0,23.0,0.008942103153419,128.0,0.0001580533476495,112.0,64.0,128.0,0.2,valendin,,d
ar_encoding__electronics__ar_log__d,LSTM,15,0.2894782989270801,3.690384172987316,0.0887636254940714,27.0,35.0,0.0049156340244026,128.0,2.840239227436075e-05,196.0,128.0,128.0,0.0,valendin,,d
ar_encoding__electronics__ar_log__d,LSTM,16,0.285747610396492,4.841159766073642,0.0864284355193376,25.0,33.0,0.0089393122418339,256.0,0.0018578912149862,104.0,32.0,128.0,0.2,valendin,,d
ar_encoding__electronics__ar_log__d,LSTM,17,0.3182502117441936,6.291539852575372,0.0889242086559534,7.0,15.0,0.0034090214539568,256.0,0.0093725382725317,32.0,64.0,128.0,0.0,valendin,,d
ar_encoding__electronics__ar_log__d,LSTM,18,0.2735470095216519,7.45417483950052,0.0881873127073049,9.0,17.0,0.0015211802919345,256.0,6.498086545060381e-06,40.0,32.0,128.0,0.0,valendin,,d
ar_encoding__electronics__ar_log__d,LSTM,19,0.3152537080940673,5.902202372582443,0.0882509478500911,21.0,29.0,0.0096386849337357,128.0,0.0041456953552723,154.0,64.0,64.0,0.2,valendin,,d
ar_encoding__electronics__ar_log__d,LSTM,20,0.2915527533638498,2.119042741491107,0.0857944227755069,29.0,37.0,0.0083215889879766,256.0,4.940715850219899e-05,120.0,64.0,128.0,0.2,valendin,,d
ar_encoding__electronics__ar_log__e,LSTM,1,0.2919174555868929,3.149174704785964,0.0852815862745046,23.0,31.0,0.0093566324821802,256.0,0.000119657652126,96.0,64.0,128.0,0.2,valendin,,e
ar_encoding__electronics__ar_log__e,LSTM,2,0.2658837369355452,4.645626932820719,0.0895857755094766,7.0,15.0,0.001966623165213,256.0,0.0056951616785216,32.0,128.0,128.0,0.2,valendin,,e
ar_encoding__electronics__ar_log__e,LSTM,3,0.2934685230806944,3.0386525679185783,0.0877859645656177,17.0,25.0,0.0090254473419394,128.0,1.0521742260185487e-06,126.0,64.0,128.0,0.0,valendin,,e
ar_encoding__electronics__ar_log__e,LSTM,4,0.2887621319937099,5.813658966929381,0.0880388979400907,20.0,28.0,0.0097551638550838,128.0,0.0001535537534329,147.0,128.0,32.0,0.2,valendin,,e
ar_encoding__electronics__ar_log__e,LSTM,5,0.3029003825896096,4.453593687656357,0.0882339552044868,12.0,20.0,0.0015650920080601,256.0,3.561388330648048e-06,52.0,64.0,128.0,0.2,valendin,,e
ar_encoding__electronics__ar_log__e,LSTM,6,0.3034068889535945,1.994975289036955,0.0851788967847824,20.0,28.0,0.0099176489186615,256.0,2.684568701871333e-05,84.0,128.0,128.0,0.2,valendin,,e
ar_encoding__electronics__ar_log__e,LSTM,7,0.2859764606761003,3.908091011693077,0.0880025689091001,12.0,20.0,0.0095559202947659,128.0,0.003165926580248,91.0,128.0,64.0,0.2,valendin,,e
ar_encoding__electronics__ar_log__e,LSTM,8,0.300093572659482,4.242062486220102,0.0882226196782929,12.0,20.0,0.009083976987195,128.0,0.0001156761018135,91.0,128.0,64.0,0.0,valendin,,e
ar_encoding__electronics__ar_log__e,LSTM,9,0.2949627970294063,2.765099304116498,0.0868676038725035,24.0,32.0,0.0089293326618536,128.0,1.5502475357176614e-05,175.0,128.0,128.0,0.2,valendin,,e
ar_encoding__electronics__ar_log__e,LSTM,10,0.2946670220526763,5.577065225244026,0.0870912801474332,17.0,25.0,0.0061665926342155,256.0,1.4907724286133704e-06,72.0,32.0,128.0,0.0,valendin,,e
ar_encoding__electronics__ar_log__e,LSTM,11,0.253587829437797,4.159520253489165,0.0885842144489288,14.0,22.0,0.0004976379292153,256.0,3.2745762100105738e-06,60.0,64.0,128.0,0.0,valendin,,e
ar_encoding__electronics__ar_log__e,LSTM,12,0.2638680642745285,8.517237012310243,0.088834099471569,7.0,15.0,0.0013573140268043,256.0,9.002025740397724e-05,32.0,64.0,128.0,0.0,valendin,,e
ar_encoding__electronics__ar_log__e,LSTM,13,0.2858838707784765,2.205292242432308,0.0879196120159966,14.0,22.0,0.0087481072009866,128.0,1.1934901364982132e-05,105.0,128.0,128.0,0.2,valendin,,e
ar_encoding__electronics__ar_log__e,LSTM,14,0.2950795253423914,2.9117777279934622,0.0866209380328655,32.0,40.0,0.009835068399262,256.0,5.089365084030257e-06,132.0,32.0,128.0,0.0,valendin,,e
ar_encoding__electronics__ar_log__e,LSTM,15,0.2960937240285917,7.556259981429293,0.0864977668970823,16.0,24.0,0.0089360260064789,256.0,0.000112993151825,68.0,64.0,32.0,0.2,valendin,,e
ar_encoding__electronics__ar_log__e,LSTM,16,0.301611283994392,2.547930333054844,0.0889699453344712,16.0,24.0,0.0060799162783143,64.0,0.0001533980311694,221.0,128.0,128.0,0.2,valendin,,e
ar_encoding__electronics__ar_log__e,LSTM,17,0.2532825634593312,6.1542244665437815,0.0878242794424295,10.0,18.0,0.0055843602553861,256.0,3.4630987305219e-06,44.0,32.0,32.0,0.0,valendin,,e
ar_encoding__electronics__ar_log__e,LSTM,18,0.3177763356062839,4.889177401277913,0.0869729127734899,31.0,39.0,0.0092773387947666,256.0,0.0030216146829696,128.0,128.0,64.0,0.0,valendin,,e
ar_encoding__electronics__ar_log__e,LSTM,19,0.3050417690029711,5.494345877498412,0.0880602281540632,9.0,17.0,0.0043257141753929,256.0,0.0025982911212589,40.0,32.0,128.0,0.0,valendin,,e
ar_encoding__electronics__ar_log__e,LSTM,20,0.2975928611365301,2.421897084143188,0.0862267557531595,20.0,28.0,0.0099662191410369,256.0,0.008936236936993,84.0,128.0,128.0,0.0,valendin,,e
ar_encoding__electronics__ar_ratio__a,LSTM,1,0.2938249597121207,0.9516738846414876,0.0870394650846719,11.0,19.0,0.0036868836642057,256.0,4.485713027181166e-06,48.0,128.0,32.0,0.2,valendin,,a
ar_encoding__electronics__ar_ratio__a,LSTM,2,0.2951622364859266,1.4219334854131314,0.0869694668799638,8.0,16.0,0.0019401513739396,256.0,0.0048306369990404,36.0,128.0,128.0,0.2,valendin,,a
ar_encoding__electronics__ar_ratio__a,LSTM,3,0.3313399314556711,1.5740023940975791,0.0857986863702535,27.0,35.0,0.0091942957794802,256.0,4.388533912725844e-06,112.0,128.0,32.0,0.2,valendin,,a
ar_encoding__electronics__ar_ratio__a,LSTM,4,0.3154540253054493,0.8491737071616643,0.0860442537814378,8.0,16.0,0.0096251606888382,256.0,0.0009962540284489,36.0,32.0,32.0,0.2,valendin,,a
ar_encoding__electronics__ar_ratio__a,LSTM,5,0.28014666066036,1.397333942234346,0.0875610932707786,6.0,14.0,0.0029193870677185,256.0,3.907698218441919e-05,28.0,128.0,64.0,0.2,valendin,,a
ar_encoding__electronics__ar_ratio__a,LSTM,6,0.3136375899451645,1.2832525599224476,0.0868731569498777,8.0,16.0,0.0028842701282843,256.0,1.1542369710950963e-05,36.0,128.0,64.0,0.0,valendin,,a
ar_encoding__electronics__ar_ratio__a,LSTM,7,0.2881494763588765,0.7416019386963741,0.0867315325886011,6.0,14.0,0.0092681813503625,256.0,0.0001122927261307,28.0,64.0,32.0,0.0,valendin,,a
ar_encoding__electronics__ar_ratio__a,LSTM,8,0.3073145589262722,1.603179513803867,0.0870427712798118,7.0,15.0,0.0026695656179948,256.0,1.183239037726574e-06,32.0,128.0,128.0,0.2,valendin,,a
ar_encoding__electronics__ar_ratio__a,LSTM,9,0.3094191781332905,1.209867626744499,0.0867288205772638,8.0,16.0,0.0029556527050621,256.0,1.481742952747275e-06,36.0,64.0,128.0,0.2,valendin,,a
ar_encoding__electronics__ar_ratio__a,LSTM,10,0.3276476942910917,1.3262191879587582,0.0863983873277902,19.0,27.0,0.0067707517134462,256.0,1.140060572612876e-06,80.0,128.0,32.0,0.0,valendin,,a
ar_encoding__electronics__ar_ratio__a,LSTM,11,0.3005995860381215,1.3604534588562225,0.0868961345404386,7.0,15.0,0.0031306418319641,256.0,0.000366368837791,32.0,32.0,64.0,0.0,valendin,,a
ar_encoding__electronics__ar_ratio__a,LSTM,12,0.3205890790308455,2.7543963810703365,0.0882286120738301,14.0,22.0,0.0096955721125828,128.0,3.8953329181950285e-06,105.0,128.0,128.0,0.0,valendin,,a
ar_encoding__electronics__ar_ratio__a,LSTM,13,0.294637238469053,1.0895318760594,0.0856208484619855,25.0,33.0,0.0097371610142437,256.0,0.0001325666456037,104.0,128.0,64.0,0.2,valendin,,a
ar_encoding__electronics__ar_ratio__a,LSTM,14,0.3240791530358051,1.3417983278846477,0.0865993164479732,11.0,19.0,0.0022674711348101,256.0,0.0003991182695724,48.0,64.0,64.0,0.0,valendin,,a
ar_encoding__electronics__ar_ratio__a,LSTM,15,0.3007439829195897,0.6506192270349637,0.0863122548907995,9.0,17.0,0.0042340331717927,256.0,0.0013452124925666,40.0,64.0,32.0,0.2,valendin,,a
ar_encoding__electronics__ar_ratio__a,LSTM,16,0.2844129765704483,1.0443215078136476,0.0870074108242988,8.0,16.0,0.0097126956892573,256.0,0.00062181587275,36.0,64.0,64.0,0.2,valendin,,a
ar_encoding__electronics__ar_ratio__a,LSTM,17,0.3212520019299711,1.0538578646399088,0.0865906979888677,13.0,21.0,0.0061681600697597,256.0,2.844008349480012e-06,56.0,32.0,64.0,0.0,valendin,,a
ar_encoding__electronics__ar_ratio__a,LSTM,18,0.2978839645529639,1.0640456814808033,0.0865794457495212,7.0,15.0,0.0036657243443192,256.0,0.0028412732357615,32.0,64.0,128.0,0.0,valendin,,a
ar_encoding__electronics__ar_ratio__a,LSTM,19,0.2939308039432111,0.917346080663822,0.0870419591665268,9.0,17.0,0.0043451572742104,256.0,2.925499613485152e-05,40.0,64.0,64.0,0.2,valendin,,a
ar_encoding__electronics__ar_ratio__a,LSTM,20,0.3158232484256675,0.753238717562355,0.0863750278949737,8.0,16.0,0.0062257638432145,256.0,2.24547118079756e-06,36.0,64.0,32.0,0.2,valendin,,a
ar_encoding__electronics__ar_ratio__b,LSTM,1,0.2947314927771203,0.8600631205986221,0.0868117995560169,10.0,18.0,0.0044749557126864,256.0,0.0068808145404753,44.0,64.0,32.0,0.2,valendin,,b
ar_encoding__electronics__ar_ratio__b,LSTM,2,0.3240327279717926,0.8786842063069189,0.0870318189263343,10.0,18.0,0.0091207710012404,256.0,0.0001826812356528,44.0,128.0,32.0,0.2,valendin,,b
ar_encoding__electronics__ar_ratio__b,LSTM,3,0.3016906705885213,0.962307388554894,0.0873929932713508,6.0,14.0,0.0044082038366957,256.0,3.536776752342785e-06,28.0,128.0,64.0,0.2,valendin,,b
ar_encoding__electronics__ar_ratio__b,LSTM,4,0.3096856751059789,0.8821341129071654,0.0867589674890041,9.0,17.0,0.0033039800365197,256.0,7.528848749690477e-05,40.0,64.0,64.0,0.2,valendin,,b
ar_encoding__electronics__ar_ratio__b,LSTM,5,0.3207224535218895,1.208641635524436,0.08634053170681,7.0,15.0,0.0035570335382757,256.0,8.666535074278653e-06,32.0,64.0,128.0,0.0,valendin,,b
ar_encoding__electronics__ar_ratio__b,LSTM,6,0.3132246934099617,0.955584903537374,0.0865624342113733,9.0,17.0,0.0065639563980203,256.0,0.0030949759764532,40.0,128.0,128.0,0.0,valendin,,b
ar_encoding__electronics__ar_ratio__b,LSTM,7,0.3304011825301232,0.848811896997168,0.0867052543908357,9.0,17.0,0.007410811007506,256.0,0.0041424461174392,40.0,32.0,32.0,0.2,valendin,,b
ar_encoding__electronics__ar_ratio__b,LSTM,8,0.3026377199724831,2.3735628926837515,0.0866408329457044,9.0,17.0,0.0083999503745314,256.0,0.0024701521133048,40.0,32.0,32.0,0.2,valendin,,b
ar_encoding__electronics__ar_ratio__b,LSTM,9,0.3084503081552159,2.2824744034512374,0.0861293394118547,25.0,33.0,0.008486266769317,256.0,4.444072595252809e-05,104.0,128.0,32.0,0.0,valendin,,b
ar_encoding__electronics__ar_ratio__b,LSTM,10,0.2728848812588176,1.2314935905814102,0.0863171741366386,7.0,15.0,0.0021741976630863,256.0,2.095831377196808e-05,32.0,32.0,128.0,0.0,valendin,,b
ar_encoding__electronics__ar_ratio__b,LSTM,11,0.303528121317068,0.8101794282494093,0.0866637080907821,9.0,17.0,0.0081145556351873,256.0,0.0002065489589577,40.0,32.0,32.0,0.2,valendin,,b
ar_encoding__electronics__ar_ratio__b,LSTM,12,0.2973660240497879,1.3601073035752818,0.0867726244032383,15.0,23.0,0.0011571200582995,256.0,0.0009857126297589,64.0,32.0,64.0,0.2,valendin,,b
ar_encoding__electronics__ar_ratio__b,LSTM,13,0.2914477840264474,1.1055377184156503,0.0873186606913805,10.0,18.0,0.0020724976995984,256.0,0.0040514224221356,44.0,64.0,128.0,0.2,valendin,,b
ar_encoding__electronics__ar_ratio__b,LSTM,14,0.3276838348454344,1.960776943203086,0.0858605857938528,26.0,34.0,0.00976930801082,256.0,0.0014096410320784,108.0,128.0,32.0,0.2,valendin,,b
ar_encoding__electronics__ar_ratio__b,LSTM,15,0.2887733166153236,0.8197334549134692,0.0867840852588415,12.0,20.0,0.0063934843842864,256.0,0.0011099535480179,52.0,64.0,32.0,0.2,valendin,,b
ar_encoding__electronics__ar_ratio__b,LSTM,16,0.3098749095410722,1.7686026817754492,0.0865666959434747,8.0,16.0,0.0018938892947837,256.0,0.0073132639444908,36.0,128.0,128.0,0.0,valendin,,b
ar_encoding__electronics__ar_ratio__b,LSTM,17,0.2964274597529361,0.7900928505332525,0.0865594875067472,8.0,16.0,0.0065026571670165,256.0,0.0001643184541984,36.0,64.0,32.0,0.0,valendin,,b
ar_encoding__electronics__ar_ratio__b,LSTM,18,0.3077341192339156,2.2195799221811066,0.0866716504096984,8.0,16.0,0.0021235538036666,256.0,8.540226543017011e-06,36.0,128.0,128.0,0.2,valendin,,b
ar_encoding__electronics__ar_ratio__b,LSTM,19,0.3127458656351123,1.5377300561460931,0.0860503427684307,11.0,19.0,0.0026222081433628,256.0,0.000355598677523,48.0,32.0,128.0,0.2,valendin,,b
ar_encoding__electronics__ar_ratio__b,LSTM,20,0.3158329825431772,1.462773081064335,0.0871766954660415,23.0,31.0,0.0002556760828517,256.0,3.437162032948085e-06,96.0,64.0,128.0,0.0,valendin,,b
ar_encoding__electronics__ar_ratio__c,LSTM,1,0.3050125357488236,1.0242511637383045,0.0867911614477634,13.0,21.0,0.0081498411318186,256.0,0.0006258969740848,56.0,32.0,32.0,0.2,valendin,,c
ar_encoding__electronics__ar_ratio__c,LSTM,2,0.3003229822215473,1.2324833154263375,0.0862185955047607,10.0,18.0,0.0022412666750165,256.0,0.0001749588559926,44.0,64.0,128.0,0.2,valendin,,c
ar_encoding__electronics__ar_ratio__c,LSTM,3,0.31346060420252,1.1442905208178706,0.0871056225150823,8.0,16.0,0.002308847940754,256.0,5.905227919394745e-06,36.0,128.0,128.0,0.0,valendin,,c
ar_encoding__electronics__ar_ratio__c,LSTM,4,0.2947900521175894,1.2210027603656712,0.0869489535689354,7.0,15.0,0.0041409707727745,256.0,6.293062654214356e-05,32.0,64.0,128.0,0.0,valendin,,c
ar_encoding__electronics__ar_ratio__c,LSTM,5,0.3022527044049301,0.5219651321495169,0.0871094744652509,7.0,15.0,0.0037881091742443,256.0,1.386520500081868e-05,32.0,128.0,32.0,0.0,valendin,,c
ar_encoding__electronics__ar_ratio__c,LSTM,6,0.2997930135087965,0.9999251153477124,0.086877517402172,12.0,20.0,0.0024760869043491,256.0,4.5375713208229656e-05,52.0,128.0,128.0,0.2,valendin,,c
ar_encoding__electronics__ar_ratio__c,LSTM,7,0.294859036025974,0.9391739256686296,0.0869646426290273,6.0,14.0,0.0042900910450766,256.0,3.071747843627174e-05,28.0,128.0,64.0,0.0,valendin,,c
ar_encoding__electronics__ar_ratio__c,LSTM,8,0.3159964074152451,1.2007583996348,0.085899967700243,27.0,35.0,0.00972797746067,256.0,0.0013579377340412,112.0,128.0,32.0,0.2,valendin,,c
ar_encoding__electronics__ar_ratio__c,LSTM,9,0.3069638854933037,2.6943402163328445,0.0873756855726242,11.0,19.0,0.0010942348721186,256.0,0.0001195642113686,48.0,64.0,64.0,0.2,valendin,,c
ar_encoding__electronics__ar_ratio__c,LSTM,10,0.3074873025149194,0.8310945494199302,0.0869105346500873,9.0,17.0,0.0062557558675135,256.0,0.000440866300488,40.0,32.0,64.0,0.0,valendin,,c
ar_encoding__electronics__ar_ratio__c,LSTM,11,0.2886023929262109,2.171693346852946,0.0864294189959764,9.0,17.0,0.0078230304881384,256.0,0.0004149162525439,40.0,32.0,32.0,0.0,valendin,,c
ar_encoding__electronics__ar_ratio__c,LSTM,12,0.3066984038170993,0.7995066497342453,0.087382698431611,9.0,17.0,0.0059778790696171,256.0,0.0036813202844972,40.0,128.0,32.0,0.0,valendin,,c
ar_encoding__electronics__ar_ratio__c,LSTM,13,0.2961838417589599,0.8873010608425215,0.0869487933814525,8.0,16.0,0.0067962873307166,256.0,0.0032909092790679,36.0,128.0,32.0,0.2,valendin,,c
ar_encoding__electronics__ar_ratio__c,LSTM,14,0.3082763257277542,0.8817976642950294,0.0869530159980058,6.0,14.0,0.008722877987161,256.0,0.0003369779251924,28.0,128.0,32.0,0.2,valendin,,c
ar_encoding__electronics__ar_ratio__c,LSTM,15,0.2945069599657928,1.315790078574841,0.0871094819158315,11.0,19.0,0.0024085044335713,256.0,0.000843904882561,48.0,64.0,64.0,0.0,valendin,,c
ar_encoding__electronics__ar_ratio__c,LSTM,16,0.2877503455537019,4.267831437010536,0.0867074131965637,16.0,24.0,0.0097583294346442,256.0,0.0006798683358318,68.0,128.0,64.0,0.0,valendin,,c
ar_encoding__electronics__ar_ratio__c,LSTM,17,0.3050598856721036,1.223839576573314,0.0856397729367017,10.0,18.0,0.0030492222615912,256.0,0.0001491847528343,44.0,32.0,128.0,0.0,valendin,,c
ar_encoding__electronics__ar_ratio__c,LSTM,18,0.2895287436716884,1.1836745984655956,0.0867977123707532,7.0,15.0,0.0056840344589302,256.0,0.0005113578085197,32.0,32.0,128.0,0.2,valendin,,c
ar_encoding__electronics__ar_ratio__c,LSTM,19,0.3088247958120255,1.335513499009498,0.0860018283128738,11.0,19.0,0.0017727258952837,256.0,0.0065514649872121,48.0,64.0,128.0,0.2,valendin,,c
ar_encoding__electronics__ar_ratio__c,LSTM,20,0.3136553549842506,1.1699252883357745,0.0863287132233381,23.0,31.0,0.0095184897537172,256.0,8.405812464531684e-05,96.0,128.0,64.0,0.0,valendin,,c
ar_encoding__electronics__ar_ratio__d,LSTM,1,0.2944269411056788,0.8854864517862688,0.0874031130224466,4.0,12.0,0.0054076441852893,256.0,0.0005928082002213,20.0,128.0,128.0,0.0,valendin,,d
ar_encoding__electronics__ar_ratio__d,LSTM,2,0.3337148674250534,0.9217492301403613,0.0865833684802055,9.0,17.0,0.0034133578881525,256.0,6.746752250986719e-06,40.0,64.0,64.0,0.0,valendin,,d
ar_encoding__electronics__ar_ratio__d,LSTM,3,0.3024637784212215,0.5467046812703544,0.0868787392973899,9.0,17.0,0.0081440236517373,256.0,0.0023387946417132,40.0,32.0,32.0,0.0,valendin,,d
ar_encoding__electronics__ar_ratio__d,LSTM,4,0.2942014374645754,0.6601600579151703,0.086799768730998,9.0,17.0,0.0036159602554789,256.0,0.0088235499575647,40.0,64.0,64.0,0.0,valendin,,d
ar_encoding__electronics__ar_ratio__d,LSTM,5,0.2968444075594023,0.9204471147860672,0.0868532136082649,8.0,16.0,0.0055584870317746,256.0,0.0084578407315924,36.0,128.0,32.0,0.2,valendin,,d
ar_encoding__electronics__ar_ratio__d,LSTM,6,0.3210471896946469,1.7219276034717064,0.0857706684619188,30.0,38.0,0.0079653206001859,256.0,1.4964516800762887e-05,124.0,128.0,64.0,0.0,valendin,,d
ar_encoding__electronics__ar_ratio__d,LSTM,7,0.3308888179296452,0.7665615679963278,0.0865987036377191,10.0,18.0,0.0040455568937568,256.0,0.0092197523177344,44.0,64.0,32.0,0.0,valendin,,d
ar_encoding__electronics__ar_ratio__d,LSTM,8,0.2940203177510613,1.5067496165706284,0.0890308139579636,7.0,15.0,0.0030379408890889,128.0,0.0028875402652772,56.0,32.0,64.0,0.2,valendin,,d
ar_encoding__electronics__ar_ratio__d,LSTM,9,0.3032788384815084,1.0189785600486974,0.0862262640148401,9.0,17.0,0.0061835404314377,256.0,0.0025024837428943,40.0,32.0,64.0,0.2,valendin,,d
ar_encoding__electronics__ar_ratio__d,LSTM,10,0.2923627244791315,0.8141958223380622,0.0867324788123369,9.0,17.0,0.0090166330438889,256.0,0.0001927371535078,40.0,32.0,32.0,0.0,valendin,,d
ar_encoding__electronics__ar_ratio__d,LSTM,11,0.2850935963858535,1.5249079111460095,0.0880380701273679,23.0,31.0,0.0004260488527932,256.0,9.860383699289558e-05,96.0,32.0,128.0,0.2,valendin,,d
ar_encoding__electronics__ar_ratio__d,LSTM,12,0.3110324136267438,1.1093904601866542,0.0865347348153591,11.0,19.0,0.0028103293028518,256.0,2.4973192774118147e-05,48.0,64.0,64.0,0.2,valendin,,d
ar_encoding__electronics__ar_ratio__d,LSTM,13,0.297204931520498,1.0408936309913657,0.0867497157305479,8.0,16.0,0.0041189651824247,256.0,1.8163150647542736e-06,36.0,64.0,128.0,0.2,valendin,,d
ar_encoding__electronics__ar_ratio__d,LSTM,14,0.3166202090294303,1.3367278281293409,0.0861460827291011,8.0,16.0,0.0046828788332826,256.0,1.0876843533304196e-06,36.0,64.0,32.0,0.2,valendin,,d
ar_encoding__electronics__ar_ratio__d,LSTM,15,0.2951993356254869,0.8328851013999002,0.0866359677165746,7.0,15.0,0.0079975556232248,256.0,0.0067476870827179,32.0,64.0,32.0,0.0,valendin,,d
ar_encoding__electronics__ar_ratio__d,LSTM,16,0.2786427152496243,1.2323968588629426,0.0864408053457737,7.0,15.0,0.0062626441808934,256.0,5.76553761864978e-05,32.0,32.0,128.0,0.0,valendin,,d
ar_encoding__electronics__ar_ratio__d,LSTM,17,0.2992353416441536,1.2210046105743502,0.0866341684013605,11.0,19.0,0.0050622947228172,256.0,2.939651720907718e-05,48.0,32.0,32.0,0.2,valendin,,d
ar_encoding__electronics__ar_ratio__d,LSTM,18,0.2976393343415965,1.4373811176359803,0.0862788055092096,8.0,16.0,0.0019450276335642,256.0,1.8859961928538268e-05,36.0,128.0,128.0,0.0,valendin,,d
ar_encoding__electronics__ar_ratio__d,LSTM,19,0.3071325434849204,0.6402816223540452,0.0869218967854976,11.0,19.0,0.0039436541675153,256.0,4.851253790198277e-06,48.0,128.0,32.0,0.2,valendin,,d
ar_encoding__electronics__ar_ratio__d,LSTM,20,0.2873530720704695,0.5176856813823616,0.086993271484971,5.0,13.0,0.0073516765015281,256.0,7.758791660406247e-05,24.0,128.0,32.0,0.2,valendin,,d
ar_encoding__electronics__ar_ratio__e,LSTM,1,0.2868439950335462,1.1300874532983958,0.0865773968398571,4.0,12.0,0.0096263436399926,256.0,9.911058863849514e-05,20.0,64.0,128.0,0.2,valendin,,e
ar_encoding__electronics__ar_ratio__e,LSTM,2,0.2997891256451319,0.9764309700949392,0.0864765010774135,10.0,18.0,0.0036212014845039,256.0,5.604816977621752e-05,44.0,64.0,64.0,0.2,valendin,,e
ar_encoding__electronics__ar_ratio__e,LSTM,3,0.3053767476928534,1.0409427979922128,0.0875231772661209,23.0,31.0,0.0077217611103277,256.0,1.5563457075779326e-06,96.0,128.0,64.0,0.2,valendin,,e
ar_encoding__electronics__ar_ratio__e,LSTM,4,0.3019340341995175,0.732462832368379,0.087264958769083,7.0,15.0,0.0042729954278455,256.0,8.736472716836516e-06,32.0,64.0,64.0,0.0,valendin,,e
ar_encoding__electronics__ar_ratio__e,LSTM,5,0.3068715318585255,0.9246170855416472,0.0869170576333999,7.0,15.0,0.0053371497249311,256.0,0.0003242226426789,32.0,64.0,64.0,0.2,valendin,,e
ar_encoding__electronics__ar_ratio__e,LSTM,6,0.3013587139634412,1.065357028819376,0.0868442375212907,8.0,16.0,0.0033970743107666,256.0,0.0020904198349447,36.0,64.0,128.0,0.2,valendin,,e
ar_encoding__electronics__ar_ratio__e,LSTM,7,0.2931527191416009,1.134527586734955,0.0870113708078861,8.0,16.0,0.004484450408288,256.0,0.0001472011488522,36.0,32.0,128.0,0.2,valendin,,e
ar_encoding__electronics__ar_ratio__e,LSTM,8,0.3050676045717584,1.0062008504847637,0.0869868677109479,11.0,19.0,0.0036418780864064,256.0,0.0001376809909535,48.0,128.0,64.0,0.0,valendin,,e
ar_encoding__electronics__ar_ratio__e,LSTM,9,0.3037965918829247,0.9705089662505828,0.0867171939462423,6.0,14.0,0.0042868883297055,256.0,0.0076839749572227,28.0,128.0,64.0,0.0,valendin,,e
ar_encoding__electronics__ar_ratio__e,LSTM,10,0.3353373621186359,1.1294466235121854,0.0865350402891635,22.0,30.0,0.0035577358295804,256.0,0.0061975282628403,92.0,128.0,32.0,0.0,valendin,,e
ar_encoding__electronics__ar_ratio__e,LSTM,11,0.2893785637001306,1.4333073729497403,0.0868813637644052,7.0,15.0,0.0023894087446305,256.0,9.805786370611589e-06,32.0,128.0,128.0,0.2,valendin,,e
ar_encoding__electronics__ar_ratio__e,LSTM,12,0.3095802843198951,1.886234833020847,0.0864592306315898,24.0,32.0,0.0099419302628415,256.0,6.7206038942890775e-06,100.0,128.0,32.0,0.2,valendin,,e
ar_encoding__electronics__ar_ratio__e,LSTM,13,0.304934145335779,0.9814044833707116,0.0863244738429784,7.0,15.0,0.002815667905668,256.0,0.000357149010338,32.0,32.0,64.0,0.0,valendin,,e
ar_encoding__electronics__ar_ratio__e,LSTM,14,0.2792546261548908,1.0775288740285849,0.086236972361803,9.0,17.0,0.0089247778223071,256.0,0.0081152835652291,40.0,32.0,64.0,0.0,valendin,,e
ar_encoding__electronics__ar_ratio__e,LSTM,15,0.3029299580055299,1.3739298413989616,0.0868285708129406,8.0,16.0,0.0031281858059066,256.0,0.0006890593431214,36.0,64.0,128.0,0.2,valendin,,e
ar_encoding__electronics__ar_ratio__e,LSTM,16,0.3042920051243429,1.447209784449341,0.0867868922650814,9.0,17.0,0.002456219791488,256.0,0.0088517257989553,40.0,32.0,64.0,0.2,valendin,,e
ar_encoding__electronics__ar_ratio__e,LSTM,17,0.2959676429654199,1.389880763172736,0.0859139878302812,24.0,32.0,0.0095734118950832,256.0,0.0029161447118835,100.0,128.0,32.0,0.2,valendin,,e
ar_encoding__electronics__ar_ratio__e,LSTM,18,0.3114717629287029,2.722376707052187,0.0867290254682302,7.0,15.0,0.0021555385174929,256.0,0.0092755990357175,32.0,128.0,128.0,0.0,valendin,,e
ar_encoding__electronics__ar_ratio__e,LSTM,19,0.305612750853581,0.7678924995952321,0.0870472639799118,9.0,17.0,0.0056666030715421,256.0,4.903067603858628e-06,40.0,32.0,64.0,0.2,valendin,,e
ar_encoding__electronics__ar_ratio__e,LSTM,20,0.3165440884428113,0.8996208911468943,0.086588529869914,11.0,19.0,0.0079173739226057,256.0,0.0038947173879472,48.0,64.0,32.0,0.2,valendin,,e
ar_encoding__electronics__ar_saturating__a,LSTM,1,0.3109848856978652,0.6148301696423984,0.0853642895817756,29.0,37.0,0.0076011896179629,256.0,1.7018479561590083e-05,120.0,128.0,128.0,0.0,valendin,,a
ar_encoding__electronics__ar_saturating__a,LSTM,2,0.2859767029614687,0.6481172158705669,0.0884846322811566,17.0,25.0,0.0049917014029834,64.0,0.0001427818183304,234.0,64.0,32.0,0.0,valendin,,a
ar_encoding__electronics__ar_saturating__a,LSTM,3,0.3248141016138277,0.8116713851044499,0.0873274270977292,34.0,42.0,0.0069989764452881,128.0,4.1682316973335225e-05,245.0,64.0,64.0,0.0,valendin,,a
ar_encoding__electronics__ar_saturating__a,LSTM,4,0.3304312335569229,1.1544715091212518,0.0883466463822584,27.0,35.0,0.0074563364180094,64.0,3.81694292245849e-06,364.0,128.0,32.0,0.2,valendin,,a
ar_encoding__electronics__ar_saturating__a,LSTM,5,0.2892090877174828,0.9385152696789756,0.0874989575573376,23.0,31.0,0.0099763078409111,128.0,0.0003657616392419,168.0,64.0,128.0,0.2,valendin,,a
ar_encoding__electronics__ar_saturating__a,LSTM,6,0.3000771137948858,0.905379076857924,0.0870993914348738,27.0,35.0,0.00944950753172,128.0,0.0001378563366545,196.0,128.0,64.0,0.0,valendin,,a
ar_encoding__electronics__ar_saturating__a,LSTM,7,0.2794334637684826,0.8375363714377354,0.0886008215065185,15.0,23.0,0.003600451154456,64.0,0.0005604579989181,208.0,128.0,128.0,0.0,valendin,,a
ar_encoding__electronics__ar_saturating__a,LSTM,8,0.3190449009411409,0.926998993654488,0.0869836594377245,34.0,42.0,0.0084429190659825,128.0,0.0008884028589404,245.0,64.0,32.0,0.2,valendin,,a
ar_encoding__electronics__ar_saturating__a,LSTM,9,0.3108547573083363,0.7455359743968893,0.0851168390363454,42.0,50.0,0.0066895318066987,256.0,0.0012926975775404,172.0,128.0,64.0,0.2,valendin,,a
ar_encoding__electronics__ar_saturating__a,LSTM,10,0.3171783582868999,0.5338803711135565,0.0874799979584557,18.0,26.0,0.0086218160374362,128.0,0.0023608995563235,133.0,128.0,32.0,0.0,valendin,,a
ar_encoding__electronics__ar_saturating__a,LSTM,11,0.2845370010658342,0.5575003612241881,0.0885032627445,20.0,28.0,0.0076244062130149,64.0,1.3292550633134232e-06,273.0,128.0,32.0,0.0,valendin,,a
ar_encoding__electronics__ar_saturating__a,LSTM,12,0.2996872533230465,0.6472218241604376,0.0856057424098253,26.0,34.0,0.0086035624209265,256.0,1.5528908903292457e-05,108.0,64.0,128.0,0.2,valendin,,a
ar_encoding__electronics__ar_saturating__a,LSTM,13,0.291322344676539,0.8184010899581403,0.0883710733973063,16.0,24.0,0.0066426895085004,64.0,4.726510586970157e-05,221.0,128.0,128.0,0.0,valendin,,a
ar_encoding__electronics__ar_saturating__a,LSTM,14,0.3273344278426685,0.7960945164638571,0.085832281038165,28.0,36.0,0.0082163791305947,256.0,4.52347416269709e-06,116.0,32.0,128.0,0.2,valendin,,a
ar_encoding__electronics__ar_saturating__a,LSTM,15,0.32150148654981,0.8897781665305706,0.0870453204427446,23.0,31.0,0.0074421725643228,128.0,0.0007436922898829,168.0,128.0,64.0,0.2,valendin,,a
ar_encoding__electronics__ar_saturating__a,LSTM,16,0.2868363322959239,0.9286650108542962,0.0871353724173137,17.0,25.0,0.0085805075112767,128.0,0.0024092390231464,126.0,64.0,128.0,0.0,valendin,,a
ar_encoding__electronics__ar_saturating__a,LSTM,17,0.3070078639843258,0.8544668340842874,0.0883983766230253,17.0,25.0,0.0049964124508838,64.0,0.0001695397868513,234.0,128.0,32.0,0.0,valendin,,a
ar_encoding__electronics__ar_saturating__a,LSTM,18,0.2893774750051564,0.6782818516602939,0.0884607477256884,13.0,21.0,0.0049328628298278,64.0,0.0001150563947397,182.0,128.0,128.0,0.2,valendin,,a
ar_encoding__electronics__ar_saturating__a,LSTM,19,0.2943315156849988,0.6961761436999456,0.0854083131998777,32.0,40.0,0.0053420705563299,256.0,0.0033732313566284,132.0,128.0,64.0,0.0,valendin,,a
ar_encoding__electronics__ar_saturating__a,LSTM,20,0.2992571410465764,0.6873528819333427,0.0872038634760039,24.0,32.0,0.0086514235564654,128.0,9.530042860382174e-05,175.0,128.0,32.0,0.0,valendin,,a
ar_encoding__electronics__ar_saturating__b,LSTM,1,0.2930161477421825,0.8562819914048105,0.0885961009905888,15.0,23.0,0.0098788847442414,64.0,2.126324922884622e-06,208.0,64.0,64.0,0.0,valendin,,b
ar_encoding__electronics__ar_saturating__b,LSTM,2,0.3210886301945513,0.5330942162243367,0.087518321616309,19.0,27.0,0.0095495692466484,128.0,5.931666529275605e-05,140.0,64.0,64.0,0.2,valendin,,b
ar_encoding__electronics__ar_saturating__b,LSTM,3,0.3049752868285091,0.6956559890304588,0.0884385822484126,25.0,33.0,0.0038673847828124,64.0,6.621979634723436e-06,338.0,64.0,64.0,0.0,valendin,,b
ar_encoding__electronics__ar_saturating__b,LSTM,4,0.2941991089794666,0.7642539061938618,0.0885708283346432,13.0,21.0,0.0035881479009508,64.0,4.359442449400276e-06,182.0,32.0,128.0,0.0,valendin,,b
ar_encoding__electronics__ar_saturating__b,LSTM,5,0.3078273728847329,0.8461823403693396,0.0884953562456827,20.0,28.0,0.0094307706311468,64.0,3.645815200475325e-05,273.0,32.0,32.0,0.2,valendin,,b
ar_encoding__electronics__ar_saturating__b,LSTM,6,0.3034832020787985,0.8984493970645393,0.0855208728462457,29.0,37.0,0.0059101666812249,256.0,2.6877015770901067e-06,120.0,32.0,128.0,0.0,valendin,,b
ar_encoding__electronics__ar_saturating__b,LSTM,7,0.3092907479889319,0.4470796416088258,0.0857495013624429,37.0,45.0,0.0055432516708742,256.0,0.0012815923448022,152.0,128.0,64.0,0.0,valendin,,b
ar_encoding__electronics__ar_saturating__b,LSTM,8,0.3070913971521553,1.230303374739864,0.0882524661719799,15.0,23.0,0.009798590457595,64.0,1.1925432066986784e-05,208.0,128.0,64.0,0.2,valendin,,b
ar_encoding__electronics__ar_saturating__b,LSTM,9,0.3093594151946257,0.9432711297309444,0.0880444542719767,23.0,31.0,0.0041201999327745,64.0,1.3524980258568756e-05,312.0,32.0,32.0,0.0,valendin,,b
ar_encoding__electronics__ar_saturating__b,LSTM,10,0.2789159985710605,0.5978001685478889,0.0865031145513057,41.0,49.0,0.0030054411827955,256.0,3.6506675851132463e-06,168.0,64.0,32.0,0.2,valendin,,b
ar_encoding__electronics__ar_saturating__b,LSTM,11,0.278646468910917,0.7303800136770566,0.0852650646120309,61.0,69.0,0.004759116041956,256.0,0.0002700949067926,248.0,32.0,32.0,0.2,valendin,,b
ar_encoding__electronics__ar_saturating__b,LSTM,12,0.2873882931468806,0.4902213799985611,0.0854348093271255,46.0,54.0,0.0067021026079691,256.0,3.4578995685183066e-05,188.0,128.0,32.0,0.0,valendin,,b
ar_encoding__electronics__ar_saturating__b,LSTM,13,0.2828871900072723,0.9421565372444272,0.0857424512505531,34.0,42.0,0.0096557192962152,256.0,3.45400326892976e-05,140.0,32.0,64.0,0.2,valendin,,b
ar_encoding__electronics__ar_saturating__b,LSTM,14,0.3069493121136452,1.1501374196097518,0.0883787268629441,14.0,22.0,0.0039946123143117,64.0,3.577075720992376e-05,195.0,128.0,128.0,0.0,valendin,,b
ar_encoding__electronics__ar_saturating__b,LSTM,15,0.2791370157192348,0.3772393387323841,0.0864215902984142,22.0,30.0,0.0096441663067587,256.0,2.6343814723297356e-05,92.0,128.0,64.0,0.2,valendin,,b
ar_encoding__electronics__ar_saturating__b,LSTM,16,0.2788121389186035,0.343002694324112,0.086603881791234,25.0,33.0,0.0081478486751394,256.0,2.1802817157663745e-05,104.0,128.0,64.0,0.2,valendin,,b
ar_encoding__electronics__ar_saturating__b,LSTM,17,0.2927034636199899,0.7049465861936154,0.0871897009866578,22.0,30.0,0.0075260588233215,128.0,0.009697404311283,161.0,128.0,128.0,0.0,valendin,,b
ar_encoding__electronics__ar_saturating__b,LSTM,18,0.2977554626569954,0.8040427693527024,0.0858495719730854,25.0,33.0,0.0077771503323744,256.0,0.0005271974440233,104.0,32.0,128.0,0.0,valendin,,b
ar_encoding__electronics__ar_saturating__b,LSTM,19,0.3120187054731215,0.9228986217333952,0.0883518463143935,30.0,38.0,0.0048663233592535,64.0,1.3948932052801297e-06,403.0,128.0,32.0,0.2,valendin,,b
ar_encoding__electronics__ar_saturating__b,LSTM,20,0.3048059549330965,0.5713568341110364,0.0857906658202409,26.0,34.0,0.0076354749116119,256.0,0.0066268299648328,108.0,128.0,64.0,0.2,valendin,,b
ar_encoding__electronics__ar_saturating__c,LSTM,1,0.3270426328544147,1.136768422467022,0.0865956619381904,28.0,36.0,0.0094759895799085,128.0,0.0064684567627752,203.0,64.0,32.0,0.0,valendin,,c
ar_encoding__electronics__ar_saturating__c,LSTM,2,0.296682960542021,0.8701842716496758,0.0873050785490444,22.0,30.0,0.0063646732047942,128.0,1.0460767915174713e-06,161.0,128.0,128.0,0.0,valendin,,c
ar_encoding__electronics__ar_saturating__c,LSTM,3,0.3257575617667493,0.8221606292349297,0.0882644828122395,16.0,24.0,0.0039246786856382,64.0,0.0093015862218717,221.0,128.0,128.0,0.0,valendin,,c
ar_encoding__electronics__ar_saturating__c,LSTM,4,0.2804927579115332,0.6365551212249114,0.088271534868649,13.0,21.0,0.0055090183394589,128.0,3.410040719008444e-06,98.0,64.0,64.0,0.0,valendin,,c
ar_encoding__electronics__ar_saturating__c,LSTM,5,0.3091919747728621,0.6905970669887086,0.0882805789319368,21.0,29.0,0.0086245174865148,64.0,0.0006807915931078,286.0,64.0,32.0,0.0,valendin,,c
ar_encoding__electronics__ar_saturating__c,LSTM,6,0.3017317387280574,0.6565226754537185,0.0851091314107179,28.0,36.0,0.0096534596031718,256.0,0.0021494936684529,116.0,128.0,32.0,0.0,valendin,,c
ar_encoding__electronics__ar_saturating__c,LSTM,7,0.2839521864255364,0.7169874138576199,0.0874394934092249,19.0,27.0,0.0089212890740104,128.0,0.0005450469724353,140.0,128.0,64.0,0.2,valendin,,c
ar_encoding__electronics__ar_saturating__c,LSTM,8,0.3053143064757515,0.7121627234445004,0.0851763915270567,28.0,36.0,0.0095860534619277,256.0,3.4753553563888945e-06,116.0,64.0,64.0,0.0,valendin,,c
ar_encoding__electronics__ar_saturating__c,LSTM,9,0.3158012515353929,1.0058302843731164,0.0883655699972923,17.0,25.0,0.0053169816775535,64.0,0.0001399290250122,234.0,128.0,64.0,0.0,valendin,,c
ar_encoding__electronics__ar_saturating__c,LSTM,10,0.2987763342452613,0.7899625702256694,0.0855332501232624,29.0,37.0,0.0087312063157453,256.0,5.09770012455372e-06,120.0,128.0,128.0,0.0,valendin,,c
ar_encoding__electronics__ar_saturating__c,LSTM,11,0.3011848146565322,0.8525377104941172,0.088498603266019,26.0,34.0,0.0019464347747228,64.0,5.367197798967458e-05,351.0,128.0,64.0,0.2,valendin,,c
ar_encoding__electronics__ar_saturating__c,LSTM,12,0.3075330799205332,0.7541766336136181,0.0870768044676099,36.0,44.0,0.0064497863733035,128.0,0.0003085210239992,259.0,128.0,32.0,0.0,valendin,,c
ar_encoding__electronics__ar_saturating__c,LSTM,13,0.3070063358663923,0.5880412229906752,0.087761997112206,17.0,25.0,0.0084457795651413,128.0,0.000761787758727,126.0,128.0,32.0,0.0,valendin,,c
ar_encoding__electronics__ar_saturating__c,LSTM,14,0.299475470991505,0.4335767891867705,0.0877270560179438,18.0,26.0,0.0094842574878062,128.0,0.0006275314885606,133.0,32.0,128.0,0.2,valendin,,c
ar_encoding__electronics__ar_saturating__c,LSTM,15,0.2933292733591443,0.6269223176913133,0.086759015917778,21.0,29.0,0.0082786978916826,256.0,0.0003363848471394,88.0,64.0,128.0,0.0,valendin,,c
ar_encoding__electronics__ar_saturating__c,LSTM,16,0.2815395845124628,1.112050870577379,0.0870970115065574,43.0,51.0,0.0058890418732411,128.0,1.199415245120854e-06,308.0,128.0,32.0,0.2,valendin,,c
ar_encoding__electronics__ar_saturating__c,LSTM,17,0.3039770002278026,0.8296692237064682,0.0874132609793118,20.0,28.0,0.0086406621699575,128.0,7.327444519867738e-05,147.0,32.0,128.0,0.0,valendin,,c
ar_encoding__electronics__ar_saturating__c,LSTM,18,0.2825089343039842,0.7972209913607934,0.0870127763066973,26.0,34.0,0.0078278114263926,128.0,9.461874909775263e-06,189.0,128.0,64.0,0.0,valendin,,c
ar_encoding__electronics__ar_saturating__c,LSTM,19,0.2982345246289633,0.9235563492700116,0.0885458686030828,19.0,27.0,0.0080492131757838,64.0,2.368788639618786e-05,260.0,128.0,64.0,0.0,valendin,,c
ar_encoding__electronics__ar_saturating__c,LSTM,20,0.3072701545967394,0.8102276961565622,0.0883852128799145,18.0,26.0,0.0045738041739635,64.0,0.000124637486091,247.0,64.0,64.0,0.2,valendin,,c
ar_encoding__electronics__ar_saturating__d,LSTM,1,0.2838122427593866,0.6748219633426868,0.0871578497546059,31.0,39.0,0.0092812527634947,128.0,0.000324218597674,224.0,128.0,32.0,0.2,valendin,,d
ar_encoding__electronics__ar_saturating__d,LSTM,2,0.3098474795391548,0.5879566494098778,0.0876192397304943,14.0,22.0,0.0066851578163755,128.0,1.2135759723016164e-05,105.0,128.0,128.0,0.0,valendin,,d
ar_encoding__electronics__ar_saturating__d,LSTM,3,0.2810849900995859,0.5197656964744085,0.0852735005319118,39.0,47.0,0.0099592831888912,256.0,0.0004632636344429,160.0,128.0,32.0,0.2,valendin,,d
ar_encoding__electronics__ar_saturating__d,LSTM,4,0.3038707703221516,0.7933119525180571,0.085302710533142,23.0,31.0,0.0081355177761246,256.0,0.0003615003900239,96.0,128.0,128.0,0.0,valendin,,d
ar_encoding__electronics__ar_saturating__d,LSTM,5,0.3083726208840369,1.0418506099710667,0.088546159175726,9.0,17.0,0.0095626973223306,64.0,1.0018075164252697e-06,130.0,32.0,128.0,0.0,valendin,,d
ar_encoding__electronics__ar_saturating__d,LSTM,6,0.2954834400275029,0.7824824532033613,0.087196939757892,32.0,40.0,0.0095184813242159,128.0,1.6163298490298306e-05,231.0,128.0,32.0,0.0,valendin,,d
ar_encoding__electronics__ar_saturating__d,LSTM,7,0.3249794114877836,0.8500888513764154,0.08836946865687,15.0,23.0,0.0094919662643881,64.0,0.0021469939716344,208.0,128.0,32.0,0.0,valendin,,d
ar_encoding__electronics__ar_saturating__d,LSTM,8,0.3001700524105178,0.3770912486139996,0.088153281382152,13.0,21.0,0.0089655818399616,128.0,0.0005804756529303,98.0,128.0,64.0,0.2,valendin,,d
ar_encoding__electronics__ar_saturating__d,LSTM,9,0.273383158270784,0.534559043853058,0.0857370886951685,29.0,37.0,0.0085577502861011,256.0,9.754709787027466e-05,120.0,128.0,128.0,0.2,valendin,,d
ar_encoding__electronics__ar_saturating__d,LSTM,10,0.2852666525101925,0.9682309991180812,0.0874491195593561,19.0,27.0,0.0071413303723746,128.0,7.405504717145875e-05,140.0,128.0,128.0,0.0,valendin,,d
ar_encoding__electronics__ar_saturating__d,LSTM,11,0.2950685606287804,1.8882622949733436,0.0865924869264875,29.0,37.0,0.0094625161551017,128.0,6.490423064696184e-05,210.0,128.0,64.0,0.0,valendin,,d
ar_encoding__electronics__ar_saturating__d,LSTM,12,0.2760494481818875,0.4649371000056502,0.0852871779352426,42.0,50.0,0.0085791796105967,256.0,3.5700920875823878e-06,172.0,128.0,64.0,0.2,valendin,,d
ar_encoding__electronics__ar_saturating__d,LSTM,13,0.2922502045200863,0.617035697266428,0.0874898444328989,20.0,28.0,0.0054162954957362,128.0,0.000649109841892,147.0,128.0,128.0,0.2,valendin,,d
ar_encoding__electronics__ar_saturating__d,LSTM,14,0.3104950170383262,0.9449456100648662,0.0872095578483172,19.0,27.0,0.0091579624461814,128.0,2.1579929946849567e-06,140.0,128.0,128.0,0.0,valendin,,d
ar_encoding__electronics__ar_saturating__d,LSTM,15,0.2851677741634308,0.650242876221533,0.0874741460595812,20.0,28.0,0.0095732166798019,128.0,4.205621266845295e-06,147.0,64.0,128.0,0.0,valendin,,d
ar_encoding__electronics__ar_saturating__d,LSTM,16,0.2879558696280401,0.909449993990721,0.088351681541938,22.0,30.0,0.0064115751966761,64.0,0.0042977717839047,299.0,32.0,32.0,0.0,valendin,,d
ar_encoding__electronics__ar_saturating__d,LSTM,17,0.2951527490517814,0.8565445893865546,0.0885535702109336,16.0,24.0,0.0085933070497189,64.0,0.0001493149901546,221.0,32.0,32.0,0.2,valendin,,d
ar_encoding__electronics__ar_saturating__d,LSTM,18,0.1821970139114949,0.2674235100189611,0.0883736666291952,9.0,17.0,0.0015211802919345,256.0,6.498086545060381e-06,40.0,32.0,128.0,0.0,valendin,,d
ar_encoding__electronics__ar_saturating__d,LSTM,19,0.318946227121797,0.4779651293393208,0.0859201215207576,38.0,46.0,0.0095084129747068,256.0,1.0275685018789918e-05,156.0,128.0,64.0,0.2,valendin,,d
ar_encoding__electronics__ar_saturating__d,LSTM,20,0.3142163200243075,0.9655968635916644,0.086958888385977,21.0,29.0,0.0070242906930273,128.0,5.8291202284915145e-06,154.0,64.0,128.0,0.0,valendin,,d
ar_encoding__electronics__ar_saturating__e,LSTM,1,0.2718886700944161,0.4607937134868051,0.0854783970862627,24.0,32.0,0.0091241677249895,256.0,0.0003260416445282,100.0,64.0,128.0,0.2,valendin,,e
ar_encoding__electronics__ar_saturating__e,LSTM,2,0.2961779181773492,1.131114062402626,0.0865752132875578,37.0,45.0,0.0094031827508219,128.0,0.0001457115390763,266.0,64.0,32.0,0.0,valendin,,e
ar_encoding__electronics__ar_saturating__e,LSTM,3,0.2874536761763572,0.9175274691766592,0.0869264602661132,31.0,39.0,0.0098489814402916,128.0,0.0022051853429154,224.0,128.0,64.0,0.0,valendin,,e
ar_encoding__electronics__ar_saturating__e,LSTM,4,0.2934401064465965,0.8148238242791817,0.0872264536363738,36.0,44.0,0.0094735878274427,128.0,0.0001684466727666,259.0,128.0,64.0,0.2,valendin,,e
ar_encoding__electronics__ar_saturating__e,LSTM,5,0.3142169866812839,0.6229945842764416,0.0887773925295243,15.0,23.0,0.0057930777370606,64.0,6.447082623590698e-06,208.0,128.0,64.0,0.2,valendin,,e
ar_encoding__electronics__ar_saturating__e,LSTM,6,0.3042848671864373,0.9105346907897344,0.0881228919785756,26.0,34.0,0.0062014467516131,64.0,2.1211675362069665e-05,351.0,64.0,32.0,0.0,valendin,,e
ar_encoding__electronics__ar_saturating__e,LSTM,7,0.2801355897487961,0.6840437025120594,0.0857804883271455,31.0,39.0,0.0086542495641993,256.0,0.0002306699869714,128.0,128.0,128.0,0.0,valendin,,e
ar_encoding__electronics__ar_saturating__e,LSTM,8,0.2825860910887781,0.4725551614363808,0.0856188051402568,28.0,36.0,0.0099426406413394,256.0,0.0012125350225046,116.0,128.0,128.0,0.0,valendin,,e
ar_encoding__electronics__ar_saturating__e,LSTM,9,0.3175687930154258,1.3268751558007166,0.0869275267635073,23.0,31.0,0.0072913630574796,128.0,0.0002128179558093,168.0,128.0,128.0,0.0,valendin,,e
ar_encoding__electronics__ar_saturating__e,LSTM,10,0.3184793009194919,0.7098051804815926,0.0871721995728356,23.0,31.0,0.004619207559303,128.0,3.4828355656531103e-06,168.0,128.0,128.0,0.2,valendin,,e
ar_encoding__electronics__ar_saturating__e,LSTM,11,0.3211873330361151,1.012198421931301,0.088499822295629,26.0,34.0,0.0052619630316892,64.0,0.0028366249008558,351.0,32.0,32.0,0.2,valendin,,e
ar_encoding__electronics__ar_saturating__e,LSTM,12,0.3038897865932571,0.6356385276183844,0.0852630920708179,35.0,43.0,0.0092399720110828,256.0,0.0065754213229217,144.0,128.0,64.0,0.2,valendin,,e
ar_encoding__electronics__ar_saturating__e,LSTM,13,0.3062255915557188,0.6967661797051917,0.0871115209800856,34.0,42.0,0.0088648358054081,128.0,0.0015486635384752,245.0,128.0,32.0,0.2,valendin,,e
ar_encoding__electronics__ar_saturating__e,LSTM,14,0.2982095683901926,0.9598093906869704,0.08756870669978,19.0,27.0,0.0042192637676827,128.0,2.266634409913016e-05,140.0,32.0,128.0,0.0,valendin,,e
ar_encoding__electronics__ar_saturating__e,LSTM,15,0.3048990857688748,0.3915688549593046,0.0857023820281028,30.0,38.0,0.0088519941266176,256.0,6.332437298255007e-05,124.0,128.0,64.0,0.0,valendin,,e
ar_encoding__electronics__ar_saturating__e,LSTM,16,0.2987816669003978,0.5840604553026232,0.0848744362592697,25.0,33.0,0.0096807143476814,256.0,0.0005087283959034,104.0,128.0,64.0,0.0,valendin,,e
ar_encoding__electronics__ar_saturating__e,LSTM,17,0.2723619935047761,1.0285638942605562,0.0870410501956939,26.0,34.0,0.0085465456756691,128.0,0.0012518304592924,189.0,128.0,64.0,0.0,valendin,,e
ar_encoding__electronics__ar_saturating__e,LSTM,18,0.3347705187011148,0.7503973320412591,0.0874081403017044,24.0,32.0,0.0086588907481069,128.0,0.0002120110969958,175.0,128.0,64.0,0.0,valendin,,e
ar_encoding__electronics__ar_saturating__e,LSTM,19,0.284528233174686,0.7511604997360998,0.08549614995718,35.0,43.0,0.0091259755680832,256.0,1.845236790574262e-05,144.0,128.0,64.0,0.2,valendin,,e
ar_encoding__electronics__ar_saturating__e,LSTM,20,0.3261860008454897,1.110769826058284,0.0868340453931263,30.0,38.0,0.0086237267187155,128.0,0.0009121063040292,217.0,128.0,64.0,0.0,valendin,,e
ar_encoding__electronics__ar_unbounded__a,LSTM,1,0.2998912636580829,3.627538572360903,0.0893887874598686,5.0,13.0,0.0096511588542714,64.0,9.300753746944058e-05,78.0,64.0,128.0,0.2,valendin,,a
ar_encoding__electronics__ar_unbounded__a,LSTM,2,0.2269396661296848,7.208479394173366,0.0896476078778505,4.0,12.0,0.0057509801630664,256.0,0.0012215613230448,20.0,64.0,128.0,0.0,valendin,,a
ar_encoding__electronics__ar_unbounded__a,LSTM,3,0.2452354951281279,11.22230117127979,0.0899419002234935,8.0,16.0,0.0021658534854095,256.0,3.051133510680392e-05,36.0,128.0,64.0,0.2,valendin,,a
ar_encoding__electronics__ar_unbounded__a,LSTM,4,0.2649238056855311,13.705247247372618,0.089743522927165,3.0,11.0,0.0061159928353584,256.0,1.120623083521744e-06,16.0,32.0,128.0,0.0,valendin,,a
ar_encoding__electronics__ar_unbounded__a,LSTM,5,0.0805559182924469,9.989906040810355,0.0899827796965837,3.0,11.0,0.0068652396903727,256.0,7.509665576343567e-06,16.0,64.0,32.0,0.2,valendin,,a
ar_encoding__electronics__ar_unbounded__a,LSTM,6,0.1981261468110293,20.310813692642927,0.0892959237098693,5.0,13.0,0.005609688472738,256.0,0.0010530857861853,24.0,32.0,32.0,0.0,valendin,,a
ar_encoding__electronics__ar_unbounded__a,LSTM,7,0.2491463346412805,11.416523767834445,0.0896343495696783,7.0,15.0,0.0055517169543834,256.0,0.0002677799058325,32.0,64.0,32.0,0.0,valendin,,a
ar_encoding__electronics__ar_unbounded__a,LSTM,8,0.310764817063823,2.671829584676184,0.0882837399840354,16.0,24.0,0.0098634591265982,256.0,0.000183155398816,68.0,128.0,128.0,0.0,valendin,,a
ar_encoding__electronics__ar_unbounded__a,LSTM,9,0.2477419755049295,8.474542836226703,0.0890715159475803,4.0,12.0,0.0067614051198509,256.0,3.590569025612882e-05,20.0,64.0,128.0,0.2,valendin,,a
ar_encoding__electronics__ar_unbounded__a,LSTM,10,0.3035828340148256,3.1928724876407477,0.0899817773274013,16.0,24.0,0.0098964552710918,128.0,0.0002759619777705,119.0,128.0,64.0,0.0,valendin,,a
ar_encoding__electronics__ar_unbounded__a,LSTM,11,0.2812277168128321,11.51409618869716,0.0883878450840711,7.0,15.0,0.004365262444724,256.0,3.6847151140922296e-05,32.0,64.0,64.0,0.0,valendin,,a
ar_encoding__electronics__ar_unbounded__a,LSTM,12,0.2545825436351971,13.683628463497664,0.0901619589754513,3.0,11.0,0.0022027672133299,128.0,1.314098850195579e-06,28.0,32.0,128.0,0.0,valendin,,a
ar_encoding__electronics__ar_unbounded__a,LSTM,13,0.2805914628572039,5.119433669674475,0.0887886546552181,4.0,12.0,0.0053750965462023,256.0,0.0001062928598083,20.0,64.0,128.0,0.0,valendin,,a
ar_encoding__electronics__ar_unbounded__a,LSTM,14,0.2622794006389229,2.8066101329802127,0.0886244438588619,3.0,11.0,0.0060775442742415,256.0,9.55100302602235e-05,16.0,128.0,128.0,0.2,valendin,,a
ar_encoding__electronics__ar_unbounded__a,LSTM,15,0.2447389323309982,11.194271526397582,0.0909468326717615,6.0,14.0,0.0040238428222202,256.0,0.0028404444493757,28.0,128.0,32.0,0.2,valendin,,a
ar_encoding__electronics__ar_unbounded__a,LSTM,16,0.2347553236859953,8.624500175262767,0.0898091718554496,5.0,13.0,0.0075541286981358,256.0,8.39298473934528e-05,24.0,64.0,64.0,0.0,valendin,,a
ar_encoding__electronics__ar_unbounded__a,LSTM,17,0.1980994540296309,8.8301434024395,0.0884311702102422,4.0,12.0,0.0034082325993873,256.0,0.0001269209969847,20.0,64.0,64.0,0.0,valendin,,a
ar_encoding__electronics__ar_unbounded__a,LSTM,18,0.2712180408689732,4.756375350358971,0.0901848208159208,7.0,15.0,0.0037155380658937,256.0,2.460277229861829e-06,32.0,128.0,32.0,0.2,valendin,,a
ar_encoding__electronics__ar_unbounded__a,LSTM,19,0.2013856999102623,11.950824552745075,0.0898586269468069,6.0,14.0,0.0020237161008698,256.0,1.0616246846752247e-06,28.0,64.0,64.0,0.0,valendin,,a
ar_encoding__electronics__ar_unbounded__a,LSTM,20,0.2191600095980616,5.669908350975079,0.0887491442263126,6.0,14.0,0.0020604631480389,256.0,5.320590123896932e-05,28.0,64.0,64.0,0.2,valendin,,a
ar_encoding__electronics__ar_unbounded__b,LSTM,1,0.1995742781992552,11.11251366397606,0.0879156775772571,13.0,21.0,0.0012489131518765,256.0,8.001195009969283e-06,56.0,32.0,32.0,0.2,valendin,,b
ar_encoding__electronics__ar_unbounded__b,LSTM,2,0.1398889736015521,2.000498037704985,0.0901676639914512,5.0,13.0,0.0052262368037962,256.0,0.0003753035550997,24.0,128.0,32.0,0.2,valendin,,b
ar_encoding__electronics__ar_unbounded__b,LSTM,3,0.2105446020139066,7.790271823747354,0.0896169133484363,5.0,13.0,0.0056136589932964,256.0,9.087181492062249e-06,24.0,64.0,128.0,0.0,valendin,,b
ar_encoding__electronics__ar_unbounded__b,LSTM,4,0.2927052491077023,7.565756963415755,0.0895876754075288,3.0,11.0,0.0022985729276729,256.0,8.498137141753582e-05,16.0,128.0,128.0,0.2,valendin,,b
ar_encoding__electronics__ar_unbounded__b,LSTM,5,0.2111656130269323,16.273536222483035,0.0894670076668262,4.0,12.0,0.0051832313573898,256.0,0.0010814183523118,20.0,32.0,64.0,0.2,valendin,,b
ar_encoding__electronics__ar_unbounded__b,LSTM,6,0.2730403433112101,7.614595587357559,0.0895411688834428,7.0,15.0,0.0032934493922141,256.0,0.009778986980087,32.0,64.0,128.0,0.2,valendin,,b
ar_encoding__electronics__ar_unbounded__b,LSTM,7,0.1863923000829319,13.518387704776613,0.0881065987050533,9.0,17.0,0.0016276741354331,256.0,0.0005800168278302,40.0,32.0,64.0,0.0,valendin,,b
ar_encoding__electronics__ar_unbounded__b,LSTM,8,0.3061487325006229,3.3800840810135027,0.0896139729481477,10.0,18.0,0.0072408297183907,64.0,2.030568209301348e-05,143.0,128.0,128.0,0.0,valendin,,b
ar_encoding__electronics__ar_unbounded__b,LSTM,9,0.2488956577414525,8.970762012322016,0.0893861018121242,7.0,15.0,0.0008618296805568,256.0,0.0025142917336975,32.0,128.0,128.0,0.2,valendin,,b
ar_encoding__electronics__ar_unbounded__b,LSTM,10,0.2116131931195415,21.23148099674579,0.0889349561184644,6.0,14.0,0.0034193988382911,256.0,0.0013980547068975,28.0,32.0,32.0,0.2,valendin,,b
ar_encoding__electronics__ar_unbounded__b,LSTM,11,0.2572478961717985,2.3333138845708725,0.0893181573067392,16.0,24.0,0.0085597369873282,128.0,5.192347463776423e-05,119.0,128.0,128.0,0.0,valendin,,b
ar_encoding__electronics__ar_unbounded__b,LSTM,12,-0.0120534801076411,12.020197491600497,0.0889017842710018,7.0,15.0,0.0097146062870947,256.0,1.3931715453492095e-06,32.0,32.0,32.0,0.2,valendin,,b
ar_encoding__electronics__ar_unbounded__b,LSTM,13,0.2405689061399541,10.525861383774542,0.0899438224732875,2.0,10.0,0.0012801127246288,256.0,0.0010373347665098,12.0,128.0,64.0,0.0,valendin,,b
ar_encoding__electronics__ar_unbounded__b,LSTM,14,0.1808054954351048,10.22791051625974,0.0881056636571884,7.0,15.0,0.006761998718463,256.0,0.0012036174578938,32.0,32.0,64.0,0.2,valendin,,b
ar_encoding__electronics__ar_unbounded__b,LSTM,15,0.2034632692333888,1.0509459944564952,0.0901740919798612,3.0,11.0,0.0073378431642023,256.0,0.0001825423818951,16.0,128.0,64.0,0.0,valendin,,b
ar_encoding__electronics__ar_unbounded__b,LSTM,16,0.2554218704509188,4.709790336073743,0.0900235455483198,5.0,13.0,0.0054478012933376,256.0,8.086784149503378e-05,24.0,128.0,32.0,0.0,valendin,,b
ar_encoding__electronics__ar_unbounded__b,LSTM,17,0.241837160222533,11.232164609845508,0.0894023682922124,7.0,15.0,0.0008486082050728,256.0,0.0023083233363498,32.0,128.0,128.0,0.0,valendin,,b
ar_encoding__electronics__ar_unbounded__b,LSTM,18,0.2339435770098396,8.964515452493659,0.0887113213539123,6.0,14.0,0.0063458438716471,256.0,0.0009504019780624,28.0,32.0,64.0,0.0,valendin,,b
ar_encoding__electronics__ar_unbounded__b,LSTM,19,0.2556920162051103,6.324837094300717,0.0899750180542469,7.0,15.0,0.0020896945072529,256.0,2.423028488036924e-05,32.0,128.0,128.0,0.0,valendin,,b
ar_encoding__electronics__ar_unbounded__b,LSTM,20,0.0773941990920362,10.42702918650007,0.0891070272773504,4.0,12.0,0.0039883268060007,256.0,4.362609536305221e-06,20.0,32.0,128.0,0.0,valendin,,b
ar_encoding__electronics__no_ar__a,LSTM,1,0.0469118993116981,0.1487469481738065,0.0911219407405172,26.0,34.0,0.0001142951097114,128.0,0.0008609802417157,189.0,64.0,128.0,0.0,valendin,,a
ar_encoding__electronics__no_ar__a,LSTM,2,-0.0386266480744229,0.1476882497078066,0.0896846987307071,6.0,14.0,0.0072477900895407,256.0,0.0033627222341661,28.0,64.0,32.0,0.0,valendin,,a
ar_encoding__electronics__no_ar__a,LSTM,3,0.0903325064962102,0.1646702489390505,0.0887548364698886,9.0,17.0,0.0017630269513152,256.0,0.0020832484794268,40.0,128.0,128.0,0.2,valendin,,a
ar_encoding__electronics__no_ar__a,LSTM,4,0.0309454196899456,0.1366528727648692,0.0891817323863506,8.0,16.0,0.0038550240051543,256.0,0.0001419964965527,36.0,64.0,64.0,0.0,valendin,,a
ar_encoding__electronics__no_ar__a,LSTM,5,-0.0117922484612661,0.157289593502984,0.089205952361226,11.0,19.0,0.0012487034875987,256.0,3.3242737204308086e-06,48.0,128.0,128.0,0.2,valendin,,a
ar_encoding__electronics__no_ar__a,LSTM,6,0.0366038299562627,0.1538253112447705,0.089009091258049,11.0,19.0,0.0024786557290891,256.0,0.0001761142232424,48.0,64.0,64.0,0.0,valendin,,a
ar_encoding__electronics__no_ar__a,LSTM,7,0.0348729420347556,0.1400357248941209,0.0888982284814119,8.0,16.0,0.00465952686708,256.0,0.0041581964620459,36.0,64.0,32.0,0.0,valendin,,a
ar_encoding__electronics__no_ar__a,LSTM,8,0.0966771885308419,0.1689655993738536,0.0910114688532693,7.0,15.0,0.0011173957246164,128.0,0.0051523304749017,56.0,32.0,64.0,0.2,valendin,,a
ar_encoding__electronics__no_ar__a,LSTM,9,0.0201256222286493,0.1440030121064174,0.0892543736845254,8.0,16.0,0.0029556527050621,256.0,1.481742952747275e-06,36.0,64.0,128.0,0.2,valendin,,a
ar_encoding__electronics__no_ar__a,LSTM,10,0.070418297564347,0.1624588015237839,0.0887825451791286,11.0,19.0,0.0019285410048433,256.0,6.927826622565839e-05,48.0,64.0,128.0,0.0,valendin,,a
ar_encoding__electronics__no_ar__a,LSTM,11,0.0294713028838957,0.1462697314263328,0.0890349075198173,8.0,16.0,0.0042404364300688,256.0,2.922496670155952e-05,36.0,64.0,64.0,0.0,valendin,,a
ar_encoding__electronics__no_ar__a,LSTM,12,0.0510677870386127,0.1436031682633899,0.0890769977122545,10.0,18.0,0.002736068455556,256.0,1.300195962851232e-06,44.0,64.0,64.0,0.0,valendin,,a
ar_encoding__electronics__no_ar__a,LSTM,13,0.0025038968021059,0.1534074331927572,0.089881669729948,2.0,10.0,0.0021996856674389,256.0,0.0003184628615058,12.0,64.0,64.0,0.0,valendin,,a
ar_encoding__electronics__no_ar__a,LSTM,14,0.1035793420478472,0.1642445639715387,0.089022446423769,7.0,15.0,0.0026386041822596,256.0,9.485841007722612e-05,32.0,128.0,128.0,0.2,valendin,,a
ar_encoding__electronics__no_ar__a,LSTM,15,0.0293890998098862,0.1318652165139554,0.0892784371972084,18.0,26.0,0.0003733581950214,256.0,0.0004559755109669,76.0,64.0,128.0,0.0,valendin,,a
ar_encoding__electronics__no_ar__a,LSTM,16,-0.0307539529336181,0.1216742472125111,0.0902611669152975,97.0,100.0,0.0001130957847539,256.0,0.0013663309367109,392.0,32.0,128.0,0.2,valendin,,a
ar_encoding__electronics__no_ar__a,LSTM,17,0.3197006030113085,0.9425852802411032,0.0885470615556607,20.0,28.0,0.0080597440809191,64.0,1.202598735858922e-06,273.0,128.0,64.0,0.0,valendin,,a
ar_encoding__electronics__no_ar__a,LSTM,18,0.0633738606571479,0.1878753974821245,0.0888614747673273,10.0,18.0,0.0022741318442893,256.0,6.925050616681556e-05,44.0,64.0,128.0,0.0,valendin,,a
ar_encoding__electronics__no_ar__a,LSTM,19,-0.0081507607377505,0.1638645522263575,0.0890516769140958,12.0,20.0,0.0016371711847892,256.0,3.353377135409272e-05,52.0,64.0,128.0,0.0,valendin,,a
ar_encoding__electronics__no_ar__a,LSTM,20,0.0197019883668635,0.1376318419358916,0.0893215164542198,5.0,13.0,0.0047202476560469,256.0,2.5143892276041285e-06,24.0,128.0,64.0,0.0,valendin,,a
ar_encoding__electronics__no_ar__b,LSTM,1,0.0719832346124545,0.1418361253015034,0.0893720351159572,7.0,15.0,0.0030304111349454,256.0,1.7497241821805353e-05,32.0,32.0,64.0,0.2,valendin,,b
ar_encoding__electronics__no_ar__b,LSTM,2,0.0594994534103275,0.1619449995799688,0.0891280453652143,8.0,16.0,0.0023444597571633,256.0,5.904299628466365e-05,36.0,128.0,64.0,0.0,valendin,,b
ar_encoding__electronics__no_ar__b,LSTM,3,0.0629590655185387,0.1375373573144463,0.0893189143389463,8.0,16.0,0.0037468751988418,256.0,0.0001234648807003,36.0,64.0,64.0,0.2,valendin,,b
ar_encoding__electronics__no_ar__b,LSTM,4,0.0245924549506895,0.1516308049663065,0.0887968204915523,7.0,15.0,0.0027237470111084,256.0,0.0060635887461993,32.0,128.0,64.0,0.2,valendin,,b
ar_encoding__electronics__no_ar__b,LSTM,5,0.0810536159871526,0.1551885757815976,0.0892761535942554,5.0,13.0,0.006789192178187,256.0,2.900825080542516e-06,24.0,128.0,32.0,0.0,valendin,,b
ar_encoding__electronics__no_ar__b,LSTM,6,0.0099368071520159,0.168938354208019,0.0890692770481109,9.0,17.0,0.0020549425430259,256.0,4.428520656267218e-06,40.0,128.0,64.0,0.0,valendin,,b
ar_encoding__electronics__no_ar__b,LSTM,7,0.0533901441173861,0.143902768568271,0.0891677942126989,11.0,19.0,0.0016276741354331,256.0,0.0005800168278302,48.0,32.0,64.0,0.0,valendin,,b
ar_encoding__electronics__no_ar__b,LSTM,8,0.0616308745659935,0.1488000102563834,0.0880723632872104,8.0,16.0,0.0017504726266388,256.0,1.370911695253773e-05,36.0,32.0,128.0,0.0,valendin,,b
ar_encoding__electronics__no_ar__b,LSTM,9,0.061989961417677,0.147730023935515,0.0890059079974889,7.0,15.0,0.0029780613185972,256.0,2.84240742636052e-05,32.0,128.0,64.0,0.0,valendin,,b
ar_encoding__electronics__no_ar__b,LSTM,10,0.035978809995685,0.1548277425838733,0.0893347412347793,7.0,15.0,0.0026643296335874,256.0,3.1860659769163432e-06,32.0,128.0,128.0,0.2,valendin,,b
ar_encoding__electronics__no_ar__b,LSTM,11,0.2536657249666575,0.3731809353406665,0.0879386035459382,30.0,38.0,0.0085597369873282,128.0,5.192347463776423e-05,217.0,128.0,128.0,0.0,valendin,,b
ar_encoding__electronics__no_ar__b,LSTM,12,-0.0442974867272756,0.1408067553450323,0.0895095914602279,4.0,12.0,0.0067021026079691,256.0,3.4578995685183066e-05,20.0,128.0,32.0,0.0,valendin,,b
ar_encoding__electronics__no_ar__b,LSTM,13,-0.0204839462405886,0.1355122227924425,0.0891848113387823,8.0,16.0,0.0049865257562353,256.0,1.7558413666496477e-06,36.0,64.0,32.0,0.2,valendin,,b
ar_encoding__electronics__no_ar__b,LSTM,14,0.0087240004159755,0.1482974363491773,0.0900568086653947,4.0,12.0,0.0097248039290284,256.0,0.002245970884856,20.0,128.0,32.0,0.2,valendin,,b
ar_encoding__electronics__no_ar__b,LSTM,15,0.2864323666463456,0.4730372442956388,0.0888698814580073,30.0,38.0,0.0099748740008682,64.0,1.189335222483427e-06,403.0,64.0,64.0,0.2,valendin,,b
ar_encoding__electronics__no_ar__b,LSTM,16,0.0302470637184944,0.135935881829587,0.0889525227248668,7.0,15.0,0.0037745531203128,256.0,0.0001862268096094,32.0,128.0,32.0,0.0,valendin,,b
ar_encoding__electronics__no_ar__b,LSTM,17,0.0363887044350312,0.1584688653415736,0.0891995094716548,7.0,15.0,0.0057243831078349,256.0,0.0009904551542612,32.0,64.0,32.0,0.0,valendin,,b
ar_encoding__electronics__no_ar__b,LSTM,18,0.0211492706062052,0.1519193099245502,0.089180463925004,10.0,18.0,0.0044957234436596,256.0,0.0075169092208676,44.0,32.0,64.0,0.0,valendin,,b
ar_encoding__electronics__no_ar__b,LSTM,19,-0.0197711444287287,0.1324625919325454,0.0891768839210271,5.0,13.0,0.0066113760960024,256.0,0.0025257721752768,24.0,128.0,32.0,0.2,valendin,,b
ar_encoding__electronics__no_ar__b,LSTM,20,0.0801511250173009,0.1917487630278268,0.0892631150782108,11.0,19.0,0.0020419715356054,256.0,4.691545595508345e-06,48.0,64.0,128.0,0.0,valendin,,b
ar_encoding__electronics__no_ar__c,LSTM,1,0.1025756081290829,0.1531449033812415,0.0892240777611732,11.0,19.0,0.0019322484960782,256.0,5.3739236936428256e-05,48.0,64.0,128.0,0.2,valendin,,c
ar_encoding__electronics__no_ar__c,LSTM,2,0.0589349631477166,0.1637786035326397,0.0890413261950016,13.0,21.0,0.0014472317104203,256.0,1.1069901249788585e-06,56.0,64.0,128.0,0.2,valendin,,c
ar_encoding__electronics__no_ar__c,LSTM,3,0.0698237268681033,0.1655728576808371,0.0888322293758392,8.0,16.0,0.0020400844356885,256.0,2.31854719704932e-05,36.0,128.0,128.0,0.0,valendin,,c
ar_encoding__electronics__no_ar__c,LSTM,4,0.0405079318678241,0.1674032305497561,0.0893525537103414,8.0,16.0,0.001988869947365,256.0,0.0004998126507373,36.0,128.0,128.0,0.0,valendin,,c
ar_encoding__electronics__no_ar__c,LSTM,5,0.0132027064081284,0.1531294441001361,0.0918194257787295,3.0,11.0,0.0035556033223122,128.0,2.0039251839310303e-05,28.0,128.0,128.0,0.2,valendin,,c
ar_encoding__electronics__no_ar__c,LSTM,6,0.0700992754988402,0.1470890919996737,0.0893227215856313,13.0,21.0,0.0004218247711839,256.0,0.000383744212815,56.0,128.0,128.0,0.2,valendin,,c
ar_encoding__electronics__no_ar__c,LSTM,7,-0.0352241349863303,0.1361367663433247,0.0890210699290037,6.0,14.0,0.0040760809458238,256.0,9.465577099068536e-05,28.0,128.0,32.0,0.0,valendin,,c
ar_encoding__electronics__no_ar__c,LSTM,8,0.0638967376776154,0.1251459607003025,0.0898100230842828,75.0,83.0,0.0001216443171454,256.0,0.0074530533950541,304.0,32.0,128.0,0.2,valendin,,c
ar_encoding__electronics__no_ar__c,LSTM,9,0.0292916987336495,0.1517783902407555,0.0904496051371097,18.0,26.0,0.0010942348721186,256.0,0.0001195642113686,76.0,64.0,64.0,0.2,valendin,,c
ar_encoding__electronics__no_ar__c,LSTM,10,0.0622660995024652,0.1657795079156732,0.08905122987926,7.0,15.0,0.0025792407308358,256.0,0.0021787349133618,32.0,128.0,128.0,0.0,valendin,,c
ar_encoding__electronics__no_ar__c,LSTM,11,0.0508896203926236,0.1672132583331725,0.0890622641891241,7.0,15.0,0.0030073892021803,256.0,1.6915041840345817e-05,32.0,128.0,64.0,0.0,valendin,,c
ar_encoding__electronics__no_ar__c,LSTM,12,0.0898201773853011,0.1480432968436566,0.0916469927345003,2.0,10.0,0.0064497863733035,128.0,0.0003085210239992,21.0,128.0,32.0,0.0,valendin,,c
ar_encoding__electronics__no_ar__c,LSTM,13,0.0645194307217292,0.1645864645593764,0.0888701472431421,13.0,21.0,0.0014426062610101,256.0,0.0009445858126829,56.0,64.0,128.0,0.0,valendin,,c
ar_encoding__electronics__no_ar__c,LSTM,14,-0.0004471007293479,0.1373033301625401,0.0890891030430793,6.0,14.0,0.0040478284497851,256.0,0.0025925765357385,28.0,128.0,32.0,0.2,valendin,,c
ar_encoding__electronics__no_ar__c,LSTM,15,0.0599807724837802,0.1682192175026854,0.0887982174754142,11.0,19.0,0.0018333674604217,256.0,2.235051691314312e-05,48.0,64.0,128.0,0.0,valendin,,c
ar_encoding__electronics__no_ar__c,LSTM,16,0.0255118448906303,0.1841358560327495,0.0890269428491592,11.0,19.0,0.0019632580179541,256.0,0.0001673310098279,48.0,64.0,128.0,0.0,valendin,,c
ar_encoding__electronics__no_ar__c,LSTM,17,-0.0076045046857867,0.1763880638132592,0.0890885628759861,11.0,19.0,0.0019533553740883,256.0,1.054055206462036e-06,48.0,64.0,128.0,0.0,valendin,,c
ar_encoding__electronics__no_ar__c,LSTM,18,-0.0291188953156786,0.136372963253954,0.0889789573848247,6.0,14.0,0.0047638334668654,256.0,0.0077995995458774,28.0,128.0,32.0,0.0,valendin,,c
ar_encoding__electronics__no_ar__c,LSTM,19,0.0246388856112293,0.1416886652787294,0.0900784395635128,7.0,15.0,0.0035514614971208,256.0,3.8377229138100606e-05,32.0,64.0,128.0,0.2,valendin,,c
ar_encoding__electronics__no_ar__c,LSTM,20,0.2806727679621781,0.8652567332902257,0.0884466879069805,23.0,31.0,0.0093570601388694,64.0,1.2270230055609e-05,312.0,64.0,64.0,0.0,valendin,,c
ar_encoding__electronics__no_ar__d,LSTM,1,0.0004233707689945,0.1810054425246581,0.0913778415748051,7.0,15.0,0.0016582046831165,128.0,0.0002839244557595,56.0,64.0,128.0,0.0,valendin,,d
ar_encoding__electronics__no_ar__d,LSTM,2,0.0301131152144718,0.1496989039302633,0.0891547854989767,9.0,17.0,0.0021889085770271,256.0,0.0003054723148321,40.0,128.0,64.0,0.0,valendin,,d
ar_encoding__electronics__no_ar__d,LSTM,3,-0.0126113476685565,0.1297966491492968,0.0889454092830419,8.0,16.0,0.0038285582109215,256.0,0.0002007959991937,36.0,64.0,64.0,0.2,valendin,,d
ar_encoding__electronics__no_ar__d,LSTM,4,0.0801007548900276,0.1744742468355751,0.0890484917908907,13.0,21.0,0.0014272355744135,256.0,0.0006949769806338,56.0,64.0,128.0,0.0,valendin,,d
ar_encoding__electronics__no_ar__d,LSTM,5,0.0003566134305851,0.1605541080799393,0.0891578942537307,9.0,17.0,0.0031854741898876,256.0,7.837317837771831e-05,40.0,64.0,64.0,0.0,valendin,,d
ar_encoding__electronics__no_ar__d,LSTM,6,0.0032836717412067,0.1355487426817838,0.0893083531409502,7.0,15.0,0.0031658017922903,256.0,1.0691892626740243e-05,32.0,128.0,64.0,0.2,valendin,,d
ar_encoding__electronics__no_ar__d,LSTM,7,0.0971642409467004,0.1377346055031479,0.0889831278473138,7.0,15.0,0.0058469678075243,256.0,0.0056832319821084,32.0,64.0,32.0,0.2,valendin,,d
ar_encoding__electronics__no_ar__d,LSTM,8,0.0357260953581479,0.1675418456814029,0.0913882628083229,6.0,14.0,0.0018358102869988,128.0,0.0002647471674405,49.0,64.0,128.0,0.2,valendin,,d
ar_encoding__electronics__no_ar__d,LSTM,9,-0.0259323737301456,0.1426082113367249,0.0892796535044908,6.0,14.0,0.0042928687403083,256.0,3.839375465536074e-06,28.0,128.0,32.0,0.0,valendin,,d
ar_encoding__electronics__no_ar__d,LSTM,10,-0.0328867922680684,0.1614239761281244,0.0889757331460714,8.0,16.0,0.0022901349882892,256.0,1.0895736877226371e-06,36.0,128.0,64.0,0.0,valendin,,d
ar_encoding__electronics__no_ar__d,LSTM,11,-0.0250097411427588,0.1438868740704303,0.0890810973942279,22.0,30.0,0.0004260488527932,256.0,9.860383699289558e-05,92.0,32.0,128.0,0.2,valendin,,d
ar_encoding__electronics__no_ar__d,LSTM,12,-0.0186399905854328,0.1478295577056251,0.0890632662922144,7.0,15.0,0.0027677243010034,256.0,6.9049136715164e-06,32.0,128.0,64.0,0.2,valendin,,d
ar_encoding__electronics__no_ar__d,LSTM,13,0.0526616695397765,0.1414374592126617,0.0894968099892139,41.0,49.0,0.0001630411742799,256.0,0.0077056145351025,168.0,64.0,64.0,0.2,valendin,,d
ar_encoding__electronics__no_ar__d,LSTM,14,0.0915209171417891,0.1957213130862516,0.0881886333227157,10.0,18.0,0.0021397430168061,256.0,0.0001261527075338,44.0,64.0,128.0,0.2,valendin,,d
ar_encoding__electronics__no_ar__d,LSTM,15,-0.0089074811853108,0.1334029516519578,0.0895342212170362,13.0,21.0,0.0012956636949862,256.0,5.283384275456227e-05,56.0,32.0,64.0,0.0,valendin,,d
ar_encoding__electronics__no_ar__d,LSTM,16,-0.0577000521382161,0.1395397013274032,0.08894769474864,9.0,17.0,0.0031212152458808,256.0,0.0022767365717078,40.0,64.0,64.0,0.0,valendin,,d
ar_encoding__electronics__no_ar__d,LSTM,17,0.0067572788233652,0.1477320873305755,0.0892396792769432,11.0,19.0,0.0029590858187755,256.0,0.0015741207531732,48.0,64.0,32.0,0.2,valendin,,d
ar_encoding__electronics__no_ar__d,LSTM,18,0.0323401454914494,0.1629220812897592,0.0882916208356618,9.0,17.0,0.0015211802919345,256.0,6.498086545060381e-06,40.0,32.0,128.0,0.0,valendin,,d
ar_encoding__electronics__no_ar__d,LSTM,19,0.0710234486349685,0.1382831064905417,0.0900886580348014,80.0,88.0,0.0001954203819506,256.0,1.1810182047398504e-06,324.0,32.0,32.0,0.2,valendin,,d
ar_encoding__electronics__no_ar__d,LSTM,20,0.0598435934510945,0.1832113158911775,0.0911646336317062,6.0,14.0,0.0016795084755181,128.0,0.0002043369136038,49.0,64.0,128.0,0.0,valendin,,d
ar_encoding__electronics__no_ar__e,LSTM,1,0.0174341591276752,0.1671648191788832,0.0890235304832458,14.0,22.0,0.0012283443316076,256.0,7.240027920608625e-05,60.0,64.0,128.0,0.0,valendin,,e
ar_encoding__electronics__no_ar__e,LSTM,2,-0.0425742557687923,0.1479026552267339,0.0892580486834049,7.0,15.0,0.0028903181965285,256.0,0.0022336406555057,32.0,128.0,64.0,0.0,valendin,,e
ar_encoding__electronics__no_ar__e,LSTM,3,-0.0393667573054777,0.1367476838527295,0.0891342051327228,6.0,14.0,0.0044364867612807,256.0,7.5135328679378205e-06,28.0,128.0,64.0,0.0,valendin,,e
ar_encoding__electronics__no_ar__e,LSTM,4,0.0743895732344739,0.1645237410029799,0.0889761690050363,14.0,22.0,0.0014066578528451,256.0,8.45622404332401e-05,60.0,64.0,128.0,0.2,valendin,,e
ar_encoding__electronics__no_ar__e,LSTM,5,0.0593023171523004,0.1388110361915486,0.0890151746571064,7.0,15.0,0.0055446250472667,256.0,0.0005062397660571,32.0,64.0,64.0,0.0,valendin,,e
ar_encoding__electronics__no_ar__e,LSTM,6,0.0902047088245533,0.1494030606062613,0.0886351782828569,24.0,32.0,0.0004662284195599,256.0,3.0040962720167283e-06,100.0,32.0,128.0,0.0,valendin,,e
ar_encoding__electronics__no_ar__e,LSTM,7,-0.0374201289337689,0.1337899924663999,0.0897154323756694,4.0,12.0,0.0073075264990568,256.0,6.742210949084297e-05,20.0,128.0,32.0,0.2,valendin,,e
ar_encoding__electronics__no_ar__e,LSTM,8,0.069952528973354,0.1541313753572559,0.0890534725040197,11.0,19.0,0.0011861428253656,256.0,1.069935043305482e-05,48.0,128.0,128.0,0.2,valendin,,e
ar_encoding__electronics__no_ar__e,LSTM,9,0.0838752031944483,0.1826222763188679,0.0897622294723987,6.0,14.0,0.0071038561589751,256.0,0.0011244858667627,28.0,32.0,128.0,0.0,valendin,,e
ar_encoding__electronics__no_ar__e,LSTM,10,0.0523251047585445,0.169933650414854,0.0889938063919544,10.0,18.0,0.0020520913017277,256.0,1.3511697892088924e-06,44.0,64.0,128.0,0.0,valendin,,e
ar_encoding__electronics__no_ar__e,LSTM,11,-0.0248716927460759,0.1547822709070341,0.0892042852938175,8.0,16.0,0.0024921271477264,256.0,2.5749460020142805e-06,36.0,128.0,64.0,0.0,valendin,,e
ar_encoding__electronics__no_ar__e,LSTM,12,0.0958627764072583,0.1635637613072154,0.0892952512949705,14.0,22.0,0.0013573140268043,256.0,9.002025740397724e-05,60.0,64.0,128.0,0.0,valendin,,e
ar_encoding__electronics__no_ar__e,LSTM,13,0.0449124316823333,0.1550586835297687,0.0898145101964473,10.0,18.0,0.0032244094524539,256.0,0.0035782776063473,44.0,32.0,128.0,0.2,valendin,,e
ar_encoding__electronics__no_ar__e,LSTM,14,0.0610706717775849,0.1593426007290382,0.0893636904656887,13.0,21.0,0.0015853788256258,256.0,3.6397564833126e-05,56.0,64.0,128.0,0.2,valendin,,e
ar_encoding__electronics__no_ar__e,LSTM,15,0.0376333215417518,0.1749461781390798,0.0891049858182668,9.0,17.0,0.0016453589446874,256.0,0.0030424277005435,40.0,128.0,128.0,0.0,valendin,,e
ar_encoding__electronics__no_ar__e,LSTM,16,0.0168507850083254,0.1793981518996669,0.0890658237040042,11.0,19.0,0.0018829704671206,256.0,8.976927161509888e-05,48.0,64.0,128.0,0.2,valendin,,e
ar_encoding__electronics__no_ar__e,LSTM,17,-0.0924943244688767,0.1406484589530119,0.0891889557242393,7.0,15.0,0.006105058625113,256.0,3.776399686932025e-06,32.0,64.0,32.0,0.0,valendin,,e
ar_encoding__electronics__no_ar__e,LSTM,18,0.0447381808057661,0.1648760668681385,0.0890826638787984,10.0,18.0,0.0015343656156386,256.0,3.765088208488132e-06,44.0,128.0,64.0,0.0,valendin,,e
ar_encoding__electronics__no_ar__e,LSTM,19,0.010698013816228,0.1515316212916743,0.0892805252224206,10.0,18.0,0.0043317252574349,256.0,7.766112816965402e-06,44.0,32.0,64.0,0.0,valendin,,e
ar_encoding__electronics__no_ar__e,LSTM,20,0.0650093571715245,0.1510233496725361,0.0892878305166959,7.0,15.0,0.0033674422225742,256.0,8.699420629145853e-06,32.0,128.0,64.0,0.2,valendin,,e
cluster__electronics__ar_plus_cluster_8__a,LSTM,1,0.2967554399145447,5.869788291262599,0.0846543928178457,19.0,27.0,0.0099397671680106,64.0,0.0007540582424263,260.0,64.0,32.0,0.2,valendin,,a
cluster__electronics__ar_plus_cluster_8__a,LSTM,2,0.2599992716800328,15.940212844736156,0.0868038367480039,6.0,14.0,0.0020102145561129,256.0,3.520784061174795e-05,28.0,32.0,128.0,0.0,valendin,,a
cluster__electronics__ar_plus_cluster_8__a,LSTM,3,0.2116951398686822,1.741680666031331,0.0847483111115602,10.0,18.0,0.0095632192294259,64.0,1.773510519377178e-05,143.0,32.0,128.0,0.2,valendin,,a
cluster__electronics__ar_plus_cluster_8__a,LSTM,4,0.3284966280894408,2.762608637004996,0.0823645517230033,8.0,16.0,0.0082868110923768,64.0,1.890465837707818e-05,117.0,128.0,128.0,0.2,valendin,,a
cluster__electronics__ar_plus_cluster_8__a,LSTM,5,0.2410202450827588,1.303392751141503,0.0888273231685161,4.0,12.0,0.0068251429246809,256.0,7.371130115661969e-06,20.0,128.0,64.0,0.2,valendin,,a
cluster__electronics__ar_plus_cluster_8__a,LSTM,6,0.3171338969365073,3.0732489987166614,0.0851150804332324,12.0,20.0,0.0092966063144646,128.0,6.119470180474752e-05,91.0,64.0,128.0,0.2,valendin,,a
cluster__electronics__ar_plus_cluster_8__a,LSTM,7,0.2729705139478641,5.65990191065473,0.0849607942196039,7.0,15.0,0.0075474338705433,64.0,1.4905265849011147e-05,104.0,128.0,128.0,0.0,valendin,,a
cluster__electronics__ar_plus_cluster_8__a,LSTM,8,0.2719602897392371,4.380335389691202,0.0822651982307434,18.0,26.0,0.0092179645810269,256.0,7.950182217793861e-06,76.0,128.0,128.0,0.0,valendin,,a
cluster__electronics__ar_plus_cluster_8__a,LSTM,9,0.2867262739806707,2.8468679827702115,0.0832326019612642,9.0,17.0,0.0095477416016872,64.0,0.0006362836350223,130.0,128.0,32.0,0.0,valendin,,a
cluster__electronics__ar_plus_cluster_8__a,LSTM,10,0.2716420552739488,3.492821689847084,0.0828095820660774,12.0,20.0,0.0098315615082222,64.0,5.31596336257693e-05,169.0,128.0,128.0,0.2,valendin,,a
cluster__electronics__ar_plus_cluster_8__a,LSTM,11,0.3280008149272392,3.041008197145673,0.0842785964218469,14.0,22.0,0.0076244062130149,64.0,1.3292550633134232e-06,195.0,128.0,32.0,0.0,valendin,,a
cluster__electronics__ar_plus_cluster_8__a,LSTM,12,0.306919935778113,9.657278117015274,0.0852718422046074,14.0,22.0,0.0046467619706099,64.0,0.0092882710809889,195.0,32.0,32.0,0.0,valendin,,a
cluster__electronics__ar_plus_cluster_8__a,LSTM,13,0.2216472358632463,3.6783811402308952,0.0845924836511795,12.0,20.0,0.009811879496622,64.0,0.0004737426198842,169.0,64.0,128.0,0.0,valendin,,a
cluster__electronics__ar_plus_cluster_8__a,LSTM,14,0.302090555583579,3.0422616658053325,0.0844350689305709,16.0,24.0,0.0057819057802804,64.0,8.227229855222625e-06,221.0,128.0,64.0,0.2,valendin,,a
cluster__electronics__ar_plus_cluster_8__a,LSTM,15,0.2873336824236654,5.887226312281937,0.0853823072143963,20.0,28.0,0.0076559909395675,128.0,5.032118549058681e-05,147.0,128.0,32.0,0.2,valendin,,a
cluster__electronics__ar_plus_cluster_8__a,LSTM,16,0.2901847084866877,4.983714399090822,0.0835627115198544,12.0,20.0,0.0097073508704091,128.0,0.0001708461411585,91.0,64.0,128.0,0.2,valendin,,a
cluster__electronics__ar_plus_cluster_8__a,LSTM,17,0.3203087623204837,3.74274077181354,0.0807475692459515,13.0,21.0,0.0083463754488986,128.0,0.0058495922975224,98.0,128.0,128.0,0.2,valendin,,a
cluster__electronics__ar_plus_cluster_8__a,LSTM,18,0.301884166397684,1.823903360209294,0.0845818018110898,9.0,17.0,0.0070248354934557,64.0,1.0032450619951164e-05,130.0,32.0,128.0,0.2,valendin,,a
cluster__electronics__ar_plus_cluster_8__a,LSTM,19,0.2927976459723136,6.698743842840041,0.0875598322600126,4.0,12.0,0.0057537685612637,256.0,0.0002166515262926,20.0,64.0,128.0,0.0,valendin,,a
cluster__electronics__ar_plus_cluster_8__a,LSTM,20,0.2921935204270359,12.52593723211656,0.087271885946393,6.0,14.0,0.0080275934181518,256.0,0.0021818200913641,28.0,32.0,64.0,0.0,valendin,,a
cluster__electronics__ar_plus_cluster_8__b,LSTM,1,0.3074650820247903,4.215768010482072,0.0866711644025949,11.0,19.0,0.0088562108845805,64.0,1.299963897032e-06,156.0,32.0,128.0,0.2,valendin,,b
cluster__electronics__ar_plus_cluster_8__b,LSTM,2,0.3238460603628691,7.312408684547602,0.088426062837243,4.0,12.0,0.0081002402044881,256.0,5.591396825715117e-06,20.0,64.0,64.0,0.2,valendin,,b
cluster__electronics__ar_plus_cluster_8__b,LSTM,3,0.2680396858364943,3.2003629009216463,0.0851179951658615,26.0,34.0,0.0045231945638636,64.0,1.2520997028064952e-05,351.0,128.0,128.0,0.0,valendin,,b
cluster__electronics__ar_plus_cluster_8__b,LSTM,4,0.0342571385375426,10.23059360925618,0.0839863499769797,9.0,17.0,0.0098168441362284,64.0,4.193067263238865e-06,130.0,128.0,128.0,0.2,valendin,,b
cluster__electronics__ar_plus_cluster_8__b,LSTM,5,0.3146299074248078,3.877257298824305,0.0836931197689129,14.0,22.0,0.0098883702902485,64.0,0.0058139600904827,195.0,128.0,32.0,0.2,valendin,,b
cluster__electronics__ar_plus_cluster_8__b,LSTM,6,0.2454117979146307,3.0031806759372075,0.0842576641589403,3.0,11.0,0.0059101666812249,256.0,2.6877015770901067e-06,16.0,32.0,128.0,0.0,valendin,,b
cluster__electronics__ar_plus_cluster_8__b,LSTM,7,0.2954940003919316,2.9307451264517312,0.0828713746025012,34.0,42.0,0.0042880723022814,64.0,5.767509023618295e-06,455.0,128.0,128.0,0.2,valendin,,b
cluster__electronics__ar_plus_cluster_8__b,LSTM,8,0.3158707431663445,3.832139075320348,0.0848749130964279,10.0,18.0,0.0095718830918057,64.0,6.953507367092027e-06,143.0,32.0,128.0,0.2,valendin,,b
cluster__electronics__ar_plus_cluster_8__b,LSTM,9,0.297768002162487,4.850292216515107,0.085773206101014,30.0,38.0,0.008467339926776,64.0,1.1611269503622162e-06,403.0,64.0,32.0,0.0,valendin,,b
cluster__electronics__ar_plus_cluster_8__b,LSTM,10,0.2997660751208542,7.379968536162332,0.0829405369503157,14.0,22.0,0.0095042949096176,128.0,0.0015745786881496,105.0,32.0,64.0,0.2,valendin,,b
cluster__electronics__ar_plus_cluster_8__b,LSTM,11,0.2583851976520156,12.6832249266759,0.0842751171439886,35.0,43.0,0.0076245430775207,256.0,0.0001932764429193,144.0,32.0,32.0,0.2,valendin,,b
cluster__electronics__ar_plus_cluster_8__b,LSTM,12,0.2079438821400309,2.2024762064124057,0.0863407042164069,16.0,24.0,0.0052115576472143,64.0,0.0005069223136935,221.0,32.0,128.0,0.2,valendin,,b
cluster__electronics__ar_plus_cluster_8__b,LSTM,13,0.3162882114859231,2.995607110245052,0.0834550507939778,12.0,20.0,0.0091219510973796,64.0,0.0014818058362437,169.0,128.0,64.0,0.2,valendin,,b
cluster__electronics__ar_plus_cluster_8__b,LSTM,14,0.2489421486061998,3.752069791570582,0.0831180515770728,8.0,16.0,0.0092373407235984,64.0,2.638552448686249e-06,117.0,128.0,128.0,0.0,valendin,,b
cluster__electronics__ar_plus_cluster_8__b,LSTM,15,0.3249869479740859,3.850573520466533,0.081215249640601,19.0,27.0,0.0085007964568031,128.0,0.0001951383926696,140.0,128.0,64.0,0.0,valendin,,b
cluster__electronics__ar_plus_cluster_8__b,LSTM,16,0.2398557683699713,6.212908278628805,0.0881570074707269,4.0,12.0,0.0081711159208288,256.0,0.0002965728959757,20.0,128.0,32.0,0.2,valendin,,b
cluster__electronics__ar_plus_cluster_8__b,LSTM,17,0.3234341095313476,3.445729149557004,0.0840441959981734,9.0,17.0,0.0048902562806471,64.0,0.0002963257108075,130.0,128.0,128.0,0.0,valendin,,b
cluster__electronics__ar_plus_cluster_8__b,LSTM,18,0.2717311605641522,3.26341396627599,0.0898645743727684,7.0,15.0,0.0036990253990902,256.0,0.0001167110462169,32.0,128.0,32.0,0.2,valendin,,b
cluster__electronics__ar_plus_cluster_8__b,LSTM,19,0.2748871020658337,11.95135893007259,0.0868480298668146,7.0,15.0,0.0048836724705741,256.0,8.023206608328777e-06,32.0,64.0,64.0,0.2,valendin,,b
cluster__electronics__ar_plus_cluster_8__b,LSTM,20,0.2729235150922359,9.19115279957797,0.0889369845390319,5.0,13.0,0.0033251291562805,256.0,0.000118816453897,24.0,128.0,128.0,0.0,valendin,,b
cluster__electronics__ar_unbounded__a,LSTM,1,0.3019370530612295,4.161130135697876,0.0880107379385403,9.0,17.0,0.0099504288789461,128.0,2.1105619121098388e-05,70.0,128.0,128.0,0.0,valendin,,a
cluster__electronics__ar_unbounded__a,LSTM,2,0.2535139271086162,7.18372716277265,0.0896476171910762,4.0,12.0,0.0057509801630664,256.0,0.0012215613230448,20.0,64.0,128.0,0.0,valendin,,a
cluster__electronics__ar_unbounded__a,LSTM,3,0.3209049441308823,3.108032868890411,0.0892464266373561,19.0,27.0,0.0099397383258931,64.0,2.622678452993205e-06,260.0,128.0,64.0,0.2,valendin,,a
cluster__electronics__ar_unbounded__a,LSTM,4,0.3120028649695843,2.450041100107836,0.0894911696131412,12.0,20.0,0.0094308908619396,64.0,4.785459237453018e-06,169.0,64.0,128.0,0.2,valendin,,a
cluster__electronics__ar_unbounded__a,LSTM,5,0.2048165307748141,10.479237387926831,0.0903294142335653,5.0,13.0,0.0050374014656676,256.0,1.993777661005669e-06,24.0,128.0,32.0,0.2,valendin,,a
cluster__electronics__ar_unbounded__a,LSTM,6,0.2178990042390046,13.290576264067402,0.0900522153824567,5.0,13.0,0.0082305599706254,256.0,0.000467270222426,24.0,64.0,32.0,0.0,valendin,,a
cluster__electronics__ar_unbounded__a,LSTM,7,0.2582923948377515,11.554729925239371,0.0900917742401361,6.0,14.0,0.0069246164152754,256.0,0.0012840111099899,28.0,64.0,32.0,0.0,valendin,,a
cluster__electronics__ar_unbounded__a,LSTM,8,0.3193008760574876,3.976006265866199,0.0877729933708906,26.0,34.0,0.0098634591265982,256.0,0.000183155398816,108.0,128.0,128.0,0.0,valendin,,a
cluster__electronics__ar_unbounded__a,LSTM,9,0.247952444494216,9.561215314988896,0.0890528056770563,4.0,12.0,0.0067614051198509,256.0,3.590569025612882e-05,20.0,64.0,128.0,0.2,valendin,,a
cluster__electronics__ar_unbounded__a,LSTM,10,0.2455621694223532,12.887274448848125,0.0898047685623169,4.0,12.0,0.0037384708944379,256.0,1.3709629268015273e-05,20.0,32.0,128.0,0.0,valendin,,a
cluster__electronics__ar_unbounded__a,LSTM,11,0.2873966632549847,11.43541429017033,0.0883878450840711,7.0,15.0,0.004365262444724,256.0,3.6847151140922296e-05,32.0,64.0,64.0,0.0,valendin,,a
cluster__electronics__ar_unbounded__a,LSTM,12,0.2285850910181819,6.656111112566116,0.0884361714124679,4.0,12.0,0.0084612791885199,256.0,0.000103876492505,20.0,32.0,128.0,0.2,valendin,,a
cluster__electronics__ar_unbounded__a,LSTM,13,0.2491156692598126,10.81982308016096,0.088507417589426,4.0,12.0,0.0041257263584717,256.0,0.003238587090996,20.0,32.0,128.0,0.0,valendin,,a
cluster__electronics__ar_unbounded__a,LSTM,14,0.1192242642270861,17.844951871849034,0.0896970573812723,8.0,16.0,0.0029285558807353,256.0,0.0005214534336205,36.0,32.0,32.0,0.0,valendin,,a
cluster__electronics__ar_unbounded__a,LSTM,15,0.2944835470422536,9.60875441328693,0.0905123821326664,13.0,21.0,0.0085334258292389,128.0,1.8013316291933383e-06,98.0,32.0,64.0,0.2,valendin,,a
cluster__electronics__ar_unbounded__a,LSTM,16,0.2256288019792175,6.679553347807709,0.0902690198272466,2.0,10.0,0.0046173018492615,256.0,6.362565644036678e-06,12.0,128.0,64.0,0.2,valendin,,a
cluster__electronics__ar_unbounded__a,LSTM,17,0.192739312122441,8.859704722794607,0.0884311702102422,4.0,12.0,0.0034082325993873,256.0,0.0001269209969847,20.0,64.0,64.0,0.0,valendin,,a
cluster__electronics__ar_unbounded__a,LSTM,18,0.2564787521004366,5.446705932446166,0.089935952797532,4.0,12.0,0.0076038333548453,256.0,0.0001726845240326,20.0,128.0,32.0,0.2,valendin,,a
cluster__electronics__ar_unbounded__a,LSTM,19,0.1983381097190106,12.97197920299749,0.0893180295825004,5.0,13.0,0.0078733140548145,256.0,0.000204420889087,24.0,64.0,32.0,0.0,valendin,,a
cluster__electronics__ar_unbounded__a,LSTM,20,0.2144816322350536,5.862962277058152,0.0887459218502044,6.0,14.0,0.0020604631480389,256.0,5.320590123896932e-05,28.0,64.0,64.0,0.2,valendin,,a
cluster__electronics__ar_unbounded__b,LSTM,1,0.0563773576966904,21.120715792440645,0.0909172892570495,6.0,14.0,0.008321429700411,256.0,0.001429255599892,28.0,32.0,64.0,0.0,valendin,,b
cluster__electronics__ar_unbounded__b,LSTM,2,0.1364355532585214,23.20201452636606,0.089645953848958,7.0,15.0,0.0037936239166684,256.0,0.0001388841665706,32.0,32.0,32.0,0.2,valendin,,b
cluster__electronics__ar_unbounded__b,LSTM,3,0.2164529253352516,14.738471619153282,0.088277319446206,7.0,15.0,0.0037599659816941,256.0,5.779018318053675e-05,32.0,32.0,32.0,0.2,valendin,,b
cluster__electronics__ar_unbounded__b,LSTM,4,0.1854108386140515,2.524681534089862,0.0897617768496275,5.0,13.0,0.004883325310435,256.0,1.2400578353593989e-06,24.0,128.0,32.0,0.2,valendin,,b
cluster__electronics__ar_unbounded__b,LSTM,5,0.2956520142724656,12.907432150487784,0.0890639778226614,8.0,16.0,0.0051518340446386,256.0,0.0033785298518923,36.0,64.0,32.0,0.2,valendin,,b
cluster__electronics__ar_unbounded__b,LSTM,6,0.1512326008551507,6.943098592047222,0.0897057987749576,3.0,11.0,0.0089354612608079,256.0,0.0044418847392701,16.0,64.0,128.0,0.2,valendin,,b
cluster__electronics__ar_unbounded__b,LSTM,7,0.1911567065105631,13.54037823348161,0.0881064794957637,9.0,17.0,0.0016276741354331,256.0,0.0005800168278302,40.0,32.0,64.0,0.0,valendin,,b
cluster__electronics__ar_unbounded__b,LSTM,8,0.3104239478691544,3.633039025048616,0.0898170164571358,10.0,18.0,0.0072408297183907,64.0,2.030568209301348e-05,143.0,128.0,128.0,0.0,valendin,,b
cluster__electronics__ar_unbounded__b,LSTM,9,0.2503691658422806,9.591125617657283,0.0893854591995477,7.0,15.0,0.0008618296805568,256.0,0.0025142917336975,32.0,128.0,128.0,0.2,valendin,,b
cluster__electronics__ar_unbounded__b,LSTM,10,0.2097559302221424,12.444581334073796,0.08893408998847,6.0,14.0,0.0079637547889978,256.0,0.0033204360892328,28.0,32.0,32.0,0.2,valendin,,b
cluster__electronics__ar_unbounded__b,LSTM,11,0.2998228644711357,2.687132261979188,0.0890473648905754,10.0,18.0,0.0099199570515312,128.0,0.0001111360487341,77.0,128.0,128.0,0.0,valendin,,b
cluster__electronics__ar_unbounded__b,LSTM,12,-0.0141249556076721,14.364110557199783,0.0890290215611457,7.0,15.0,0.0097146062870947,256.0,1.3931715453492095e-06,32.0,32.0,32.0,0.2,valendin,,b
cluster__electronics__ar_unbounded__b,LSTM,13,0.2959656931375197,3.25855509855132,0.088398856898913,11.0,19.0,0.0084745779554334,64.0,0.0017971868851517,156.0,128.0,64.0,0.2,valendin,,b
cluster__electronics__ar_unbounded__b,LSTM,14,0.1980665518205091,10.426330208311004,0.0880474131554365,7.0,15.0,0.006761998718463,256.0,0.0012036174578938,32.0,32.0,64.0,0.2,valendin,,b
cluster__electronics__ar_unbounded__b,LSTM,15,0.2131218203862668,7.496350899750594,0.0878919754177331,4.0,12.0,0.0040758329278205,256.0,8.953682535269934e-06,20.0,32.0,128.0,0.0,valendin,,b
cluster__electronics__ar_unbounded__b,LSTM,16,0.2633789903832689,4.7160519684443365,0.0900235008448362,5.0,13.0,0.0054478012933376,256.0,8.086784149503378e-05,24.0,128.0,32.0,0.0,valendin,,b
cluster__electronics__ar_unbounded__b,LSTM,17,0.2374818192144446,9.983913930920531,0.0894021764397621,7.0,15.0,0.0008486082050728,256.0,0.0023083233363498,32.0,128.0,128.0,0.0,valendin,,b
cluster__electronics__ar_unbounded__b,LSTM,18,0.242766903188497,8.986891332736606,0.088705638423562,6.0,14.0,0.0063458438716471,256.0,0.0009504019780624,28.0,32.0,64.0,0.0,valendin,,b
cluster__electronics__ar_unbounded__b,LSTM,19,0.2550499036030337,6.301237248328739,0.0899751652032136,7.0,15.0,0.0020896945072529,256.0,2.423028488036924e-05,32.0,128.0,128.0,0.0,valendin,,b
cluster__electronics__ar_unbounded__b,LSTM,20,0.211958017027383,11.130921971615448,0.0895280968397855,7.0,15.0,0.0022465780317471,256.0,0.0007104822450115,32.0,64.0,32.0,0.2,valendin,,b
cluster__electronics__cluster_16__a,LSTM,1,0.3053802088630881,2.4406053393153013,0.0868612797214434,12.0,20.0,0.0099910800293231,64.0,0.0001504002479043,169.0,64.0,32.0,0.2,valendin,,a
cluster__electronics__cluster_16__a,LSTM,2,0.2637768969697701,1.722164246323122,0.0849758435327273,19.0,27.0,0.0032787508638342,64.0,0.0090731076571459,260.0,128.0,32.0,0.2,valendin,,a
cluster__electronics__cluster_16__a,LSTM,3,0.1836489872375214,0.9140017153777826,0.0871640834957361,17.0,25.0,0.000772232814509,256.0,6.735448395756008e-06,72.0,32.0,64.0,0.0,valendin,,a
cluster__electronics__cluster_16__a,LSTM,4,0.2500070678023819,1.1426094268015268,0.0865115914493799,7.0,15.0,0.0033924877258408,256.0,8.28691549029337e-05,32.0,128.0,64.0,0.2,valendin,,a
cluster__electronics__cluster_16__a,LSTM,5,0.2864705417136127,3.15379925979353,0.0843615096348982,17.0,25.0,0.0042983510237313,64.0,0.0028707713289113,234.0,128.0,128.0,0.0,valendin,,a
cluster__electronics__cluster_16__a,LSTM,6,0.1664557079008092,1.0745880777491874,0.0867758803069591,10.0,18.0,0.0028385174728384,256.0,0.0008639559032768,44.0,64.0,64.0,0.0,valendin,,a
cluster__electronics__cluster_16__a,LSTM,7,0.317365648821997,3.4893078871016274,0.0833687639007201,48.0,56.0,0.0018047481106469,64.0,2.3868222530424693e-05,637.0,128.0,128.0,0.0,valendin,,a
cluster__electronics__cluster_16__a,LSTM,8,0.2348209420041583,1.5492219522098554,0.0879667805773871,11.0,19.0,0.0004511742331206,128.0,0.0007671384394836,84.0,128.0,128.0,0.2,valendin,,a
cluster__electronics__cluster_16__a,LSTM,9,0.160730569517972,0.8012073332485605,0.0876090545207262,9.0,17.0,0.0051941867824738,256.0,0.0032489675540225,40.0,32.0,64.0,0.2,valendin,,a
cluster__electronics__cluster_16__a,LSTM,10,0.2912886236619501,1.5671610189714658,0.0872068032622337,11.0,19.0,0.003500736937934,256.0,1.1237801455134235e-05,48.0,32.0,128.0,0.2,valendin,,a
cluster__electronics__cluster_16__a,LSTM,11,0.3092800889122703,1.0364162724526162,0.0861216802150011,5.0,13.0,0.0044853066587084,256.0,0.0006601800916581,24.0,128.0,128.0,0.2,valendin,,a
cluster__electronics__cluster_16__a,LSTM,12,0.2202846820688306,3.614342127472312,0.0855250768363475,14.0,22.0,0.0012442604257588,256.0,0.0007998844581818,60.0,64.0,128.0,0.0,valendin,,a
cluster__electronics__cluster_16__a,LSTM,13,0.2701236548638113,2.9541211032930086,0.0870536158864314,24.0,32.0,0.0005056226126464,64.0,7.599914693412836e-05,325.0,128.0,128.0,0.0,valendin,,a
cluster__electronics__cluster_16__a,LSTM,14,0.3073554252418082,1.5543237240296697,0.0863295719027519,6.0,14.0,0.0036388482807216,256.0,2.7154162785847118e-06,28.0,128.0,128.0,0.0,valendin,,a
cluster__electronics__cluster_16__a,LSTM,15,0.3048883810453839,0.7689588401521439,0.0866730771958828,5.0,13.0,0.0057919777928871,256.0,0.0001248479474903,24.0,64.0,128.0,0.2,valendin,,a
cluster__electronics__cluster_16__a,LSTM,16,0.221748948036752,0.8077681458792044,0.0874112769961357,8.0,16.0,0.0038064190628296,256.0,2.581985680297143e-06,36.0,64.0,64.0,0.2,valendin,,a
cluster__electronics__cluster_16__a,LSTM,17,0.1892172532433354,1.5271962792150842,0.0865737330168485,11.0,19.0,0.0038479815931512,256.0,7.141028760370029e-05,48.0,32.0,64.0,0.0,valendin,,a
cluster__electronics__cluster_16__a,LSTM,18,0.2146885530066853,1.097225509928424,0.0870214775204658,8.0,16.0,0.0029063503861383,256.0,0.0088570677116941,36.0,64.0,128.0,0.0,valendin,,a
cluster__electronics__cluster_16__a,LSTM,19,0.2682450279697423,3.339430038880338,0.084847342222929,13.0,21.0,0.0013937322797969,256.0,0.0008843893890224,56.0,64.0,128.0,0.0,valendin,,a
cluster__electronics__cluster_16__a,LSTM,20,0.24140022101182,1.1061842015555985,0.0879727208188601,2.0,10.0,0.0040880664584167,128.0,0.00545043677942,21.0,64.0,64.0,0.0,valendin,,a
cluster__electronics__cluster_16__b,LSTM,1,0.294264175007263,1.3707622805374555,0.0876312000410897,7.0,15.0,0.0007141022437406,128.0,3.256022889531022e-06,56.0,64.0,128.0,0.2,valendin,,b
cluster__electronics__cluster_16__b,LSTM,2,0.2716774435098627,3.3919629651492627,0.0848033304970998,46.0,54.0,0.001152245239389,64.0,3.844926891294048e-05,611.0,128.0,64.0,0.0,valendin,,b
cluster__electronics__cluster_16__b,LSTM,3,0.2670855498950163,1.8580533119221008,0.0857830885797739,13.0,21.0,0.0014160038350571,256.0,1.0537756951094411e-06,56.0,64.0,128.0,0.0,valendin,,b
cluster__electronics__cluster_16__b,LSTM,4,0.2746874243590302,2.571287223198021,0.0846055688766332,24.0,32.0,0.0026321046371052,64.0,3.28926354566263e-05,325.0,128.0,64.0,0.0,valendin,,b
cluster__electronics__cluster_16__b,LSTM,5,0.169769770501762,0.5889021977734513,0.0885359868407249,5.0,13.0,0.0089172246691787,256.0,1.0805568416322378e-06,24.0,64.0,32.0,0.0,valendin,,b
cluster__electronics__cluster_16__b,LSTM,6,0.2737781018591568,1.3962248273006774,0.0868887286633253,8.0,16.0,0.0025130477902934,256.0,0.0053899420050402,36.0,128.0,64.0,0.0,valendin,,b
cluster__electronics__cluster_16__b,LSTM,7,0.2415844689508089,1.44248977570036,0.0858336128294467,10.0,18.0,0.0044515264851148,256.0,0.0048718672961699,44.0,32.0,64.0,0.2,valendin,,b
cluster__electronics__cluster_16__b,LSTM,8,0.2198498020788674,1.2992090462166868,0.0864575263112783,9.0,17.0,0.0057019672714136,256.0,0.0032897656902925,40.0,32.0,64.0,0.0,valendin,,b
cluster__electronics__cluster_16__b,LSTM,9,0.2450938763437261,1.294309300527845,0.0857989527285099,6.0,14.0,0.0041627738111658,256.0,0.0021165772656469,28.0,64.0,128.0,0.2,valendin,,b
cluster__electronics__cluster_16__b,LSTM,10,0.2514225759604322,1.3307916124857246,0.0884025171399116,3.0,11.0,0.0085128316689405,128.0,1.8870105452323188e-05,28.0,32.0,64.0,0.2,valendin,,b
cluster__electronics__cluster_16__b,LSTM,11,0.2529994084430107,3.2182247968994786,0.08428802427191,11.0,19.0,0.0038549078701619,64.0,0.0004553624709746,156.0,64.0,64.0,0.2,valendin,,b
cluster__electronics__cluster_16__b,LSTM,12,0.2986341367068457,1.982933509636574,0.0858853955108385,9.0,17.0,0.0026441967271801,64.0,0.0082167421487548,130.0,128.0,128.0,0.0,valendin,,b
cluster__electronics__cluster_16__b,LSTM,13,0.293438654205665,2.279167273904074,0.0880372428468295,11.0,19.0,0.0007592723489727,128.0,5.841375384230443e-06,84.0,64.0,128.0,0.0,valendin,,b
cluster__electronics__cluster_16__b,LSTM,14,0.2266345587706858,1.046993204346366,0.0897268260327669,24.0,32.0,0.0001442188619634,64.0,0.0011039656290545,325.0,64.0,128.0,0.0,valendin,,b
cluster__electronics__cluster_16__b,LSTM,15,0.3137877963413984,3.231612586194126,0.0827951843921954,19.0,27.0,0.0017675019504217,64.0,7.488782018598558e-05,260.0,128.0,128.0,0.0,valendin,,b
cluster__electronics__cluster_16__b,LSTM,16,0.3002879989717734,2.8206274676529355,0.0851941550007233,13.0,21.0,0.0029972100002187,64.0,0.0004978914053177,182.0,128.0,128.0,0.2,valendin,,b
cluster__electronics__cluster_16__b,LSTM,17,0.2971079215293097,2.6415285081832467,0.0849613684874314,19.0,27.0,0.0009226209272162,64.0,0.0006520534590181,260.0,64.0,128.0,0.0,valendin,,b
cluster__electronics__cluster_16__b,LSTM,18,0.2837788072684124,1.6806076510553982,0.0857804659754037,11.0,19.0,0.0044957234436596,256.0,0.0075169092208676,48.0,32.0,64.0,0.0,valendin,,b
cluster__electronics__cluster_16__b,LSTM,19,0.2761163762546161,1.528876567683686,0.0862221848219633,6.0,14.0,0.0032136410050902,256.0,0.0044474935439114,28.0,32.0,128.0,0.0,valendin,,b
cluster__electronics__cluster_16__b,LSTM,20,0.228505442776456,1.792958288970902,0.0861876606941223,37.0,45.0,0.0001565614862089,256.0,5.669954329658419e-06,152.0,128.0,128.0,0.0,valendin,,b
cluster__electronics__cluster_4__a,LSTM,1,0.2588762814628026,2.2363442827970488,0.0845010410994291,3.0,11.0,0.0079077381519317,256.0,7.820487773940375e-05,16.0,64.0,128.0,0.2,valendin,,a
cluster__electronics__cluster_4__a,LSTM,2,0.2622441662168117,3.5952970542719185,0.0832332673554237,23.0,31.0,0.0008990390168838,64.0,0.0003995414537345,312.0,128.0,128.0,0.0,valendin,,a
cluster__electronics__cluster_4__a,LSTM,3,0.2616175095037824,2.315850838819224,0.0840713272874171,18.0,26.0,0.0047638180397181,64.0,0.0005513006014783,247.0,128.0,32.0,0.2,valendin,,a
cluster__electronics__cluster_4__a,LSTM,4,0.2806925708801353,1.2725975992872265,0.0862451206360544,3.0,11.0,0.0057070079355748,128.0,0.000129934786297,28.0,64.0,64.0,0.0,valendin,,a
cluster__electronics__cluster_4__a,LSTM,5,0.2564105608585705,2.6686979751442688,0.0861864396585868,10.0,18.0,0.0066945056117474,64.0,7.363087781604918e-05,143.0,32.0,64.0,0.2,valendin,,a
cluster__electronics__cluster_4__a,LSTM,6,0.2676587280907681,1.9495227736593568,0.0832635980959122,22.0,30.0,0.0029539396757294,64.0,4.325208524149682e-06,299.0,128.0,64.0,0.2,valendin,,a
cluster__electronics__cluster_4__a,LSTM,7,0.2995527201531519,1.525351462456466,0.0852707885205745,6.0,14.0,0.0059228694862645,256.0,0.0002856689359557,28.0,32.0,128.0,0.0,valendin,,a
cluster__electronics__cluster_4__a,LSTM,8,0.2630022913434136,2.073771187952222,0.0830547090333241,26.0,34.0,0.0005777032544765,64.0,0.0003588905190894,351.0,128.0,128.0,0.0,valendin,,a
cluster__electronics__cluster_4__a,LSTM,9,0.2689271907522972,1.7290838959015284,0.083900298923254,6.0,14.0,0.0054942820640875,256.0,1.8896293994058216e-06,28.0,64.0,128.0,0.2,valendin,,a
cluster__electronics__cluster_4__a,LSTM,10,0.2735691318086591,2.0582722586691498,0.0832432006987241,19.0,27.0,0.0031738179679192,64.0,0.0096181595091148,260.0,128.0,32.0,0.2,valendin,,a
cluster__electronics__cluster_4__a,LSTM,11,0.2703603830640018,2.3315816901407485,0.0829948479166397,19.0,27.0,0.0076244062130149,64.0,1.3292550633134232e-06,260.0,128.0,32.0,0.0,valendin,,a
cluster__electronics__cluster_4__a,LSTM,12,0.2794210603740896,1.9984365631816965,0.0846421066671609,13.0,21.0,0.0013210295230208,256.0,3.497975237195697e-05,56.0,64.0,128.0,0.0,valendin,,a
cluster__electronics__cluster_4__a,LSTM,13,0.2554537150805415,2.5340358840465305,0.0830610809990992,27.0,35.0,0.0097092209637192,64.0,5.053881100626233e-05,364.0,32.0,32.0,0.2,valendin,,a
cluster__electronics__cluster_4__a,LSTM,14,0.2777640904194011,2.245253143068405,0.0841176342219114,4.0,12.0,0.0063342717503658,256.0,0.0018053874302346,20.0,64.0,128.0,0.2,valendin,,a
cluster__electronics__cluster_4__a,LSTM,15,0.2537809537994505,1.816487062127952,0.0848095975816249,6.0,14.0,0.0062335426820857,256.0,1.0038444632897737e-05,28.0,64.0,128.0,0.0,valendin,,a
cluster__electronics__cluster_4__a,LSTM,16,0.2488397335141592,2.199028168081409,0.0830966764344618,14.0,22.0,0.0044421565001414,64.0,0.0014453914014644,195.0,128.0,64.0,0.0,valendin,,a
cluster__electronics__cluster_4__a,LSTM,17,0.2625465634386842,2.3729424745451144,0.0840267152167283,22.0,30.0,0.002508775601009,64.0,1.5789647668253312e-05,299.0,128.0,32.0,0.2,valendin,,a
cluster__electronics__cluster_4__a,LSTM,18,0.2637980141442601,1.4782146615377056,0.0832048747688531,3.0,11.0,0.006463312504344,256.0,3.2830455384893445e-05,16.0,32.0,128.0,0.0,valendin,,a
cluster__electronics__cluster_4__a,LSTM,19,0.2670442505545109,3.278323527477052,0.0847486012748309,93.0,100.0,0.0001221703172425,128.0,3.2081165853272043e-06,658.0,64.0,64.0,0.0,valendin,,a
cluster__electronics__cluster_4__a,LSTM,20,0.2373587699851819,3.165584119401252,0.0858337227255106,12.0,20.0,0.0020604631480389,256.0,5.320590123896932e-05,52.0,64.0,64.0,0.2,valendin,,a
cluster__electronics__cluster_4__b,LSTM,1,0.2538015539217433,2.550331007353034,0.083154579767814,14.0,22.0,0.0014973648795779,64.0,0.0002476967443476,195.0,128.0,128.0,0.2,valendin,,b
cluster__electronics__cluster_4__b,LSTM,2,0.2427280989888552,0.6131020526918793,0.0878994781523943,4.0,12.0,0.0059307217664366,256.0,2.9553124948809068e-06,20.0,128.0,32.0,0.0,valendin,,b
cluster__electronics__cluster_4__b,LSTM,3,0.2664621896894851,2.3022551932813013,0.0843739509582519,7.0,15.0,0.0054354620770105,256.0,1.04068002426401e-05,32.0,32.0,128.0,0.0,valendin,,b
cluster__electronics__cluster_4__b,LSTM,4,0.2446950678600706,2.31888632112178,0.0851727519184351,30.0,38.0,0.0002148651701968,256.0,0.0065928258467601,124.0,128.0,128.0,0.0,valendin,,b
cluster__electronics__cluster_4__b,LSTM,5,0.2838518216091359,2.618577668085252,0.0831296618741292,21.0,29.0,0.0098888902768128,64.0,0.0037807407948046,286.0,64.0,128.0,0.0,valendin,,b
cluster__electronics__cluster_4__b,LSTM,6,0.2603841925207158,2.831928245218084,0.0834111978228275,44.0,52.0,0.0002879033387245,64.0,0.0001317181147048,585.0,128.0,32.0,0.0,valendin,,b
cluster__electronics__cluster_4__b,LSTM,7,0.28896188957385,1.4085639919846606,0.0846664477139711,35.0,43.0,0.0002117558950013,256.0,0.0001662012412225,144.0,32.0,128.0,0.2,valendin,,b
cluster__electronics__cluster_4__b,LSTM,8,0.2808195010321281,1.7777551097697906,0.084462447091937,7.0,15.0,0.0059675096636621,256.0,3.3428156743294343e-06,32.0,32.0,128.0,0.0,valendin,,b
cluster__electronics__cluster_4__b,LSTM,9,0.2548166975213869,2.237054363160687,0.0846123807132244,12.0,20.0,0.0054371099439554,64.0,0.0003194689980917,169.0,128.0,32.0,0.2,valendin,,b
cluster__electronics__cluster_4__b,LSTM,10,0.2514879960165219,2.3943458326130576,0.0830978570649257,35.0,43.0,0.000406399952202,64.0,1.1651104024093851e-06,468.0,128.0,128.0,0.0,valendin,,b
cluster__electronics__cluster_4__b,LSTM,11,0.2380317597340108,2.6571669265486646,0.0830984608485148,18.0,26.0,0.002758825881811,64.0,0.000157726161176,247.0,128.0,128.0,0.0,valendin,,b
cluster__electronics__cluster_4__b,LSTM,12,0.2516934509627183,2.198675529592782,0.0837633864810833,11.0,19.0,0.0029066359499656,64.0,0.0003221873235854,156.0,128.0,128.0,0.2,valendin,,b
cluster__electronics__cluster_4__b,LSTM,13,0.2437127881419437,2.1713275908773166,0.082293295434543,32.0,40.0,0.0020317001852195,128.0,8.633369571601986e-06,231.0,128.0,128.0,0.2,valendin,,b
cluster__electronics__cluster_4__b,LSTM,14,0.2719594151286547,2.543274884710516,0.083171152642795,20.0,28.0,0.0027119419738879,128.0,0.0001227705448951,147.0,128.0,128.0,0.0,valendin,,b
cluster__electronics__cluster_4__b,LSTM,15,0.2758733039978776,1.2906395520906475,0.083109475672245,23.0,31.0,0.0013648794202887,128.0,1.031665012934647e-06,168.0,128.0,64.0,0.0,valendin,,b
cluster__electronics__cluster_4__b,LSTM,16,0.2483132272394525,1.877364619687505,0.0839803197554179,92.0,100.0,0.0001260537459642,128.0,8.906911373960199e-05,651.0,128.0,64.0,0.0,valendin,,b
cluster__electronics__cluster_4__b,LSTM,17,0.2641026486835809,2.5696705584359427,0.0837214236649183,11.0,19.0,0.0051458314651625,64.0,8.916976730047388e-06,156.0,128.0,64.0,0.0,valendin,,b
cluster__electronics__cluster_4__b,LSTM,18,0.2945875987236176,2.1824281561876564,0.0838193853314106,24.0,32.0,0.0008183049553863,64.0,0.0004395314005262,325.0,128.0,32.0,0.2,valendin,,b
cluster__electronics__cluster_4__b,LSTM,19,0.2547574307870218,3.424767339840944,0.0835428169140448,12.0,20.0,0.0021436747727315,64.0,0.0003028379392769,169.0,128.0,128.0,0.2,valendin,,b
cluster__electronics__cluster_4__b,LSTM,20,0.2920165334853272,1.9586521651946256,0.0836022851558832,16.0,24.0,0.0007477669928424,64.0,2.3863005949055733e-06,221.0,128.0,128.0,0.2,valendin,,b
cluster__electronics__cluster_8__a,LSTM,1,0.314664888949001,1.5751447328834391,0.0828095279060877,71.0,79.0,0.0002583233724509,64.0,6.261031755354676e-06,936.0,128.0,128.0,0.0,valendin,,a
cluster__electronics__cluster_8__a,LSTM,2,0.2867286771132629,0.6169198516133065,0.086531912907958,6.0,14.0,0.0072477900895407,256.0,0.0033627222341661,28.0,64.0,32.0,0.0,valendin,,a
cluster__electronics__cluster_8__a,LSTM,3,0.2777945382496369,1.766387981819983,0.0852339453995227,11.0,19.0,0.0031931519709772,256.0,4.226605717128723e-06,48.0,32.0,128.0,0.2,valendin,,a
cluster__electronics__cluster_8__a,LSTM,4,0.2765740004670253,0.7547641855035928,0.0870010387152433,4.0,12.0,0.0077740574401831,256.0,0.0008213203154597,20.0,64.0,64.0,0.2,valendin,,a
cluster__electronics__cluster_8__a,LSTM,5,0.073958375500599,0.9496199756203664,0.0885690599679946,3.0,11.0,0.0057292400886267,256.0,8.431974203430381e-05,16.0,128.0,128.0,0.2,valendin,,a
cluster__electronics__cluster_8__a,LSTM,6,0.2838405234103588,1.860795744663321,0.0856641195714473,9.0,17.0,0.001915091125776,256.0,2.9389346001335585e-06,40.0,128.0,128.0,0.0,valendin,,a
cluster__electronics__cluster_8__a,LSTM,7,0.3140914115585405,3.288576987905917,0.0817718104674266,36.0,44.0,0.0025372985376308,64.0,0.0003217013833126,481.0,128.0,32.0,0.0,valendin,,a
cluster__electronics__cluster_8__a,LSTM,8,0.2973589040937987,2.3282346093161514,0.0838619900437501,18.0,26.0,0.0058163553949204,64.0,3.061226005987649e-05,247.0,64.0,32.0,0.2,valendin,,a
cluster__electronics__cluster_8__a,LSTM,9,0.2239658623291127,0.6895239848738419,0.0869743172079324,4.0,12.0,0.0072727097745667,256.0,5.2933839898085146e-05,20.0,128.0,32.0,0.2,valendin,,a
cluster__electronics__cluster_8__a,LSTM,10,0.2514276891100983,2.190616617036701,0.0855197198688983,56.0,64.0,0.0001437136920345,256.0,8.924441191596774e-05,228.0,64.0,128.0,0.2,valendin,,a
cluster__electronics__cluster_8__a,LSTM,11,0.2910381804137921,1.7123955668402897,0.0857215505093336,6.0,14.0,0.0098636133824328,256.0,0.0080258289954937,28.0,32.0,64.0,0.2,valendin,,a
cluster__electronics__cluster_8__a,LSTM,12,0.3176312447291081,1.3591621537258245,0.0806637725659779,66.0,74.0,0.0002207869313405,128.0,5.029653913319453e-06,469.0,128.0,128.0,0.0,valendin,,a
cluster__electronics__cluster_8__a,LSTM,13,0.2393767142633255,1.672012504333667,0.0869070062270531,14.0,22.0,0.0019589265562163,64.0,2.9525024312384496e-05,195.0,64.0,128.0,0.2,valendin,,a
cluster__electronics__cluster_8__a,LSTM,14,0.2830880841583971,1.3920295295160028,0.0863813590258359,5.0,13.0,0.0069716399862816,256.0,1.695793672352829e-05,24.0,64.0,128.0,0.2,valendin,,a
cluster__electronics__cluster_8__a,LSTM,15,0.3092317436430603,2.329687710863817,0.0814023499305431,15.0,23.0,0.0016690415915832,64.0,1.0611539670407102e-06,208.0,128.0,128.0,0.2,valendin,,a
cluster__electronics__cluster_8__a,LSTM,16,0.232690260572514,0.542411074953707,0.0887149311602115,91.0,99.0,0.0001130957847539,256.0,0.0013663309367109,368.0,32.0,128.0,0.2,valendin,,a
cluster__electronics__cluster_8__a,LSTM,17,0.282747594772857,2.1106357846494985,0.086180253384205,13.0,21.0,0.005295699018203,64.0,3.696188458947232e-06,182.0,128.0,64.0,0.0,valendin,,a
cluster__electronics__cluster_8__a,LSTM,18,0.3058646068152802,2.3534048522600246,0.0821549769204396,34.0,42.0,0.0019662990296146,64.0,0.0004340187366514,455.0,128.0,64.0,0.2,valendin,,a
cluster__electronics__cluster_8__a,LSTM,19,0.3062706417339268,2.5258313652364843,0.0849182774814275,19.0,27.0,0.0039578895534842,64.0,2.029643389608584e-06,260.0,32.0,128.0,0.2,valendin,,a
cluster__electronics__cluster_8__a,LSTM,20,0.2689092139054448,0.7241637238952603,0.0876351036131382,8.0,16.0,0.0017167944633169,256.0,8.627448989536772e-06,36.0,32.0,128.0,0.2,valendin,,a
cluster__electronics__cluster_8__b,LSTM,1,0.2647358125887737,0.6895372329123073,0.0885677114129066,16.0,24.0,0.0012489131518765,256.0,8.001195009969283e-06,68.0,32.0,32.0,0.2,valendin,,b
cluster__electronics__cluster_8__b,LSTM,2,0.2522529770536636,0.7678305569887935,0.0864203888922929,4.0,12.0,0.0095932664782642,256.0,7.374455783314118e-06,20.0,128.0,32.0,0.0,valendin,,b
cluster__electronics__cluster_8__b,LSTM,3,0.3135023619938298,1.96028773291491,0.0824613413558556,20.0,28.0,0.0029845303773094,64.0,3.04952816313454e-06,273.0,128.0,64.0,0.0,valendin,,b
cluster__electronics__cluster_8__b,LSTM,4,0.2050475331778901,2.1782781135164933,0.0864739622920751,7.0,15.0,0.0023178397298763,256.0,6.938436845206215e-06,32.0,128.0,128.0,0.0,valendin,,b
cluster__electronics__cluster_8__b,LSTM,5,0.3233935468777973,2.1531247868747982,0.0839610394950096,15.0,23.0,0.0045360641308237,64.0,8.244914998303937e-06,208.0,64.0,64.0,0.2,valendin,,b
cluster__electronics__cluster_8__b,LSTM,6,0.2561818100620282,0.7793878361059923,0.0856989305466413,7.0,15.0,0.0067534213783866,256.0,0.0056743972710824,32.0,32.0,64.0,0.0,valendin,,b
cluster__electronics__cluster_8__b,LSTM,7,0.3210691291366827,2.7184225801599093,0.0829995672863263,21.0,29.0,0.0043580514234533,64.0,0.0001104387661895,286.0,128.0,128.0,0.2,valendin,,b
cluster__electronics__cluster_8__b,LSTM,8,0.3138765192087234,2.82410907259141,0.080928022471758,34.0,42.0,0.0032730797884462,64.0,0.0016402128655617,455.0,128.0,64.0,0.0,valendin,,b
cluster__electronics__cluster_8__b,LSTM,9,0.3163583164066322,0.8213124655384317,0.0859692730009555,4.0,12.0,0.00729454898449,256.0,0.000994968861798,20.0,128.0,64.0,0.2,valendin,,b
cluster__electronics__cluster_8__b,LSTM,10,0.1636472320395775,1.703813684657932,0.0874947245631899,27.0,35.0,0.0001359829902226,128.0,0.0001006272237035,196.0,64.0,128.0,0.0,valendin,,b
cluster__electronics__cluster_8__b,LSTM,11,0.320518025042914,2.4315786978266787,0.084403280700956,12.0,20.0,0.0085597369873282,128.0,5.192347463776423e-05,91.0,128.0,128.0,0.0,valendin,,b
cluster__electronics__cluster_8__b,LSTM,12,0.2794726327644447,2.435253538062701,0.0834725865950951,14.0,22.0,0.0043141092470577,64.0,0.0001366182714356,195.0,128.0,32.0,0.2,valendin,,b
cluster__electronics__cluster_8__b,LSTM,13,0.2740090272893028,2.7680794789598844,0.0818573044469723,23.0,31.0,0.0014170738472205,64.0,2.97321922845928e-05,312.0,128.0,64.0,0.0,valendin,,b
cluster__electronics__cluster_8__b,LSTM,14,0.2770975614944121,2.5570774998282166,0.0829067413623516,12.0,20.0,0.0062917134038204,64.0,0.0002612251322732,169.0,128.0,128.0,0.0,valendin,,b
cluster__electronics__cluster_8__b,LSTM,15,0.2990153956687724,1.9206953749643627,0.0841251891106367,30.0,38.0,0.0003023224175054,256.0,0.0001519468503933,124.0,32.0,128.0,0.2,valendin,,b
cluster__electronics__cluster_8__b,LSTM,16,0.1066351521217916,2.77078830511545,0.0859433319419622,13.0,21.0,0.001525271701017,256.0,0.0004630837460977,56.0,64.0,128.0,0.0,valendin,,b
cluster__electronics__cluster_8__b,LSTM,17,0.2588722073002352,1.0140812085739894,0.086334191262722,11.0,19.0,0.0052668955728603,256.0,0.0009877439723342,48.0,32.0,32.0,0.2,valendin,,b
cluster__electronics__cluster_8__b,LSTM,18,0.2183402201990243,0.4505315466032455,0.0872817374765873,5.0,13.0,0.0059567948962942,256.0,0.0003320758742506,24.0,128.0,32.0,0.0,valendin,,b
cluster__electronics__cluster_8__b,LSTM,19,0.2759864993135703,1.3412586667091553,0.0823802990572793,78.0,86.0,0.0002505384162286,128.0,0.0002079485706923,553.0,128.0,32.0,0.2,valendin,,b
cluster__electronics__cluster_8__b,LSTM,20,0.326547914983788,2.707163701790241,0.0832166247642957,10.0,18.0,0.0039883268060007,64.0,0.0021903677536782,143.0,128.0,128.0,0.0,valendin,,b
cluster__electronics__no_cluster__a,LSTM,1,-0.01963057777122,0.1385520698374312,0.0893057789653539,6.0,14.0,0.0064948205927504,256.0,6.470132264529293e-05,28.0,64.0,32.0,0.0,valendin,,a
cluster__electronics__no_cluster__a,LSTM,2,-0.0017554190655281,0.1452674168885864,0.0896847043186426,6.0,14.0,0.0072477900895407,256.0,0.0033627222341661,28.0,64.0,32.0,0.0,valendin,,a
cluster__electronics__no_cluster__a,LSTM,3,0.0366206512787069,0.1530195986487294,0.0890162643045187,9.0,17.0,0.0021740622293738,256.0,0.0001244508842543,40.0,128.0,64.0,0.2,valendin,,a
cluster__electronics__no_cluster__a,LSTM,4,0.0420163188498885,0.1355970065324081,0.0892294198274612,22.0,30.0,0.000397938263115,256.0,1.5510038591708529e-06,92.0,64.0,64.0,0.0,valendin,,a
cluster__electronics__no_cluster__a,LSTM,5,-0.0389634395199684,0.1498392761232204,0.0899023581296205,4.0,12.0,0.0082896254657585,256.0,5.049711938414104e-05,20.0,128.0,32.0,0.0,valendin,,a
cluster__electronics__no_cluster__a,LSTM,6,0.0549646765843727,0.1427213267779256,0.0890656039118766,6.0,14.0,0.0054595821796484,256.0,0.0018861893934938,28.0,64.0,64.0,0.0,valendin,,a
cluster__electronics__no_cluster__a,LSTM,7,0.0253516398994576,0.1380996101731187,0.0892927497625351,8.0,16.0,0.0041656787214995,256.0,2.0717138172268466e-05,36.0,64.0,32.0,0.0,valendin,,a
cluster__electronics__no_cluster__a,LSTM,8,-0.0102896157075818,0.1363612089246048,0.0892157237976789,7.0,15.0,0.0053408251087112,256.0,1.3424236656257696e-05,32.0,64.0,64.0,0.2,valendin,,a
cluster__electronics__no_cluster__a,LSTM,9,0.021151836481756,0.1456608114604017,0.0892560388892889,8.0,16.0,0.0029556527050621,256.0,1.481742952747275e-06,36.0,64.0,128.0,0.2,valendin,,a
cluster__electronics__no_cluster__a,LSTM,10,0.3247141877839347,1.0094983039708592,0.0886553434225229,40.0,48.0,0.0081215853969441,64.0,0.0013184547337951,533.0,128.0,32.0,0.2,valendin,,a
cluster__electronics__no_cluster__a,LSTM,11,0.0285881155181473,0.1613499274770049,0.0888734087347984,8.0,16.0,0.0023567044638363,256.0,0.0029242809447769,36.0,128.0,64.0,0.0,valendin,,a
cluster__electronics__no_cluster__a,LSTM,12,0.0589518929992386,0.1534347400202848,0.0911456474236079,6.0,14.0,0.0011166476597102,128.0,1.5178306485579915e-06,49.0,128.0,128.0,0.2,valendin,,a
cluster__electronics__no_cluster__a,LSTM,13,-0.0240947830914573,0.1685734112408932,0.089266300201416,13.0,21.0,0.0014195087742737,256.0,0.009455199921293,56.0,64.0,128.0,0.0,valendin,,a
cluster__electronics__no_cluster__a,LSTM,14,0.0390112752757559,0.150663619830409,0.089572861790657,11.0,19.0,0.0028469705133111,256.0,0.0005504373380095,48.0,64.0,32.0,0.0,valendin,,a
cluster__electronics__no_cluster__a,LSTM,15,0.0347657508648107,0.1343505114346595,0.0890398975461721,5.0,13.0,0.0046931921072683,256.0,2.6424698522203285e-05,24.0,128.0,64.0,0.2,valendin,,a
cluster__electronics__no_cluster__a,LSTM,16,-0.06793809577566,0.1509540848956443,0.0892503913491964,7.0,15.0,0.0030740630797804,256.0,1.5250339055405405e-06,32.0,128.0,64.0,0.2,valendin,,a
cluster__electronics__no_cluster__a,LSTM,17,0.2898305636561531,0.7820168167081305,0.0884844488822496,31.0,39.0,0.005295699018203,64.0,3.696188458947232e-06,416.0,128.0,64.0,0.0,valendin,,a
cluster__electronics__no_cluster__a,LSTM,18,0.0274941079982918,0.1397874440701867,0.0890649855136871,6.0,14.0,0.0049029440031439,256.0,3.039554696169802e-06,28.0,64.0,64.0,0.0,valendin,,a
cluster__electronics__no_cluster__a,LSTM,19,-0.0053668598815473,0.1658193964119126,0.0890516750514507,12.0,20.0,0.0016371711847892,256.0,3.353377135409272e-05,52.0,64.0,128.0,0.0,valendin,,a
cluster__electronics__no_cluster__a,LSTM,20,0.0259842728634263,0.1566150026249685,0.0899236220866441,11.0,19.0,0.0030951641069052,256.0,3.3954182350817847e-06,48.0,64.0,32.0,0.0,valendin,,a
cluster__electronics__no_cluster__b,LSTM,1,0.0555624762334795,0.1567109978557852,0.089231502264738,8.0,16.0,0.0027208971700376,256.0,1.6652495418912737e-06,36.0,64.0,128.0,0.2,valendin,,b
cluster__electronics__no_cluster__b,LSTM,2,0.0262331352468259,0.1432298761496362,0.0890332050621509,7.0,15.0,0.0038153727880765,256.0,0.0016328491042834,32.0,128.0,32.0,0.0,valendin,,b
cluster__electronics__no_cluster__b,LSTM,3,0.0546438775950117,0.1654619411002454,0.0895249713212251,9.0,17.0,0.0023351963183483,256.0,0.0002273556153591,40.0,128.0,32.0,0.2,valendin,,b
cluster__electronics__no_cluster__b,LSTM,4,0.0129307963264422,0.1555953789076297,0.0888214372098445,7.0,15.0,0.0031550442675509,256.0,0.0001738306676775,32.0,128.0,64.0,0.0,valendin,,b
cluster__electronics__no_cluster__b,LSTM,5,0.0608250508703368,0.1746580928454677,0.0895713791251182,11.0,19.0,0.0017438074463948,256.0,0.0017793013154008,48.0,128.0,32.0,0.0,valendin,,b
cluster__electronics__no_cluster__b,LSTM,6,0.0098450214190428,0.1588171944116916,0.0891393367201089,7.0,15.0,0.0030332326440158,256.0,0.0004205371091967,32.0,128.0,128.0,0.0,valendin,,b
cluster__electronics__no_cluster__b,LSTM,7,0.0884203524909206,0.1416916330650212,0.0891677774488926,11.0,19.0,0.0016276741354331,256.0,0.0005800168278302,48.0,32.0,64.0,0.0,valendin,,b
cluster__electronics__no_cluster__b,LSTM,8,0.0684118891552475,0.1584962354844026,0.0893605090677738,9.0,17.0,0.0039959441774862,256.0,5.599709531269661e-06,40.0,32.0,128.0,0.0,valendin,,b
cluster__electronics__no_cluster__b,LSTM,9,0.0290502490870203,0.1540795055247046,0.0890291053801775,7.0,15.0,0.0033533528972572,256.0,0.000363952550172,32.0,128.0,64.0,0.2,valendin,,b
cluster__electronics__no_cluster__b,LSTM,10,0.0514299467658022,0.1630038356058889,0.0894057154655456,13.0,21.0,0.003163422692425,256.0,8.676747047417853e-06,56.0,32.0,64.0,0.2,valendin,,b
cluster__electronics__no_cluster__b,LSTM,11,0.2223518959657249,0.2642944044699865,0.0883010742919785,30.0,38.0,0.0085597369873282,128.0,5.192347463776423e-05,217.0,128.0,128.0,0.0,valendin,,b
cluster__electronics__no_cluster__b,LSTM,12,-0.0534565568385592,0.131885793906757,0.0892348494380712,5.0,13.0,0.0061502693479755,256.0,0.0024842470634719,24.0,128.0,32.0,0.2,valendin,,b
cluster__electronics__no_cluster__b,LSTM,13,-0.0072417958145875,0.1367571377065949,0.0890458393841981,8.0,16.0,0.0031459591489188,256.0,0.0045481354680143,36.0,32.0,32.0,0.2,valendin,,b
cluster__electronics__no_cluster__b,LSTM,14,0.0200730722857086,0.1530260670497843,0.0899635702371597,8.0,16.0,0.0041026309343999,256.0,0.0097735679129812,36.0,64.0,64.0,0.0,valendin,,b
cluster__electronics__no_cluster__b,LSTM,15,0.0291110948419418,0.1538662127023603,0.0894976276904344,10.0,18.0,0.0034503186097465,256.0,0.0003886154506558,44.0,32.0,128.0,0.2,valendin,,b
cluster__electronics__no_cluster__b,LSTM,16,0.0573155899865737,0.1499445085493626,0.0891035161912441,7.0,15.0,0.0027333374843416,256.0,7.74184616664977e-06,32.0,128.0,128.0,0.0,valendin,,b
cluster__electronics__no_cluster__b,LSTM,17,-0.0217095417763639,0.1611215408981782,0.0892750322818756,8.0,16.0,0.0024305800287629,256.0,1.0534052713176563e-06,36.0,128.0,64.0,0.2,valendin,,b
cluster__electronics__no_cluster__b,LSTM,18,-0.0034806897445846,0.1517754192579797,0.0891332849860191,8.0,16.0,0.0024382521649004,256.0,0.0039706866675917,36.0,128.0,64.0,0.0,valendin,,b
cluster__electronics__no_cluster__b,LSTM,19,-0.0406079050917306,0.1382972893633902,0.0890737734735012,6.0,14.0,0.0039926343761239,256.0,0.0005778490758309,28.0,128.0,32.0,0.0,valendin,,b
cluster__electronics__no_cluster__b,LSTM,20,0.04065759154519,0.1622397279542727,0.0891965050250291,9.0,17.0,0.0027224586933068,256.0,1.9880796336955727e-05,40.0,64.0,128.0,0.2,valendin,,b
factorial__LSTM__electronics__archive-kmeans_8__r00,LSTM,1,0.3167017608742776,2.087308119234071,0.0832018780593688,37.0,45.0,0.0004387851678982,64.0,0.0017228917867404,494.0,64.0,64.0,0.3336245676251844,valendin,,LSTM__electronics__archive-kmeans_8__r00
factorial__LSTM__electronics__archive-kmeans_8__r01,LSTM,1,0.3099216625206054,2.01491483927138,0.0841102357953786,11.0,19.0,0.0027014087585713,256.0,0.0001688005397827,48.0,64.0,64.0,0.0247276384851129,valendin,,LSTM__electronics__archive-kmeans_8__r01
factorial__LSTM__electronics__archive-kmeans_8__r02,LSTM,1,0.2969105610736037,2.613807320801987,0.0843855116802912,46.0,54.0,0.0004826513196294,64.0,0.0029094030042441,611.0,32.0,64.0,0.1466159724843983,valendin,,LSTM__electronics__archive-kmeans_8__r02
factorial__LSTM__electronics__archive-kmeans_8__r03,LSTM,1,0.317802985344811,2.2877352253362493,0.081559688425981,24.0,32.0,0.0011489630698818,64.0,2.0781307756549672e-05,325.0,128.0,32.0,0.0491824565626948,valendin,,LSTM__electronics__archive-kmeans_8__r03
factorial__LSTM__electronics__archive-kmeans_8__r04,LSTM,1,0.2706243434574256,2.2433643081154786,0.0852267928421497,10.0,18.0,0.0014213729593737,256.0,0.0005397560722911,44.0,128.0,128.0,0.0228156450470422,valendin,,LSTM__electronics__archive-kmeans_8__r04
factorial__LSTM__electronics__archive-kmeans_8__r05,LSTM,1,0.311950038152438,2.4262202968787414,0.0831534137519506,24.0,32.0,0.0013923238730313,64.0,5.545434013565026e-06,325.0,64.0,32.0,0.3886285891501334,valendin,,LSTM__electronics__archive-kmeans_8__r05
factorial__LSTM__electronics__archive-kmeans_8__r06,LSTM,1,0.2819078594066833,1.6797738434825986,0.0877067446708679,4.0,12.0,0.0028881016291718,128.0,9.35373959637473e-05,35.0,128.0,64.0,0.3117645634248321,valendin,,LSTM__electronics__archive-kmeans_8__r06
factorial__LSTM__electronics__archive-kmeans_8__r07,LSTM,1,0.3187814818638853,2.231341353352346,0.0844713214498299,98.0,100.0,0.0001835871248004,64.0,8.09947152252727e-06,1287.0,32.0,32.0,0.3355983554816712,valendin,,LSTM__electronics__archive-kmeans_8__r07
factorial__LSTM__electronics__archive-kmeans_8__r08,LSTM,1,0.3065724000527056,2.3790132504093826,0.0867082591240222,5.0,13.0,0.0005457887227709,64.0,0.0006415454912103,78.0,32.0,128.0,0.178863232856909,valendin,,LSTM__electronics__archive-kmeans_8__r08
factorial__LSTM__electronics__archive-kmeans_8__r09,LSTM,1,0.2760462790385052,3.125668468533571,0.0813854752251735,25.0,33.0,0.0025178402934234,64.0,0.0002960868653658,338.0,128.0,128.0,0.0871172312015639,valendin,,LSTM__electronics__archive-kmeans_8__r09
factorial__LSTM__electronics__archive-kmeans_8__r10,LSTM,1,0.2940726936216699,1.6990341095746504,0.0860271006822586,12.0,20.0,0.0011083424780274,256.0,4.361630233689325e-05,52.0,128.0,128.0,0.112927675254512,valendin,,LSTM__electronics__archive-kmeans_8__r10
factorial__LSTM__electronics__archive-kmeans_8__r11,LSTM,1,0.3125106847931714,3.5450791586861463,0.0834820140153169,11.0,19.0,0.0021693515493256,256.0,0.0046590294432254,48.0,64.0,128.0,0.3926972706461815,valendin,,LSTM__electronics__archive-kmeans_8__r11
factorial__LSTM__electronics__archive-kmeans_8__r12,LSTM,1,0.2775226739697556,2.54611872308456,0.085371958091855,7.0,15.0,0.0028893221111728,256.0,0.0001965441615443,32.0,128.0,128.0,0.3193230267281398,valendin,,LSTM__electronics__archive-kmeans_8__r12
factorial__LSTM__electronics__archive-kmeans_8__r13,LSTM,1,0.1384338693712735,2.6180666689268883,0.0874391836779458,4.0,12.0,0.0027367730643719,128.0,5.192054524796812e-06,35.0,128.0,128.0,0.2689434782826964,valendin,,LSTM__electronics__archive-kmeans_8__r13
factorial__LSTM__electronics__archive-kmeans_8__r14,LSTM,1,0.2589954147433803,1.6787795921416788,0.0873574875295162,90.0,98.0,0.0002599741021837,256.0,5.206751263946488e-05,364.0,32.0,32.0,0.0331750955792642,valendin,,LSTM__electronics__archive-kmeans_8__r14
factorial__LSTM__electronics__archive-kmeans_8__r15,LSTM,1,0.2969884048082393,1.7700154053016972,0.0837027734288802,25.0,33.0,0.0007525999814635,64.0,0.0005431356505055,338.0,64.0,64.0,0.3180256305179605,valendin,,LSTM__electronics__archive-kmeans_8__r15
factorial__LSTM__electronics__archive-kmeans_8__r16,LSTM,1,0.3249051358476432,1.4089062239973584,0.0823801327496767,6.0,14.0,0.0029925355108984,256.0,2.007997878760793e-06,28.0,32.0,128.0,0.3086256855038215,valendin,,LSTM__electronics__archive-kmeans_8__r16
factorial__LSTM__electronics__archive-kmeans_8__r17,LSTM,1,0.3082625516831886,1.5148794382597297,0.0853448677808046,12.0,20.0,0.0022117751785582,256.0,7.29406518210444e-05,52.0,64.0,64.0,0.3850745861387656,valendin,,LSTM__electronics__archive-kmeans_8__r17
factorial__LSTM__electronics__archive-kmeans_8__r18,LSTM,1,0.2894267803827869,3.4647666659221046,0.0823611579835414,38.0,46.0,0.0005137376712177,64.0,0.0033818122204691,507.0,128.0,128.0,0.1027139515608422,valendin,,LSTM__electronics__archive-kmeans_8__r18
factorial__LSTM__electronics__archive-kmeans_8__r19,LSTM,1,0.2652937264903075,1.5727026246006663,0.0855258554220199,14.0,22.0,0.0019184964203339,256.0,4.431409475946093e-05,60.0,64.0,64.0,0.3636290464868189,valendin,,LSTM__electronics__archive-kmeans_8__r19
factorial__LSTM__electronics__archive-no_cluster__r00,LSTM,1,0.0777386017283209,0.1850623823481105,0.0893288776278495,20.0,28.0,0.0006300314164107,256.0,1.3063372103949856e-06,84.0,64.0,128.0,0.2664360852392103,valendin,,LSTM__electronics__archive-no_cluster__r00
factorial__LSTM__electronics__archive-no_cluster__r01,LSTM,1,0.0428861670042393,0.142784304066924,0.0888570118695497,15.0,23.0,0.0011816134776603,256.0,0.0021550872115014,64.0,32.0,64.0,0.3530446327719519,valendin,,LSTM__electronics__archive-no_cluster__r01
factorial__LSTM__electronics__archive-no_cluster__r02,LSTM,1,0.0256553939598021,0.1662976384811141,0.0889202877879142,7.0,15.0,0.0029294377295647,256.0,3.799166877275731e-06,32.0,128.0,64.0,0.1390949838423762,valendin,,LSTM__electronics__archive-no_cluster__r02
factorial__LSTM__electronics__archive-no_cluster__r03,LSTM,1,0.0398352541269872,0.2004600536915363,0.0890861563384532,7.0,15.0,0.0027933235731918,256.0,0.0033786812585274,32.0,128.0,128.0,0.1750394491150789,valendin,,LSTM__electronics__archive-no_cluster__r03
factorial__LSTM__electronics__archive-no_cluster__r04,LSTM,1,-0.002596669401094,0.2122627770485193,0.0886567700654268,8.0,16.0,0.0020702463763889,256.0,3.180013148442842e-06,36.0,128.0,128.0,0.0797732346043717,valendin,,LSTM__electronics__archive-no_cluster__r04
factorial__LSTM__electronics__archive-no_cluster__r05,LSTM,1,0.062838412095285,0.176743023137328,0.0897509288042783,13.0,21.0,0.002273515781426,256.0,4.5617714298856014e-06,56.0,64.0,32.0,0.3802355354412359,valendin,,LSTM__electronics__archive-no_cluster__r05
factorial__LSTM__electronics__archive-no_cluster__r06,LSTM,1,0.0142943287484007,0.1818594663832032,0.0912629930036408,4.0,12.0,0.0027429780184623,128.0,0.0061926036041601,35.0,128.0,64.0,0.2445113602095661,valendin,,LSTM__electronics__archive-no_cluster__r06
factorial__LSTM__electronics__archive-no_cluster__r07,LSTM,1,0.0641058293050234,0.1679140084872091,0.088655274361372,10.0,18.0,0.0013809597675655,256.0,0.0011019115925377,44.0,32.0,128.0,0.1632788801332788,valendin,,LSTM__electronics__archive-no_cluster__r07
factorial__LSTM__electronics__archive-no_cluster__r08,LSTM,1,0.0646308831652289,0.2164717069013442,0.0888183452188968,8.0,16.0,0.0020949280110605,256.0,0.0074921690575215,36.0,128.0,128.0,0.3553997787540545,valendin,,LSTM__electronics__archive-no_cluster__r08
factorial__LSTM__electronics__archive-no_cluster__r09,LSTM,1,0.0563058713366973,0.2030942344489942,0.0890105813741684,11.0,19.0,0.0019898010855311,256.0,0.0001359788429271,48.0,64.0,128.0,0.060294631561078,valendin,,LSTM__electronics__archive-no_cluster__r09
factorial__LSTM__electronics__archive-no_cluster__r10,LSTM,1,0.0231974187047764,0.175626351210964,0.0886842813342809,8.0,16.0,0.0016177729783545,256.0,6.106712044472076e-05,36.0,64.0,64.0,0.0887072959442626,valendin,,LSTM__electronics__archive-no_cluster__r10
factorial__LSTM__electronics__archive-no_cluster__r11,LSTM,1,0.0701875733866668,0.1737152154027096,0.0889496970921754,8.0,16.0,0.0029487065649867,256.0,0.0094584605777646,36.0,128.0,32.0,0.1195487719451555,valendin,,LSTM__electronics__archive-no_cluster__r11
factorial__LSTM__electronics__archive-no_cluster__r12,LSTM,1,0.0179560053302555,0.1880338093508902,0.0887569356709718,7.0,15.0,0.0015859061767311,256.0,1.6246064380676236e-05,32.0,64.0,128.0,0.3610063591062953,valendin,,LSTM__electronics__archive-no_cluster__r12
factorial__LSTM__electronics__archive-no_cluster__r13,LSTM,1,0.020362146465575,0.1910415711074398,0.0912532401936394,4.0,12.0,0.0026116550826117,128.0,6.725819877265924e-06,35.0,128.0,64.0,0.340198925231057,valendin,,LSTM__electronics__archive-no_cluster__r13
factorial__LSTM__electronics__archive-no_cluster__r14,LSTM,1,-0.0036887387591265,0.1798061012201036,0.0891799107193946,9.0,17.0,0.0022710485788792,256.0,0.000122564024049,40.0,128.0,64.0,0.3228397771321507,valendin,,LSTM__electronics__archive-no_cluster__r14
factorial__LSTM__electronics__archive-no_cluster__r15,LSTM,1,-0.0437937591472072,0.1659475435087776,0.0896830949932336,35.0,43.0,0.0002119412254629,256.0,0.0019811747503688,144.0,64.0,32.0,0.2633349937150244,valendin,,LSTM__electronics__archive-no_cluster__r15
factorial__LSTM__electronics__archive-no_cluster__r16,LSTM,1,0.0676723279228339,0.1506641210342414,0.0891720093786716,24.0,32.0,0.0002645611586437,256.0,0.0022534439205313,100.0,64.0,128.0,0.0455390143354009,valendin,,LSTM__electronics__archive-no_cluster__r16
factorial__LSTM__electronics__archive-no_cluster__r17,LSTM,1,0.0297416560899152,0.1709330046468469,0.0890434123575687,7.0,15.0,0.002883544640871,256.0,0.0003850986706169,32.0,128.0,64.0,0.3064625530276714,valendin,,LSTM__electronics__archive-no_cluster__r17
factorial__LSTM__electronics__archive-no_cluster__r18,LSTM,1,-0.0578155974808953,0.170605749944293,0.0891228653490543,8.0,16.0,0.0027218122626942,256.0,1.2519472606938724e-05,36.0,128.0,32.0,0.1793369069614391,valendin,,LSTM__electronics__archive-no_cluster__r18
factorial__LSTM__electronics__archive-no_cluster__r19,LSTM,1,0.0124104605513627,0.2079883117275986,0.0888035930693149,9.0,17.0,0.0016895582937782,256.0,4.1896850962171615e-06,40.0,128.0,128.0,0.1086268941060139,valendin,,LSTM__electronics__archive-no_cluster__r19
factorial__LSTM__electronics__floored-kmeans_8__r00,LSTM,1,0.3079097184576951,1.6304912210004616,0.0828090475585598,38.0,44.0,0.001,32.0,0.0,1014.0,128.0,128.0,0.0,valendin,,LSTM__electronics__floored-kmeans_8__r00
factorial__LSTM__electronics__floored-kmeans_8__r01,LSTM,1,0.2338168999230113,1.044785426150263,0.0911998553917958,9.0,15.0,0.001,32.0,0.0,260.0,128.0,128.0,0.0,valendin,,LSTM__electronics__floored-kmeans_8__r01
factorial__LSTM__electronics__floored-kmeans_8__r02,LSTM,1,0.3036450404148056,3.988826361493463,0.0815846501634671,28.0,34.0,0.001,32.0,0.0,754.0,128.0,128.0,0.0,valendin,,LSTM__electronics__floored-kmeans_8__r02
factorial__LSTM__electronics__floored-kmeans_8__r03,LSTM,1,0.3201674211752284,3.0867127856628827,0.082302011621113,32.0,38.0,0.001,32.0,0.0,858.0,128.0,128.0,0.0,valendin,,LSTM__electronics__floored-kmeans_8__r03
factorial__LSTM__electronics__floored-kmeans_8__r04,LSTM,1,0.313774313466247,2.290076614570112,0.0825081888872843,65.0,71.0,0.001,32.0,0.0,1716.0,128.0,128.0,0.0,valendin,,LSTM__electronics__floored-kmeans_8__r04
factorial__LSTM__electronics__floored-kmeans_8__r05,LSTM,1,0.3110487572987703,3.716597266428837,0.0810913575383333,50.0,56.0,0.001,32.0,0.0,1326.0,128.0,128.0,0.0,valendin,,LSTM__electronics__floored-kmeans_8__r05
factorial__LSTM__electronics__floored-kmeans_8__r06,LSTM,1,0.300744025504941,2.19945425657981,0.0823154286839641,21.0,27.0,0.001,32.0,0.0,572.0,128.0,128.0,0.0,valendin,,LSTM__electronics__floored-kmeans_8__r06
factorial__LSTM__electronics__floored-kmeans_8__r07,LSTM,1,0.3373906688743532,2.323948610401008,0.0824987944931938,12.0,18.0,0.001,32.0,0.0,338.0,128.0,128.0,0.0,valendin,,LSTM__electronics__floored-kmeans_8__r07
factorial__LSTM__electronics__floored-kmeans_8__r08,LSTM,1,0.3060969120670168,3.718600938638154,0.0807444034860684,23.0,29.0,0.001,32.0,0.0,624.0,128.0,128.0,0.0,valendin,,LSTM__electronics__floored-kmeans_8__r08
factorial__LSTM__electronics__floored-kmeans_8__r09,LSTM,1,0.3198188539431879,2.4375897006452254,0.0823935733105127,83.0,89.0,0.001,32.0,0.0,2184.0,128.0,128.0,0.0,valendin,,LSTM__electronics__floored-kmeans_8__r09
factorial__LSTM__electronics__floored-kmeans_8__r10,LSTM,1,0.3006564254703803,2.2716412941758737,0.0892768950703052,53.0,59.0,0.001,32.0,0.0,1404.0,128.0,128.0,0.0,valendin,,LSTM__electronics__floored-kmeans_8__r10
factorial__LSTM__electronics__floored-kmeans_8__r11,LSTM,1,0.3196597365339865,2.457125738066472,0.0830536491882342,19.0,25.0,0.001,32.0,0.0,520.0,128.0,128.0,0.0,valendin,,LSTM__electronics__floored-kmeans_8__r11
factorial__LSTM__electronics__floored-kmeans_8__r12,LSTM,1,0.2963874245994761,4.762573638880385,0.0808283033279272,25.0,31.0,0.001,32.0,0.0,676.0,128.0,128.0,0.0,valendin,,LSTM__electronics__floored-kmeans_8__r12
factorial__LSTM__electronics__floored-kmeans_8__r13,LSTM,1,0.284186800200649,2.934113201166914,0.0835236882647642,14.0,20.0,0.001,32.0,0.0,390.0,128.0,128.0,0.0,valendin,,LSTM__electronics__floored-kmeans_8__r13
factorial__LSTM__electronics__floored-kmeans_8__r14,LSTM,1,0.2866465358186268,1.6221136965186511,0.0828090475585598,38.0,44.0,0.001,32.0,0.0,1014.0,128.0,128.0,0.0,valendin,,LSTM__electronics__floored-kmeans_8__r14
factorial__LSTM__electronics__floored-kmeans_8__r15,LSTM,1,0.3060841487253907,2.0955584722986247,0.0815228109892744,23.0,29.0,0.001,32.0,0.0,624.0,128.0,128.0,0.0,valendin,,LSTM__electronics__floored-kmeans_8__r15
factorial__LSTM__electronics__floored-kmeans_8__r16,LSTM,1,0.2986066206108586,4.4364524471811295,0.0832279945652072,14.0,20.0,0.001,32.0,0.0,390.0,128.0,128.0,0.0,valendin,,LSTM__electronics__floored-kmeans_8__r16
factorial__LSTM__electronics__floored-kmeans_8__r17,LSTM,1,0.3132418582445384,3.2539551860564107,0.0815847814083099,46.0,52.0,0.001,32.0,0.0,1222.0,128.0,128.0,0.0,valendin,,LSTM__electronics__floored-kmeans_8__r17
factorial__LSTM__electronics__floored-kmeans_8__r18,LSTM,1,0.317850658029898,3.360806831824014,0.0816781726450874,59.0,65.0,0.001,32.0,0.0,1560.0,128.0,128.0,0.0,valendin,,LSTM__electronics__floored-kmeans_8__r18
factorial__LSTM__electronics__floored-kmeans_8__r19,LSTM,1,0.2622299653272734,3.686664694766983,0.0830756685911462,10.0,16.0,0.001,32.0,0.0,286.0,128.0,128.0,0.0,valendin,,LSTM__electronics__floored-kmeans_8__r19
factorial__LSTM__electronics__floored-no_cluster__r00,LSTM,1,0.0129616144987004,0.1987521643896696,0.0926591900105659,16.0,22.0,0.001,32.0,0.0,442.0,128.0,128.0,0.0,valendin,,LSTM__electronics__floored-no_cluster__r00
factorial__LSTM__electronics__floored-no_cluster__r01,LSTM,1,0.1775211541409774,0.2827814521742479,0.0901479113560456,76.0,82.0,0.001,32.0,0.0,2002.0,128.0,128.0,0.0,valendin,,LSTM__electronics__floored-no_cluster__r01
factorial__LSTM__electronics__floored-no_cluster__r02,LSTM,1,0.1985252466690545,0.4933524268105011,0.088955128708711,81.0,87.0,0.001,32.0,0.0,2132.0,128.0,128.0,0.0,valendin,,LSTM__electronics__floored-no_cluster__r02
factorial__LSTM__electronics__floored-no_cluster__r03,LSTM,1,0.2331824669613314,1.9458106790055645,0.089033047023874,82.0,88.0,0.001,32.0,0.0,2158.0,128.0,128.0,0.0,valendin,,LSTM__electronics__floored-no_cluster__r03
factorial__LSTM__electronics__floored-no_cluster__r04,LSTM,1,0.1879258515710323,0.533241942903618,0.0891066090418742,74.0,80.0,0.001,32.0,0.0,1950.0,128.0,128.0,0.0,valendin,,LSTM__electronics__floored-no_cluster__r04
factorial__LSTM__electronics__floored-no_cluster__r05,LSTM,1,0.2235317550705913,0.3715381326909644,0.0883724507517539,89.0,95.0,0.001,32.0,0.0,2340.0,128.0,128.0,0.0,valendin,,LSTM__electronics__floored-no_cluster__r05
factorial__LSTM__electronics__floored-no_cluster__r06,LSTM,1,0.1944709195985879,0.3900365419860451,0.0885857138782739,66.0,72.0,0.001,32.0,0.0,1742.0,128.0,128.0,0.0,valendin,,LSTM__electronics__floored-no_cluster__r06
factorial__LSTM__electronics__floored-no_cluster__r07,LSTM,1,0.2685701699310228,0.9400843797000764,0.0882614535781053,59.0,65.0,0.001,32.0,0.0,1560.0,128.0,128.0,0.0,valendin,,LSTM__electronics__floored-no_cluster__r07
factorial__LSTM__electronics__floored-no_cluster__r08,LSTM,1,0.1952179339376867,0.4007795508713159,0.0891976965448031,58.0,64.0,0.001,32.0,0.0,1534.0,128.0,128.0,0.0,valendin,,LSTM__electronics__floored-no_cluster__r08
factorial__LSTM__electronics__floored-no_cluster__r09,LSTM,1,0.2670723648491637,0.5416387495602382,0.0891622098592611,70.0,76.0,0.001,32.0,0.0,1846.0,128.0,128.0,0.0,valendin,,LSTM__electronics__floored-no_cluster__r09
factorial__LSTM__electronics__floored-no_cluster__r10,LSTM,1,0.2129567686936158,0.6628653313882242,0.0889693653354277,76.0,82.0,0.001,32.0,0.0,2002.0,128.0,128.0,0.0,valendin,,LSTM__electronics__floored-no_cluster__r10
factorial__LSTM__electronics__floored-no_cluster__r11,LSTM,1,0.2584901980079361,0.4904775349014191,0.0887619580786961,82.0,88.0,0.001,32.0,0.0,2158.0,128.0,128.0,0.0,valendin,,LSTM__electronics__floored-no_cluster__r11
factorial__LSTM__electronics__floored-no_cluster__r12,LSTM,1,0.2645400297366865,0.8345921306171105,0.09120329698691,72.0,78.0,0.001,32.0,0.0,1898.0,128.0,128.0,0.0,valendin,,LSTM__electronics__floored-no_cluster__r12
factorial__LSTM__electronics__floored-no_cluster__r13,LSTM,1,0.1334984030479253,0.3254861376099414,0.0892345985540976,57.0,63.0,0.001,32.0,0.0,1508.0,128.0,128.0,0.0,valendin,,LSTM__electronics__floored-no_cluster__r13
factorial__LSTM__electronics__floored-no_cluster__r14,LSTM,1,0.039566822947144,0.1947262897780672,0.0928519230622511,1.0,7.0,0.001,32.0,0.0,52.0,128.0,128.0,0.0,valendin,,LSTM__electronics__floored-no_cluster__r14
factorial__LSTM__electronics__floored-no_cluster__r15,LSTM,1,0.154461584114389,0.6180245087744681,0.0889519018909106,54.0,60.0,0.001,32.0,0.0,1430.0,128.0,128.0,0.0,valendin,,LSTM__electronics__floored-no_cluster__r15
factorial__LSTM__electronics__floored-no_cluster__r16,LSTM,1,0.2147930360295974,0.4965695550181913,0.0889552612430774,81.0,87.0,0.001,32.0,0.0,2132.0,128.0,128.0,0.0,valendin,,LSTM__electronics__floored-no_cluster__r16
factorial__LSTM__electronics__floored-no_cluster__r17,LSTM,1,0.0345191556721983,0.1956427007038128,0.0924719935999466,1.0,7.0,0.001,32.0,0.0,52.0,128.0,128.0,0.0,valendin,,LSTM__electronics__floored-no_cluster__r17
factorial__LSTM__electronics__floored-no_cluster__r18,LSTM,1,0.1411166835737936,0.3196679549837282,0.0893402066654883,71.0,77.0,0.001,32.0,0.0,1872.0,128.0,128.0,0.0,valendin,,LSTM__electronics__floored-no_cluster__r18
factorial__LSTM__electronics__floored-no_cluster__r19,LSTM,1,0.2243630084586575,0.9187252291136468,0.0890349474950478,88.0,94.0,0.001,32.0,0.0,2314.0,128.0,128.0,0.0,valendin,,LSTM__electronics__floored-no_cluster__r19
factorial__ValendinLSTM__electronics__archive-kmeans_8__r00,ValendinLSTM,1,0.3155682834512627,2.611436510632816,0.0807677530325376,26.0,34.0,0.0019535744261376,64.0,0.0002462638055187,351.0,,,,,,ValendinLSTM__electronics__archive-kmeans_8__r00
factorial__ValendinLSTM__electronics__archive-kmeans_8__r01,ValendinLSTM,1,0.3015709207553002,3.4958698779026665,0.0815358717854206,21.0,29.0,0.0020558954374897,64.0,2.479306441380332e-05,286.0,,,,,,ValendinLSTM__electronics__archive-kmeans_8__r01
factorial__ValendinLSTM__electronics__archive-kmeans_8__r02,ValendinLSTM,1,0.3198055618934186,3.426800583980404,0.0816772560087534,31.0,39.0,0.0007691285955943,64.0,0.0001917915871999,416.0,,,,,,ValendinLSTM__electronics__archive-kmeans_8__r02
factorial__ValendinLSTM__electronics__archive-kmeans_8__r03,ValendinLSTM,1,0.3268060025851828,2.6040519050107203,0.0804075435377084,50.0,58.0,0.0016295689921694,64.0,6.828598737987212e-06,663.0,,,,,,ValendinLSTM__electronics__archive-kmeans_8__r03
factorial__ValendinLSTM__electronics__archive-kmeans_8__r04,ValendinLSTM,1,0.2856315109794177,3.2856231725407823,0.0805178508162498,42.0,50.0,0.0026725470465118,64.0,2.9261861164685016e-06,559.0,,,,,,ValendinLSTM__electronics__archive-kmeans_8__r04
factorial__ValendinLSTM__electronics__archive-kmeans_8__r05,ValendinLSTM,1,0.2805136939131277,0.712715567587065,0.0846114360860415,98.0,100.0,0.0001465205296373,128.0,3.694780300234296e-06,693.0,,,,,,ValendinLSTM__electronics__archive-kmeans_8__r05
factorial__ValendinLSTM__electronics__archive-kmeans_8__r06,ValendinLSTM,1,0.2933961972404251,1.7858766746923571,0.0872617438435554,28.0,36.0,0.0002180042257717,256.0,0.0070578132969512,116.0,,,,,,ValendinLSTM__electronics__archive-kmeans_8__r06
factorial__ValendinLSTM__electronics__archive-kmeans_8__r07,ValendinLSTM,1,0.3352893573190117,3.41026827413146,0.080242613187203,33.0,41.0,0.002444136318643,64.0,8.107108479971045e-05,442.0,,,,,,ValendinLSTM__electronics__archive-kmeans_8__r07
factorial__ValendinLSTM__electronics__archive-kmeans_8__r08,ValendinLSTM,1,0.3157431447653084,2.995720275978566,0.0797589226410939,27.0,35.0,0.0027503694901384,64.0,1.983955126883305e-06,364.0,,,,,,ValendinLSTM__electronics__archive-kmeans_8__r08
factorial__ValendinLSTM__electronics__archive-kmeans_8__r09,ValendinLSTM,1,0.333396845283575,3.0636135042933472,0.0809707180238687,34.0,42.0,0.0010569514044435,64.0,0.0018614882494587,455.0,,,,,,ValendinLSTM__electronics__archive-kmeans_8__r09
factorial__ValendinLSTM__electronics__archive-kmeans_8__r10,ValendinLSTM,1,0.295261086402041,1.616451375014477,0.0852976609021425,7.0,15.0,0.0027612914976461,256.0,2.241820326510084e-06,32.0,,,,,,ValendinLSTM__electronics__archive-kmeans_8__r10
factorial__ValendinLSTM__electronics__archive-kmeans_8__r11,ValendinLSTM,1,0.302922666136173,3.862837662319998,0.0800833945664075,21.0,29.0,0.0007621195405049,64.0,1.7984714486788753e-06,286.0,,,,,,ValendinLSTM__electronics__archive-kmeans_8__r11
factorial__ValendinLSTM__electronics__archive-kmeans_8__r12,ValendinLSTM,1,0.3028334302056154,3.317257501640535,0.0804412857844279,30.0,38.0,0.0013625244744241,64.0,1.0505891825588247e-05,403.0,,,,,,ValendinLSTM__electronics__archive-kmeans_8__r12
factorial__ValendinLSTM__electronics__archive-kmeans_8__r13,ValendinLSTM,1,0.2910664180638191,4.740448127419886,0.0808221480021109,37.0,45.0,0.0008196839891183,64.0,0.001179870740736,494.0,,,,,,ValendinLSTM__electronics__archive-kmeans_8__r13
factorial__ValendinLSTM__electronics__archive-kmeans_8__r14,ValendinLSTM,1,0.3248309003324718,3.388881070445453,0.0805940490502577,24.0,32.0,0.000512473070257,64.0,0.0003351946613252,325.0,,,,,,ValendinLSTM__electronics__archive-kmeans_8__r14
factorial__ValendinLSTM__electronics__archive-kmeans_8__r15,ValendinLSTM,1,0.2703635158375572,4.916781730505069,0.0807474301411555,35.0,43.0,0.0005785929101954,64.0,9.145057382037335e-06,468.0,,,,,,ValendinLSTM__electronics__archive-kmeans_8__r15
factorial__ValendinLSTM__electronics__archive-kmeans_8__r16,ValendinLSTM,1,0.3311878733160494,4.023551214542147,0.080867860179681,25.0,33.0,0.0008824588707463,64.0,0.0044915721959,338.0,,,,,,ValendinLSTM__electronics__archive-kmeans_8__r16
factorial__ValendinLSTM__electronics__archive-kmeans_8__r17,ValendinLSTM,1,0.3124787086358764,2.8278335137509867,0.0804116619894137,26.0,34.0,0.0020836905115123,64.0,4.616795842964362e-06,351.0,,,,,,ValendinLSTM__electronics__archive-kmeans_8__r17
factorial__ValendinLSTM__electronics__archive-kmeans_8__r18,ValendinLSTM,1,0.2743920041197159,5.262069225329352,0.0816952454356046,89.0,97.0,0.0001613923430919,64.0,8.87170522696289e-05,1170.0,,,,,,ValendinLSTM__electronics__archive-kmeans_8__r18
factorial__ValendinLSTM__electronics__archive-kmeans_8__r19,ValendinLSTM,1,0.2770217496834612,1.9382031835834757,0.0841318844602658,25.0,33.0,0.0012156354802801,64.0,0.0082908145476533,338.0,,,,,,ValendinLSTM__electronics__archive-kmeans_8__r19
factorial__ValendinLSTM__electronics__archive-no_cluster__r00,ValendinLSTM,1,0.0229082451401192,0.1992646627417974,0.0886730216443538,9.0,17.0,0.001591967518809,256.0,5.530280760406434e-05,40.0,,,,,,ValendinLSTM__electronics__archive-no_cluster__r00
factorial__ValendinLSTM__electronics__archive-no_cluster__r01,ValendinLSTM,1,0.0037592524750566,0.1919197433580896,0.08906433545053,8.0,16.0,0.000794180027914,256.0,3.75939711974573e-05,36.0,,,,,,ValendinLSTM__electronics__archive-no_cluster__r01
factorial__ValendinLSTM__electronics__archive-no_cluster__r02,ValendinLSTM,1,0.036637187016505,0.2169912836068628,0.0887327417731285,9.0,17.0,0.001679572242447,256.0,0.0001174419719929,40.0,,,,,,ValendinLSTM__electronics__archive-no_cluster__r02
factorial__ValendinLSTM__electronics__archive-no_cluster__r03,ValendinLSTM,1,-0.0150150252881672,0.2045470000818267,0.0886343922466039,7.0,15.0,0.0028125693790186,256.0,1.152462690413135e-05,32.0,,,,,,ValendinLSTM__electronics__archive-no_cluster__r03
factorial__ValendinLSTM__electronics__archive-no_cluster__r04,ValendinLSTM,1,-0.0487305193489059,0.202687802212725,0.0888863448053598,7.0,15.0,0.0024813556227923,256.0,1.3177731242892268e-06,32.0,,,,,,ValendinLSTM__electronics__archive-no_cluster__r04
factorial__ValendinLSTM__electronics__archive-no_cluster__r05,ValendinLSTM,1,0.1134130928886765,0.200134825083554,0.0888635087758302,9.0,17.0,0.0015919848747326,256.0,8.6875879396405e-05,40.0,,,,,,ValendinLSTM__electronics__archive-no_cluster__r05
factorial__ValendinLSTM__electronics__archive-no_cluster__r06,ValendinLSTM,1,0.0736750258020488,0.1982246961520638,0.088398952037096,11.0,19.0,0.0011264302507789,256.0,5.857124773968342e-06,48.0,,,,,,ValendinLSTM__electronics__archive-no_cluster__r06
factorial__ValendinLSTM__electronics__archive-no_cluster__r07,ValendinLSTM,1,0.0373159174297373,0.1934658257897535,0.0889827851206064,4.0,12.0,0.0019569497146541,256.0,1.8785380790036431e-06,20.0,,,,,,ValendinLSTM__electronics__archive-no_cluster__r07
factorial__ValendinLSTM__electronics__archive-no_cluster__r08,ValendinLSTM,1,0.03589621500701,0.2098287400318159,0.091056190431118,5.0,13.0,0.0013022441292007,128.0,0.0008219460671045,42.0,,,,,,ValendinLSTM__electronics__archive-no_cluster__r08
factorial__ValendinLSTM__electronics__archive-no_cluster__r09,ValendinLSTM,1,0.041085900364013,0.2117174576250507,0.0889442451298236,8.0,16.0,0.0017399728700684,256.0,0.0006220746607966,36.0,,,,,,ValendinLSTM__electronics__archive-no_cluster__r09
factorial__ValendinLSTM__electronics__archive-no_cluster__r10,ValendinLSTM,1,0.0255581171203807,0.1893264518768175,0.0887179505079984,7.0,15.0,0.0023780759501843,256.0,0.0001120433186724,32.0,,,,,,ValendinLSTM__electronics__archive-no_cluster__r10
factorial__ValendinLSTM__electronics__archive-no_cluster__r11,ValendinLSTM,1,0.0642474088723044,0.2112317490717353,0.0887398049235344,7.0,15.0,0.0020497995577693,256.0,1.591595450571368e-05,32.0,,,,,,ValendinLSTM__electronics__archive-no_cluster__r11
factorial__ValendinLSTM__electronics__archive-no_cluster__r12,ValendinLSTM,1,-0.0207670729632694,0.2179733135599301,0.0886161476373672,8.0,16.0,0.0018615063540218,256.0,3.520589230220095e-06,36.0,,,,,,ValendinLSTM__electronics__archive-no_cluster__r12
factorial__ValendinLSTM__electronics__archive-no_cluster__r13,ValendinLSTM,1,0.0151695187771292,0.1808025666765165,0.0890714544802904,7.0,15.0,0.0028751909105027,256.0,0.0010443294339954,32.0,,,,,,ValendinLSTM__electronics__archive-no_cluster__r13
factorial__ValendinLSTM__electronics__archive-no_cluster__r14,ValendinLSTM,1,0.0365404189616157,0.2169388479203473,0.0887134913355112,10.0,18.0,0.0012761209286744,256.0,0.0002235199589994,44.0,,,,,,ValendinLSTM__electronics__archive-no_cluster__r14
factorial__ValendinLSTM__electronics__archive-no_cluster__r15,ValendinLSTM,1,-0.0381602720967567,0.1928498799186524,0.0891576763242483,11.0,19.0,0.0011123625495446,256.0,0.0030880249231195,48.0,,,,,,ValendinLSTM__electronics__archive-no_cluster__r15
factorial__ValendinLSTM__electronics__archive-no_cluster__r16,ValendinLSTM,1,0.0486500456386767,0.215632442165622,0.0890706423670053,6.0,14.0,0.0024678968641309,256.0,3.597457200773856e-05,28.0,,,,,,ValendinLSTM__electronics__archive-no_cluster__r16
factorial__ValendinLSTM__electronics__archive-no_cluster__r17,ValendinLSTM,1,0.0115378711578669,0.2022247875443141,0.0889472011476755,8.0,16.0,0.0019039091678095,256.0,4.5469916819168535e-06,36.0,,,,,,ValendinLSTM__electronics__archive-no_cluster__r17
factorial__ValendinLSTM__electronics__archive-no_cluster__r18,ValendinLSTM,1,-0.0253367059110652,0.1985475263314576,0.0884661562740802,8.0,16.0,0.0020105920112895,256.0,0.0004675789886586,36.0,,,,,,ValendinLSTM__electronics__archive-no_cluster__r18
factorial__ValendinLSTM__electronics__archive-no_cluster__r19,ValendinLSTM,1,0.0027247048157756,0.1845859009161014,0.0882799215614795,7.0,15.0,0.0025522793605277,256.0,0.0053890551986109,32.0,,,,,,ValendinLSTM__electronics__archive-no_cluster__r19
factorial__ValendinLSTM__electronics__floored-kmeans_8__r00,ValendinLSTM,1,0.2816520997198435,2.597880087366121,0.0815696198349962,42.0,48.0,0.001,32.0,0.0,1118.0,,,,,,ValendinLSTM__electronics__floored-kmeans_8__r00
factorial__ValendinLSTM__electronics__floored-kmeans_8__r01,ValendinLSTM,1,0.3118433630666174,3.5857241428880524,0.0803738134698225,21.0,27.0,0.001,32.0,0.0,572.0,,,,,,ValendinLSTM__electronics__floored-kmeans_8__r01
factorial__ValendinLSTM__electronics__floored-kmeans_8__r02,ValendinLSTM,1,0.2923865038348163,3.808002880617463,0.0816938450130132,26.0,32.0,0.001,32.0,0.0,702.0,,,,,,ValendinLSTM__electronics__floored-kmeans_8__r02
factorial__ValendinLSTM__electronics__floored-kmeans_8__r03,ValendinLSTM,1,0.2884675743942962,3.942287409875682,0.0811265622480557,26.0,32.0,0.001,32.0,0.0,702.0,,,,,,ValendinLSTM__electronics__floored-kmeans_8__r03
factorial__ValendinLSTM__electronics__floored-kmeans_8__r04,ValendinLSTM,1,0.3170376681858237,1.798252335125033,0.0817803327137461,38.0,44.0,0.001,32.0,0.0,1014.0,,,,,,ValendinLSTM__electronics__floored-kmeans_8__r04
factorial__ValendinLSTM__electronics__floored-kmeans_8__r05,ValendinLSTM,1,0.3273383667342369,3.030429634882762,0.0835289391330801,26.0,32.0,0.001,32.0,0.0,702.0,,,,,,ValendinLSTM__electronics__floored-kmeans_8__r05
factorial__ValendinLSTM__electronics__floored-kmeans_8__r06,ValendinLSTM,1,0.3288783221151214,5.5357211890368125,0.0808864023823004,43.0,49.0,0.001,32.0,0.0,1144.0,,,,,,ValendinLSTM__electronics__floored-kmeans_8__r06
factorial__ValendinLSTM__electronics__floored-kmeans_8__r07,ValendinLSTM,1,0.3326007098149005,2.4102331023831023,0.0868001032907229,16.0,22.0,0.001,32.0,0.0,442.0,,,,,,ValendinLSTM__electronics__floored-kmeans_8__r07
factorial__ValendinLSTM__electronics__floored-kmeans_8__r08,ValendinLSTM,1,0.3128415573135745,3.590083922016044,0.0812302348562158,19.0,25.0,0.001,32.0,0.0,520.0,,,,,,ValendinLSTM__electronics__floored-kmeans_8__r08
factorial__ValendinLSTM__electronics__floored-kmeans_8__r09,ValendinLSTM,1,0.3220740766940335,2.058745889839204,0.0821163379229032,35.0,41.0,0.001,32.0,0.0,936.0,,,,,,ValendinLSTM__electronics__floored-kmeans_8__r09
factorial__ValendinLSTM__electronics__floored-kmeans_8__r10,ValendinLSTM,1,0.3147766421120946,3.274970540226233,0.0817761272908403,33.0,39.0,0.001,32.0,0.0,884.0,,,,,,ValendinLSTM__electronics__floored-kmeans_8__r10
factorial__ValendinLSTM__electronics__floored-kmeans_8__r11,ValendinLSTM,1,0.3113064131545661,3.3807743653975444,0.0814377257170585,33.0,39.0,0.001,32.0,0.0,884.0,,,,,,ValendinLSTM__electronics__floored-kmeans_8__r11
factorial__ValendinLSTM__electronics__floored-kmeans_8__r12,ValendinLSTM,1,0.2897238750799959,3.083393454414919,0.0807122682006313,24.0,30.0,0.001,32.0,0.0,650.0,,,,,,ValendinLSTM__electronics__floored-kmeans_8__r12
factorial__ValendinLSTM__electronics__floored-kmeans_8__r13,ValendinLSTM,1,0.3165008174209519,2.8312551904725685,0.0813090766851718,42.0,48.0,0.001,32.0,0.0,1118.0,,,,,,ValendinLSTM__electronics__floored-kmeans_8__r13
factorial__ValendinLSTM__electronics__floored-kmeans_8__r14,ValendinLSTM,1,0.2899422141196636,1.6936267442174755,0.0813395459778033,34.0,40.0,0.001,32.0,0.0,910.0,,,,,,ValendinLSTM__electronics__floored-kmeans_8__r14
factorial__ValendinLSTM__electronics__floored-kmeans_8__r15,ValendinLSTM,1,0.289141555776734,3.3616495236135018,0.0809565486672979,36.0,42.0,0.001,32.0,0.0,962.0,,,,,,ValendinLSTM__electronics__floored-kmeans_8__r15
factorial__ValendinLSTM__electronics__floored-kmeans_8__r16,ValendinLSTM,1,0.2928048664246285,3.8118690508889768,0.081693515754663,26.0,32.0,0.001,32.0,0.0,702.0,,,,,,ValendinLSTM__electronics__floored-kmeans_8__r16
factorial__ValendinLSTM__electronics__floored-kmeans_8__r17,ValendinLSTM,1,0.2916374749755642,2.226708578274588,0.0838514160221585,17.0,23.0,0.001,32.0,0.0,468.0,,,,,,ValendinLSTM__electronics__floored-kmeans_8__r17
factorial__ValendinLSTM__electronics__floored-kmeans_8__r18,ValendinLSTM,1,0.2821756634120465,3.2879550368986106,0.0806361274220622,36.0,42.0,0.001,32.0,0.0,962.0,,,,,,ValendinLSTM__electronics__floored-kmeans_8__r18
factorial__ValendinLSTM__electronics__floored-kmeans_8__r19,ValendinLSTM,1,0.3074581336743316,3.77485365065048,0.0799595212134031,37.0,43.0,0.001,32.0,0.0,988.0,,,,,,ValendinLSTM__electronics__floored-kmeans_8__r19
factorial__ValendinLSTM__electronics__floored-no_cluster__r00,ValendinLSTM,1,0.2498083170821318,0.8212556415254969,0.088470024558214,71.0,77.0,0.001,32.0,0.0,1872.0,,,,,,ValendinLSTM__electronics__floored-no_cluster__r00
factorial__ValendinLSTM__electronics__floored-no_cluster__r01,ValendinLSTM,1,0.0899279402501695,0.2393564955753545,0.0888341212501892,61.0,67.0,0.001,32.0,0.0,1612.0,,,,,,ValendinLSTM__electronics__floored-no_cluster__r01
factorial__ValendinLSTM__electronics__floored-no_cluster__r02,ValendinLSTM,1,0.1217239751320276,0.2235095433041526,0.088687272885671,51.0,57.0,0.001,32.0,0.0,1352.0,,,,,,ValendinLSTM__electronics__floored-no_cluster__r02
factorial__ValendinLSTM__electronics__floored-no_cluster__r03,ValendinLSTM,1,0.1449491714936342,0.353980756972968,0.0886263605207204,59.0,65.0,0.001,32.0,0.0,1560.0,,,,,,ValendinLSTM__electronics__floored-no_cluster__r03
factorial__ValendinLSTM__electronics__floored-no_cluster__r04,ValendinLSTM,1,0.0778932192203313,0.2688090182709332,0.0884099375599851,72.0,78.0,0.001,32.0,0.0,1898.0,,,,,,ValendinLSTM__electronics__floored-no_cluster__r04
factorial__ValendinLSTM__electronics__floored-no_cluster__r05,ValendinLSTM,1,0.2049537502836524,0.2445785343921757,0.0893821637504375,65.0,71.0,0.001,32.0,0.0,1716.0,,,,,,ValendinLSTM__electronics__floored-no_cluster__r05
factorial__ValendinLSTM__electronics__floored-no_cluster__r06,ValendinLSTM,1,0.2160894937668067,0.3752687689709167,0.0886220155427089,39.0,45.0,0.001,32.0,0.0,1040.0,,,,,,ValendinLSTM__electronics__floored-no_cluster__r06
factorial__ValendinLSTM__electronics__floored-no_cluster__r07,ValendinLSTM,1,0.1675762979522842,0.2510707075713388,0.0883839895518926,35.0,41.0,0.001,32.0,0.0,936.0,,,,,,ValendinLSTM__electronics__floored-no_cluster__r07
factorial__ValendinLSTM__electronics__floored-no_cluster__r08,ValendinLSTM,1,0.2507009804781816,0.8107568776765048,0.0886311349100791,53.0,59.0,0.001,32.0,0.0,1404.0,,,,,,ValendinLSTM__electronics__floored-no_cluster__r08
factorial__ValendinLSTM__electronics__floored-no_cluster__r09,ValendinLSTM,1,0.0141110392831055,0.1886015491102302,0.0935427487756197,1.0,7.0,0.001,32.0,0.0,52.0,,,,,,ValendinLSTM__electronics__floored-no_cluster__r09
factorial__ValendinLSTM__electronics__floored-no_cluster__r10,ValendinLSTM,1,0.2789201754714739,0.9019690362133412,0.0892628634778352,82.0,88.0,0.001,32.0,0.0,2158.0,,,,,,ValendinLSTM__electronics__floored-no_cluster__r10
factorial__ValendinLSTM__electronics__floored-no_cluster__r11,ValendinLSTM,1,0.2692211958638608,0.4457047234954782,0.0883895143006856,54.0,60.0,0.001,32.0,0.0,1430.0,,,,,,ValendinLSTM__electronics__floored-no_cluster__r11
factorial__ValendinLSTM__electronics__floored-no_cluster__r12,ValendinLSTM,1,0.1806827683215627,0.6208237966660902,0.08885520331275,58.0,64.0,0.001,32.0,0.0,1534.0,,,,,,ValendinLSTM__electronics__floored-no_cluster__r12
factorial__ValendinLSTM__electronics__floored-no_cluster__r13,ValendinLSTM,1,0.1715806513799971,0.5135639837585609,0.0888481423831903,52.0,58.0,0.001,32.0,0.0,1378.0,,,,,,ValendinLSTM__electronics__floored-no_cluster__r13
factorial__ValendinLSTM__electronics__floored-no_cluster__r14,ValendinLSTM,1,0.1623559500819844,0.5173219141267852,0.088432911496896,80.0,86.0,0.001,32.0,0.0,2106.0,,,,,,ValendinLSTM__electronics__floored-no_cluster__r14
factorial__ValendinLSTM__electronics__floored-no_cluster__r15,ValendinLSTM,1,0.2302907293581631,0.5861826738079555,0.0888454318046569,44.0,50.0,0.001,32.0,0.0,1170.0,,,,,,ValendinLSTM__electronics__floored-no_cluster__r15
factorial__ValendinLSTM__electronics__floored-no_cluster__r16,ValendinLSTM,1,0.2529995539659992,0.846824775670639,0.0891224496926252,69.0,75.0,0.001,32.0,0.0,1820.0,,,,,,ValendinLSTM__electronics__floored-no_cluster__r16
factorial__ValendinLSTM__electronics__floored-no_cluster__r17,ValendinLSTM,1,0.2759654508376015,1.0234677716691138,0.0880935312463687,54.0,60.0,0.001,32.0,0.0,1430.0,,,,,,ValendinLSTM__electronics__floored-no_cluster__r17
factorial__ValendinLSTM__electronics__floored-no_cluster__r18,ValendinLSTM,1,0.0550931018849517,0.2722260247605619,0.0884099375599851,72.0,78.0,0.001,32.0,0.0,1898.0,,,,,,ValendinLSTM__electronics__floored-no_cluster__r18
factorial__ValendinLSTM__electronics__floored-no_cluster__r19,ValendinLSTM,1,0.1388152118946705,0.229976677347447,0.0879779516790921,66.0,72.0,0.001,32.0,0.0,1742.0,,,,,,ValendinLSTM__electronics__floored-no_cluster__r19
real_panel_arms__LSTM__electronics__ar_bounded-kmeans_8-valendin__a,LSTM,1,0.3064538757234059,2.801299512025254,0.0805306979096852,16.0,24.0,0.0092856227138176,64.0,0.0024030565493289,221.0,128.0,32.0,0.0,valendin,,LSTM__electronics__ar_bounded-kmeans_8-valendin
real_panel_arms__LSTM__electronics__ar_bounded-kmeans_8-valendin__a,LSTM,2,0.2671497846334692,2.2247855188824914,0.0793483331799507,36.0,44.0,0.0072477900895407,256.0,0.0033627222341661,148.0,64.0,32.0,0.0,valendin,,LSTM__electronics__ar_bounded-kmeans_8-valendin
real_panel_arms__LSTM__electronics__ar_bounded-kmeans_8-valendin__a,LSTM,3,0.2858275793038698,2.425413179096421,0.0805413531405585,22.0,30.0,0.0095650911938749,128.0,1.1915944646252228e-05,161.0,128.0,32.0,0.0,valendin,,LSTM__electronics__ar_bounded-kmeans_8-valendin
real_panel_arms__LSTM__electronics__ar_bounded-kmeans_8-valendin__a,LSTM,4,0.3212149447327489,2.4396491039549115,0.0813765849631566,31.0,39.0,0.0066902844017059,64.0,6.60717295936436e-05,416.0,32.0,128.0,0.2,valendin,,LSTM__electronics__ar_bounded-kmeans_8-valendin
real_panel_arms__LSTM__electronics__ar_bounded-kmeans_8-valendin__a,LSTM,5,0.2798609828554312,2.5067613157354813,0.081768126728443,17.0,25.0,0.0016554288139714,64.0,0.0004581672515393,234.0,64.0,128.0,0.2,valendin,,LSTM__electronics__ar_bounded-kmeans_8-valendin
real_panel_arms__LSTM__electronics__ar_bounded-kmeans_8-valendin__a,LSTM,6,0.3094505811728397,2.146682875228879,0.0797439345291682,21.0,29.0,0.0046712381582199,128.0,7.819559671418566e-05,154.0,128.0,64.0,0.0,valendin,,LSTM__electronics__ar_bounded-kmeans_8-valendin
real_panel_arms__LSTM__electronics__ar_bounded-kmeans_8-valendin__a,LSTM,7,0.2709483418958364,2.245685705013074,0.0810941364616155,20.0,28.0,0.0084911318735738,256.0,0.0075716732681348,84.0,128.0,32.0,0.0,valendin,,LSTM__electronics__ar_bounded-kmeans_8-valendin
real_panel_arms__LSTM__electronics__ar_bounded-kmeans_8-valendin__a,LSTM,8,0.298305977458166,2.5428592579102816,0.0793504273252827,34.0,42.0,0.004695225899737,128.0,0.0052040620637222,245.0,128.0,32.0,0.2,valendin,,LSTM__electronics__ar_bounded-kmeans_8-valendin
real_panel_arms__LSTM__electronics__ar_bounded-kmeans_8-valendin__a,LSTM,9,0.310401260097625,2.2706802437020315,0.0826565256485572,20.0,28.0,0.0013010265289286,64.0,4.275572095327489e-06,273.0,128.0,128.0,0.0,valendin,,LSTM__electronics__ar_bounded-kmeans_8-valendin
real_panel_arms__LSTM__electronics__ar_bounded-kmeans_8-valendin__a,LSTM,10,0.2829010661434997,2.2685117400400645,0.0810051749532039,26.0,34.0,0.0053803644196263,64.0,2.0950994379230206e-05,351.0,64.0,32.0,0.2,valendin,,LSTM__electronics__ar_bounded-kmeans_8-valendin
real_panel_arms__LSTM__electronics__ar_bounded-kmeans_8-valendin__a,LSTM,11,0.2846610267080173,2.419807633083538,0.0807007909394227,16.0,24.0,0.0076244062130149,64.0,1.3292550633134232e-06,221.0,128.0,32.0,0.0,valendin,,LSTM__electronics__ar_bounded-kmeans_8-valendin
real_panel_arms__LSTM__electronics__ar_bounded-kmeans_8-valendin__a,LSTM,12,0.29899813082355,2.6063634818800185,0.0809683381364895,13.0,21.0,0.0056062669929271,64.0,0.0047303358061577,182.0,128.0,64.0,0.0,valendin,,LSTM__electronics__ar_bounded-kmeans_8-valendin
real_panel_arms__LSTM__electronics__ar_bounded-kmeans_8-valendin__a,LSTM,13,0.2928049689853836,2.010558990998579,0.0821795303087968,19.0,27.0,0.0045940801888462,64.0,0.0001435582845251,260.0,32.0,128.0,0.2,valendin,,LSTM__electronics__ar_bounded-kmeans_8-valendin
real_panel_arms__LSTM__electronics__ar_bounded-kmeans_8-valendin__a,LSTM,14,0.300569260988839,2.2598315908133397,0.0778698418289423,56.0,64.0,0.0026624415043301,256.0,1.388954041368592e-06,228.0,64.0,32.0,0.0,valendin,,LSTM__electronics__ar_bounded-kmeans_8-valendin
real_panel_arms__LSTM__electronics__ar_bounded-kmeans_8-valendin__a,LSTM,15,0.2941284384421666,2.3330683013131512,0.0805309574518885,67.0,75.0,0.0033467886953773,128.0,3.2252832112912465e-05,476.0,128.0,32.0,0.2,valendin,,LSTM__electronics__ar_bounded-kmeans_8-valendin
real_panel_arms__LSTM__electronics__ar_bounded-kmeans_8-valendin__a,LSTM,16,0.2727883000168813,2.037051070254574,0.0811632224000417,19.0,27.0,0.0032641949488305,64.0,1.0557318326770594e-05,260.0,128.0,32.0,0.2,valendin,,LSTM__electronics__ar_bounded-kmeans_8-valendin
real_panel_arms__LSTM__electronics__ar_bounded-kmeans_8-valendin__a,LSTM,17,0.2646005609656146,2.6318808532630955,0.0811083993086448,22.0,30.0,0.0015256020252705,64.0,0.0001634933175522,299.0,128.0,32.0,0.0,valendin,,LSTM__electronics__ar_bounded-kmeans_8-valendin
real_panel_arms__LSTM__electronics__ar_bounded-kmeans_8-valendin__a,LSTM,18,0.3145812561927668,1.478728460499647,0.0815923993404095,21.0,29.0,0.0023805964184978,64.0,0.0008022010472799,286.0,128.0,32.0,0.2,valendin,,LSTM__electronics__ar_bounded-kmeans_8-valendin
real_panel_arms__LSTM__electronics__ar_bounded-kmeans_8-valendin__a,LSTM,19,0.3108271221143744,2.255274798045418,0.0784077141433954,32.0,40.0,0.0054066609631289,256.0,8.320657760679917e-06,132.0,128.0,64.0,0.0,valendin,,LSTM__electronics__ar_bounded-kmeans_8-valendin
real_panel_arms__LSTM__electronics__ar_bounded-kmeans_8-valendin__a,LSTM,20,0.26285510745834,2.3989266310021757,0.0806842371821403,29.0,37.0,0.0096039511473983,128.0,0.0064724506031315,210.0,32.0,64.0,0.2,valendin,,LSTM__electronics__ar_bounded-kmeans_8-valendin
real_panel_arms__LSTM__electronics__ar_bounded-no_cluster-valendin__a,LSTM,1,0.256436474380522,0.545889326734043,0.0859348326921463,31.0,39.0,0.008976505749523,256.0,0.0014439340312128,128.0,128.0,64.0,0.0,valendin,,LSTM__electronics__ar_bounded-no_cluster-valendin
real_panel_arms__LSTM__electronics__ar_bounded-no_cluster-valendin__a,LSTM,2,0.2897778845156634,1.1150961437469953,0.08697295827525,40.0,48.0,0.0075934077408156,128.0,5.3079681691175416e-05,287.0,128.0,32.0,0.2,valendin,,LSTM__electronics__ar_bounded-no_cluster-valendin
real_panel_arms__LSTM__electronics__ar_bounded-no_cluster-valendin__a,LSTM,3,0.2818335977292635,0.7535041491452058,0.0851623956114053,36.0,44.0,0.0075078245269733,256.0,7.725436951268772e-06,148.0,128.0,64.0,0.2,valendin,,LSTM__electronics__ar_bounded-no_cluster-valendin
real_panel_arms__LSTM__electronics__ar_bounded-no_cluster-valendin__a,LSTM,4,0.2084903707346566,0.3949170030177078,0.0864563677459955,21.0,29.0,0.0097195952170739,256.0,0.0003706855527865,88.0,128.0,128.0,0.2,valendin,,LSTM__electronics__ar_bounded-no_cluster-valendin
real_panel_arms__LSTM__electronics__ar_bounded-no_cluster-valendin__a,LSTM,5,0.2665782063843163,0.357055425961544,0.0877625346183776,13.0,21.0,0.0051770106122687,128.0,1.2240581181902258e-06,98.0,128.0,64.0,0.2,valendin,,LSTM__electronics__ar_bounded-no_cluster-valendin
real_panel_arms__LSTM__electronics__ar_bounded-no_cluster-valendin__a,LSTM,6,0.2462898160694812,0.5890824672647916,0.0873325264879635,30.0,38.0,0.0085655080728353,128.0,3.747799564705863e-06,217.0,128.0,32.0,0.0,valendin,,LSTM__electronics__ar_bounded-no_cluster-valendin
real_panel_arms__LSTM__electronics__ar_bounded-no_cluster-valendin__a,LSTM,7,0.2617831457379671,0.7187363715155917,0.0857775919139385,36.0,44.0,0.0067561264143762,256.0,0.0094670886225322,148.0,64.0,32.0,0.0,valendin,,LSTM__electronics__ar_bounded-no_cluster-valendin
real_panel_arms__LSTM__electronics__ar_bounded-no_cluster-valendin__a,LSTM,8,0.2644628225326109,1.4567517996123418,0.0881518099743586,30.0,38.0,0.0052846234790279,64.0,0.0002073479885075,403.0,128.0,32.0,0.0,valendin,,LSTM__electronics__ar_bounded-no_cluster-valendin
real_panel_arms__LSTM__electronics__ar_bounded-no_cluster-valendin__a,LSTM,9,0.178357778512104,0.2843892682336831,0.0878918500883238,33.0,41.0,0.0084854480286889,128.0,0.0074254928172985,238.0,32.0,128.0,0.2,valendin,,LSTM__electronics__ar_bounded-no_cluster-valendin
real_panel_arms__LSTM__electronics__ar_bounded-no_cluster-valendin__a,LSTM,10,0.282603562409694,0.5593681815816046,0.085070526227355,38.0,46.0,0.0046456261970819,256.0,1.5273844561751123e-06,156.0,128.0,64.0,0.2,valendin,,LSTM__electronics__ar_bounded-no_cluster-valendin
real_panel_arms__LSTM__electronics__ar_bounded-no_cluster-valendin__a,LSTM,11,0.2211670412703979,0.3722676475019272,0.0879158143486295,24.0,32.0,0.0032646064996921,128.0,2.5614618279037093e-06,175.0,128.0,32.0,0.0,valendin,,LSTM__electronics__ar_bounded-no_cluster-valendin
real_panel_arms__LSTM__electronics__ar_bounded-no_cluster-valendin__a,LSTM,12,0.2376586294841283,0.3914396139611468,0.0858669932931661,40.0,48.0,0.0090302809389475,256.0,3.401629227545629e-06,164.0,128.0,64.0,0.0,valendin,,LSTM__electronics__ar_bounded-no_cluster-valendin
real_panel_arms__LSTM__electronics__ar_bounded-no_cluster-valendin__a,LSTM,13,0.287603684303879,1.522562112185725,0.0878079782884854,19.0,27.0,0.0076888501364958,64.0,2.4734585405216915e-06,260.0,64.0,32.0,0.0,valendin,,LSTM__electronics__ar_bounded-no_cluster-valendin
real_panel_arms__LSTM__electronics__ar_bounded-no_cluster-valendin__a,LSTM,14,0.2737407477168668,0.5939935029452632,0.0854480247944593,24.0,32.0,0.0080414238309791,256.0,0.0033096736906071,100.0,128.0,32.0,0.0,valendin,,LSTM__electronics__ar_bounded-no_cluster-valendin
real_panel_arms__LSTM__electronics__ar_bounded-no_cluster-valendin__a,LSTM,15,0.2198598417295213,0.3308702404079335,0.0857540778815746,24.0,32.0,0.0098458911759728,256.0,1.382541735986791e-06,100.0,128.0,64.0,0.2,valendin,,LSTM__electronics__ar_bounded-no_cluster-valendin
real_panel_arms__LSTM__electronics__ar_bounded-no_cluster-valendin__a,LSTM,16,0.2684075127011543,0.5115084131893539,0.0873369053006172,41.0,49.0,0.0055548536883413,128.0,0.0001095113277914,294.0,64.0,32.0,0.2,valendin,,LSTM__electronics__ar_bounded-no_cluster-valendin
real_panel_arms__LSTM__electronics__ar_bounded-no_cluster-valendin__a,LSTM,17,0.2715963094575727,0.5211090644849022,0.0878134604011263,18.0,26.0,0.0063694045333334,128.0,2.7029318843691448e-05,133.0,128.0,64.0,0.0,valendin,,LSTM__electronics__ar_bounded-no_cluster-valendin
real_panel_arms__LSTM__electronics__ar_bounded-no_cluster-valendin__a,LSTM,18,0.2940323055706036,1.2022035134203444,0.0877187134964125,20.0,28.0,0.008782538166717,128.0,1.3227734170160929e-06,147.0,128.0,32.0,0.2,valendin,,LSTM__electronics__ar_bounded-no_cluster-valendin
real_panel_arms__LSTM__electronics__ar_bounded-no_cluster-valendin__a,LSTM,19,0.2146064284545045,0.4674167066472137,0.085787845775485,36.0,44.0,0.0051912274362579,256.0,1.2900162469456394e-06,148.0,128.0,128.0,0.0,valendin,,LSTM__electronics__ar_bounded-no_cluster-valendin
real_panel_arms__LSTM__electronics__ar_bounded-no_cluster-valendin__a,LSTM,20,0.155196013339122,0.3400980885911582,0.0853002928197383,31.0,39.0,0.0091758337789026,256.0,1.8854546300574167e-06,128.0,128.0,64.0,0.2,valendin,,LSTM__electronics__ar_bounded-no_cluster-valendin
real_panel_arms__LSTM__electronics__no_ar-kmeans_8-valendin-no_tf__a,LSTM,1,0.3245786700457903,2.718518304748057,0.0804772430232593,24.0,32.0,0.0069980810416452,128.0,0.0020694031973234,175.0,128.0,128.0,0.2,valendin,,LSTM__electronics__no_ar-kmeans_8-valendin-no_tf
real_panel_arms__LSTM__electronics__no_ar-kmeans_8-valendin-no_tf__a,LSTM,2,0.2753648489963529,1.9230077901223257,0.0829642566923911,17.0,25.0,0.0038828430173841,64.0,0.0091894754934873,234.0,32.0,64.0,0.2,valendin,,LSTM__electronics__no_ar-kmeans_8-valendin-no_tf
real_panel_arms__LSTM__electronics__no_ar-kmeans_8-valendin-no_tf__a,LSTM,3,0.2548900435523355,1.4226458091577088,0.0838305167853832,8.0,16.0,0.0053844935716929,256.0,1.5882196518884411e-06,36.0,32.0,128.0,0.2,valendin,,LSTM__electronics__no_ar-kmeans_8-valendin-no_tf
real_panel_arms__LSTM__electronics__no_ar-kmeans_8-valendin-no_tf__a,LSTM,4,0.2995012690928372,1.57517755308797,0.0846280194818973,10.0,18.0,0.0035873261037045,256.0,1.0981082203663929e-05,44.0,32.0,128.0,0.0,valendin,,LSTM__electronics__no_ar-kmeans_8-valendin-no_tf
real_panel_arms__LSTM__electronics__no_ar-kmeans_8-valendin-no_tf__a,LSTM,5,0.3075335570118881,2.8697528128969205,0.0805043626863222,32.0,40.0,0.0094499819394486,64.0,9.781493451846182e-05,429.0,128.0,128.0,0.2,valendin,,LSTM__electronics__no_ar-kmeans_8-valendin-no_tf
real_panel_arms__LSTM__electronics__no_ar-kmeans_8-valendin-no_tf__a,LSTM,6,0.3135417967622545,2.541765030379437,0.0802033543586731,38.0,46.0,0.0082564030202809,128.0,0.006613456276441,273.0,128.0,64.0,0.2,valendin,,LSTM__electronics__no_ar-kmeans_8-valendin-no_tf
real_panel_arms__LSTM__electronics__no_ar-kmeans_8-valendin-no_tf__a,LSTM,7,0.299303335325596,3.0401541396898306,0.0812654191484818,17.0,25.0,0.0097808293596823,64.0,0.0040339809045386,234.0,32.0,128.0,0.0,valendin,,LSTM__electronics__no_ar-kmeans_8-valendin-no_tf
real_panel_arms__LSTM__electronics__no_ar-kmeans_8-valendin-no_tf__a,LSTM,8,0.3272477836179001,2.374489709918928,0.0853816994598933,5.0,13.0,0.0047204591139819,128.0,0.0003065581494258,42.0,32.0,128.0,0.2,valendin,,LSTM__electronics__no_ar-kmeans_8-valendin-no_tf
real_panel_arms__LSTM__electronics__no_ar-kmeans_8-valendin-no_tf__a,LSTM,9,0.3014295715510105,2.441203427283998,0.0805803617605796,36.0,44.0,0.0093156938632302,64.0,3.5661425893868627e-06,481.0,128.0,128.0,0.2,valendin,,LSTM__electronics__no_ar-kmeans_8-valendin-no_tf
real_panel_arms__LSTM__electronics__no_ar-kmeans_8-valendin-no_tf__a,LSTM,10,0.3266758614574559,2.479296542375554,0.0806809136500725,32.0,40.0,0.0050277920553549,64.0,0.0034360393959018,429.0,128.0,128.0,0.2,valendin,,LSTM__electronics__no_ar-kmeans_8-valendin-no_tf
real_panel_arms__LSTM__electronics__no_ar-kmeans_8-valendin-no_tf__a,LSTM,11,0.3037394978390269,2.7981329126167545,0.0810424845952254,31.0,39.0,0.0076244062130149,64.0,1.3292550633134232e-06,416.0,128.0,32.0,0.0,valendin,,LSTM__electronics__no_ar-kmeans_8-valendin-no_tf
real_panel_arms__LSTM__electronics__no_ar-kmeans_8-valendin-no_tf__a,LSTM,12,0.2982646932931487,2.547942065187836,0.0805771932579003,18.0,26.0,0.009674396622534,64.0,0.0086993974703857,247.0,128.0,128.0,0.2,valendin,,LSTM__electronics__no_ar-kmeans_8-valendin-no_tf
real_panel_arms__LSTM__electronics__no_ar-kmeans_8-valendin-no_tf__a,LSTM,13,0.3148444679949975,2.87804737329079,0.0807648779681095,33.0,41.0,0.0043564195583108,64.0,1.7867800641628428e-06,442.0,128.0,128.0,0.0,valendin,,LSTM__electronics__no_ar-kmeans_8-valendin-no_tf
real_panel_arms__LSTM__electronics__no_ar-kmeans_8-valendin-no_tf__a,LSTM,14,0.2964792188304307,2.7412376595620302,0.0813228573936682,25.0,33.0,0.0098754020508506,64.0,5.757397347576141e-05,338.0,64.0,128.0,0.0,valendin,,LSTM__electronics__no_ar-kmeans_8-valendin-no_tf
real_panel_arms__LSTM__electronics__no_ar-kmeans_8-valendin-no_tf__a,LSTM,15,0.3209163623059918,2.213565112479544,0.0807130549635205,33.0,41.0,0.0033712208685122,128.0,0.0018464034106521,238.0,32.0,128.0,0.0,valendin,,LSTM__electronics__no_ar-kmeans_8-valendin-no_tf
real_panel_arms__LSTM__electronics__no_ar-kmeans_8-valendin-no_tf__a,LSTM,16,0.3118660265188415,2.721590824730517,0.0803558390055384,89.0,97.0,0.0005513972995696,128.0,4.9995641957998016e-05,630.0,32.0,64.0,0.0,valendin,,LSTM__electronics__no_ar-kmeans_8-valendin-no_tf
real_panel_arms__LSTM__electronics__no_ar-kmeans_8-valendin-no_tf__a,LSTM,17,0.3081649621770394,2.363153031007212,0.0805186554789543,36.0,44.0,0.0043164509546755,128.0,5.956565218087999e-06,259.0,128.0,128.0,0.0,valendin,,LSTM__electronics__no_ar-kmeans_8-valendin-no_tf
real_panel_arms__LSTM__electronics__no_ar-kmeans_8-valendin-no_tf__a,LSTM,18,0.310819823838472,2.431291112926595,0.0808170409156726,28.0,36.0,0.0093831663243317,64.0,0.0001672565157883,377.0,64.0,128.0,0.2,valendin,,LSTM__electronics__no_ar-kmeans_8-valendin-no_tf
real_panel_arms__LSTM__electronics__no_ar-kmeans_8-valendin-no_tf__a,LSTM,19,0.1520244003409231,1.6602988676127322,0.0840651858597993,7.0,15.0,0.0048169281481594,256.0,0.000332568371051,32.0,64.0,128.0,0.2,valendin,,LSTM__electronics__no_ar-kmeans_8-valendin-no_tf
real_panel_arms__LSTM__electronics__no_ar-kmeans_8-valendin-no_tf__a,LSTM,20,0.3080120361818512,2.891713643902857,0.0809653401374816,39.0,47.0,0.0044847259541984,64.0,0.0002233882257965,520.0,128.0,128.0,0.0,valendin,,LSTM__electronics__no_ar-kmeans_8-valendin-no_tf
real_panel_arms__LSTM__electronics__no_ar-kmeans_8-valendin__a,LSTM,1,0.3008920335059575,2.9943126694586515,0.0877351396932051,16.0,24.0,0.0087685984592788,64.0,3.4794264259999706e-05,221.0,64.0,32.0,0.2,valendin,,LSTM__electronics__no_ar-kmeans_8-valendin
real_panel_arms__LSTM__electronics__no_ar-kmeans_8-valendin__a,LSTM,2,0.2818111211683875,0.6346590969294564,0.0865319147706031,6.0,14.0,0.0072477900895407,256.0,0.0033627222341661,28.0,64.0,32.0,0.0,valendin,,LSTM__electronics__no_ar-kmeans_8-valendin
real_panel_arms__LSTM__electronics__no_ar-kmeans_8-valendin__a,LSTM,3,0.2682277045598771,2.056942476058396,0.0847081206738948,9.0,17.0,0.003233715110613,256.0,1.9097076868384684e-05,40.0,32.0,128.0,0.2,valendin,,LSTM__electronics__no_ar-kmeans_8-valendin
real_panel_arms__LSTM__electronics__no_ar-kmeans_8-valendin__a,LSTM,4,0.2422936489950255,2.499775195885726,0.0863121133297681,8.0,16.0,0.0031895093403688,256.0,1.1132121833961142e-05,36.0,64.0,128.0,0.0,valendin,,LSTM__electronics__no_ar-kmeans_8-valendin
real_panel_arms__LSTM__electronics__no_ar-kmeans_8-valendin__a,LSTM,5,0.2274802223334372,0.5053784195980103,0.0883346982300281,4.0,12.0,0.0068251429246809,256.0,7.371130115661969e-06,20.0,128.0,64.0,0.2,valendin,,LSTM__electronics__no_ar-kmeans_8-valendin
real_panel_arms__LSTM__electronics__no_ar-kmeans_8-valendin__a,LSTM,6,0.2782629960957586,2.702332619732584,0.0824859655247284,11.0,19.0,0.0045471468489426,64.0,0.0022782578805742,156.0,128.0,128.0,0.0,valendin,,LSTM__electronics__no_ar-kmeans_8-valendin
real_panel_arms__LSTM__electronics__no_ar-kmeans_8-valendin__a,LSTM,7,0.3231971058019269,2.349329218107941,0.0825871418301875,23.0,31.0,0.0034634501119117,64.0,0.0038452130169185,312.0,128.0,32.0,0.0,valendin,,LSTM__electronics__no_ar-kmeans_8-valendin
real_panel_arms__LSTM__electronics__no_ar-kmeans_8-valendin__a,LSTM,8,0.2958360442846163,1.795709703055536,0.0893013839210782,5.0,13.0,0.0029017797360176,128.0,0.0013662832422369,42.0,64.0,128.0,0.0,valendin,,LSTM__electronics__no_ar-kmeans_8-valendin
real_panel_arms__LSTM__electronics__no_ar-kmeans_8-valendin__a,LSTM,9,0.1285856657738209,2.8331192927159905,0.0862182639539241,15.0,23.0,0.0017828167049021,256.0,0.0004059174428171,64.0,32.0,128.0,0.2,valendin,,LSTM__electronics__no_ar-kmeans_8-valendin
real_panel_arms__LSTM__electronics__no_ar-kmeans_8-valendin__a,LSTM,10,0.3265589190274661,2.344483670135174,0.0849717184901237,6.0,14.0,0.0036673261803297,256.0,2.9350724662984266e-06,28.0,64.0,128.0,0.2,valendin,,LSTM__electronics__no_ar-kmeans_8-valendin
real_panel_arms__LSTM__electronics__no_ar-kmeans_8-valendin__a,LSTM,11,0.320702969751891,2.29094972324125,0.0844121966511011,11.0,19.0,0.0049795283066627,256.0,0.001086893348924,48.0,32.0,64.0,0.0,valendin,,LSTM__electronics__no_ar-kmeans_8-valendin
real_panel_arms__LSTM__electronics__no_ar-kmeans_8-valendin__a,LSTM,12,0.3126087047209386,4.256201244581487,0.0806637555360794,66.0,74.0,0.0002207869313405,128.0,5.029653913319453e-06,469.0,128.0,128.0,0.0,valendin,,LSTM__electronics__no_ar-kmeans_8-valendin
real_panel_arms__LSTM__electronics__no_ar-kmeans_8-valendin__a,LSTM,13,0.2847710540405243,2.488183261572456,0.0846415683627128,5.0,13.0,0.0048922075883121,256.0,0.0006074750163645,24.0,128.0,128.0,0.0,valendin,,LSTM__electronics__no_ar-kmeans_8-valendin
real_panel_arms__LSTM__electronics__no_ar-kmeans_8-valendin__a,LSTM,14,0.2928666453326395,1.2550832928438542,0.0863031037151813,8.0,16.0,0.004990566120073,256.0,1.7753803684194748e-06,36.0,32.0,128.0,0.0,valendin,,LSTM__electronics__no_ar-kmeans_8-valendin
real_panel_arms__LSTM__electronics__no_ar-kmeans_8-valendin__a,LSTM,15,0.2983997150303423,1.142095684333882,0.0844280357871736,5.0,13.0,0.0014120161714497,128.0,0.0005142658875887,42.0,32.0,128.0,0.2,valendin,,LSTM__electronics__no_ar-kmeans_8-valendin
real_panel_arms__LSTM__electronics__no_ar-kmeans_8-valendin__a,LSTM,16,0.2192461455849593,1.82864225476394,0.0875118736709867,3.0,11.0,0.0048407350803248,128.0,0.0056137012556149,28.0,64.0,128.0,0.0,valendin,,LSTM__electronics__no_ar-kmeans_8-valendin
real_panel_arms__LSTM__electronics__no_ar-kmeans_8-valendin__a,LSTM,17,0.3372919415630648,2.8617031695145148,0.0850656149642808,7.0,15.0,0.001505783629875,128.0,5.816166081207091e-05,56.0,64.0,128.0,0.0,valendin,,LSTM__electronics__no_ar-kmeans_8-valendin
real_panel_arms__LSTM__electronics__no_ar-kmeans_8-valendin__a,LSTM,18,0.1891544847844893,1.3642265729279577,0.0859560761600732,6.0,14.0,0.0080810609017404,256.0,0.003186738397884,28.0,32.0,64.0,0.2,valendin,,LSTM__electronics__no_ar-kmeans_8-valendin
real_panel_arms__LSTM__electronics__no_ar-kmeans_8-valendin__a,LSTM,19,0.2889874051668461,2.0055735858744117,0.0844115316867828,11.0,19.0,0.001973757224744,256.0,0.0001137371365326,48.0,64.0,128.0,0.0,valendin,,LSTM__electronics__no_ar-kmeans_8-valendin
real_panel_arms__LSTM__electronics__no_ar-kmeans_8-valendin__a,LSTM,20,0.1947240919538932,0.4132859855320737,0.0882367957383394,6.0,14.0,0.0079617639613357,256.0,0.0002899938699889,28.0,64.0,32.0,0.0,valendin,,LSTM__electronics__no_ar-kmeans_8-valendin
real_panel_arms__LSTM__electronics__no_ar-no_cluster-valendin-no_tf__a,LSTM,1,0.015162100335876,0.1598561942232078,0.0886162109673023,6.0,14.0,0.004475083846192,256.0,0.0023146431037587,28.0,64.0,128.0,0.0,valendin,,LSTM__electronics__no_ar-no_cluster-valendin-no_tf
real_panel_arms__LSTM__electronics__no_ar-no_cluster-valendin-no_tf__a,LSTM,2,-0.0177635502272417,0.1962892182418011,0.090105764567852,5.0,13.0,0.0097031079683813,256.0,2.109738094084208e-05,24.0,64.0,32.0,0.0,valendin,,LSTM__electronics__no_ar-no_cluster-valendin-no_tf
real_panel_arms__LSTM__electronics__no_ar-no_cluster-valendin-no_tf__a,LSTM,3,0.0458160229728476,0.1723006346006251,0.0885800924152135,7.0,15.0,0.0081472113182379,256.0,8.08896030897612e-05,32.0,32.0,64.0,0.2,valendin,,LSTM__electronics__no_ar-no_cluster-valendin-no_tf
real_panel_arms__LSTM__electronics__no_ar-no_cluster-valendin-no_tf__a,LSTM,4,0.0373423600046877,0.1856906079436358,0.0882614143192768,8.0,16.0,0.0043251856489416,256.0,5.756283641413022e-05,36.0,32.0,128.0,0.0,valendin,,LSTM__electronics__no_ar-no_cluster-valendin-no_tf
real_panel_arms__LSTM__electronics__no_ar-no_cluster-valendin-no_tf__a,LSTM,5,-0.0218872414500752,0.1766149829848697,0.0888038035482168,6.0,14.0,0.0068381256061461,256.0,0.0001287177645392,28.0,32.0,128.0,0.2,valendin,,LSTM__electronics__no_ar-no_cluster-valendin-no_tf
real_panel_arms__LSTM__electronics__no_ar-no_cluster-valendin-no_tf__a,LSTM,6,0.074956574244559,0.184910104732787,0.089270805940032,14.0,22.0,0.0016187721330252,256.0,0.0021166887119878,60.0,64.0,64.0,0.2,valendin,,LSTM__electronics__no_ar-no_cluster-valendin-no_tf
real_panel_arms__LSTM__electronics__no_ar-no_cluster-valendin-no_tf__a,LSTM,7,-0.0123835009138402,0.173549684476533,0.0892579741775989,9.0,17.0,0.0044320278456349,256.0,0.0001867855780141,40.0,64.0,32.0,0.0,valendin,,LSTM__electronics__no_ar-no_cluster-valendin-no_tf
real_panel_arms__LSTM__electronics__no_ar-no_cluster-valendin-no_tf__a,LSTM,8,0.3275463483355804,1.2735145800957846,0.0886630934591476,37.0,45.0,0.0072888419843777,64.0,4.223582418397558e-05,494.0,32.0,64.0,0.0,valendin,,LSTM__electronics__no_ar-no_cluster-valendin-no_tf
real_panel_arms__LSTM__electronics__no_ar-no_cluster-valendin-no_tf__a,LSTM,9,0.0395921722620865,0.1964668582376447,0.0884119067341089,8.0,16.0,0.0029556527050621,256.0,1.481742952747275e-06,36.0,64.0,128.0,0.2,valendin,,LSTM__electronics__no_ar-no_cluster-valendin-no_tf
real_panel_arms__LSTM__electronics__no_ar-no_cluster-valendin-no_tf__a,LSTM,10,0.0519495648352951,0.1956127020978791,0.0884761661291122,6.0,14.0,0.0084213202363632,256.0,0.0001734396855056,28.0,32.0,128.0,0.2,valendin,,LSTM__electronics__no_ar-no_cluster-valendin-no_tf
real_panel_arms__LSTM__electronics__no_ar-no_cluster-valendin-no_tf__a,LSTM,11,0.0265854638842113,0.1866390867468121,0.0886221397668123,17.0,25.0,0.00098122885399,256.0,0.0008000735230828,72.0,32.0,64.0,0.0,valendin,,LSTM__electronics__no_ar-no_cluster-valendin-no_tf
real_panel_arms__LSTM__electronics__no_ar-no_cluster-valendin-no_tf__a,LSTM,12,0.1260792133580622,0.2137890294943624,0.0905703849026135,7.0,15.0,0.0022027672133299,128.0,1.314098850195579e-06,56.0,32.0,128.0,0.0,valendin,,LSTM__electronics__no_ar-no_cluster-valendin-no_tf
real_panel_arms__LSTM__electronics__no_ar-no_cluster-valendin-no_tf__a,LSTM,13,0.1870559803054807,0.5787122288747203,0.0901967748426474,31.0,39.0,0.0070509342924722,64.0,8.565595268693122e-05,416.0,32.0,128.0,0.2,valendin,,LSTM__electronics__no_ar-no_cluster-valendin-no_tf
real_panel_arms__LSTM__electronics__no_ar-no_cluster-valendin-no_tf__a,LSTM,14,0.0096705013636816,0.1616578074031583,0.0888016521930694,7.0,15.0,0.0052029964551232,256.0,9.187459863779408e-06,32.0,32.0,128.0,0.2,valendin,,LSTM__electronics__no_ar-no_cluster-valendin-no_tf
real_panel_arms__LSTM__electronics__no_ar-no_cluster-valendin-no_tf__a,LSTM,15,0.0431440080755289,0.1821958481474133,0.0883966460824012,7.0,15.0,0.0060353658639461,256.0,0.0008491097746775,32.0,32.0,128.0,0.0,valendin,,LSTM__electronics__no_ar-no_cluster-valendin-no_tf
real_panel_arms__LSTM__electronics__no_ar-no_cluster-valendin-no_tf__a,LSTM,16,0.0001229088900586,0.1538960409735325,0.089279718697071,81.0,89.0,0.0001130957847539,256.0,0.0013663309367109,328.0,32.0,128.0,0.2,valendin,,LSTM__electronics__no_ar-no_cluster-valendin-no_tf
real_panel_arms__LSTM__electronics__no_ar-no_cluster-valendin-no_tf__a,LSTM,17,0.0121609874715763,0.1894204233886091,0.0889300610870122,6.0,14.0,0.0039385174489141,256.0,0.0038024203708395,28.0,128.0,128.0,0.2,valendin,,LSTM__electronics__no_ar-no_cluster-valendin-no_tf
real_panel_arms__LSTM__electronics__no_ar-no_cluster-valendin-no_tf__a,LSTM,18,0.0483570269278799,0.1739446258092582,0.0879679471254348,9.0,17.0,0.003841905871979,256.0,0.0087304727806879,40.0,32.0,128.0,0.0,valendin,,LSTM__electronics__no_ar-no_cluster-valendin-no_tf
real_panel_arms__LSTM__electronics__no_ar-no_cluster-valendin-no_tf__a,LSTM,19,-0.0086958511551371,0.1854492062839823,0.0889239758253097,8.0,16.0,0.002637897202959,256.0,0.0002695556089941,36.0,64.0,128.0,0.0,valendin,,LSTM__electronics__no_ar-no_cluster-valendin-no_tf
real_panel_arms__LSTM__electronics__no_ar-no_cluster-valendin-no_tf__a,LSTM,20,-0.0125414032577174,0.1815371270019228,0.0892327353358268,11.0,19.0,0.0020604631480389,256.0,5.320590123896932e-05,48.0,64.0,64.0,0.2,valendin,,LSTM__electronics__no_ar-no_cluster-valendin-no_tf
real_panel_arms__LSTM__electronics__no_ar-no_cluster-valendin__a,LSTM,1,-0.0013539120439761,0.195340257307731,0.0913563274911471,4.0,12.0,0.0022698329426093,128.0,5.979506167618903e-06,35.0,128.0,128.0,0.2,valendin,,LSTM__electronics__no_ar-no_cluster-valendin
real_panel_arms__LSTM__electronics__no_ar-no_cluster-valendin__a,LSTM,2,-0.0243512107656857,0.173573303549468,0.0896846987307071,6.0,14.0,0.0072477900895407,256.0,0.0033627222341661,28.0,64.0,32.0,0.0,valendin,,LSTM__electronics__no_ar-no_cluster-valendin
real_panel_arms__LSTM__electronics__no_ar-no_cluster-valendin__a,LSTM,3,0.0325223942423885,0.1714929293535385,0.0890165045857429,9.0,17.0,0.0021740622293738,256.0,0.0001244508842543,40.0,128.0,64.0,0.2,valendin,,LSTM__electronics__no_ar-no_cluster-valendin
real_panel_arms__LSTM__electronics__no_ar-no_cluster-valendin__a,LSTM,4,0.0046177781292025,0.1690793903938829,0.0891817323863506,8.0,16.0,0.0038550240051543,256.0,0.0001419964965527,36.0,64.0,64.0,0.0,valendin,,LSTM__electronics__no_ar-no_cluster-valendin
real_panel_arms__LSTM__electronics__no_ar-no_cluster-valendin__a,LSTM,5,-0.0098189778797933,0.1968046210342032,0.0892394725233316,10.0,18.0,0.0012487034875987,256.0,3.3242737204308086e-06,44.0,128.0,128.0,0.2,valendin,,LSTM__electronics__no_ar-no_cluster-valendin
real_panel_arms__LSTM__electronics__no_ar-no_cluster-valendin__a,LSTM,6,0.0334616517744655,0.1845009436469933,0.089009091258049,11.0,19.0,0.0024786557290891,256.0,0.0001761142232424,48.0,64.0,64.0,0.0,valendin,,LSTM__electronics__no_ar-no_cluster-valendin
real_panel_arms__LSTM__electronics__no_ar-no_cluster-valendin__a,LSTM,7,0.0194545814788794,0.1780059602257147,0.0888982284814119,8.0,16.0,0.00465952686708,256.0,0.0041581964620459,36.0,64.0,32.0,0.0,valendin,,LSTM__electronics__no_ar-no_cluster-valendin
real_panel_arms__LSTM__electronics__no_ar-no_cluster-valendin__a,LSTM,8,0.104601400527922,0.2022038419729478,0.0910208714859826,7.0,15.0,0.0011173957246164,128.0,0.0051523304749017,56.0,32.0,64.0,0.2,valendin,,LSTM__electronics__no_ar-no_cluster-valendin
real_panel_arms__LSTM__electronics__no_ar-no_cluster-valendin__a,LSTM,9,0.041386745982077,0.1816713123723301,0.0892479326575994,8.0,16.0,0.0029556527050621,256.0,1.481742952747275e-06,36.0,64.0,128.0,0.2,valendin,,LSTM__electronics__no_ar-no_cluster-valendin
real_panel_arms__LSTM__electronics__no_ar-no_cluster-valendin__a,LSTM,10,0.0344305698558386,0.1919260997237213,0.0890622790902853,10.0,18.0,0.0025367529595962,256.0,0.0017396494916037,44.0,64.0,64.0,0.2,valendin,,LSTM__electronics__no_ar-no_cluster-valendin
real_panel_arms__LSTM__electronics__no_ar-no_cluster-valendin__a,LSTM,11,0.0168533864518442,0.1833228885477217,0.0890349075198173,8.0,16.0,0.0042404364300688,256.0,2.922496670155952e-05,36.0,64.0,64.0,0.0,valendin,,LSTM__electronics__no_ar-no_cluster-valendin
real_panel_arms__LSTM__electronics__no_ar-no_cluster-valendin__a,LSTM,12,0.0844327225387048,0.1975761790295992,0.0889401491731405,11.0,19.0,0.0021076867632734,256.0,0.0003911568595883,48.0,64.0,128.0,0.2,valendin,,LSTM__electronics__no_ar-no_cluster-valendin
real_panel_arms__LSTM__electronics__no_ar-no_cluster-valendin__a,LSTM,13,0.0031117060740784,0.1889296104921612,0.089881669729948,2.0,10.0,0.0021996856674389,256.0,0.0003184628615058,12.0,64.0,64.0,0.0,valendin,,LSTM__electronics__no_ar-no_cluster-valendin
real_panel_arms__LSTM__electronics__no_ar-no_cluster-valendin__a,LSTM,14,0.0646489546485207,0.2005081317408109,0.0890285782516002,7.0,15.0,0.0026386041822596,256.0,9.485841007722612e-05,32.0,128.0,128.0,0.2,valendin,,LSTM__electronics__no_ar-no_cluster-valendin
real_panel_arms__LSTM__electronics__no_ar-no_cluster-valendin__a,LSTM,15,0.0247995443521415,0.1948392360497857,0.088991854339838,14.0,22.0,0.0007897751539733,256.0,0.0007818966025732,60.0,128.0,128.0,0.0,valendin,,LSTM__electronics__no_ar-no_cluster-valendin
real_panel_arms__LSTM__electronics__no_ar-no_cluster-valendin__a,LSTM,16,-0.0047422428512619,0.2047189260810968,0.0891769398003816,10.0,18.0,0.0022383982326632,256.0,0.0049265170369553,44.0,64.0,128.0,0.2,valendin,,LSTM__electronics__no_ar-no_cluster-valendin
real_panel_arms__LSTM__electronics__no_ar-no_cluster-valendin__a,LSTM,17,0.3070318940077193,0.9546475853287284,0.0885470615556607,20.0,28.0,0.0080597440809191,64.0,1.202598735858922e-06,273.0,128.0,64.0,0.0,valendin,,LSTM__electronics__no_ar-no_cluster-valendin
real_panel_arms__LSTM__electronics__no_ar-no_cluster-valendin__a,LSTM,18,0.0280241721327038,0.1825620441912787,0.0890407506376504,9.0,17.0,0.0019184539535795,256.0,0.0066432921911323,40.0,128.0,128.0,0.0,valendin,,LSTM__electronics__no_ar-no_cluster-valendin
real_panel_arms__LSTM__electronics__no_ar-no_cluster-valendin__a,LSTM,19,-0.0371567105235548,0.1723623603045099,0.0890440754592418,7.0,15.0,0.0040136959821807,256.0,3.233390157486755e-06,32.0,64.0,64.0,0.2,valendin,,LSTM__electronics__no_ar-no_cluster-valendin
real_panel_arms__LSTM__electronics__no_ar-no_cluster-valendin__a,LSTM,20,-0.0048637214845322,0.1625085599823642,0.0893215164542198,5.0,13.0,0.0047202476560469,256.0,2.5143892276041285e-06,24.0,128.0,64.0,0.0,valendin,,LSTM__electronics__no_ar-no_cluster-valendin
real_panel_arms__Transformer__electronics__ar_bounded-kmeans_8-valendin__a,Transformer,1,0.3112581356748344,2.353484991721273,0.0802916586399078,21.0,29.0,0.0015091092302243,256.0,0.0058869846034349,88.0,,,0.0,valendin,128.0,Transformer__electronics__ar_bounded-kmeans_8-valendin
real_panel_arms__Transformer__electronics__ar_bounded-kmeans_8-valendin__a,Transformer,2,0.3024925947903887,2.40601801757069,0.0778077151626348,26.0,34.0,0.0024091528078536,256.0,4.509630302011019e-05,108.0,,,0.2,valendin,128.0,Transformer__electronics__ar_bounded-kmeans_8-valendin
real_panel_arms__Transformer__electronics__ar_bounded-kmeans_8-valendin__a,Transformer,3,0.3301600266321852,3.198554126590554,0.0784273706376552,37.0,45.0,0.0019041337339366,256.0,1.01598707411977e-05,152.0,,,0.1,valendin,128.0,Transformer__electronics__ar_bounded-kmeans_8-valendin
real_panel_arms__Transformer__electronics__ar_bounded-kmeans_8-valendin__a,Transformer,4,0.3297456918255042,3.171855017264378,0.0803306134683745,34.0,42.0,0.0026866888287035,128.0,0.004236080123445,245.0,,,0.3,valendin,128.0,Transformer__electronics__ar_bounded-kmeans_8-valendin
real_panel_arms__Transformer__electronics__ar_bounded-kmeans_8-valendin__a,Transformer,5,0.314921709614855,2.35505868844783,0.0791890509426593,30.0,38.0,0.0016768366851697,256.0,1.0274461137878075e-06,124.0,,,0.1,valendin,128.0,Transformer__electronics__ar_bounded-kmeans_8-valendin
real_panel_arms__Transformer__electronics__ar_bounded-kmeans_8-valendin__a,Transformer,6,0.302151254365278,2.5276901147992685,0.0800968706607818,37.0,45.0,0.0028958393641778,256.0,1.0445484010124635e-06,152.0,,,0.3,valendin,128.0,Transformer__electronics__ar_bounded-kmeans_8-valendin
real_panel_arms__Transformer__electronics__ar_bounded-kmeans_8-valendin__a,Transformer,7,0.3128241132254217,2.1772982568891464,0.0823198728836499,28.0,36.0,0.0019637883182768,64.0,0.0007002710550821,377.0,,,0.2,valendin,64.0,Transformer__electronics__ar_bounded-kmeans_8-valendin
real_panel_arms__Transformer__electronics__ar_bounded-kmeans_8-valendin__a,Transformer,8,0.314986241711378,2.5196858660453483,0.0807340549571173,22.0,30.0,0.0008203171658225,128.0,0.0096267736348705,161.0,,,0.2,valendin,128.0,Transformer__electronics__ar_bounded-kmeans_8-valendin
real_panel_arms__Transformer__electronics__ar_bounded-kmeans_8-valendin__a,Transformer,9,0.3303181732930056,1.736556674644314,0.0788957141339778,26.0,34.0,0.0016702591979536,256.0,7.541391171431943e-05,108.0,,,0.1,valendin,128.0,Transformer__electronics__ar_bounded-kmeans_8-valendin
real_panel_arms__Transformer__electronics__ar_bounded-kmeans_8-valendin__a,Transformer,10,0.329571989987779,2.5048630807611265,0.0807740869266646,15.0,23.0,0.0029540171366195,128.0,0.0006835988732215,112.0,,,0.2,valendin,128.0,Transformer__electronics__ar_bounded-kmeans_8-valendin
real_panel_arms__Transformer__electronics__ar_bounded-kmeans_8-valendin__a,Transformer,11,0.3076360953122564,2.07332311098505,0.078376704826951,18.0,26.0,0.0025406604046114,256.0,0.0010111679484033,76.0,,,0.3,valendin,128.0,Transformer__electronics__ar_bounded-kmeans_8-valendin
real_panel_arms__Transformer__electronics__ar_bounded-kmeans_8-valendin__a,Transformer,12,0.3055618290545281,2.677768204450214,0.0788531694561243,22.0,30.0,0.0014655903308613,256.0,8.382528033507935e-06,92.0,,,0.3,valendin,128.0,Transformer__electronics__ar_bounded-kmeans_8-valendin
real_panel_arms__Transformer__electronics__ar_bounded-kmeans_8-valendin__a,Transformer,13,0.2961349472178317,2.347659655236217,0.0794456899166107,22.0,30.0,0.002894732466835,256.0,3.114677049584206e-05,92.0,,,0.3,valendin,128.0,Transformer__electronics__ar_bounded-kmeans_8-valendin
real_panel_arms__Transformer__electronics__ar_bounded-kmeans_8-valendin__a,Transformer,14,0.2911798848373386,2.4608518793258245,0.0804928807275635,14.0,22.0,0.0029870460585797,128.0,0.00030563296174,105.0,,,0.2,valendin,128.0,Transformer__electronics__ar_bounded-kmeans_8-valendin
real_panel_arms__Transformer__electronics__ar_bounded-kmeans_8-valendin__a,Transformer,15,0.2774296443865162,1.2570943463972486,0.0799158699810504,14.0,22.0,0.0009502833438009,256.0,0.0002064267575696,60.0,,,0.2,valendin,128.0,Transformer__electronics__ar_bounded-kmeans_8-valendin
real_panel_arms__Transformer__electronics__ar_bounded-kmeans_8-valendin__a,Transformer,16,0.2965067539955858,1.9142739924437204,0.0789566338062286,47.0,55.0,0.0029864529901522,256.0,0.0001529525728258,192.0,,,0.1,valendin,64.0,Transformer__electronics__ar_bounded-kmeans_8-valendin
real_panel_arms__Transformer__electronics__ar_bounded-kmeans_8-valendin__a,Transformer,17,0.3090883921233443,1.311684620643633,0.0786131173372268,24.0,32.0,0.0024371559504002,256.0,0.0004778990265174,100.0,,,0.1,valendin,128.0,Transformer__electronics__ar_bounded-kmeans_8-valendin
real_panel_arms__Transformer__electronics__ar_bounded-kmeans_8-valendin__a,Transformer,18,0.3075120068872353,3.4717335524121475,0.0785372667014598,28.0,36.0,0.0029334131786703,256.0,1.3833285404824288e-06,116.0,,,0.0,valendin,128.0,Transformer__electronics__ar_bounded-kmeans_8-valendin
real_panel_arms__Transformer__electronics__ar_bounded-kmeans_8-valendin__a,Transformer,19,0.313203139359121,2.047139475632989,0.0807646183440318,17.0,25.0,0.0010173106868917,64.0,0.0002903089358764,234.0,,,0.3,valendin,128.0,Transformer__electronics__ar_bounded-kmeans_8-valendin
real_panel_arms__Transformer__electronics__ar_bounded-kmeans_8-valendin__a,Transformer,20,0.3035324047262903,3.1201242234068824,0.0790882278233766,31.0,39.0,0.0023557736607017,256.0,2.927734488174403e-06,128.0,,,0.3,valendin,128.0,Transformer__electronics__ar_bounded-kmeans_8-valendin
real_panel_arms__Transformer__electronics__ar_bounded-no_cluster-valendin__a,Transformer,1,0.2168204570660356,0.2657433065122824,0.0853343941271305,23.0,31.0,0.0010596457224542,256.0,1.560331698515786e-05,96.0,,,0.2,valendin,128.0,Transformer__electronics__ar_bounded-no_cluster-valendin
real_panel_arms__Transformer__electronics__ar_bounded-no_cluster-valendin__a,Transformer,2,0.2601075879676734,0.4373508707712896,0.0851427875459194,29.0,37.0,0.0006064042571416,256.0,3.151690284113507e-05,120.0,,,0.1,valendin,128.0,Transformer__electronics__ar_bounded-no_cluster-valendin
real_panel_arms__Transformer__electronics__ar_bounded-no_cluster-valendin__a,Transformer,3,0.2286999975562391,0.2526026016196955,0.0850944761186838,21.0,29.0,0.0020161928280648,256.0,4.641415660835098e-06,88.0,,,0.1,valendin,128.0,Transformer__electronics__ar_bounded-no_cluster-valendin
real_panel_arms__Transformer__electronics__ar_bounded-no_cluster-valendin__a,Transformer,4,0.2538801188483896,0.3803236551883788,0.0855290722101926,30.0,38.0,0.0014382441445321,256.0,0.0003404723557935,124.0,,,0.3,valendin,128.0,Transformer__electronics__ar_bounded-no_cluster-valendin
real_panel_arms__Transformer__electronics__ar_bounded-no_cluster-valendin__a,Transformer,5,0.2920652371244474,0.50875842281509,0.0853389650583267,13.0,21.0,0.0025115204198135,256.0,9.25534477300738e-05,56.0,,,0.0,valendin,128.0,Transformer__electronics__ar_bounded-no_cluster-valendin
real_panel_arms__Transformer__electronics__ar_bounded-no_cluster-valendin__a,Transformer,6,0.3077178180975015,0.6808169879114533,0.0852238480001688,28.0,36.0,0.0007679406661536,256.0,2.5808172713230027e-05,116.0,,,0.1,valendin,128.0,Transformer__electronics__ar_bounded-no_cluster-valendin
real_panel_arms__Transformer__electronics__ar_bounded-no_cluster-valendin__a,Transformer,7,0.2071223035950209,0.292455803477039,0.0853697508573532,17.0,25.0,0.0017460087710271,256.0,2.5302823650966444e-06,72.0,,,0.1,valendin,128.0,Transformer__electronics__ar_bounded-no_cluster-valendin
real_panel_arms__Transformer__electronics__ar_bounded-no_cluster-valendin__a,Transformer,8,0.3086679475980012,1.2577636387786797,0.0851638726890087,30.0,38.0,0.0009797810604583,256.0,0.00585767556078,124.0,,,0.2,valendin,128.0,Transformer__electronics__ar_bounded-no_cluster-valendin
real_panel_arms__Transformer__electronics__ar_bounded-no_cluster-valendin__a,Transformer,9,0.0834711506176381,0.2196979835353174,0.085029013454914,20.0,28.0,0.0019858116814693,256.0,2.459133558057571e-06,84.0,,,0.0,valendin,128.0,Transformer__electronics__ar_bounded-no_cluster-valendin
real_panel_arms__Transformer__electronics__ar_bounded-no_cluster-valendin__a,Transformer,10,0.2853756087587995,0.3366411124053383,0.0851691048592329,23.0,31.0,0.0010175987367167,256.0,0.0004179493582282,96.0,,,0.1,valendin,128.0,Transformer__electronics__ar_bounded-no_cluster-valendin
real_panel_arms__Transformer__electronics__ar_bounded-no_cluster-valendin__a,Transformer,11,0.1831129838312589,0.2663190440511144,0.08516351506114,29.0,37.0,0.0011107983358364,256.0,0.0016577040279694,120.0,,,0.3,valendin,128.0,Transformer__electronics__ar_bounded-no_cluster-valendin
real_panel_arms__Transformer__electronics__ar_bounded-no_cluster-valendin__a,Transformer,12,0.2994404391552595,0.8127322484756012,0.0853580702096223,29.0,37.0,0.0009555057371826,256.0,3.3821648242573124e-06,120.0,,,0.3,valendin,128.0,Transformer__electronics__ar_bounded-no_cluster-valendin
real_panel_arms__Transformer__electronics__ar_bounded-no_cluster-valendin__a,Transformer,13,-0.2024773627309558,0.2490280872353474,0.0853056572377681,13.0,21.0,0.0013240317459628,256.0,1.8685720222253423e-05,56.0,,,0.1,valendin,128.0,Transformer__electronics__ar_bounded-no_cluster-valendin
real_panel_arms__Transformer__electronics__ar_bounded-no_cluster-valendin__a,Transformer,14,0.2541611444767277,0.2687502355989236,0.0853966958820819,36.0,44.0,0.0007825197289737,256.0,1.2492947133932533e-06,148.0,,,0.2,valendin,128.0,Transformer__electronics__ar_bounded-no_cluster-valendin
real_panel_arms__Transformer__electronics__ar_bounded-no_cluster-valendin__a,Transformer,15,0.1859421225291425,0.2906444399274965,0.0855689253658056,12.0,20.0,0.0026610290474353,256.0,1.4504076831128525e-05,52.0,,,0.1,valendin,128.0,Transformer__electronics__ar_bounded-no_cluster-valendin
real_panel_arms__Transformer__electronics__ar_bounded-no_cluster-valendin__a,Transformer,16,0.2119546320203095,0.405866919015365,0.0852231234312057,20.0,28.0,0.0014885984987193,256.0,6.42783703083902e-05,84.0,,,0.1,valendin,128.0,Transformer__electronics__ar_bounded-no_cluster-valendin
real_panel_arms__Transformer__electronics__ar_bounded-no_cluster-valendin__a,Transformer,17,0.2274864745774621,0.269189020662077,0.0851176120340824,26.0,34.0,0.0010366316711722,256.0,0.0048161671823611,108.0,,,0.1,valendin,128.0,Transformer__electronics__ar_bounded-no_cluster-valendin
real_panel_arms__Transformer__electronics__ar_bounded-no_cluster-valendin__a,Transformer,18,-0.1207465426803025,0.182644733665692,0.0850549731403589,25.0,33.0,0.0009616678595493,256.0,0.0016495406197489,104.0,,,0.1,valendin,128.0,Transformer__electronics__ar_bounded-no_cluster-valendin
real_panel_arms__Transformer__electronics__ar_bounded-no_cluster-valendin__a,Transformer,19,0.2752730661707814,0.5098513843969195,0.0849816780537366,29.0,37.0,0.0007513068244918,256.0,1.5346530318617824e-06,120.0,,,0.2,valendin,128.0,Transformer__electronics__ar_bounded-no_cluster-valendin
real_panel_arms__Transformer__electronics__ar_bounded-no_cluster-valendin__a,Transformer,20,0.2586328991491192,0.8647433263332367,0.0851781480014324,17.0,25.0,0.0014406953062434,256.0,3.710018132225903e-06,72.0,,,0.0,valendin,128.0,Transformer__electronics__ar_bounded-no_cluster-valendin
real_panel_arms__Transformer__electronics__no_ar-kmeans_8-valendin-no_tf__a,Transformer,1,0.3272513265908333,2.1059848446792397,0.0811100751161575,21.0,29.0,0.0017899312018433,128.0,0.0003724206449159,154.0,,,0.3,valendin,128.0,Transformer__electronics__no_ar-kmeans_8-valendin-no_tf
real_panel_arms__Transformer__electronics__no_ar-kmeans_8-valendin-no_tf__a,Transformer,2,0.2991448773337845,2.8311657606581004,0.0787345245480537,36.0,44.0,0.0012679995113109,256.0,1.6879638592778557e-06,148.0,,,0.3,valendin,128.0,Transformer__electronics__no_ar-kmeans_8-valendin-no_tf
real_panel_arms__Transformer__electronics__no_ar-kmeans_8-valendin-no_tf__a,Transformer,3,0.2938587510346898,2.7154518884708136,0.0811548244494658,32.0,40.0,0.0004746494218646,64.0,0.000572489206505,429.0,,,0.3,valendin,128.0,Transformer__electronics__no_ar-kmeans_8-valendin-no_tf
real_panel_arms__Transformer__electronics__no_ar-kmeans_8-valendin-no_tf__a,Transformer,4,0.3303694336407581,2.6946564441064607,0.0818703653147587,26.0,34.0,0.0028347561446094,64.0,9.971789896198532e-05,351.0,,,0.0,valendin,128.0,Transformer__electronics__no_ar-kmeans_8-valendin-no_tf
real_panel_arms__Transformer__electronics__no_ar-kmeans_8-valendin-no_tf__a,Transformer,5,0.3097741274920321,2.9577673469415053,0.0812108125537633,34.0,42.0,0.0002713092911798,256.0,0.0005217908847941,140.0,,,0.1,valendin,128.0,Transformer__electronics__no_ar-kmeans_8-valendin-no_tf
real_panel_arms__Transformer__electronics__no_ar-kmeans_8-valendin-no_tf__a,Transformer,6,0.331048669902433,2.479445712700233,0.0794864632189273,18.0,26.0,0.0010537028135704,256.0,1.3169547254120284e-06,76.0,,,0.1,valendin,128.0,Transformer__electronics__no_ar-kmeans_8-valendin-no_tf
real_panel_arms__Transformer__electronics__no_ar-kmeans_8-valendin-no_tf__a,Transformer,7,0.3024330779050861,2.581156946397625,0.0804510169795581,25.0,33.0,0.0029104211072918,128.0,0.0007564852504347,182.0,,,0.2,valendin,128.0,Transformer__electronics__no_ar-kmeans_8-valendin-no_tf
real_panel_arms__Transformer__electronics__no_ar-kmeans_8-valendin-no_tf__a,Transformer,8,0.3192568691024953,2.348751960863753,0.0808353126049041,16.0,24.0,0.0021513315521696,128.0,6.5397153465014535e-06,119.0,,,0.3,valendin,128.0,Transformer__electronics__no_ar-kmeans_8-valendin-no_tf
real_panel_arms__Transformer__electronics__no_ar-kmeans_8-valendin-no_tf__a,Transformer,9,0.3080195035121604,2.281296969767732,0.0800140308482306,17.0,25.0,0.0021782334445498,128.0,6.761357105215941e-05,126.0,,,0.3,valendin,128.0,Transformer__electronics__no_ar-kmeans_8-valendin-no_tf
real_panel_arms__Transformer__electronics__no_ar-kmeans_8-valendin-no_tf__a,Transformer,10,0.3077420902863725,2.84139047454402,0.0820406941840281,15.0,23.0,0.0018039096304023,64.0,0.0030766530606366,208.0,,,0.2,valendin,128.0,Transformer__electronics__no_ar-kmeans_8-valendin-no_tf
real_panel_arms__Transformer__electronics__no_ar-kmeans_8-valendin-no_tf__a,Transformer,11,0.3234171367248739,2.825223640219325,0.0778424981981515,21.0,29.0,0.0021041320460814,256.0,0.0030762122544148,88.0,,,0.0,valendin,128.0,Transformer__electronics__no_ar-kmeans_8-valendin-no_tf
real_panel_arms__Transformer__electronics__no_ar-kmeans_8-valendin-no_tf__a,Transformer,12,0.3115252161738892,2.217005846151169,0.0805342788142817,16.0,24.0,0.0020541925822246,128.0,1.1634612312224334e-06,119.0,,,0.2,valendin,128.0,Transformer__electronics__no_ar-kmeans_8-valendin-no_tf
real_panel_arms__Transformer__electronics__no_ar-kmeans_8-valendin-no_tf__a,Transformer,13,0.2989018237980028,2.8476967097579853,0.0796359474105494,32.0,40.0,0.0015462609086637,128.0,1.6379725111398188e-06,231.0,,,0.3,valendin,128.0,Transformer__electronics__no_ar-kmeans_8-valendin-no_tf
real_panel_arms__Transformer__electronics__no_ar-kmeans_8-valendin-no_tf__a,Transformer,14,0.30961485444346,3.0164196133953105,0.080221054809434,20.0,28.0,0.0028314862295535,128.0,3.1528007865567966e-05,147.0,,,0.3,valendin,128.0,Transformer__electronics__no_ar-kmeans_8-valendin-no_tf
real_panel_arms__Transformer__electronics__no_ar-kmeans_8-valendin-no_tf__a,Transformer,15,0.3074451895895201,1.5957734400974044,0.0778858941048383,33.0,41.0,0.002882768150259,256.0,1.1728674036810856e-05,136.0,,,0.1,valendin,128.0,Transformer__electronics__no_ar-kmeans_8-valendin-no_tf
real_panel_arms__Transformer__electronics__no_ar-kmeans_8-valendin-no_tf__a,Transformer,16,0.2867595480562994,2.546065868672469,0.0798331296869686,17.0,25.0,0.0020658847395968,128.0,0.0003022099652175,126.0,,,0.2,valendin,128.0,Transformer__electronics__no_ar-kmeans_8-valendin-no_tf
real_panel_arms__Transformer__electronics__no_ar-kmeans_8-valendin-no_tf__a,Transformer,17,0.3009431099530034,4.615368758002037,0.0790571402758359,24.0,32.0,0.0014695264256133,256.0,0.0054825728212104,100.0,,,0.1,valendin,128.0,Transformer__electronics__no_ar-kmeans_8-valendin-no_tf
real_panel_arms__Transformer__electronics__no_ar-kmeans_8-valendin-no_tf__a,Transformer,18,0.3177110119830592,2.1526780356824187,0.080468221434525,10.0,18.0,0.0017883083772329,128.0,2.3473537455909676e-05,77.0,,,0.0,valendin,128.0,Transformer__electronics__no_ar-kmeans_8-valendin-no_tf
real_panel_arms__Transformer__electronics__no_ar-kmeans_8-valendin-no_tf__a,Transformer,19,0.294089027993931,3.10576773259134,0.0783484242856502,20.0,28.0,0.0021226355942627,256.0,0.0016913492428436,84.0,,,0.3,valendin,128.0,Transformer__electronics__no_ar-kmeans_8-valendin-no_tf
real_panel_arms__Transformer__electronics__no_ar-kmeans_8-valendin-no_tf__a,Transformer,20,0.303762175246574,2.848183581409532,0.07858014293015,41.0,49.0,0.0019897749129996,256.0,2.4399306499752022e-05,168.0,,,0.3,valendin,128.0,Transformer__electronics__no_ar-kmeans_8-valendin-no_tf
real_panel_arms__Transformer__electronics__no_ar-kmeans_8-valendin__a,Transformer,1,0.2726255323431492,1.358557791879488,0.0795971639454364,19.0,27.0,0.0021761956840272,256.0,1.0780672962582725e-06,80.0,,,0.1,valendin,128.0,Transformer__electronics__no_ar-kmeans_8-valendin
real_panel_arms__Transformer__electronics__no_ar-kmeans_8-valendin__a,Transformer,2,0.3040697527128294,2.971826599071934,0.0784792937338352,21.0,29.0,0.0028992392583452,256.0,0.0083627650646308,88.0,,,0.1,valendin,128.0,Transformer__electronics__no_ar-kmeans_8-valendin
real_panel_arms__Transformer__electronics__no_ar-kmeans_8-valendin__a,Transformer,3,0.3047042665560684,1.9034063747591283,0.0808111035398074,22.0,30.0,0.0024562349034489,128.0,1.570652531418177e-06,161.0,,,0.1,valendin,64.0,Transformer__electronics__no_ar-kmeans_8-valendin
real_panel_arms__Transformer__electronics__no_ar-kmeans_8-valendin__a,Transformer,4,0.2853671669078964,1.9793160625242403,0.0799974277615547,8.0,16.0,0.0020068480296184,256.0,4.244267025905149e-05,36.0,,,0.1,valendin,128.0,Transformer__electronics__no_ar-kmeans_8-valendin
real_panel_arms__Transformer__electronics__no_ar-kmeans_8-valendin__a,Transformer,5,0.2790164292667353,2.0110512059372443,0.0792991612106561,30.0,38.0,0.0022438859422419,256.0,0.0001276472143856,124.0,,,0.1,valendin,128.0,Transformer__electronics__no_ar-kmeans_8-valendin
real_panel_arms__Transformer__electronics__no_ar-kmeans_8-valendin__a,Transformer,6,0.2977542819678375,2.2327910809482248,0.0780541207641363,27.0,35.0,0.0022356798444306,256.0,3.477693982380276e-06,112.0,,,0.1,valendin,128.0,Transformer__electronics__no_ar-kmeans_8-valendin
real_panel_arms__Transformer__electronics__no_ar-kmeans_8-valendin__a,Transformer,7,0.3113525068313307,3.074789357520538,0.0804484784603118,19.0,27.0,0.0007177048804046,256.0,1.0210080163465584e-05,80.0,,,0.2,valendin,128.0,Transformer__electronics__no_ar-kmeans_8-valendin
real_panel_arms__Transformer__electronics__no_ar-kmeans_8-valendin__a,Transformer,8,0.304573184003941,1.626558212975165,0.0787244793027639,20.0,28.0,0.0029007283388068,256.0,0.0097870600993446,84.0,,,0.1,valendin,128.0,Transformer__electronics__no_ar-kmeans_8-valendin
real_panel_arms__Transformer__electronics__no_ar-kmeans_8-valendin__a,Transformer,9,0.3101289574964407,1.6975627138549714,0.0780889298766851,32.0,40.0,0.0025928961883351,256.0,3.602089103034768e-05,132.0,,,0.3,valendin,128.0,Transformer__electronics__no_ar-kmeans_8-valendin
real_panel_arms__Transformer__electronics__no_ar-kmeans_8-valendin__a,Transformer,10,0.3019529100778495,2.320717791649552,0.079741749380316,22.0,30.0,0.0024411142056184,128.0,0.004151045199249,161.0,,,0.2,valendin,128.0,Transformer__electronics__no_ar-kmeans_8-valendin
real_panel_arms__Transformer__electronics__no_ar-kmeans_8-valendin__a,Transformer,11,0.3163330731876932,3.0239907969866078,0.0806241876312664,27.0,35.0,0.0029850045111494,128.0,6.838356094185125e-06,196.0,,,0.1,valendin,128.0,Transformer__electronics__no_ar-kmeans_8-valendin
real_panel_arms__Transformer__electronics__no_ar-kmeans_8-valendin__a,Transformer,12,0.3305269128064503,3.0295984197808297,0.0813808375253127,24.0,32.0,0.0015033846797701,64.0,1.0245034810141257e-06,325.0,,,0.3,valendin,128.0,Transformer__electronics__no_ar-kmeans_8-valendin
real_panel_arms__Transformer__electronics__no_ar-kmeans_8-valendin__a,Transformer,13,0.2890466136369321,2.752389538011625,0.0780615303665399,30.0,38.0,0.0024849233138256,256.0,1.5115035056095171e-05,124.0,,,0.1,valendin,128.0,Transformer__electronics__no_ar-kmeans_8-valendin
real_panel_arms__Transformer__electronics__no_ar-kmeans_8-valendin__a,Transformer,14,0.3014062880326055,2.589388918883625,0.0815031367998856,30.0,38.0,0.0025200857375319,64.0,1.3518777092859287e-06,403.0,,,0.2,valendin,64.0,Transformer__electronics__no_ar-kmeans_8-valendin
real_panel_arms__Transformer__electronics__no_ar-kmeans_8-valendin__a,Transformer,15,0.3041974055216927,1.475678352879203,0.0795005094259977,10.0,18.0,0.0012535176940279,256.0,0.0004699277754032,44.0,,,0.1,valendin,128.0,Transformer__electronics__no_ar-kmeans_8-valendin
real_panel_arms__Transformer__electronics__no_ar-kmeans_8-valendin__a,Transformer,16,0.3008204257972137,3.042929950008602,0.0819941111482106,25.0,33.0,0.0020392387858301,64.0,0.0015749822727688,338.0,,,0.2,valendin,128.0,Transformer__electronics__no_ar-kmeans_8-valendin
real_panel_arms__Transformer__electronics__no_ar-kmeans_8-valendin__a,Transformer,17,0.3010780473033059,3.6512309246912023,0.0798328854143619,49.0,57.0,0.0009581925175318,256.0,0.0050384911827492,200.0,,,0.2,valendin,128.0,Transformer__electronics__no_ar-kmeans_8-valendin
real_panel_arms__Transformer__electronics__no_ar-kmeans_8-valendin__a,Transformer,18,0.3091206301583639,2.321208336976896,0.0805914975129641,31.0,39.0,0.0029011628123167,64.0,1.4268266036921443e-05,416.0,,,0.3,valendin,128.0,Transformer__electronics__no_ar-kmeans_8-valendin
real_panel_arms__Transformer__electronics__no_ar-kmeans_8-valendin__a,Transformer,19,0.3165148955769792,2.046325072256056,0.0806493918810572,25.0,33.0,0.0019018472991619,128.0,4.896340450146715e-05,182.0,,,0.2,valendin,128.0,Transformer__electronics__no_ar-kmeans_8-valendin
real_panel_arms__Transformer__electronics__no_ar-kmeans_8-valendin__a,Transformer,20,0.2987845224344726,2.3657575892703107,0.0784102492034435,37.0,45.0,0.0018743580036097,256.0,0.0002821293697674,152.0,,,0.3,valendin,128.0,Transformer__electronics__no_ar-kmeans_8-valendin
real_panel_arms__Transformer__electronics__no_ar-no_cluster-valendin-no_tf__a,Transformer,1,0.2362035813641934,0.4220377747054922,0.0861995294690132,42.0,50.0,0.0023271584127417,256.0,0.0033393588652694,172.0,,,0.2,valendin,128.0,Transformer__electronics__no_ar-no_cluster-valendin-no_tf
real_panel_arms__Transformer__electronics__no_ar-no_cluster-valendin-no_tf__a,Transformer,2,0.1018481760563953,0.3173141103820633,0.0876655578613281,13.0,21.0,0.0029650541994254,256.0,0.0073493125814,56.0,,,0.1,valendin,128.0,Transformer__electronics__no_ar-no_cluster-valendin-no_tf
real_panel_arms__Transformer__electronics__no_ar-no_cluster-valendin-no_tf__a,Transformer,3,-0.0026309153587219,0.2575907089853777,0.0892935693264007,6.0,14.0,0.0008562721386763,256.0,4.305333747086506e-05,28.0,,,0.1,valendin,128.0,Transformer__electronics__no_ar-no_cluster-valendin-no_tf
real_panel_arms__Transformer__electronics__no_ar-no_cluster-valendin-no_tf__a,Transformer,4,0.3005392459776997,1.2835475297713057,0.0868396554142236,24.0,32.0,0.0019790628233851,256.0,0.0001566257405731,100.0,,,0.1,valendin,128.0,Transformer__electronics__no_ar-no_cluster-valendin-no_tf
real_panel_arms__Transformer__electronics__no_ar-no_cluster-valendin-no_tf__a,Transformer,5,0.283656963154276,1.110172634557849,0.0858834348618984,38.0,46.0,0.0007040778713702,256.0,6.553145593042249e-06,156.0,,,0.1,valendin,128.0,Transformer__electronics__no_ar-no_cluster-valendin-no_tf
real_panel_arms__Transformer__electronics__no_ar-no_cluster-valendin-no_tf__a,Transformer,6,0.2840252276888571,1.4027821505067548,0.0868357419967651,30.0,38.0,0.0014769554856513,256.0,2.0990411057338308e-05,124.0,,,0.1,valendin,128.0,Transformer__electronics__no_ar-no_cluster-valendin-no_tf
real_panel_arms__Transformer__electronics__no_ar-no_cluster-valendin-no_tf__a,Transformer,7,0.2317327235679961,0.6263808429693423,0.0875179935246706,28.0,36.0,0.0012459226078303,256.0,2.427444499896536e-05,116.0,,,0.2,valendin,128.0,Transformer__electronics__no_ar-no_cluster-valendin-no_tf
real_panel_arms__Transformer__electronics__no_ar-no_cluster-valendin-no_tf__a,Transformer,8,0.2530363342918231,1.0234189308993766,0.0866825077682733,31.0,39.0,0.0029784563076919,256.0,0.0012103859228256,128.0,,,0.3,valendin,128.0,Transformer__electronics__no_ar-no_cluster-valendin-no_tf
real_panel_arms__Transformer__electronics__no_ar-no_cluster-valendin-no_tf__a,Transformer,9,0.2322022357897379,0.6579466893348427,0.0876050498336553,37.0,45.0,0.0028799022677134,256.0,1.0033460174346128e-06,152.0,,,0.2,valendin,64.0,Transformer__electronics__no_ar-no_cluster-valendin-no_tf
real_panel_arms__Transformer__electronics__no_ar-no_cluster-valendin-no_tf__a,Transformer,10,0.2729771715043879,0.6134417026083803,0.0869253035634756,23.0,31.0,0.0018833097380306,256.0,5.749782103290661e-06,96.0,,,0.3,valendin,128.0,Transformer__electronics__no_ar-no_cluster-valendin-no_tf
real_panel_arms__Transformer__electronics__no_ar-no_cluster-valendin-no_tf__a,Transformer,11,-0.0267575590741652,0.2429796559218872,0.086078692227602,26.0,34.0,0.0015224087499405,256.0,0.0012406787784021,108.0,,,0.1,valendin,128.0,Transformer__electronics__no_ar-no_cluster-valendin-no_tf
real_panel_arms__Transformer__electronics__no_ar-no_cluster-valendin-no_tf__a,Transformer,12,0.1599018972304327,0.185878007305296,0.0864871498197317,34.0,42.0,0.0011281405848616,256.0,0.0001901563441079,140.0,,,0.0,valendin,128.0,Transformer__electronics__no_ar-no_cluster-valendin-no_tf
real_panel_arms__Transformer__electronics__no_ar-no_cluster-valendin-no_tf__a,Transformer,13,0.2152743742271547,0.4781209788429801,0.0870401673018932,23.0,31.0,0.0018024866372762,256.0,0.0012897310580476,96.0,,,0.1,valendin,128.0,Transformer__electronics__no_ar-no_cluster-valendin-no_tf
real_panel_arms__Transformer__electronics__no_ar-no_cluster-valendin-no_tf__a,Transformer,14,-0.0119837870107762,0.1843063522079943,0.0859021693468093,41.0,49.0,0.0011809313863288,256.0,5.711505350669137e-06,168.0,,,0.3,valendin,128.0,Transformer__electronics__no_ar-no_cluster-valendin-no_tf
real_panel_arms__Transformer__electronics__no_ar-no_cluster-valendin-no_tf__a,Transformer,15,-0.0388514780147223,0.2751158843832605,0.0861403476446867,25.0,33.0,0.0020674609714473,256.0,0.0002816332967553,104.0,,,0.1,valendin,128.0,Transformer__electronics__no_ar-no_cluster-valendin-no_tf
real_panel_arms__Transformer__electronics__no_ar-no_cluster-valendin-no_tf__a,Transformer,16,0.1928248454455396,0.8156156488298769,0.0872864313423633,30.0,38.0,0.0015528745302019,256.0,0.0097572592633324,124.0,,,0.1,valendin,128.0,Transformer__electronics__no_ar-no_cluster-valendin-no_tf
real_panel_arms__Transformer__electronics__no_ar-no_cluster-valendin-no_tf__a,Transformer,17,0.133637647991771,0.4044555810958262,0.0882817786186933,28.0,36.0,0.0007713716874219,256.0,0.0004110497521017,116.0,,,0.2,valendin,128.0,Transformer__electronics__no_ar-no_cluster-valendin-no_tf
real_panel_arms__Transformer__electronics__no_ar-no_cluster-valendin-no_tf__a,Transformer,18,0.0428041047208382,0.2036957229038702,0.0878495555371046,13.0,21.0,0.0029001797956764,256.0,1.3389952798705502e-05,56.0,,,0.1,valendin,128.0,Transformer__electronics__no_ar-no_cluster-valendin-no_tf
real_panel_arms__Transformer__electronics__no_ar-no_cluster-valendin-no_tf__a,Transformer,19,0.0802470172367676,0.2153578308709238,0.0862538143992424,26.0,34.0,0.0025116122418103,256.0,1.91472681436691e-06,108.0,,,0.2,valendin,128.0,Transformer__electronics__no_ar-no_cluster-valendin-no_tf
real_panel_arms__Transformer__electronics__no_ar-no_cluster-valendin-no_tf__a,Transformer,20,0.0008870352180493,0.2049028304010267,0.0877913553267717,19.0,27.0,0.0029696206849118,256.0,0.0001697481739396,80.0,,,0.1,valendin,128.0,Transformer__electronics__no_ar-no_cluster-valendin-no_tf
real_panel_arms__Transformer__electronics__no_ar-no_cluster-valendin__a,Transformer,1,0.1182368414552341,0.2410232124778683,0.0874034315347671,24.0,32.0,0.001560519009232,256.0,0.0002912413466834,100.0,,,0.3,valendin,128.0,Transformer__electronics__no_ar-no_cluster-valendin
real_panel_arms__Transformer__electronics__no_ar-no_cluster-valendin__a,Transformer,2,0.1852381517854809,0.6948697192768583,0.0869653858244419,28.0,36.0,0.0021477644210014,256.0,6.804069771371483e-06,116.0,,,0.3,valendin,128.0,Transformer__electronics__no_ar-no_cluster-valendin
real_panel_arms__Transformer__electronics__no_ar-no_cluster-valendin__a,Transformer,3,0.0569424867154419,0.1649363994696732,0.0879258755594492,18.0,26.0,0.0024180383282518,256.0,6.7571413963062e-05,76.0,,,0.3,valendin,128.0,Transformer__electronics__no_ar-no_cluster-valendin
real_panel_arms__Transformer__electronics__no_ar-no_cluster-valendin__a,Transformer,4,0.1947186127579471,0.3235004942719163,0.0865612067282199,30.0,38.0,0.0024197577703483,256.0,0.0002586915275223,124.0,,,0.2,valendin,128.0,Transformer__electronics__no_ar-no_cluster-valendin
real_panel_arms__Transformer__electronics__no_ar-no_cluster-valendin__a,Transformer,5,-0.0082132828093733,0.1638023385421325,0.0884342305362224,17.0,25.0,0.0029049543728411,256.0,7.044629296707175e-05,72.0,,,0.2,valendin,128.0,Transformer__electronics__no_ar-no_cluster-valendin
real_panel_arms__Transformer__electronics__no_ar-no_cluster-valendin__a,Transformer,6,0.0615821114287364,0.163758967845275,0.0878241248428821,35.0,43.0,0.0028456951776078,256.0,0.0007750278106296,144.0,,,0.3,valendin,64.0,Transformer__electronics__no_ar-no_cluster-valendin
real_panel_arms__Transformer__electronics__no_ar-no_cluster-valendin__a,Transformer,7,-0.0241318053397276,0.1704552090472018,0.0865705013275146,28.0,36.0,0.0019962514299129,256.0,1.7811248144156888e-06,116.0,,,0.1,valendin,128.0,Transformer__electronics__no_ar-no_cluster-valendin
real_panel_arms__Transformer__electronics__no_ar-no_cluster-valendin__a,Transformer,8,0.2840812401501905,0.8135073601616439,0.0898702474167713,22.0,30.0,0.0022936097986501,64.0,0.0075030720951983,299.0,,,0.3,valendin,128.0,Transformer__electronics__no_ar-no_cluster-valendin
real_panel_arms__Transformer__electronics__no_ar-no_cluster-valendin__a,Transformer,9,0.0127433680378742,0.2032228087953761,0.0876310691237449,20.0,28.0,0.0018512265320011,256.0,8.743382255252917e-05,84.0,,,0.3,valendin,128.0,Transformer__electronics__no_ar-no_cluster-valendin
real_panel_arms__Transformer__electronics__no_ar-no_cluster-valendin__a,Transformer,10,0.1355552538151418,0.2303128389104786,0.0874242931604385,15.0,23.0,0.0013520983391105,256.0,2.192075929399149e-05,64.0,,,0.0,valendin,128.0,Transformer__electronics__no_ar-no_cluster-valendin
real_panel_arms__Transformer__electronics__no_ar-no_cluster-valendin__a,Transformer,11,0.2298422156179685,0.8782001245833921,0.0861900392919778,33.0,41.0,0.0028755297094323,256.0,1.82247960607282e-05,136.0,,,0.2,valendin,128.0,Transformer__electronics__no_ar-no_cluster-valendin
real_panel_arms__Transformer__electronics__no_ar-no_cluster-valendin__a,Transformer,12,0.2104398371688555,1.054843008712807,0.0889933971422059,30.0,38.0,0.0026989904266403,128.0,0.0002534302348222,217.0,,,0.2,valendin,128.0,Transformer__electronics__no_ar-no_cluster-valendin
real_panel_arms__Transformer__electronics__no_ar-no_cluster-valendin__a,Transformer,13,0.0349490925256476,0.1854015572452181,0.0878570806235075,27.0,35.0,0.0019452759078578,256.0,0.0002883993967157,112.0,,,0.1,valendin,128.0,Transformer__electronics__no_ar-no_cluster-valendin
real_panel_arms__Transformer__electronics__no_ar-no_cluster-valendin__a,Transformer,14,-0.0087065342201305,0.1880795439223181,0.0875614732503891,19.0,27.0,0.0017785101741989,256.0,0.0002738470615245,80.0,,,0.3,valendin,128.0,Transformer__electronics__no_ar-no_cluster-valendin
real_panel_arms__Transformer__electronics__no_ar-no_cluster-valendin__a,Transformer,15,0.0998856687942192,0.2793868959395926,0.0878736358135938,7.0,15.0,0.002828681175303,256.0,1.4420324297523322e-05,32.0,,,0.1,valendin,128.0,Transformer__electronics__no_ar-no_cluster-valendin
real_panel_arms__Transformer__electronics__no_ar-no_cluster-valendin__a,Transformer,16,0.2238907805381248,1.0153939778379042,0.0891865385430199,70.0,78.0,0.0008455344983388,128.0,2.696933384677161e-05,497.0,,,0.3,valendin,64.0,Transformer__electronics__no_ar-no_cluster-valendin
real_panel_arms__Transformer__electronics__no_ar-no_cluster-valendin__a,Transformer,17,0.2304807279754287,0.4094736431054667,0.087365735322237,27.0,35.0,0.0026872422438366,256.0,0.0001177518770114,112.0,,,0.3,valendin,128.0,Transformer__electronics__no_ar-no_cluster-valendin
real_panel_arms__Transformer__electronics__no_ar-no_cluster-valendin__a,Transformer,18,0.0402649765983761,0.1976351541322118,0.0877908691763877,17.0,25.0,0.0022954143656857,256.0,0.0004483154437127,72.0,,,0.2,valendin,128.0,Transformer__electronics__no_ar-no_cluster-valendin
real_panel_arms__Transformer__electronics__no_ar-no_cluster-valendin__a,Transformer,19,0.2540785500347464,0.9902108822477086,0.0877342708408832,10.0,18.0,0.0016898113666493,256.0,0.0071491990726877,44.0,,,0.0,valendin,128.0,Transformer__electronics__no_ar-no_cluster-valendin
real_panel_arms__Transformer__electronics__no_ar-no_cluster-valendin__a,Transformer,20,-0.0672746069889479,0.299344548707765,0.0881062168627977,14.0,22.0,0.001642860407302,256.0,2.5398863484950053e-06,60.0,,,0.3,valendin,128.0,Transformer__electronics__no_ar-no_cluster-valendin
real_panel_arms__ValendinLSTM__electronics__no_ar-kmeans_8-valendin-no_tf__a,ValendinLSTM,1,0.2976442062272723,3.5478664078940936,0.0806744044216779,43.0,51.0,0.0021988979427813,64.0,0.0043713170124698,572.0,,,,,,ValendinLSTM__electronics__no_ar-kmeans_8-valendin-no_tf
real_panel_arms__ValendinLSTM__electronics__no_ar-kmeans_8-valendin-no_tf__a,ValendinLSTM,2,0.3181315138587812,2.885160855527411,0.0817458715576392,24.0,32.0,0.0024194393336372,64.0,0.0086662451914209,325.0,,,,,,ValendinLSTM__electronics__no_ar-kmeans_8-valendin-no_tf
real_panel_arms__ValendinLSTM__electronics__no_ar-kmeans_8-valendin-no_tf__a,ValendinLSTM,3,0.2878953769556476,0.9152279105941424,0.0875623356550931,11.0,19.0,0.0011050866530396,256.0,2.768610279793097e-06,48.0,,,,,,ValendinLSTM__electronics__no_ar-kmeans_8-valendin-no_tf
real_panel_arms__ValendinLSTM__electronics__no_ar-kmeans_8-valendin-no_tf__a,ValendinLSTM,4,0.0616519004113243,1.583957498777097,0.0875251572579145,17.0,25.0,0.000562704788151,256.0,2.185907696335168e-06,72.0,,,,,,ValendinLSTM__electronics__no_ar-kmeans_8-valendin-no_tf
real_panel_arms__ValendinLSTM__electronics__no_ar-kmeans_8-valendin-no_tf__a,ValendinLSTM,5,0.3131520197684727,3.0577689220174133,0.0814229662601764,43.0,51.0,0.0025036432711435,64.0,1.6072671089635345e-06,572.0,,,,,,ValendinLSTM__electronics__no_ar-kmeans_8-valendin-no_tf
real_panel_arms__ValendinLSTM__electronics__no_ar-kmeans_8-valendin-no_tf__a,ValendinLSTM,6,0.2996653489212334,3.2318044832390136,0.0804423104439463,52.0,60.0,0.0003919873056578,128.0,0.0005215540576812,371.0,,,,,,ValendinLSTM__electronics__no_ar-kmeans_8-valendin-no_tf
real_panel_arms__ValendinLSTM__electronics__no_ar-kmeans_8-valendin-no_tf__a,ValendinLSTM,7,0.3032774479339161,1.868878143233729,0.0853781734521572,38.0,46.0,0.0002783306248948,64.0,9.733013546865411e-06,507.0,,,,,,ValendinLSTM__electronics__no_ar-kmeans_8-valendin-no_tf
real_panel_arms__ValendinLSTM__electronics__no_ar-kmeans_8-valendin-no_tf__a,ValendinLSTM,8,0.3392723562168071,2.20723506577692,0.0815217257119142,32.0,40.0,0.0008855435342733,64.0,5.512164666581436e-06,429.0,,,,,,ValendinLSTM__electronics__no_ar-kmeans_8-valendin-no_tf
real_panel_arms__ValendinLSTM__electronics__no_ar-kmeans_8-valendin-no_tf__a,ValendinLSTM,9,0.3055303684306883,1.2835498502433802,0.0815834211042294,56.0,64.0,0.0002898201750458,64.0,1.455501864725089e-06,741.0,,,,,,ValendinLSTM__electronics__no_ar-kmeans_8-valendin-no_tf
real_panel_arms__ValendinLSTM__electronics__no_ar-kmeans_8-valendin-no_tf__a,ValendinLSTM,10,0.1387110430616374,1.2364429673676878,0.0880974065512418,14.0,22.0,0.000908557094907,256.0,0.0024277803918748,60.0,,,,,,ValendinLSTM__electronics__no_ar-kmeans_8-valendin-no_tf
real_panel_arms__ValendinLSTM__electronics__no_ar-kmeans_8-valendin-no_tf__a,ValendinLSTM,11,0.318354101578965,1.3188834505472655,0.0808207413979939,97.0,100.0,0.00015799407048,128.0,1.096249482532601e-05,686.0,,,,,,ValendinLSTM__electronics__no_ar-kmeans_8-valendin-no_tf
real_panel_arms__ValendinLSTM__electronics__no_ar-kmeans_8-valendin-no_tf__a,ValendinLSTM,12,0.3105743961058723,6.133915404498659,0.0803505565438951,44.0,52.0,0.0028038458608992,128.0,0.0086847169819302,315.0,,,,,,ValendinLSTM__electronics__no_ar-kmeans_8-valendin-no_tf
real_panel_arms__ValendinLSTM__electronics__no_ar-kmeans_8-valendin-no_tf__a,ValendinLSTM,13,0.3199793659619022,3.0692680317265943,0.0819946298232445,25.0,33.0,0.0014042695060782,64.0,5.236770094824845e-05,338.0,,,,,,ValendinLSTM__electronics__no_ar-kmeans_8-valendin-no_tf
real_panel_arms__ValendinLSTM__electronics__no_ar-kmeans_8-valendin-no_tf__a,ValendinLSTM,14,0.3249372884455539,3.120038921934906,0.0815891302548922,31.0,39.0,0.0029634636289246,64.0,0.0012345359764859,416.0,,,,,,ValendinLSTM__electronics__no_ar-kmeans_8-valendin-no_tf
real_panel_arms__ValendinLSTM__electronics__no_ar-kmeans_8-valendin-no_tf__a,ValendinLSTM,15,0.3065472153192598,2.924398613483666,0.0810422791311374,44.0,52.0,0.0027562455735165,64.0,2.752713525282321e-05,585.0,,,,,,ValendinLSTM__electronics__no_ar-kmeans_8-valendin-no_tf
real_panel_arms__ValendinLSTM__electronics__no_ar-kmeans_8-valendin-no_tf__a,ValendinLSTM,16,0.3049470211858961,3.5034707761682164,0.0808009029580996,36.0,44.0,0.0022771420140071,64.0,0.0021321038021424,481.0,,,,,,ValendinLSTM__electronics__no_ar-kmeans_8-valendin-no_tf
real_panel_arms__ValendinLSTM__electronics__no_ar-kmeans_8-valendin-no_tf__a,ValendinLSTM,17,0.3235675846497727,2.3609977001257247,0.0817007373731869,33.0,41.0,0.0008824588707463,64.0,0.0044915721959,442.0,,,,,,ValendinLSTM__electronics__no_ar-kmeans_8-valendin-no_tf
real_panel_arms__ValendinLSTM__electronics__no_ar-kmeans_8-valendin-no_tf__a,ValendinLSTM,18,0.3255096164802002,1.5834413825944498,0.081241101026535,36.0,44.0,0.0010538059398426,128.0,0.0031460545038471,259.0,,,,,,ValendinLSTM__electronics__no_ar-kmeans_8-valendin-no_tf
real_panel_arms__ValendinLSTM__electronics__no_ar-kmeans_8-valendin-no_tf__a,ValendinLSTM,19,0.3083096689319065,3.8381394554062607,0.0817654127111801,22.0,30.0,0.0029045112972179,64.0,2.954153022996476e-05,299.0,,,,,,ValendinLSTM__electronics__no_ar-kmeans_8-valendin-no_tf
real_panel_arms__ValendinLSTM__electronics__no_ar-kmeans_8-valendin-no_tf__a,ValendinLSTM,20,0.3193462946053075,4.112496107915279,0.0811498529062821,26.0,34.0,0.0028122255861587,64.0,0.009041545886334,351.0,,,,,,ValendinLSTM__electronics__no_ar-kmeans_8-valendin-no_tf
real_panel_arms__ValendinLSTM__electronics__no_ar-no_cluster-valendin-no_tf__a,ValendinLSTM,1,0.0501208180986137,0.1979394900096963,0.0888082794845104,9.0,17.0,0.0018580194186474,256.0,0.0004617010395473,40.0,,,,,,ValendinLSTM__electronics__no_ar-no_cluster-valendin-no_tf
real_panel_arms__ValendinLSTM__electronics__no_ar-no_cluster-valendin-no_tf__a,ValendinLSTM,2,0.1654437566832583,0.7312210077464889,0.0897781719955114,30.0,38.0,0.0026230930874851,64.0,6.706322521551027e-05,403.0,,,,,,ValendinLSTM__electronics__no_ar-no_cluster-valendin-no_tf
real_panel_arms__ValendinLSTM__electronics__no_ar-no_cluster-valendin-no_tf__a,ValendinLSTM,3,0.0359165115830433,0.18832429510494,0.0899175349622964,5.0,13.0,0.0028899473300812,256.0,0.0001578261299696,24.0,,,,,,ValendinLSTM__electronics__no_ar-no_cluster-valendin-no_tf
real_panel_arms__ValendinLSTM__electronics__no_ar-no_cluster-valendin-no_tf__a,ValendinLSTM,4,-0.0183666094585202,0.203876100199367,0.0891071502119302,9.0,17.0,0.0017566103400039,256.0,7.963544829749883e-06,40.0,,,,,,ValendinLSTM__electronics__no_ar-no_cluster-valendin-no_tf
real_panel_arms__ValendinLSTM__electronics__no_ar-no_cluster-valendin-no_tf__a,ValendinLSTM,5,-0.0089906472369815,0.2168543691977885,0.0887683071196079,7.0,15.0,0.0027117483362092,256.0,5.681660055202157e-05,32.0,,,,,,ValendinLSTM__electronics__no_ar-no_cluster-valendin-no_tf
real_panel_arms__ValendinLSTM__electronics__no_ar-no_cluster-valendin-no_tf__a,ValendinLSTM,6,0.0409947052500347,0.1695824873675506,0.0916415516819272,8.0,16.0,0.0003919873056578,128.0,0.0005215540576812,63.0,,,,,,ValendinLSTM__electronics__no_ar-no_cluster-valendin-no_tf
real_panel_arms__ValendinLSTM__electronics__no_ar-no_cluster-valendin-no_tf__a,ValendinLSTM,7,0.0433823750518828,0.1835937849721375,0.088945135474205,20.0,28.0,0.0002180042257717,256.0,0.0070578132969512,84.0,,,,,,ValendinLSTM__electronics__no_ar-no_cluster-valendin-no_tf
real_panel_arms__ValendinLSTM__electronics__no_ar-no_cluster-valendin-no_tf__a,ValendinLSTM,8,0.073299723918665,0.208123862085169,0.0888536144047975,9.0,17.0,0.0018677595641375,256.0,1.0758031614353735e-06,40.0,,,,,,ValendinLSTM__electronics__no_ar-no_cluster-valendin-no_tf
real_panel_arms__ValendinLSTM__electronics__no_ar-no_cluster-valendin-no_tf__a,ValendinLSTM,9,0.0055059321086233,0.1877047349409627,0.0898286662995815,7.0,15.0,0.0025084192597632,256.0,0.0046602946317682,32.0,,,,,,ValendinLSTM__electronics__no_ar-no_cluster-valendin-no_tf
real_panel_arms__ValendinLSTM__electronics__no_ar-no_cluster-valendin-no_tf__a,ValendinLSTM,10,0.0470804583514946,0.1974675635248143,0.0889634899795055,11.0,19.0,0.0010007305976359,256.0,0.0008720744434224,48.0,,,,,,ValendinLSTM__electronics__no_ar-no_cluster-valendin-no_tf
real_panel_arms__ValendinLSTM__electronics__no_ar-no_cluster-valendin-no_tf__a,ValendinLSTM,11,0.0433922312569475,0.2100720076254004,0.088678665459156,11.0,19.0,0.0012448958737585,256.0,2.5734128310402924e-06,48.0,,,,,,ValendinLSTM__electronics__no_ar-no_cluster-valendin-no_tf
real_panel_arms__ValendinLSTM__electronics__no_ar-no_cluster-valendin-no_tf__a,ValendinLSTM,12,0.0538346849140407,0.2062739108407117,0.0890836026519537,7.0,15.0,0.0027998015718907,256.0,3.519510922522178e-06,32.0,,,,,,ValendinLSTM__electronics__no_ar-no_cluster-valendin-no_tf
real_panel_arms__ValendinLSTM__electronics__no_ar-no_cluster-valendin-no_tf__a,ValendinLSTM,13,0.0111010708924108,0.2226776909896096,0.0887470934540033,7.0,15.0,0.002440686337296,256.0,0.0078969108233883,32.0,,,,,,ValendinLSTM__electronics__no_ar-no_cluster-valendin-no_tf
real_panel_arms__ValendinLSTM__electronics__no_ar-no_cluster-valendin-no_tf__a,ValendinLSTM,14,-0.0001233336157172,0.180350222613184,0.0891728773713111,11.0,19.0,0.0012237412994095,256.0,0.0007088594763979,48.0,,,,,,ValendinLSTM__electronics__no_ar-no_cluster-valendin-no_tf
real_panel_arms__ValendinLSTM__electronics__no_ar-no_cluster-valendin-no_tf__a,ValendinLSTM,15,0.0481013398562711,0.1835551997135675,0.091446901006358,6.0,14.0,0.0011616614867378,128.0,2.0050728961310164e-05,49.0,,,,,,ValendinLSTM__electronics__no_ar-no_cluster-valendin-no_tf
real_panel_arms__ValendinLSTM__electronics__no_ar-no_cluster-valendin-no_tf__a,ValendinLSTM,16,-0.0351413449547934,0.1932303447565637,0.0889987163245678,7.0,15.0,0.0027462917305934,256.0,7.999097309081119e-05,32.0,,,,,,ValendinLSTM__electronics__no_ar-no_cluster-valendin-no_tf
real_panel_arms__ValendinLSTM__electronics__no_ar-no_cluster-valendin-no_tf__a,ValendinLSTM,17,0.0199904225576178,0.1938557178216101,0.0913186871579715,5.0,13.0,0.0017303752763888,128.0,1.80423744611788e-05,42.0,,,,,,ValendinLSTM__electronics__no_ar-no_cluster-valendin-no_tf
real_panel_arms__ValendinLSTM__electronics__no_ar-no_cluster-valendin-no_tf__a,ValendinLSTM,18,0.0478400769444263,0.1944246265765681,0.0890200864523649,16.0,24.0,0.0005483373589498,256.0,1.4011415959595386e-05,68.0,,,,,,ValendinLSTM__electronics__no_ar-no_cluster-valendin-no_tf
real_panel_arms__ValendinLSTM__electronics__no_ar-no_cluster-valendin-no_tf__a,ValendinLSTM,19,-0.0311299325161592,0.1978148991667466,0.089012524113059,7.0,15.0,0.0024769118779066,256.0,0.0026572661549712,32.0,,,,,,ValendinLSTM__electronics__no_ar-no_cluster-valendin-no_tf
real_panel_arms__ValendinLSTM__electronics__no_ar-no_cluster-valendin-no_tf__a,ValendinLSTM,20,0.0269125336087705,0.1771173693558345,0.0893577802926302,11.0,19.0,0.0012175769276853,256.0,5.700704365643878e-06,48.0,,,,,,ValendinLSTM__electronics__no_ar-no_cluster-valendin-no_tf
real_panel_benchmarks__ValendinLSTM__electronics__r00,ValendinLSTM,1,0.0225113008066967,0.1293329612130563,0.0886000730097293,11.0,19.0,0.0011503383899724,256.0,0.0005669410925868,48.0,,,,,,ValendinLSTM__electronics__r00
real_panel_benchmarks__ValendinLSTM__electronics__r01,ValendinLSTM,1,0.0294426090792836,0.1378077919839994,0.0885949060320854,13.0,21.0,0.000794180027914,256.0,3.75939711974573e-05,56.0,,,,,,ValendinLSTM__electronics__r01
real_panel_benchmarks__ValendinLSTM__electronics__r02,ValendinLSTM,1,0.0711058514873953,0.132435631046886,0.0890019945800304,8.0,16.0,0.0018084785336902,256.0,1.0417822587523424e-06,36.0,,,,,,ValendinLSTM__electronics__r02
real_panel_benchmarks__ValendinLSTM__electronics__r03,ValendinLSTM,1,-0.0027035647321287,0.1435822639833595,0.0887615121901035,8.0,16.0,0.0020006634241668,256.0,0.0015467296860805,36.0,,,,,,ValendinLSTM__electronics__r03
real_panel_benchmarks__ValendinLSTM__electronics__r04,ValendinLSTM,1,-0.0389813307960279,0.1325823884668732,0.0889856200665235,8.0,16.0,0.0018224346994363,256.0,2.5829715737799943e-05,36.0,,,,,,ValendinLSTM__electronics__r04
real_panel_benchmarks__ValendinLSTM__electronics__r05,ValendinLSTM,1,0.043606524533242,0.1263225573284307,0.0888658482581377,8.0,16.0,0.0020456279242799,256.0,1.1312007388447805e-06,36.0,,,,,,ValendinLSTM__electronics__r05
real_panel_benchmarks__ValendinLSTM__electronics__r06,ValendinLSTM,1,0.0347783794456775,0.1181224826452659,0.0889562219381332,7.0,15.0,0.0028044936875173,256.0,0.0002092488764714,32.0,,,,,,ValendinLSTM__electronics__r06
real_panel_benchmarks__ValendinLSTM__electronics__r07,ValendinLSTM,1,0.0262203164382623,0.1293373987356202,0.0893057081848383,11.0,19.0,0.0011750970049837,256.0,9.615945794015126e-06,48.0,,,,,,ValendinLSTM__electronics__r07
real_panel_benchmarks__ValendinLSTM__electronics__r08,ValendinLSTM,1,0.0588953731535725,0.1260046261450885,0.0889729987829923,7.0,15.0,0.0025321275713926,256.0,1.4609756190933744e-05,32.0,,,,,,ValendinLSTM__electronics__r08
real_panel_benchmarks__ValendinLSTM__electronics__r09,ValendinLSTM,1,0.0658283612945624,0.1278888134588939,0.088867487385869,9.0,17.0,0.0018802530898558,256.0,0.0036957530611535,40.0,,,,,,ValendinLSTM__electronics__r09
real_panel_benchmarks__ValendinLSTM__electronics__r10,ValendinLSTM,1,0.0313513781327979,0.1241892412806273,0.0885919705033302,7.0,15.0,0.0024904140423313,256.0,0.001352820852651,32.0,,,,,,ValendinLSTM__electronics__r10
real_panel_benchmarks__ValendinLSTM__electronics__r11,ValendinLSTM,1,0.0827070750275422,0.1371079083332426,0.0886686537414789,7.0,15.0,0.0023609518988887,256.0,1.165093001767296e-06,32.0,,,,,,ValendinLSTM__electronics__r11
real_panel_benchmarks__ValendinLSTM__electronics__r12,ValendinLSTM,1,-0.0093384861465004,0.1448132863451197,0.0889243725687265,6.0,14.0,0.0023466101810996,256.0,0.0011112477143973,28.0,,,,,,ValendinLSTM__electronics__r12
real_panel_benchmarks__ValendinLSTM__electronics__r13,ValendinLSTM,1,0.0609216602705298,0.1087991764322355,0.0891098398715257,8.0,16.0,0.0007975679566638,256.0,0.0016975648925744,36.0,,,,,,ValendinLSTM__electronics__r13
real_panel_benchmarks__ValendinLSTM__electronics__r14,ValendinLSTM,1,0.0397145947370082,0.1251168132335504,0.0891186892986297,7.0,15.0,0.001889210903395,256.0,4.341070523265855e-05,32.0,,,,,,ValendinLSTM__electronics__r14
real_panel_benchmarks__ValendinLSTM__electronics__r15,ValendinLSTM,1,0.0222217380623937,0.130403881999359,0.0887558218091726,11.0,19.0,0.0011632604123557,256.0,3.484659768592536e-06,48.0,,,,,,ValendinLSTM__electronics__r15
real_panel_benchmarks__ValendinLSTM__electronics__r16,ValendinLSTM,1,-0.0124934814097631,0.1296903467564338,0.0890595912933349,7.0,15.0,0.0029469705241324,256.0,1.7763835379534137e-06,32.0,,,,,,ValendinLSTM__electronics__r16
real_panel_benchmarks__ValendinLSTM__electronics__r17,ValendinLSTM,1,0.0774660380052098,0.1380760211823009,0.0893792156130075,17.0,25.0,0.0005483373589498,256.0,1.4011415959595386e-05,72.0,,,,,,ValendinLSTM__electronics__r17
real_panel_benchmarks__ValendinLSTM__electronics__r18,ValendinLSTM,1,-0.008584994850771,0.1290637885386668,0.0889247935265302,8.0,16.0,0.0020105920112895,256.0,0.0004675789886586,36.0,,,,,,ValendinLSTM__electronics__r18
real_panel_benchmarks__ValendinLSTM__electronics__r19,ValendinLSTM,1,0.0407189118250397,0.1317255551648317,0.0887652933597564,11.0,19.0,0.0010661433249063,256.0,0.0001845515336306,48.0,,,,,,ValendinLSTM__electronics__r19
real_panel_lstm_bounded32__LSTM__electronics__r000,LSTM,1,0.2136914650739151,0.402566064886608,0.0878598924194063,36.0,44.0,0.0033393681212172,128.0,0.0002190995911788,259.0,128.0,128.0,0.2,valendin,,LSTM__electronics__r000
real_panel_lstm_bounded32__LSTM__electronics__r001,LSTM,1,0.2845345784091271,0.7291906229944303,0.0849317219108343,38.0,46.0,0.0094095843559327,256.0,0.0006004076811349,156.0,128.0,32.0,0.0,valendin,,LSTM__electronics__r001
real_panel_lstm_bounded32__LSTM__electronics__r002,LSTM,1,0.2546880101863324,0.3373516284534031,0.0861178170889616,23.0,31.0,0.0093241457830461,256.0,1.620279568965949e-06,96.0,128.0,64.0,0.2,valendin,,LSTM__electronics__r002
real_panel_lstm_bounded32__LSTM__electronics__r003,LSTM,1,0.2770268736441602,0.5801223791984212,0.0880449840000697,11.0,19.0,0.0098733748348898,128.0,1.931229552621156e-06,84.0,128.0,32.0,0.0,valendin,,LSTM__electronics__r003
real_panel_lstm_bounded32__LSTM__electronics__r004,LSTM,1,0.2528502232753199,0.5360656076225706,0.0855926889926195,33.0,41.0,0.0045715923764588,256.0,0.0001670835162565,136.0,128.0,64.0,0.2,valendin,,LSTM__electronics__r004
real_panel_lstm_bounded32__LSTM__electronics__r005,LSTM,1,0.2977831557324032,0.9272906496855888,0.0872385842459542,22.0,30.0,0.0090460688260808,128.0,6.181875713798762e-05,161.0,128.0,32.0,0.0,valendin,,LSTM__electronics__r005
real_panel_lstm_bounded32__LSTM__electronics__r006,LSTM,1,0.2628455510051283,0.5755895302997749,0.0861205104738473,37.0,45.0,0.0044320278456349,256.0,0.0001867855780141,152.0,64.0,32.0,0.0,valendin,,LSTM__electronics__r006
real_panel_lstm_bounded32__LSTM__electronics__r007,LSTM,1,0.2905827618942053,0.8017481718624201,0.0869865162031991,32.0,40.0,0.0073572116718524,128.0,3.328897287852381e-05,231.0,64.0,32.0,0.0,valendin,,LSTM__electronics__r007
real_panel_lstm_bounded32__LSTM__electronics__r008,LSTM,1,0.330076179676781,0.6063632939051601,0.087340700839247,21.0,29.0,0.0086117630954094,128.0,1.4421728092343831e-05,154.0,128.0,32.0,0.2,valendin,,LSTM__electronics__r008
real_panel_lstm_bounded32__LSTM__electronics__r009,LSTM,1,0.2361169927413849,0.2599256094220759,0.086551584303379,26.0,34.0,0.0091381598018715,256.0,0.0001214816273653,108.0,32.0,128.0,0.2,valendin,,LSTM__electronics__r009
real_panel_lstm_bounded32__LSTM__electronics__r010,LSTM,1,0.3186439477230872,1.879556824626666,0.0880301591868584,27.0,35.0,0.0087304107337648,64.0,0.0003388838569257,364.0,128.0,32.0,0.0,valendin,,LSTM__electronics__r010
real_panel_lstm_bounded32__LSTM__electronics__r011,LSTM,1,0.3217951949161296,0.9215407391153728,0.0872449832303183,26.0,34.0,0.0086525244864013,128.0,4.5540337047846585e-06,189.0,128.0,32.0,0.0,valendin,,LSTM__electronics__r011
real_panel_lstm_bounded32__LSTM__electronics__r012,LSTM,1,0.3091861631495398,1.1663610807351477,0.0881891903968957,20.0,28.0,0.009062284555195,64.0,0.0050438195751054,273.0,128.0,32.0,0.2,valendin,,LSTM__electronics__r012
real_panel_lstm_bounded32__LSTM__electronics__r013,LSTM,1,0.2481258328159825,0.249415065037328,0.0863512028008699,35.0,43.0,0.0056833295956784,256.0,3.686666432549042e-05,144.0,32.0,128.0,0.2,valendin,,LSTM__electronics__r013
real_panel_lstm_bounded32__LSTM__electronics__r014,LSTM,1,0.2551750283210237,0.5844634146582203,0.0858907885849475,23.0,31.0,0.0065771041250352,256.0,2.1308706148992687e-05,96.0,128.0,64.0,0.2,valendin,,LSTM__electronics__r014
real_panel_lstm_bounded32__LSTM__electronics__r015,LSTM,1,0.1737380875682837,0.2417437181942123,0.0859352964907884,30.0,38.0,0.0085397243489774,256.0,0.0088040485167229,124.0,32.0,128.0,0.2,valendin,,LSTM__electronics__r015
real_panel_lstm_bounded32__LSTM__electronics__r016,LSTM,1,0.2291957591249598,0.4410746069563446,0.0877226080213274,28.0,36.0,0.0088422794859287,128.0,1.9522945251639736e-06,203.0,128.0,64.0,0.2,valendin,,LSTM__electronics__r016
real_panel_lstm_bounded32__LSTM__electronics__r017,LSTM,1,0.1713305242083266,0.2966204417418837,0.0859270896762609,31.0,39.0,0.0068952368192412,256.0,6.38157536692635e-06,128.0,128.0,64.0,0.0,valendin,,LSTM__electronics__r017
real_panel_lstm_bounded32__LSTM__electronics__r018,LSTM,1,0.2798314700314521,0.8415046812899053,0.0852276887744665,25.0,33.0,0.0098213915808275,256.0,2.961409135148316e-05,104.0,128.0,32.0,0.0,valendin,,LSTM__electronics__r018
real_panel_lstm_bounded32__LSTM__electronics__r019,LSTM,1,0.2800229741452809,0.7555956785333489,0.0851569753140211,31.0,39.0,0.0091620562520415,256.0,0.008461562473393,128.0,128.0,32.0,0.2,valendin,,LSTM__electronics__r019
real_panel_lstm_bounded32__LSTM__electronics__r020,LSTM,1,0.2420296840976998,0.2110215027414738,0.0881603509187698,35.0,43.0,0.0036061037155005,128.0,0.0010807042645526,252.0,32.0,128.0,0.2,valendin,,LSTM__electronics__r020
real_panel_lstm_bounded32__LSTM__electronics__r021,LSTM,1,0.3051439747284398,0.4953458009055936,0.0853248611092567,39.0,47.0,0.0085115159039495,256.0,0.0068050529464893,160.0,128.0,32.0,0.2,valendin,,LSTM__electronics__r021
real_panel_lstm_bounded32__LSTM__electronics__r022,LSTM,1,0.2594145394277518,0.3845058442326542,0.0875077503068106,28.0,36.0,0.0050091947944466,128.0,0.0045078731239031,203.0,64.0,64.0,0.0,valendin,,LSTM__electronics__r022
real_panel_lstm_bounded32__LSTM__electronics__r023,LSTM,1,0.3247585286053298,0.883288484118119,0.0845503360033035,55.0,63.0,0.0070045758779506,256.0,0.0005238448574079,224.0,128.0,64.0,0.0,valendin,,LSTM__electronics__r023
real_panel_lstm_bounded32__LSTM__electronics__r024,LSTM,1,0.3036402285885039,0.3972267930216251,0.0859526228159666,25.0,33.0,0.0089172246691787,256.0,1.0805568416322378e-06,104.0,64.0,32.0,0.0,valendin,,LSTM__electronics__r024
real_panel_lstm_bounded32__LSTM__electronics__r025,LSTM,1,0.2833597434579401,0.4189991628893189,0.0877487648810659,15.0,23.0,0.0076998270985658,128.0,0.0001986575343473,112.0,128.0,64.0,0.0,valendin,,LSTM__electronics__r025
real_panel_lstm_bounded32__LSTM__electronics__r026,LSTM,1,0.2534076005366363,0.37728629067548,0.0856543090194463,38.0,46.0,0.0070324048929899,256.0,0.0036842920987642,156.0,128.0,32.0,0.0,valendin,,LSTM__electronics__r026
real_panel_lstm_bounded32__LSTM__electronics__r027,LSTM,1,0.1743454316475878,0.2494191724780718,0.0872092340141534,15.0,23.0,0.0096816820152478,256.0,1.173484894284351e-05,64.0,32.0,64.0,0.0,valendin,,LSTM__electronics__r027
real_panel_lstm_bounded32__LSTM__electronics__r028,LSTM,1,0.2897048146872804,1.1777415229092063,0.0870869510940143,32.0,40.0,0.0064867070658862,128.0,5.993855376836407e-05,231.0,128.0,64.0,0.0,valendin,,LSTM__electronics__r028
real_panel_lstm_bounded32__LSTM__electronics__r029,LSTM,1,0.265041716532143,0.3571450004578742,0.0855501871556043,31.0,39.0,0.0084851556677939,256.0,1.0796004222724412e-06,128.0,128.0,32.0,0.2,valendin,,LSTM__electronics__r029
real_panel_lstm_bounded32__LSTM__electronics__r030,LSTM,1,0.1286781150055272,0.2065283830090436,0.0866183526813983,48.0,56.0,0.0074078140060127,256.0,6.408230344219731e-05,196.0,32.0,32.0,0.2,valendin,,LSTM__electronics__r030
real_panel_lstm_bounded32__LSTM__electronics__r031,LSTM,1,0.2699433006575579,0.7039704209558675,0.0876828762037413,27.0,35.0,0.0095017400674005,128.0,0.0002870255002168,196.0,128.0,32.0,0.0,valendin,,LSTM__electronics__r031
real_panel_lstm_bounded32__LSTM__electronics__r032,LSTM,1,0.2363742201146299,0.5715685282385216,0.086623229086399,16.0,24.0,0.0068613403876911,256.0,5.765793888572837e-06,68.0,64.0,32.0,0.0,valendin,,LSTM__electronics__r032
real_panel_lstm_bounded32__LSTM__electronics__r033,LSTM,1,0.2897931859418221,0.9782711292074256,0.0868748724460601,27.0,35.0,0.0090885732502278,128.0,0.0007539926429316,196.0,128.0,32.0,0.0,valendin,,LSTM__electronics__r033
real_panel_lstm_bounded32__LSTM__electronics__r034,LSTM,1,0.2400471825446842,0.3584111546264898,0.0860463082790374,41.0,49.0,0.0015071073716916,256.0,2.0304599827443422e-05,168.0,128.0,64.0,0.2,valendin,,LSTM__electronics__r034
real_panel_lstm_bounded32__LSTM__electronics__r035,LSTM,1,0.2665597221944664,0.9147681717227952,0.0848158746957779,45.0,53.0,0.0095685706974405,256.0,1.866670449792488e-05,184.0,128.0,32.0,0.2,valendin,,LSTM__electronics__r035
real_panel_lstm_bounded32__LSTM__electronics__r036,LSTM,1,0.2896580084304289,0.8210781689815676,0.0885941483653508,21.0,29.0,0.0043889358233073,64.0,7.495184475711233e-06,286.0,128.0,64.0,0.2,valendin,,LSTM__electronics__r036
real_panel_lstm_bounded32__LSTM__electronics__r037,LSTM,1,0.3057878344940228,2.06078001696254,0.0883774290291162,20.0,28.0,0.0096755640691167,64.0,0.0003439334644617,273.0,128.0,32.0,0.2,valendin,,LSTM__electronics__r037
real_panel_lstm_bounded32__LSTM__electronics__r038,LSTM,1,0.3075727949786962,1.319616592841526,0.0869350582361221,25.0,33.0,0.0095879019162467,128.0,0.0003349290466823,182.0,128.0,32.0,0.0,valendin,,LSTM__electronics__r038
real_panel_lstm_bounded32__LSTM__electronics__r039,LSTM,1,0.2472816541679064,0.9515392310420104,0.0852195769548416,23.0,31.0,0.0096321897828625,256.0,0.0010343081619682,96.0,128.0,64.0,0.0,valendin,,LSTM__electronics__r039
real_panel_lstm_bounded32__LSTM__electronics__r040,LSTM,1,0.2640822712011646,0.2348488118242297,0.0869693979620933,22.0,30.0,0.0064310841140036,256.0,1.6459187558885872e-05,92.0,64.0,128.0,0.2,valendin,,LSTM__electronics__r040
real_panel_lstm_bounded32__LSTM__electronics__r041,LSTM,1,0.2671193786091864,1.1369469716365237,0.0873036554881504,21.0,29.0,0.0078472477718294,128.0,0.0070031314766242,154.0,128.0,64.0,0.2,valendin,,LSTM__electronics__r041
real_panel_lstm_bounded32__LSTM__electronics__r042,LSTM,1,0.3337101153763446,1.5148962622850846,0.0882812188221858,27.0,35.0,0.0071192215866809,64.0,4.995042539760518e-06,364.0,128.0,64.0,0.2,valendin,,LSTM__electronics__r042
real_panel_lstm_bounded32__LSTM__electronics__r043,LSTM,1,0.2650786603785959,0.8822710349616159,0.0855750869959592,21.0,29.0,0.0082572125869385,256.0,2.2147697989511692e-05,88.0,128.0,32.0,0.0,valendin,,LSTM__electronics__r043
real_panel_lstm_bounded32__LSTM__electronics__r044,LSTM,1,0.2401218085327936,0.425053207257239,0.0876878116812024,31.0,39.0,0.0057893098807474,128.0,0.0006185586211817,224.0,64.0,32.0,0.0,valendin,,LSTM__electronics__r044
real_panel_lstm_bounded32__LSTM__electronics__r045,LSTM,1,0.2812660140364922,0.3867165547316721,0.0886500282929493,15.0,23.0,0.0026691987565614,64.0,7.436292212716464e-05,208.0,128.0,64.0,0.2,valendin,,LSTM__electronics__r045
real_panel_lstm_bounded32__LSTM__electronics__r046,LSTM,1,0.2580784548553455,1.0094369928757423,0.0848412662744522,59.0,67.0,0.0064398524604815,256.0,0.0001029639812392,240.0,128.0,32.0,0.0,valendin,,LSTM__electronics__r046
real_panel_lstm_bounded32__LSTM__electronics__r047,LSTM,1,0.2562529918506281,0.3362418096441832,0.0854283180087804,29.0,37.0,0.0068855441199833,256.0,0.0003819200084259,120.0,128.0,32.0,0.0,valendin,,LSTM__electronics__r047
real_panel_lstm_bounded32__LSTM__electronics__r048,LSTM,1,0.2871531844029622,0.5424193114670796,0.0873007774353027,33.0,41.0,0.0092214364388129,128.0,7.070180057396074e-06,238.0,128.0,32.0,0.2,valendin,,LSTM__electronics__r048
real_panel_lstm_bounded32__LSTM__electronics__r049,LSTM,1,0.2788946181117518,0.5502838859887285,0.0886303877028135,23.0,31.0,0.0039928595095739,64.0,0.0005824924715058,312.0,128.0,64.0,0.2,valendin,,LSTM__electronics__r049
real_panel_lstm_bounded32__LSTM__electronics__r050,LSTM,1,0.2848254842729558,1.1727469271944342,0.0869875007442065,38.0,46.0,0.0069697503855214,128.0,0.0027077794363509,273.0,128.0,32.0,0.0,valendin,,LSTM__electronics__r050
real_panel_lstm_bounded32__LSTM__electronics__r051,LSTM,1,0.2708630462311459,0.4705502272095043,0.087379375738757,23.0,31.0,0.0062911809697758,128.0,0.0009164463053166,168.0,128.0,64.0,0.0,valendin,,LSTM__electronics__r051
real_panel_lstm_bounded32__LSTM__electronics__r052,LSTM,1,0.2498351517428671,0.9933252126046171,0.0857916567474603,26.0,34.0,0.0095751229610434,256.0,0.0003845281258088,108.0,128.0,32.0,0.0,valendin,,LSTM__electronics__r052
real_panel_lstm_bounded32__LSTM__electronics__r053,LSTM,1,0.2618209454810261,0.6472730572771233,0.085461389273405,29.0,37.0,0.0095939551956114,256.0,0.0006544558407156,120.0,128.0,32.0,0.0,valendin,,LSTM__electronics__r053
real_panel_lstm_bounded32__LSTM__electronics__r054,LSTM,1,0.2548288186865393,0.3978400573676067,0.0861381907016038,39.0,47.0,0.0033946127946224,256.0,0.0002571306625997,160.0,32.0,128.0,0.0,valendin,,LSTM__electronics__r054
real_panel_lstm_bounded32__LSTM__electronics__r055,LSTM,1,0.2717649342935733,0.7354172423136601,0.0849851258099079,30.0,38.0,0.0047339189012913,256.0,3.840107431687849e-05,124.0,128.0,64.0,0.0,valendin,,LSTM__electronics__r055
real_panel_lstm_bounded32__LSTM__electronics__r056,LSTM,1,0.2843563300308576,0.9102310620813836,0.0869985393115452,26.0,34.0,0.0091428418385867,128.0,3.2777434892523003e-06,189.0,128.0,32.0,0.2,valendin,,LSTM__electronics__r056
real_panel_lstm_bounded32__LSTM__electronics__r057,LSTM,1,0.2958753314551371,0.9024089964472805,0.0870962228093828,29.0,37.0,0.005253369211958,128.0,0.0037534970377334,210.0,128.0,64.0,0.2,valendin,,LSTM__electronics__r057
real_panel_lstm_bounded32__LSTM__electronics__r058,LSTM,1,0.2810249234799807,0.614084883841375,0.0886720762803004,13.0,21.0,0.0063093096675087,64.0,1.3200155296879823e-05,182.0,128.0,64.0,0.0,valendin,,LSTM__electronics__r058
real_panel_lstm_bounded32__LSTM__electronics__r059,LSTM,1,0.1935243658230956,0.2560912929265403,0.086573114618659,49.0,57.0,0.0034252154571186,256.0,3.3722227611342975e-05,200.0,32.0,32.0,0.2,valendin,,LSTM__electronics__r059
real_panel_lstm_bounded32__LSTM__electronics__r060,LSTM,1,0.2652557228551189,0.6159638011212095,0.0885030856499305,24.0,32.0,0.0037970742753482,64.0,0.0051268642038634,325.0,128.0,32.0,0.2,valendin,,LSTM__electronics__r060
real_panel_lstm_bounded32__LSTM__electronics__r061,LSTM,1,0.2589539211332342,0.4191107812199886,0.0856981128454208,57.0,65.0,0.0024907626281524,256.0,0.0018984218885971,232.0,64.0,64.0,0.0,valendin,,LSTM__electronics__r061
real_panel_lstm_bounded32__LSTM__electronics__r062,LSTM,1,0.2583521028496036,0.323200359563508,0.0860858596861362,23.0,31.0,0.009482843401186,256.0,2.7850093541591142e-05,96.0,128.0,64.0,0.2,valendin,,LSTM__electronics__r062
real_panel_lstm_bounded32__LSTM__electronics__r063,LSTM,1,0.2363544740592894,0.4861693758149596,0.0852521955966949,39.0,47.0,0.0071600253794236,256.0,0.0023546625589877,160.0,128.0,64.0,0.0,valendin,,LSTM__electronics__r063
real_panel_lstm_bounded32__LSTM__electronics__r064,LSTM,1,0.3129900437556858,1.0272148332577442,0.0882863276279889,22.0,30.0,0.0095328322470837,64.0,2.0660410339835507e-05,299.0,128.0,64.0,0.2,valendin,,LSTM__electronics__r064
real_panel_lstm_bounded32__LSTM__electronics__r065,LSTM,1,0.2858863322859711,0.6645136793137274,0.087581775018147,13.0,21.0,0.0033762753142998,128.0,0.0001863694986346,98.0,128.0,64.0,0.0,valendin,,LSTM__electronics__r065
real_panel_lstm_bounded32__LSTM__electronics__r066,LSTM,1,0.2953425692407327,0.3962166337150809,0.0853000935167074,27.0,35.0,0.009324607954276,256.0,0.0023868026900381,112.0,128.0,64.0,0.2,valendin,,LSTM__electronics__r066
real_panel_lstm_bounded32__LSTM__electronics__r067,LSTM,1,0.2796380247665077,0.5685320551565195,0.0857321619987487,20.0,28.0,0.0063513922267876,256.0,0.0003545566917932,84.0,64.0,64.0,0.0,valendin,,LSTM__electronics__r067
real_panel_lstm_bounded32__LSTM__electronics__r068,LSTM,1,0.2582182292588203,0.5200739393702729,0.0884945426995937,19.0,27.0,0.0052680988620305,64.0,0.0002139970697037,260.0,128.0,64.0,0.0,valendin,,LSTM__electronics__r068
real_panel_lstm_bounded32__LSTM__electronics__r069,LSTM,1,0.2393392594388602,0.3364769428272711,0.0859039947390556,21.0,29.0,0.0085786451140876,256.0,0.0010829305296096,88.0,128.0,32.0,0.0,valendin,,LSTM__electronics__r069
real_panel_lstm_bounded32__LSTM__electronics__r070,LSTM,1,0.2647509944998474,0.7358197125989677,0.0876808698688234,21.0,29.0,0.0066109297614932,128.0,0.0002716555446553,154.0,128.0,64.0,0.0,valendin,,LSTM__electronics__r070
real_panel_lstm_bounded32__LSTM__electronics__r071,LSTM,1,0.2382023508300906,0.5563007858053014,0.0851760730147361,34.0,42.0,0.0095798731401328,256.0,4.0145335939695166e-05,140.0,128.0,64.0,0.0,valendin,,LSTM__electronics__r071
real_panel_lstm_bounded32__LSTM__electronics__r072,LSTM,1,0.2992898390405783,1.1561973895180009,0.0883688869384618,26.0,34.0,0.0096521340040359,64.0,0.0015134731242525,351.0,128.0,32.0,0.2,valendin,,LSTM__electronics__r072
real_panel_lstm_bounded32__LSTM__electronics__r073,LSTM,1,0.3320393180226845,0.8867807924726948,0.084748713299632,31.0,39.0,0.0097996140705372,256.0,0.0050923268517117,128.0,128.0,32.0,0.0,valendin,,LSTM__electronics__r073
real_panel_lstm_bounded32__LSTM__electronics__r074,LSTM,1,0.1632036674632401,0.4632074366924003,0.0856825355440378,17.0,25.0,0.0098299715032659,256.0,6.315299065719547e-05,72.0,128.0,32.0,0.2,valendin,,LSTM__electronics__r074
real_panel_lstm_bounded32__LSTM__electronics__r075,LSTM,1,0.3078938909498872,0.6165985272989735,0.0856278948485851,36.0,44.0,0.0069524247034317,256.0,0.0056334166657219,148.0,128.0,32.0,0.2,valendin,,LSTM__electronics__r075
real_panel_lstm_bounded32__LSTM__electronics__r076,LSTM,1,0.2251586521000926,0.8705482758810984,0.0869242900184222,24.0,32.0,0.0076732557858986,128.0,1.5321147181176742e-05,175.0,128.0,32.0,0.0,valendin,,LSTM__electronics__r076
real_panel_lstm_bounded32__LSTM__electronics__r077,LSTM,1,0.1856519377912605,0.2544766739060912,0.0860665757209062,22.0,30.0,0.0099944725115512,256.0,0.0003571695792834,92.0,128.0,32.0,0.2,valendin,,LSTM__electronics__r077
real_panel_lstm_bounded32__LSTM__electronics__r078,LSTM,1,0.3032566007868061,1.1539239070300713,0.0870825765388352,26.0,34.0,0.0096522530223868,128.0,1.968631194464494e-06,189.0,128.0,32.0,0.2,valendin,,LSTM__electronics__r078
real_panel_lstm_bounded32__LSTM__electronics__r079,LSTM,1,0.2646002052503898,0.5031364815668279,0.0858435109257698,30.0,38.0,0.0078353827821537,256.0,0.0028796974440561,124.0,128.0,32.0,0.2,valendin,,LSTM__electronics__r079
real_panel_lstm_bounded32__LSTM__electronics__r080,LSTM,1,0.2693725809621303,0.7260589788138987,0.087357715836593,20.0,28.0,0.0077042350097571,128.0,2.064694176885576e-06,147.0,128.0,64.0,0.2,valendin,,LSTM__electronics__r080
real_panel_lstm_bounded32__LSTM__electronics__r081,LSTM,1,0.196921850707639,0.2707878198102542,0.0861843395978212,28.0,36.0,0.0060480518900348,256.0,0.0054085716578877,116.0,128.0,128.0,0.0,valendin,,LSTM__electronics__r081
real_panel_lstm_bounded32__LSTM__electronics__r082,LSTM,1,0.3134263684788204,0.6308939276496871,0.0853127911686897,39.0,47.0,0.0095705498474467,256.0,0.0003906175274705,160.0,128.0,32.0,0.0,valendin,,LSTM__electronics__r082
real_panel_lstm_bounded32__LSTM__electronics__r083,LSTM,1,0.2344811313981494,0.4010340720821113,0.0872219087822096,29.0,37.0,0.0080352710132349,128.0,1.0334907127653382e-05,210.0,32.0,64.0,0.0,valendin,,LSTM__electronics__r083
real_panel_lstm_bounded32__LSTM__electronics__r084,LSTM,1,0.2512141121556833,0.9085075086785596,0.08882770801966,23.0,31.0,0.0058494912576425,64.0,0.0001900778429626,312.0,128.0,64.0,0.0,valendin,,LSTM__electronics__r084
real_panel_lstm_bounded32__LSTM__electronics__r085,LSTM,1,0.2719290475174844,0.3596803496769844,0.0875049467597689,32.0,40.0,0.0022363445637928,128.0,0.0015953519310569,231.0,64.0,32.0,0.0,valendin,,LSTM__electronics__r085
real_panel_lstm_bounded32__LSTM__electronics__r086,LSTM,1,0.2943086185320918,1.2603338870337095,0.0881977622898725,27.0,35.0,0.0066563730627976,64.0,1.4860414336211446e-06,364.0,128.0,32.0,0.0,valendin,,LSTM__electronics__r086
real_panel_lstm_bounded32__LSTM__electronics__r087,LSTM,1,0.2861860942748308,0.6400511554065791,0.0853157192468643,42.0,50.0,0.007801097941694,256.0,0.0009115271626458,172.0,128.0,64.0,0.0,valendin,,LSTM__electronics__r087
real_panel_lstm_bounded32__LSTM__electronics__r088,LSTM,1,0.300826950693119,0.7841828022102288,0.0851862803101539,29.0,37.0,0.008263668148548,256.0,0.0006014622319257,120.0,128.0,32.0,0.0,valendin,,LSTM__electronics__r088
real_panel_lstm_bounded32__LSTM__electronics__r089,LSTM,1,0.2994166931012149,0.7094178102818711,0.0872462551508631,25.0,33.0,0.0086194956450291,128.0,0.0010677020254398,182.0,128.0,64.0,0.2,valendin,,LSTM__electronics__r089
real_panel_lstm_bounded32__LSTM__electronics__r090,LSTM,1,0.3057234144449901,0.6690654057340186,0.084988035261631,37.0,45.0,0.0079399091725965,256.0,3.026779931942017e-05,152.0,128.0,64.0,0.2,valendin,,LSTM__electronics__r090
real_panel_lstm_bounded32__LSTM__electronics__r091,LSTM,1,0.2187984432222018,0.2284163432177507,0.0865214318037033,45.0,53.0,0.004718110048347,256.0,0.0007280884999892,184.0,32.0,64.0,0.0,valendin,,LSTM__electronics__r091
real_panel_lstm_bounded32__LSTM__electronics__r092,LSTM,1,0.2404611019745993,0.5394740695431175,0.085486339405179,37.0,45.0,0.0057959369124086,256.0,0.0004993547568903,152.0,128.0,64.0,0.0,valendin,,LSTM__electronics__r092
real_panel_lstm_bounded32__LSTM__electronics__r093,LSTM,1,0.2165990822063424,0.3029378709765331,0.085960354655981,22.0,30.0,0.0097671651432664,256.0,0.0018391171523042,92.0,128.0,32.0,0.2,valendin,,LSTM__electronics__r093
real_panel_lstm_bounded32__LSTM__electronics__r094,LSTM,1,0.286300093175058,0.8367023113264868,0.0871524874653135,25.0,33.0,0.0086607053876084,128.0,9.706506989835429e-06,182.0,128.0,32.0,0.0,valendin,,LSTM__electronics__r094
real_panel_lstm_bounded32__LSTM__electronics__r095,LSTM,1,0.1840032318311067,0.3114196707937817,0.0863265097141265,36.0,44.0,0.0070132284922073,256.0,0.0001274100819447,148.0,32.0,32.0,0.0,valendin,,LSTM__electronics__r095
real_panel_lstm_bounded32__LSTM__electronics__r096,LSTM,1,0.2204418717098539,0.3640951435558066,0.0855314638465642,31.0,39.0,0.008556599604373,256.0,2.1853317662377942e-06,128.0,128.0,32.0,0.2,valendin,,LSTM__electronics__r096
real_panel_lstm_bounded32__LSTM__electronics__r097,LSTM,1,0.3106123442976795,0.7174775781767239,0.0871985373752457,31.0,39.0,0.0049925409786157,128.0,3.753766629635783e-05,224.0,128.0,32.0,0.0,valendin,,LSTM__electronics__r097
real_panel_lstm_bounded32__LSTM__electronics__r098,LSTM,1,0.1331184499191183,0.1908217210863144,0.0879581402987241,26.0,34.0,0.0056666030715421,256.0,4.903067603858628e-06,108.0,32.0,64.0,0.2,valendin,,LSTM__electronics__r098
real_panel_lstm_bounded32__LSTM__electronics__r099,LSTM,1,0.2532978443941786,0.3852587002338503,0.0855101440101862,31.0,39.0,0.0096359214092662,256.0,0.0040209133863577,128.0,128.0,32.0,0.0,valendin,,LSTM__electronics__r099
real_panel_lstm_bounded32ratio__LSTM__electronics__r000,LSTM,1,0.2939204001840431,0.6945926515253419,0.0880961386220795,8.0,16.0,0.0034655191566663,128.0,1.729155665725951e-05,63.0,128.0,128.0,0.2,valendin,,LSTM__electronics__r000
real_panel_lstm_bounded32ratio__LSTM__electronics__r001,LSTM,1,0.291829456732429,0.6386794359980917,0.0863219480961561,11.0,19.0,0.0072477900895407,256.0,0.0033627222341661,48.0,64.0,32.0,0.0,valendin,,LSTM__electronics__r001
real_panel_lstm_bounded32ratio__LSTM__electronics__r002,LSTM,1,0.3254077360397751,0.7698524084404282,0.0862091109156608,13.0,21.0,0.009207264935355,256.0,0.0007394879009685,56.0,128.0,32.0,0.2,valendin,,LSTM__electronics__r002
real_panel_lstm_bounded32ratio__LSTM__electronics__r003,LSTM,1,0.3088786682674431,0.94719475178753,0.0863190554082393,18.0,26.0,0.0098296003592401,256.0,3.2923088627537945e-06,76.0,128.0,32.0,0.0,valendin,,LSTM__electronics__r003
real_panel_lstm_bounded32ratio__LSTM__electronics__r004,LSTM,1,0.2942652397748639,0.7849488311884901,0.085421122610569,11.0,19.0,0.0098924983660516,256.0,0.0007521731131843,48.0,128.0,64.0,0.2,valendin,,LSTM__electronics__r004
real_panel_lstm_bounded32ratio__LSTM__electronics__r005,LSTM,1,0.3176709968149019,1.672615149518523,0.0865892060101032,10.0,18.0,0.0012487048907397,256.0,2.683415841642603e-05,44.0,64.0,64.0,0.0,valendin,,LSTM__electronics__r005
real_panel_lstm_bounded32ratio__LSTM__electronics__r006,LSTM,1,0.2925248950766911,0.7854356014941286,0.0859172530472278,9.0,17.0,0.0078198033389894,256.0,3.0000661616141045e-05,40.0,64.0,32.0,0.0,valendin,,LSTM__electronics__r006
real_panel_lstm_bounded32ratio__LSTM__electronics__r007,LSTM,1,0.3070448747626156,0.6562454639051036,0.0875007627265793,8.0,16.0,0.0064877483179096,128.0,2.399319021707581e-05,63.0,64.0,128.0,0.2,valendin,,LSTM__electronics__r007
real_panel_lstm_bounded32ratio__LSTM__electronics__r008,LSTM,1,0.3097043025570564,0.918101424430556,0.0857455488294363,7.0,15.0,0.0088362094610069,256.0,2.1149309365412594e-06,32.0,64.0,64.0,0.0,valendin,,LSTM__electronics__r008
real_panel_lstm_bounded32ratio__LSTM__electronics__r009,LSTM,1,0.315481722224873,0.8974935285432795,0.085982896387577,9.0,17.0,0.0047657336506742,256.0,0.0005782563305449,40.0,64.0,128.0,0.0,valendin,,LSTM__electronics__r009
real_panel_lstm_bounded32ratio__LSTM__electronics__r010,LSTM,1,0.2965190419940081,0.4195588011944828,0.0875568762421608,12.0,20.0,0.0041938068113854,256.0,0.002469765279588,52.0,128.0,32.0,0.2,valendin,,LSTM__electronics__r010
real_panel_lstm_bounded32ratio__LSTM__electronics__r011,LSTM,1,0.3068893294498732,0.8749474162672063,0.0878894712243761,7.0,15.0,0.0093541105597506,128.0,0.004024488216305,56.0,32.0,128.0,0.0,valendin,,LSTM__electronics__r011
real_panel_lstm_bounded32ratio__LSTM__electronics__r012,LSTM,1,0.2923624628176495,0.9420333751178406,0.0860450360924005,6.0,14.0,0.0081297787734385,256.0,2.064306697682451e-06,28.0,128.0,64.0,0.0,valendin,,LSTM__electronics__r012
real_panel_lstm_bounded32ratio__LSTM__electronics__r013,LSTM,1,0.3146485611926939,1.0426876667953076,0.0856726858764886,8.0,16.0,0.0052029964551232,256.0,9.187459863779408e-06,36.0,32.0,128.0,0.2,valendin,,LSTM__electronics__r013
real_panel_lstm_bounded32ratio__LSTM__electronics__r014,LSTM,1,0.3083128264068529,0.9112602295913492,0.0859249830245971,7.0,15.0,0.0060626664759816,256.0,0.0048893595773751,32.0,128.0,128.0,0.0,valendin,,LSTM__electronics__r014
real_panel_lstm_bounded32ratio__LSTM__electronics__r015,LSTM,1,0.2875366487712133,0.6903360035666016,0.0858143623918294,11.0,19.0,0.0083112915269396,256.0,1.3760013080050405e-05,48.0,128.0,64.0,0.2,valendin,,LSTM__electronics__r015
real_panel_lstm_bounded32ratio__LSTM__electronics__r016,LSTM,1,0.3111318269011403,1.0586981188786986,0.0860247313976287,24.0,32.0,0.0063020466469591,256.0,0.0020318806820676,100.0,128.0,64.0,0.0,valendin,,LSTM__electronics__r016
real_panel_lstm_bounded32ratio__LSTM__electronics__r017,LSTM,1,0.2996490321884412,0.7765861951280361,0.0876972036702292,7.0,15.0,0.0099217091002791,128.0,0.0020390457624825,56.0,64.0,64.0,0.2,valendin,,LSTM__electronics__r017
real_panel_lstm_bounded32ratio__LSTM__electronics__r018,LSTM,1,0.2977241401728063,0.6753824585878417,0.0865740571171045,7.0,15.0,0.0093764831088112,256.0,3.293205930893021e-06,32.0,128.0,32.0,0.2,valendin,,LSTM__electronics__r018
real_panel_lstm_bounded32ratio__LSTM__electronics__r019,LSTM,1,0.2962349238141168,0.6554963432632838,0.0864344984292984,12.0,20.0,0.0057988528832934,256.0,0.002042863878352,52.0,128.0,128.0,0.0,valendin,,LSTM__electronics__r019
real_panel_lstm_bounded32ratio__LSTM__electronics__r020,LSTM,1,0.2750430680394862,1.4897239155278763,0.0883402920195034,6.0,14.0,0.0008463396573791,128.0,1.440771671537931e-05,49.0,64.0,128.0,0.0,valendin,,LSTM__electronics__r020
real_panel_lstm_bounded32ratio__LSTM__electronics__r021,LSTM,1,0.319279854932343,0.7417207200048227,0.0858686324208974,6.0,14.0,0.0099976374713384,256.0,0.000622575930011,28.0,64.0,128.0,0.0,valendin,,LSTM__electronics__r021
real_panel_lstm_bounded32ratio__LSTM__electronics__r022,LSTM,1,0.2918192517126673,0.7898222009462547,0.0857411660254001,9.0,17.0,0.0095862608013758,256.0,0.000408281213266,40.0,128.0,64.0,0.0,valendin,,LSTM__electronics__r022
real_panel_lstm_bounded32ratio__LSTM__electronics__r023,LSTM,1,0.3104413310974239,0.9299674258499154,0.0857266038656234,6.0,14.0,0.0072696336787244,256.0,0.0058339995484461,28.0,128.0,64.0,0.0,valendin,,LSTM__electronics__r023
real_panel_lstm_bounded32ratio__LSTM__electronics__r024,LSTM,1,0.3184935034859056,0.566621834292368,0.0861588772386312,7.0,15.0,0.0066846773362218,256.0,2.8623021601659163e-06,32.0,64.0,32.0,0.0,valendin,,LSTM__electronics__r024
real_panel_lstm_bounded32ratio__LSTM__electronics__r025,LSTM,1,0.3210329503134682,0.988404538950044,0.0865147057920694,11.0,19.0,0.0043069226448493,256.0,0.0018828914398389,48.0,64.0,128.0,0.0,valendin,,LSTM__electronics__r025
real_panel_lstm_bounded32ratio__LSTM__electronics__r026,LSTM,1,0.314778426947595,0.6689855792985859,0.086707828566432,8.0,16.0,0.0078777596299634,256.0,3.1702810543102115e-05,36.0,64.0,64.0,0.0,valendin,,LSTM__electronics__r026
real_panel_lstm_bounded32ratio__LSTM__electronics__r027,LSTM,1,0.2923657541932376,0.9645203337286208,0.0858812965452671,25.0,33.0,0.0065633940566434,256.0,0.003475333551332,104.0,128.0,64.0,0.0,valendin,,LSTM__electronics__r027
real_panel_lstm_bounded32ratio__LSTM__electronics__r028,LSTM,1,0.2985818450922631,0.79422679507236,0.0883379003831318,5.0,13.0,0.0083984816590213,128.0,6.686407821721798e-05,42.0,128.0,64.0,0.0,valendin,,LSTM__electronics__r028
real_panel_lstm_bounded32ratio__LSTM__electronics__r029,LSTM,1,0.3063747383954875,0.8092381695393144,0.0859228875488042,11.0,19.0,0.0064186465970348,256.0,3.5545881412677084e-05,48.0,128.0,64.0,0.0,valendin,,LSTM__electronics__r029
real_panel_lstm_bounded32ratio__LSTM__electronics__r030,LSTM,1,0.274061929663697,0.6100664869060324,0.0857341922819614,7.0,15.0,0.0063977406210125,256.0,0.0024042712011037,32.0,64.0,64.0,0.2,valendin,,LSTM__electronics__r030
real_panel_lstm_bounded32ratio__LSTM__electronics__r031,LSTM,1,0.2968948363096949,0.6081304453176035,0.0862385705113411,7.0,15.0,0.0088189525728679,256.0,9.222001144218442e-05,32.0,128.0,32.0,0.0,valendin,,LSTM__electronics__r031
real_panel_lstm_bounded32ratio__LSTM__electronics__r032,LSTM,1,0.2891954999119469,0.6780147238356712,0.0863628592342138,11.0,19.0,0.003315063423954,256.0,0.0002845092183895,48.0,128.0,64.0,0.2,valendin,,LSTM__electronics__r032
real_panel_lstm_bounded32ratio__LSTM__electronics__r033,LSTM,1,0.3265225759077558,0.6469801091168075,0.0860449858009815,8.0,16.0,0.0082104422985028,256.0,0.0002065726600594,36.0,128.0,32.0,0.0,valendin,,LSTM__electronics__r033
real_panel_lstm_bounded32ratio__LSTM__electronics__r034,LSTM,1,0.2936426872576367,0.6658260527225824,0.0861062109470367,14.0,22.0,0.0053575797547024,256.0,2.018743717331641e-06,60.0,128.0,64.0,0.2,valendin,,LSTM__electronics__r034
real_panel_lstm_bounded32ratio__LSTM__electronics__r035,LSTM,1,0.3040151595677225,1.0786282475474258,0.0882955885359219,15.0,23.0,0.0089822268486921,128.0,0.000337216945161,112.0,128.0,64.0,0.2,valendin,,LSTM__electronics__r035
real_panel_lstm_bounded32ratio__LSTM__electronics__r036,LSTM,1,0.299792751886446,0.7663712457933736,0.0859985332936048,10.0,18.0,0.0067977650081939,256.0,1.9972199843531946e-05,44.0,64.0,64.0,0.0,valendin,,LSTM__electronics__r036
real_panel_lstm_bounded32ratio__LSTM__electronics__r037,LSTM,1,0.3135346364896429,0.7950034130519029,0.0855994001030922,12.0,20.0,0.0070143783545408,256.0,3.785025313683589e-06,52.0,128.0,64.0,0.0,valendin,,LSTM__electronics__r037
real_panel_lstm_bounded32ratio__LSTM__electronics__r038,LSTM,1,0.306438104503726,0.7216532817590694,0.0853409972041845,11.0,19.0,0.0080407149040654,256.0,0.0037763607249844,48.0,32.0,64.0,0.2,valendin,,LSTM__electronics__r038
real_panel_lstm_bounded32ratio__LSTM__electronics__r039,LSTM,1,0.3061008494798796,1.2821256997607648,0.0860568974167108,9.0,17.0,0.0084174246314245,256.0,1.7270669279542984e-06,40.0,64.0,32.0,0.0,valendin,,LSTM__electronics__r039
real_panel_lstm_bounded32ratio__LSTM__electronics__r040,LSTM,1,0.2305741618096299,1.426407969200621,0.0862035006284713,11.0,19.0,0.0055828469296765,256.0,8.189158500740253e-05,48.0,32.0,32.0,0.0,valendin,,LSTM__electronics__r040
real_panel_lstm_bounded32ratio__LSTM__electronics__r041,LSTM,1,0.3092983493099043,0.8536819394948046,0.0858961623162031,9.0,17.0,0.0078565477291926,256.0,0.000130946212288,40.0,64.0,64.0,0.2,valendin,,LSTM__electronics__r041
real_panel_lstm_bounded32ratio__LSTM__electronics__r042,LSTM,1,0.312698177797763,0.6675118091837047,0.0864169914275407,10.0,18.0,0.0099874559277671,256.0,5.385436374314172e-06,44.0,128.0,64.0,0.2,valendin,,LSTM__electronics__r042
real_panel_lstm_bounded32ratio__LSTM__electronics__r043,LSTM,1,0.2849077256147185,1.1051132746495576,0.0863528829067945,10.0,18.0,0.0028305910867302,256.0,0.0001893394127896,44.0,64.0,64.0,0.0,valendin,,LSTM__electronics__r043
real_panel_lstm_bounded32ratio__LSTM__electronics__r044,LSTM,1,0.3000203026759646,0.8055242493346203,0.0863939095288515,19.0,27.0,0.007067482515613,256.0,0.0001294460036188,80.0,128.0,64.0,0.2,valendin,,LSTM__electronics__r044
real_panel_lstm_bounded32ratio__LSTM__electronics__r045,LSTM,1,0.3091520546952678,0.7534241475871226,0.0867211483418941,10.0,18.0,0.0095393271458726,256.0,0.0012715457471105,44.0,128.0,128.0,0.2,valendin,,LSTM__electronics__r045
real_panel_lstm_bounded32ratio__LSTM__electronics__r046,LSTM,1,0.3065142811548567,0.9368871154338808,0.0856162291020155,25.0,33.0,0.0062793810678208,256.0,0.0009795991322121,104.0,128.0,64.0,0.0,valendin,,LSTM__electronics__r046
real_panel_lstm_bounded32ratio__LSTM__electronics__r047,LSTM,1,0.3085123447133748,0.7395814630094042,0.0858000628650188,9.0,17.0,0.005143192851155,256.0,0.0051770572184049,40.0,128.0,64.0,0.0,valendin,,LSTM__electronics__r047
real_panel_lstm_bounded32ratio__LSTM__electronics__r048,LSTM,1,0.3118701910341453,0.7505363908914516,0.0882254530276571,3.0,11.0,0.0093472023677732,128.0,9.013915545813746e-06,28.0,64.0,128.0,0.0,valendin,,LSTM__electronics__r048
real_panel_lstm_bounded32ratio__LSTM__electronics__r049,LSTM,1,0.3002969974500367,0.7518471900306536,0.0861385967582464,9.0,17.0,0.0097229047652265,256.0,5.77105925046196e-05,40.0,128.0,128.0,0.2,valendin,,LSTM__electronics__r049
real_panel_lstm_bounded32ratio__LSTM__electronics__r050,LSTM,1,0.3038502346635466,0.8683899761886589,0.085599347949028,26.0,34.0,0.0059365557168771,256.0,0.0020202804262887,108.0,128.0,64.0,0.2,valendin,,LSTM__electronics__r050
real_panel_lstm_bounded32ratio__LSTM__electronics__r051,LSTM,1,0.3000847000099706,1.1708001925703315,0.0876857819301741,22.0,30.0,0.0087247309159096,128.0,4.209267361822034e-05,161.0,128.0,32.0,0.0,valendin,,LSTM__electronics__r051
real_panel_lstm_bounded32ratio__LSTM__electronics__r052,LSTM,1,0.2891774183308868,0.6831379567867232,0.0859471894800663,10.0,18.0,0.0099628304525514,256.0,0.0002304368586838,44.0,128.0,128.0,0.2,valendin,,LSTM__electronics__r052
real_panel_lstm_bounded32ratio__LSTM__electronics__r053,LSTM,1,0.3092078429675512,1.054000545720433,0.0860767550766468,22.0,30.0,0.0098233353237106,256.0,0.0013257597139415,92.0,128.0,32.0,0.2,valendin,,LSTM__electronics__r053
real_panel_lstm_bounded32ratio__LSTM__electronics__r054,LSTM,1,0.3025354600183995,0.7862700412514634,0.0864741839468479,5.0,13.0,0.0095966141934923,256.0,0.0094957933576177,24.0,128.0,128.0,0.0,valendin,,LSTM__electronics__r054
real_panel_lstm_bounded32ratio__LSTM__electronics__r055,LSTM,1,0.2934296110092825,0.982102208185178,0.0862599890679121,18.0,26.0,0.007813830637953,256.0,0.0008520903031878,76.0,128.0,64.0,0.2,valendin,,LSTM__electronics__r055
real_panel_lstm_bounded32ratio__LSTM__electronics__r056,LSTM,1,0.2882596423960519,0.5862507244679319,0.0859777182340622,13.0,21.0,0.0064003555089703,256.0,1.4455506594172285e-05,56.0,128.0,64.0,0.2,valendin,,LSTM__electronics__r056
real_panel_lstm_bounded32ratio__LSTM__electronics__r057,LSTM,1,0.2979336780598828,0.67191039071694,0.0853971876204013,14.0,22.0,0.0075134602340632,256.0,0.0019126300637341,60.0,32.0,32.0,0.2,valendin,,LSTM__electronics__r057
real_panel_lstm_bounded32ratio__LSTM__electronics__r058,LSTM,1,0.2841351380253916,0.8678870122008051,0.088304329663515,8.0,16.0,0.0012477479748767,256.0,1.020355807235726e-06,36.0,64.0,128.0,0.2,valendin,,LSTM__electronics__r058
real_panel_lstm_bounded32ratio__LSTM__electronics__r059,LSTM,1,0.3006251999294222,0.8190089136996946,0.0870886482298374,11.0,19.0,0.0089737960101558,256.0,1.5161916583735924e-06,48.0,64.0,128.0,0.0,valendin,,LSTM__electronics__r059
real_panel_lstm_bounded32ratio__LSTM__electronics__r060,LSTM,1,0.2969766852885172,0.780993323939852,0.0880987878356661,6.0,14.0,0.0098674833176139,128.0,4.895949406070413e-06,49.0,32.0,64.0,0.2,valendin,,LSTM__electronics__r060
real_panel_lstm_bounded32ratio__LSTM__electronics__r061,LSTM,1,0.3342820859438418,1.3624416733483755,0.0857465434819459,30.0,38.0,0.0098672566476601,256.0,9.437933676161307e-05,124.0,128.0,32.0,0.0,valendin,,LSTM__electronics__r061
real_panel_lstm_bounded32ratio__LSTM__electronics__r062,LSTM,1,0.3101926534974031,0.8340107583382389,0.0858810171484947,10.0,18.0,0.0089316743376905,256.0,0.0021729760560599,44.0,128.0,64.0,0.0,valendin,,LSTM__electronics__r062
real_panel_lstm_bounded32ratio__LSTM__electronics__r063,LSTM,1,0.3043729023606177,0.8535864766966781,0.0856012068688869,11.0,19.0,0.0097279857061299,256.0,7.372197124515014e-05,48.0,64.0,64.0,0.0,valendin,,LSTM__electronics__r063
real_panel_lstm_bounded32ratio__LSTM__electronics__r064,LSTM,1,0.3011377268326915,0.7814980386304081,0.0859443563967943,10.0,18.0,0.0072879309002976,256.0,3.426255692983837e-06,44.0,64.0,64.0,0.0,valendin,,LSTM__electronics__r064
real_panel_lstm_bounded32ratio__LSTM__electronics__r065,LSTM,1,0.2963600683383748,0.7598116130046286,0.0860571134835481,7.0,15.0,0.0069110658251773,256.0,6.122569709189768e-06,32.0,128.0,64.0,0.0,valendin,,LSTM__electronics__r065
real_panel_lstm_bounded32ratio__LSTM__electronics__r066,LSTM,1,0.3209944085357787,1.0398109045873392,0.0859273802489042,15.0,23.0,0.0048816516379791,256.0,0.007611066070537,64.0,32.0,32.0,0.0,valendin,,LSTM__electronics__r066
real_panel_lstm_bounded32ratio__LSTM__electronics__r067,LSTM,1,0.3037793478367855,0.8086013172659778,0.0882914523993219,6.0,14.0,0.0099833744448032,128.0,0.0001777906534271,49.0,64.0,64.0,0.2,valendin,,LSTM__electronics__r067
real_panel_lstm_bounded32ratio__LSTM__electronics__r068,LSTM,1,0.2980769595131904,0.9129520960352934,0.0861534662544727,12.0,20.0,0.0077045226861079,256.0,0.006335146460389,52.0,32.0,64.0,0.0,valendin,,LSTM__electronics__r068
real_panel_lstm_bounded32ratio__LSTM__electronics__r069,LSTM,1,0.2824075795188516,0.8369264257459433,0.0871961377561092,6.0,14.0,0.0092563780282328,256.0,0.0033393692478818,28.0,64.0,128.0,0.2,valendin,,LSTM__electronics__r069
real_panel_lstm_bounded32ratio__LSTM__electronics__r070,LSTM,1,0.3019968507179345,0.9982040767777812,0.0862330850213766,7.0,15.0,0.0074156656788156,256.0,0.0004956808223397,32.0,128.0,64.0,0.0,valendin,,LSTM__electronics__r070
real_panel_lstm_bounded32ratio__LSTM__electronics__r071,LSTM,1,0.287182528287783,0.9336577945220862,0.0859366990625858,12.0,20.0,0.0071664072435858,256.0,8.871635655435088e-06,52.0,128.0,64.0,0.0,valendin,,LSTM__electronics__r071
real_panel_lstm_bounded32ratio__LSTM__electronics__r072,LSTM,1,0.3022354559602193,0.7299790397859963,0.0864701364189386,8.0,16.0,0.0063614044478572,256.0,1.0032687251249405e-06,36.0,64.0,128.0,0.2,valendin,,LSTM__electronics__r072
real_panel_lstm_bounded32ratio__LSTM__electronics__r073,LSTM,1,0.3138008343703102,0.8964776280795106,0.0859738420695066,10.0,18.0,0.0056651565699435,256.0,1.491778084891464e-05,44.0,64.0,64.0,0.2,valendin,,LSTM__electronics__r073
real_panel_lstm_bounded32ratio__LSTM__electronics__r074,LSTM,1,0.2904992868412306,2.0721476339672944,0.0862197168171405,13.0,21.0,0.0012956636949862,256.0,5.283384275456227e-05,56.0,32.0,64.0,0.0,valendin,,LSTM__electronics__r074
real_panel_lstm_bounded32ratio__LSTM__electronics__r075,LSTM,1,0.3080222596227294,0.7427336314699275,0.086017083376646,11.0,19.0,0.0079572461153859,256.0,0.0030174870491396,48.0,128.0,64.0,0.2,valendin,,LSTM__electronics__r075
real_panel_lstm_bounded32ratio__LSTM__electronics__r076,LSTM,1,0.2994115411599642,0.875477835007515,0.0863861665129661,13.0,21.0,0.0076470072214431,256.0,0.0015094841884524,56.0,32.0,32.0,0.2,valendin,,LSTM__electronics__r076
real_panel_lstm_bounded32ratio__LSTM__electronics__r077,LSTM,1,0.278017023767244,1.3193166886798806,0.0862998664379119,10.0,18.0,0.0015211802919345,256.0,6.498086545060381e-06,44.0,32.0,128.0,0.0,valendin,,LSTM__electronics__r077
real_panel_lstm_bounded32ratio__LSTM__electronics__r078,LSTM,1,0.3008134122043117,0.9434662786132078,0.0856783241033554,11.0,19.0,0.0096762158135123,256.0,9.972497548632191e-06,48.0,64.0,128.0,0.2,valendin,,LSTM__electronics__r078
real_panel_lstm_bounded32ratio__LSTM__electronics__r079,LSTM,1,0.2971430912538786,0.9225386061351848,0.086075272411108,11.0,19.0,0.0062380661372851,256.0,0.0005258162072234,48.0,128.0,64.0,0.0,valendin,,LSTM__electronics__r079
real_panel_lstm_bounded32ratio__LSTM__electronics__r080,LSTM,1,0.2989157737815489,0.8259664968208928,0.0864327140152454,11.0,19.0,0.0070820722875163,256.0,4.81881157615238e-05,48.0,64.0,32.0,0.2,valendin,,LSTM__electronics__r080
real_panel_lstm_bounded32ratio__LSTM__electronics__r081,LSTM,1,0.2998991596873581,1.198999732130649,0.0861456803977489,23.0,31.0,0.0024192070554979,256.0,4.390068811121349e-06,96.0,64.0,64.0,0.0,valendin,,LSTM__electronics__r081
real_panel_lstm_bounded32ratio__LSTM__electronics__r082,LSTM,1,0.3094292548113027,0.8051041968599425,0.0864524114876985,10.0,18.0,0.003050295246398,256.0,6.675113387442262e-06,44.0,128.0,128.0,0.0,valendin,,LSTM__electronics__r082
real_panel_lstm_bounded32ratio__LSTM__electronics__r083,LSTM,1,0.2909998248527974,0.7248132412583419,0.0857884120196104,11.0,19.0,0.0091030426772249,256.0,0.0003187506400658,48.0,128.0,64.0,0.2,valendin,,LSTM__electronics__r083
real_panel_lstm_bounded32ratio__LSTM__electronics__r084,LSTM,1,0.3051639181844104,0.7848470460729696,0.0885054729878902,9.0,17.0,0.0032316214463893,256.0,0.0095114233824535,40.0,64.0,64.0,0.2,valendin,,LSTM__electronics__r084
real_panel_lstm_bounded32ratio__LSTM__electronics__r085,LSTM,1,0.3008653812043441,0.9293646523603202,0.0869014002382755,7.0,15.0,0.0027527475479303,256.0,0.0035100248713519,32.0,128.0,128.0,0.2,valendin,,LSTM__electronics__r085
real_panel_lstm_bounded32ratio__LSTM__electronics__r086,LSTM,1,0.289838858819905,1.4407760285256055,0.0855887271463871,22.0,30.0,0.0057890616306738,256.0,0.00262676589603,92.0,128.0,64.0,0.0,valendin,,LSTM__electronics__r086
real_panel_lstm_bounded32ratio__LSTM__electronics__r087,LSTM,1,0.3004701594233167,0.6603607733220108,0.0859264954924583,12.0,20.0,0.0055470313583317,256.0,2.4363417455567395e-05,52.0,128.0,128.0,0.0,valendin,,LSTM__electronics__r087
real_panel_lstm_bounded32ratio__LSTM__electronics__r088,LSTM,1,0.3228793684887355,0.6843392111262444,0.0875350779720715,11.0,19.0,0.0058877389926293,128.0,6.427992697215397e-05,84.0,128.0,128.0,0.2,valendin,,LSTM__electronics__r088
real_panel_lstm_bounded32ratio__LSTM__electronics__r089,LSTM,1,0.3332375337846727,0.6972255525234334,0.0862917695194482,5.0,13.0,0.0083625754365391,256.0,2.2308256633897077e-05,24.0,128.0,32.0,0.2,valendin,,LSTM__electronics__r089
real_panel_lstm_bounded32ratio__LSTM__electronics__r090,LSTM,1,0.3261496961675684,1.0808098920555569,0.0864855647087097,15.0,23.0,0.0076496035376915,256.0,0.000163271646815,64.0,64.0,128.0,0.0,valendin,,LSTM__electronics__r090
real_panel_lstm_bounded32ratio__LSTM__electronics__r091,LSTM,1,0.3161238794460149,0.8375838074335372,0.0859915483742952,12.0,20.0,0.0051328712876424,256.0,0.0026445320350758,52.0,64.0,64.0,0.0,valendin,,LSTM__electronics__r091
real_panel_lstm_bounded32ratio__LSTM__electronics__r092,LSTM,1,0.3048687833704875,0.7490926206056885,0.0861381571739912,11.0,19.0,0.0076232968856336,256.0,0.0010966460567191,48.0,128.0,64.0,0.2,valendin,,LSTM__electronics__r092
real_panel_lstm_bounded32ratio__LSTM__electronics__r093,LSTM,1,0.2996019330832189,1.194443271534647,0.0873483289033174,10.0,18.0,0.0020247593525734,256.0,0.0001230353913371,44.0,32.0,64.0,0.0,valendin,,LSTM__electronics__r093
real_panel_lstm_bounded32ratio__LSTM__electronics__r094,LSTM,1,0.3008424619600306,0.7530126357501546,0.0866295136511325,9.0,17.0,0.0097837212286674,256.0,0.0061195627991048,40.0,128.0,32.0,0.2,valendin,,LSTM__electronics__r094
real_panel_lstm_bounded32ratio__LSTM__electronics__r095,LSTM,1,0.2956957878236285,0.9265074334154938,0.0859733279794454,13.0,21.0,0.0069713884055609,256.0,0.0006200267577669,56.0,64.0,128.0,0.0,valendin,,LSTM__electronics__r095
real_panel_lstm_bounded32ratio__LSTM__electronics__r096,LSTM,1,0.2863713727851641,0.7395591607883503,0.0865620151162147,9.0,17.0,0.0043312442486183,256.0,1.452079526626325e-05,40.0,128.0,64.0,0.2,valendin,,LSTM__electronics__r096
real_panel_lstm_bounded32ratio__LSTM__electronics__r097,LSTM,1,0.31695819929162,0.7473532708918966,0.0857381597161293,11.0,19.0,0.0085328311300488,256.0,0.0003914618830062,48.0,128.0,64.0,0.2,valendin,,LSTM__electronics__r097
real_panel_lstm_bounded32ratio__LSTM__electronics__r098,LSTM,1,0.2891126065035555,0.6010008724332827,0.0862232390791177,19.0,27.0,0.0031817367681226,256.0,3.207427125345268e-06,80.0,128.0,64.0,0.2,valendin,,LSTM__electronics__r098
real_panel_lstm_bounded32ratio__LSTM__electronics__r099,LSTM,1,0.3045509789783497,1.043029304845922,0.0868539232760667,24.0,32.0,0.0099679383312294,256.0,1.2892075545081848e-06,100.0,128.0,32.0,0.2,valendin,,LSTM__electronics__r099
real_panel_lstm_log__LSTM__electronics__r000,LSTM,1,0.2965056229008385,2.9850414682495097,0.0862980857491493,27.0,35.0,0.0096273152664896,256.0,0.0004272750790239,112.0,64.0,128.0,0.2,valendin,,LSTM__electronics__r000
real_panel_lstm_log__LSTM__electronics__r001,LSTM,1,0.2987692426177736,2.0037560649737185,0.0852222349494695,23.0,31.0,0.0097400319611459,256.0,0.0001435080688342,96.0,64.0,128.0,0.2,valendin,,LSTM__electronics__r001
real_panel_lstm_log__LSTM__electronics__r002,LSTM,1,0.2990049838011315,2.611165101373273,0.0863448549062013,18.0,26.0,0.006732551026936,256.0,8.397788015799382e-05,76.0,128.0,128.0,0.2,valendin,,LSTM__electronics__r002
real_panel_lstm_log__LSTM__electronics__r003,LSTM,1,0.302982511264641,3.847599898285528,0.0862379670143127,29.0,37.0,0.0094318887284514,256.0,8.671876286564243e-06,120.0,32.0,128.0,0.0,valendin,,LSTM__electronics__r003
real_panel_lstm_log__LSTM__electronics__r004,LSTM,1,0.2975224325148023,2.677163270565482,0.0875419814671788,12.0,20.0,0.0099735755206799,128.0,1.596244192447821e-05,91.0,128.0,128.0,0.2,valendin,,LSTM__electronics__r004
real_panel_lstm_log__LSTM__electronics__r005,LSTM,1,0.29496191614568,2.681841291872482,0.0873087346553802,19.0,27.0,0.0092966063144646,128.0,6.119470180474752e-05,140.0,64.0,128.0,0.2,valendin,,LSTM__electronics__r005
real_panel_lstm_log__LSTM__electronics__r006,LSTM,1,0.2903862240753941,4.868896373568193,0.0878656227141618,25.0,33.0,0.0094902729756099,256.0,2.1719042152986804e-06,104.0,32.0,128.0,0.0,valendin,,LSTM__electronics__r006
real_panel_lstm_log__LSTM__electronics__r007,LSTM,1,0.2921584834214866,3.9262636051717736,0.088138805845609,17.0,25.0,0.0093329240608136,64.0,0.0012313220147146,234.0,128.0,128.0,0.0,valendin,,LSTM__electronics__r007
real_panel_lstm_log__LSTM__electronics__r008,LSTM,1,0.3218421652250209,2.3538653038386927,0.0854708719998598,23.0,31.0,0.009956904520237,256.0,4.804122947307299e-06,96.0,64.0,128.0,0.2,valendin,,LSTM__electronics__r008
real_panel_lstm_log__LSTM__electronics__r009,LSTM,1,0.3062613493848912,2.511300983185817,0.0851284619420766,26.0,34.0,0.007864238977174,256.0,4.374235909301527e-06,108.0,128.0,128.0,0.2,valendin,,LSTM__electronics__r009
real_panel_lstm_log__LSTM__electronics__r010,LSTM,1,0.3089020257279475,5.789120451845613,0.0875467360019683,26.0,34.0,0.0087267460643373,256.0,0.000874468302913,108.0,64.0,64.0,0.0,valendin,,LSTM__electronics__r010
real_panel_lstm_log__LSTM__electronics__r011,LSTM,1,0.2973112316760969,3.033290164379452,0.0880904804383005,19.0,27.0,0.0064708622243546,128.0,1.9231031052505496e-05,140.0,128.0,128.0,0.2,valendin,,LSTM__electronics__r011
real_panel_lstm_log__LSTM__electronics__r012,LSTM,1,0.2821465051040142,2.301768891930333,0.0854566693305969,19.0,27.0,0.0097492782945629,256.0,2.7448348879942197e-06,80.0,128.0,128.0,0.2,valendin,,LSTM__electronics__r012
real_panel_lstm_log__LSTM__electronics__r013,LSTM,1,0.3010049463358107,3.9211556134375134,0.0853376481682062,30.0,38.0,0.0084230539992557,256.0,5.545714759884594e-06,124.0,64.0,128.0,0.0,valendin,,LSTM__electronics__r013
real_panel_lstm_log__LSTM__electronics__r014,LSTM,1,0.282911247503008,2.7689571424257515,0.0856289956718683,14.0,22.0,0.0089635069777392,256.0,0.0026055684134286,60.0,64.0,128.0,0.2,valendin,,LSTM__electronics__r014
real_panel_lstm_log__LSTM__electronics__r015,LSTM,1,0.2810742616995305,2.482430056469507,0.087448385144983,15.0,23.0,0.0097734337083195,128.0,2.6774959394460064e-05,112.0,128.0,128.0,0.2,valendin,,LSTM__electronics__r015
real_panel_lstm_log__LSTM__electronics__r016,LSTM,1,0.2978581529115384,4.8270255096697445,0.0858543887734413,38.0,46.0,0.0094635168565569,256.0,6.472669136006251e-06,156.0,64.0,64.0,0.0,valendin,,LSTM__electronics__r016
real_panel_lstm_log__LSTM__electronics__r017,LSTM,1,0.2775173606340734,5.239393045369458,0.0881937276571989,9.0,17.0,0.002616899011165,256.0,0.0017836976806246,40.0,64.0,128.0,0.0,valendin,,LSTM__electronics__r017
real_panel_lstm_log__LSTM__electronics__r018,LSTM,1,0.2921858756350557,2.362235639269617,0.0877533299582345,29.0,37.0,0.0063379395170194,128.0,1.9104677377425903e-06,210.0,128.0,128.0,0.2,valendin,,LSTM__electronics__r018
real_panel_lstm_log__LSTM__electronics__r019,LSTM,1,0.2992143960695598,4.049531002005088,0.0878027422087533,13.0,21.0,0.0090094476454565,128.0,0.0023981888690623,98.0,32.0,128.0,0.0,valendin,,LSTM__electronics__r019
real_panel_lstm_log__LSTM__electronics__r020,LSTM,1,0.2915986383669069,4.790084633209516,0.088874340057373,7.0,15.0,0.0066546409109637,256.0,0.0011108383152855,32.0,32.0,64.0,0.2,valendin,,LSTM__electronics__r020
real_panel_lstm_log__LSTM__electronics__r021,LSTM,1,0.3043515272131291,3.8531224775801687,0.0879671275615692,15.0,23.0,0.0071671349034731,256.0,9.362177464272393e-05,64.0,128.0,64.0,0.0,valendin,,LSTM__electronics__r021
real_panel_lstm_log__LSTM__electronics__r022,LSTM,1,0.3015055996426758,1.9170686275083249,0.0876852178147861,15.0,23.0,0.005517757248453,128.0,5.852089640402123e-06,112.0,128.0,128.0,0.0,valendin,,LSTM__electronics__r022
real_panel_lstm_log__LSTM__electronics__r023,LSTM,1,0.30163820031684,2.258135845099859,0.0853196252137422,24.0,32.0,0.0091626977698887,256.0,0.0010314881479278,100.0,128.0,128.0,0.2,valendin,,LSTM__electronics__r023
real_panel_lstm_log__LSTM__electronics__r024,LSTM,1,0.3050239849913934,2.907667915806141,0.0867675077170133,36.0,44.0,0.006928654849946,256.0,1.4022145324779264e-06,148.0,64.0,128.0,0.0,valendin,,LSTM__electronics__r024
real_panel_lstm_log__LSTM__electronics__r025,LSTM,1,0.2992577197092941,3.880997120158028,0.0857939552515745,34.0,42.0,0.0089019579797716,256.0,2.6107087448801496e-06,140.0,64.0,128.0,0.0,valendin,,LSTM__electronics__r025
real_panel_lstm_log__LSTM__electronics__r026,LSTM,1,0.3027479545288175,5.583525397360184,0.0864482838660478,25.0,33.0,0.0090715364670983,256.0,2.0894955270520434e-06,104.0,64.0,64.0,0.2,valendin,,LSTM__electronics__r026
real_panel_lstm_log__LSTM__electronics__r027,LSTM,1,0.3056656314766633,2.364418168653138,0.087695446397577,16.0,24.0,0.0097360559532576,128.0,0.0001345183049617,119.0,64.0,128.0,0.2,valendin,,LSTM__electronics__r027
real_panel_lstm_log__LSTM__electronics__r028,LSTM,1,0.2919159989253705,2.760279882194556,0.087594564471926,16.0,24.0,0.0087913364214973,128.0,3.770080062544967e-05,119.0,64.0,128.0,0.0,valendin,,LSTM__electronics__r028
real_panel_lstm_log__LSTM__electronics__r029,LSTM,1,0.2975163984044872,8.568238365013224,0.0888351031712123,13.0,21.0,0.0083053467626797,128.0,0.0007143824060949,98.0,64.0,32.0,0.2,valendin,,LSTM__electronics__r029
real_panel_lstm_log__LSTM__electronics__r030,LSTM,1,0.2847962570009564,6.894459922452143,0.0884054899215698,11.0,19.0,0.0084267563439123,256.0,0.0088772208569871,48.0,32.0,32.0,0.2,valendin,,LSTM__electronics__r030
real_panel_lstm_log__LSTM__electronics__r031,LSTM,1,0.3023272277645009,2.9433494949979986,0.0884454542627701,15.0,23.0,0.0081165790145412,64.0,3.394827332326345e-06,208.0,128.0,128.0,0.0,valendin,,LSTM__electronics__r031
real_panel_lstm_log__LSTM__electronics__r032,LSTM,1,0.2868691247452958,2.5399251711903728,0.0862312316894531,40.0,48.0,0.0059692724661982,256.0,0.0002144998130206,164.0,32.0,128.0,0.2,valendin,,LSTM__electronics__r032
real_panel_lstm_log__LSTM__electronics__r033,LSTM,1,0.3162535923263455,3.328464264782645,0.0874616748520306,20.0,28.0,0.0064594350277818,128.0,0.0002025827813565,147.0,128.0,128.0,0.0,valendin,,LSTM__electronics__r033
real_panel_lstm_log__LSTM__electronics__r034,LSTM,1,0.3090985857500276,4.988208045521311,0.0888255517929792,8.0,16.0,0.0043154370134786,256.0,0.0001933574803768,36.0,32.0,128.0,0.2,valendin,,LSTM__electronics__r034
real_panel_lstm_log__LSTM__electronics__r035,LSTM,1,0.2911690840948932,2.624807693013248,0.0876302314656121,19.0,27.0,0.0098181872125953,128.0,0.0087516681074094,140.0,128.0,64.0,0.2,valendin,,LSTM__electronics__r035
real_panel_lstm_log__LSTM__electronics__r036,LSTM,1,0.2898527799657,2.0558343458577566,0.0881960519722529,44.0,52.0,0.0043304243388776,128.0,0.008047346133717,315.0,64.0,128.0,0.2,valendin,,LSTM__electronics__r036
real_panel_lstm_log__LSTM__electronics__r037,LSTM,1,0.2840614761458561,5.618015818366809,0.0872750468552112,19.0,27.0,0.0050572040030598,256.0,8.08428981845338e-05,80.0,32.0,128.0,0.0,valendin,,LSTM__electronics__r037
real_panel_lstm_log__LSTM__electronics__r038,LSTM,1,0.3020522050786852,2.527670521332788,0.0853568892925977,30.0,38.0,0.0091363053124808,256.0,0.0081293455931521,124.0,128.0,128.0,0.0,valendin,,LSTM__electronics__r038
real_panel_lstm_log__LSTM__electronics__r039,LSTM,1,0.2994820355723597,2.6918539701958326,0.0853365901857614,26.0,34.0,0.0092116470854968,256.0,4.069723687647632e-06,108.0,128.0,128.0,0.0,valendin,,LSTM__electronics__r039
real_panel_lstm_log__LSTM__electronics__r040,LSTM,1,0.2886278889525621,10.846757711154826,0.0882070437073707,37.0,45.0,0.002869068521626,256.0,2.0938798707480644e-06,152.0,64.0,32.0,0.2,valendin,,LSTM__electronics__r040
real_panel_lstm_log__LSTM__electronics__r041,LSTM,1,0.2981616982637314,2.691082976910501,0.0859708301723003,20.0,28.0,0.0095457857247511,256.0,1.942618184190765e-06,84.0,128.0,128.0,0.2,valendin,,LSTM__electronics__r041
real_panel_lstm_log__LSTM__electronics__r042,LSTM,1,0.3111222053964685,2.515789839571845,0.0852867532521486,26.0,34.0,0.0090238932265077,256.0,0.0020977819507873,108.0,128.0,128.0,0.0,valendin,,LSTM__electronics__r042
real_panel_lstm_log__LSTM__electronics__r043,LSTM,1,0.2969838263156112,2.361800951270509,0.085801038891077,19.0,27.0,0.0089804869226931,256.0,4.737055571201521e-06,80.0,64.0,128.0,0.2,valendin,,LSTM__electronics__r043
real_panel_lstm_log__LSTM__electronics__r044,LSTM,1,0.2999881187946636,2.3596616345584684,0.0885699973083459,7.0,15.0,0.0064700630007122,64.0,0.0001549540455426,104.0,128.0,128.0,0.2,valendin,,LSTM__electronics__r044
real_panel_lstm_log__LSTM__electronics__r045,LSTM,1,0.2954409450331374,2.9776143448276264,0.0847495403140783,26.0,34.0,0.0090405252369413,256.0,2.0389622250507724e-06,108.0,128.0,128.0,0.2,valendin,,LSTM__electronics__r045
real_panel_lstm_log__LSTM__electronics__r046,LSTM,1,0.2937966775708983,2.7081941406777306,0.0855920296162366,26.0,34.0,0.0066485419241617,256.0,9.162021950650566e-06,108.0,128.0,128.0,0.2,valendin,,LSTM__electronics__r046
real_panel_lstm_log__LSTM__electronics__r047,LSTM,1,0.2955546912850924,3.206060382324193,0.0874920647059168,12.0,20.0,0.0092320783622459,128.0,0.0042643863587742,91.0,128.0,64.0,0.0,valendin,,LSTM__electronics__r047
real_panel_lstm_log__LSTM__electronics__r048,LSTM,1,0.3014211388628951,2.8536999947597845,0.0886307863088754,6.0,14.0,0.0098257406714776,64.0,0.0016472672973337,91.0,128.0,128.0,0.0,valendin,,LSTM__electronics__r048
real_panel_lstm_log__LSTM__electronics__r049,LSTM,1,0.2722082664328487,7.503108839479855,0.0889238119125366,8.0,16.0,0.005498757692944,256.0,4.828882320792098e-06,36.0,32.0,128.0,0.2,valendin,,LSTM__electronics__r049
real_panel_lstm_log__LSTM__electronics__r050,LSTM,1,0.2953013257677108,3.28387696463883,0.0885447621918641,6.0,14.0,0.0087558213594747,64.0,0.0083495791969917,91.0,128.0,128.0,0.2,valendin,,LSTM__electronics__r050
real_panel_lstm_log__LSTM__electronics__r051,LSTM,1,0.2852498121007383,2.5039810838227816,0.0857155285775661,31.0,39.0,0.0083329621160935,256.0,3.877255753286524e-06,128.0,64.0,128.0,0.2,valendin,,LSTM__electronics__r051
real_panel_lstm_log__LSTM__electronics__r052,LSTM,1,0.302640979682907,2.4497336943265355,0.0858469847589731,21.0,29.0,0.0099266491887996,256.0,4.910628673895446e-06,88.0,128.0,128.0,0.0,valendin,,LSTM__electronics__r052
real_panel_lstm_log__LSTM__electronics__r053,LSTM,1,0.3016864259138229,2.5833727981266814,0.0876634184803281,9.0,17.0,0.0096876980793138,128.0,9.502136623821509e-05,70.0,128.0,128.0,0.2,valendin,,LSTM__electronics__r053
real_panel_lstm_log__LSTM__electronics__r054,LSTM,1,0.2891259967993459,6.515090650638206,0.0879333280026912,8.0,16.0,0.004241280087641,256.0,0.0005515765433294,36.0,32.0,128.0,0.0,valendin,,LSTM__electronics__r054
real_panel_lstm_log__LSTM__electronics__r055,LSTM,1,0.2805475561484984,7.404993405651928,0.0867124740034341,27.0,35.0,0.0099129274773458,256.0,0.0001338298236317,112.0,32.0,64.0,0.0,valendin,,LSTM__electronics__r055
real_panel_lstm_log__LSTM__electronics__r056,LSTM,1,0.297494794845667,3.393941375205206,0.0871266009552138,22.0,30.0,0.0090874112048133,128.0,4.891087256329666e-05,161.0,128.0,128.0,0.0,valendin,,LSTM__electronics__r056
real_panel_lstm_log__LSTM__electronics__r057,LSTM,1,0.2908207090726837,2.280040878728599,0.0877089862312589,18.0,26.0,0.0093588560678793,128.0,5.9854750442769246e-05,133.0,128.0,128.0,0.2,valendin,,LSTM__electronics__r057
real_panel_lstm_log__LSTM__electronics__r058,LSTM,1,0.291703008143754,3.603826968746364,0.08799310028553,13.0,21.0,0.0092429403454136,128.0,1.0617698393090289e-06,98.0,128.0,64.0,0.2,valendin,,LSTM__electronics__r058
real_panel_lstm_log__LSTM__electronics__r059,LSTM,1,0.2931457383337904,9.238898927222271,0.0890616178512573,10.0,18.0,0.0040312004573186,256.0,4.179254653054818e-06,44.0,32.0,64.0,0.0,valendin,,LSTM__electronics__r059
real_panel_lstm_log__LSTM__electronics__r060,LSTM,1,0.2958007974740965,13.1719524992846,0.0874287113547325,23.0,31.0,0.0075332293137044,256.0,1.0326060929892586e-06,96.0,32.0,32.0,0.0,valendin,,LSTM__electronics__r060
real_panel_lstm_log__LSTM__electronics__r061,LSTM,1,0.2895246715629394,8.607031355920038,0.0876880437135696,10.0,18.0,0.0036130487778109,256.0,0.0001770692941842,44.0,32.0,128.0,0.0,valendin,,LSTM__electronics__r061
real_panel_lstm_log__LSTM__electronics__r062,LSTM,1,0.2930829019950667,2.04145136813297,0.0887297632602544,12.0,20.0,0.0094133690177485,64.0,0.007629794875936,169.0,128.0,128.0,0.2,valendin,,LSTM__electronics__r062
real_panel_lstm_log__LSTM__electronics__r063,LSTM,1,0.3053037975408635,3.5969613920128767,0.0880039890225117,16.0,24.0,0.0088530883697844,64.0,4.587145514078643e-06,221.0,128.0,128.0,0.2,valendin,,LSTM__electronics__r063
real_panel_lstm_log__LSTM__electronics__r064,LSTM,1,0.299427614365181,4.419137558018817,0.0889782917041045,4.0,12.0,0.0092726912845206,64.0,3.9473386452494205e-06,65.0,128.0,128.0,0.0,valendin,,LSTM__electronics__r064
real_panel_lstm_log__LSTM__electronics__r065,LSTM,1,0.3030561477194735,2.7430637538757465,0.0864705648273229,25.0,33.0,0.0072314995556435,256.0,3.254503573445529e-05,104.0,64.0,128.0,0.2,valendin,,LSTM__electronics__r065
real_panel_lstm_log__LSTM__electronics__r066,LSTM,1,0.2991257124541426,2.565744220791085,0.0853274576365947,28.0,36.0,0.0092783194044863,256.0,0.0008532654545954,116.0,64.0,128.0,0.2,valendin,,LSTM__electronics__r066
real_panel_lstm_log__LSTM__electronics__r067,LSTM,1,0.3082366487812346,3.524674751446821,0.0891330147591921,8.0,16.0,0.009670108806459,64.0,5.145135529002459e-05,117.0,64.0,128.0,0.0,valendin,,LSTM__electronics__r067
real_panel_lstm_log__LSTM__electronics__r068,LSTM,1,0.2923724253085251,2.6565243070343003,0.0885853492296659,12.0,20.0,0.0072432367444997,64.0,0.0007922746115628,169.0,128.0,128.0,0.2,valendin,,LSTM__electronics__r068
real_panel_lstm_log__LSTM__electronics__r069,LSTM,1,0.2832909388380236,2.9356562558043104,0.0884323443930882,9.0,17.0,0.0096804632279068,64.0,1.974076179403302e-05,130.0,128.0,128.0,0.0,valendin,,LSTM__electronics__r069
real_panel_lstm_log__LSTM__electronics__r070,LSTM,1,0.3069939214464285,2.3161171963573115,0.0852957069873809,26.0,34.0,0.0098999504068888,256.0,0.0024288154789146,108.0,128.0,128.0,0.0,valendin,,LSTM__electronics__r070
real_panel_lstm_log__LSTM__electronics__r071,LSTM,1,0.2862597022813688,2.312355186041376,0.0861746408045291,19.0,27.0,0.0091247460309321,256.0,0.0050415065647755,80.0,128.0,128.0,0.2,valendin,,LSTM__electronics__r071
real_panel_lstm_log__LSTM__electronics__r072,LSTM,1,0.3063532755520496,3.1275932154288606,0.0861844569444656,19.0,27.0,0.0093357214501773,256.0,1.1305918040596484e-05,80.0,64.0,128.0,0.2,valendin,,LSTM__electronics__r072
real_panel_lstm_log__LSTM__electronics__r073,LSTM,1,0.3041376780217621,2.2909556974642284,0.0875054810728345,24.0,32.0,0.0091173457262752,128.0,0.0030385605550865,175.0,128.0,128.0,0.0,valendin,,LSTM__electronics__r073
real_panel_lstm_log__LSTM__electronics__r074,LSTM,1,0.2912827045540792,2.5265336317362967,0.0854055229574441,30.0,38.0,0.0083143644087668,256.0,0.0096903663285064,124.0,32.0,128.0,0.2,valendin,,LSTM__electronics__r074
real_panel_lstm_log__LSTM__electronics__r075,LSTM,1,0.3020395447034916,2.643428244547247,0.0855048354715108,33.0,41.0,0.0074994070732317,256.0,0.0016148958130605,136.0,64.0,128.0,0.2,valendin,,LSTM__electronics__r075
real_panel_lstm_log__LSTM__electronics__r076,LSTM,1,0.2905641224795451,3.7282088141112895,0.0866093877702951,21.0,29.0,0.0099257932942785,256.0,5.692416859903482e-05,88.0,32.0,128.0,0.0,valendin,,LSTM__electronics__r076
real_panel_lstm_log__LSTM__electronics__r077,LSTM,1,0.2840976019742608,3.1682832779823498,0.0862399172037839,16.0,24.0,0.0099266882303626,256.0,9.48526626282521e-06,68.0,64.0,128.0,0.0,valendin,,LSTM__electronics__r077
real_panel_lstm_log__LSTM__electronics__r078,LSTM,1,0.3113532284183802,4.790144026918676,0.0885676965117454,13.0,21.0,0.0086434857401461,128.0,0.0044892552049771,98.0,64.0,64.0,0.2,valendin,,LSTM__electronics__r078
real_panel_lstm_log__LSTM__electronics__r079,LSTM,1,0.2956680201205308,3.171234575804008,0.0883436426520347,14.0,22.0,0.0070116830729321,256.0,3.8349349902380136e-05,60.0,64.0,128.0,0.0,valendin,,LSTM__electronics__r079
real_panel_lstm_log__LSTM__electronics__r080,LSTM,1,0.3029340822850858,2.394632360987632,0.0871522668749094,28.0,36.0,0.0093566324821802,256.0,0.000119657652126,116.0,64.0,128.0,0.2,valendin,,LSTM__electronics__r080
real_panel_lstm_log__LSTM__electronics__r081,LSTM,1,0.2930060592733965,3.5516471888241603,0.0867099873721599,5.0,13.0,0.0031370702821375,256.0,0.000514480527213,24.0,32.0,128.0,0.0,valendin,,LSTM__electronics__r081
real_panel_lstm_log__LSTM__electronics__r082,LSTM,1,0.3024075878087444,3.258028963620631,0.0869979294283049,19.0,27.0,0.0092076265971893,128.0,3.242290656677642e-06,140.0,128.0,128.0,0.2,valendin,,LSTM__electronics__r082
real_panel_lstm_log__LSTM__electronics__r083,LSTM,1,0.295963068416005,2.689275253815745,0.087550122823034,14.0,22.0,0.0065103101240015,128.0,1.0240131108984733e-05,105.0,128.0,128.0,0.2,valendin,,LSTM__electronics__r083
real_panel_lstm_log__LSTM__electronics__r084,LSTM,1,0.3006751945689314,3.410372750031589,0.0869405139237642,20.0,28.0,0.0098763195539687,256.0,0.0011611144791304,84.0,32.0,128.0,0.2,valendin,,LSTM__electronics__r084
real_panel_lstm_log__LSTM__electronics__r085,LSTM,1,0.2894857687215336,3.010176513188941,0.08841412457136,5.0,13.0,0.0097901134449926,64.0,0.0001101565891207,78.0,128.0,128.0,0.0,valendin,,LSTM__electronics__r085
real_panel_lstm_log__LSTM__electronics__r086,LSTM,1,0.2815781016347455,8.941983772847017,0.0867691189050674,17.0,25.0,0.0063811941568949,256.0,6.262873671787821e-05,72.0,32.0,128.0,0.0,valendin,,LSTM__electronics__r086
real_panel_lstm_log__LSTM__electronics__r087,LSTM,1,0.2995045990743167,3.626451301466787,0.0854988731443882,25.0,33.0,0.0095257217811538,256.0,6.225927328934515e-05,104.0,32.0,128.0,0.0,valendin,,LSTM__electronics__r087
real_panel_lstm_log__LSTM__electronics__r088,LSTM,1,0.301165367331432,6.765599788189844,0.0874901209026575,9.0,17.0,0.0097128991705209,256.0,0.0056639540727748,40.0,32.0,64.0,0.2,valendin,,LSTM__electronics__r088
real_panel_lstm_log__LSTM__electronics__r089,LSTM,1,0.3035536709443325,3.857562542805275,0.0858254451304674,44.0,52.0,0.0068753634539219,256.0,0.0019009198727632,180.0,64.0,128.0,0.2,valendin,,LSTM__electronics__r089
real_panel_lstm_log__LSTM__electronics__r090,LSTM,1,0.2414793227024266,0.9674918518350772,0.0890478063374757,4.0,12.0,0.0062475905591841,256.0,1.48080048029047e-05,20.0,128.0,32.0,0.0,valendin,,LSTM__electronics__r090
real_panel_lstm_log__LSTM__electronics__r091,LSTM,1,0.2867123601050966,5.829076679840645,0.0873952005058527,13.0,21.0,0.004764577371992,256.0,1.1309468906283232e-06,56.0,32.0,128.0,0.0,valendin,,LSTM__electronics__r091
real_panel_lstm_log__LSTM__electronics__r092,LSTM,1,0.2895560702433202,6.272701550973513,0.0884592703410557,29.0,37.0,0.0091006272133226,128.0,1.1494091252640455e-06,210.0,64.0,32.0,0.2,valendin,,LSTM__electronics__r092
real_panel_lstm_log__LSTM__electronics__r093,LSTM,1,0.2984316961816835,2.8235777933820043,0.0858782920986414,25.0,33.0,0.0088398550770212,256.0,2.3138947884720545e-05,104.0,64.0,128.0,0.2,valendin,,LSTM__electronics__r093
real_panel_lstm_log__LSTM__electronics__r094,LSTM,1,0.2961316530644124,5.805389313522666,0.0858962778002023,26.0,34.0,0.0098216489520884,256.0,5.040948284833958e-06,108.0,64.0,64.0,0.2,valendin,,LSTM__electronics__r094
real_panel_lstm_log__LSTM__electronics__r095,LSTM,1,0.2905898847359448,3.989311981536407,0.0873215403407812,14.0,22.0,0.0084485671707894,256.0,0.0009133811588174,60.0,32.0,128.0,0.2,valendin,,LSTM__electronics__r095
real_panel_lstm_log__LSTM__electronics__r096,LSTM,1,0.291356876306914,2.342639011383468,0.0855207405984401,22.0,30.0,0.0098157841167106,256.0,0.0002334760335155,92.0,32.0,128.0,0.2,valendin,,LSTM__electronics__r096
real_panel_lstm_log__LSTM__electronics__r097,LSTM,1,0.3116919870831492,10.187956805103042,0.0884438119828701,13.0,21.0,0.0030927731258666,256.0,1.976597761983883e-06,56.0,32.0,64.0,0.2,valendin,,LSTM__electronics__r097
real_panel_lstm_log__LSTM__electronics__r098,LSTM,1,0.2842880757350065,2.103892273615869,0.0881688115852219,15.0,23.0,0.007011105598799,128.0,1.829190102594781e-05,112.0,128.0,128.0,0.0,valendin,,LSTM__electronics__r098
real_panel_lstm_log__LSTM__electronics__r099,LSTM,1,0.2859801978204908,3.274271827360059,0.0853219684213399,23.0,31.0,0.0098907438324719,256.0,0.0028796667856607,96.0,32.0,128.0,0.2,valendin,,LSTM__electronics__r099
real_panel_lstm_ratio__LSTM__electronics__r000,LSTM,1,0.2860101175225999,0.6713676110594134,0.0868982169777154,6.0,14.0,0.0053437009948211,256.0,6.703035889350492e-05,28.0,128.0,32.0,0.0,valendin,,LSTM__electronics__r000
real_panel_lstm_ratio__LSTM__electronics__r001,LSTM,1,0.3056665917902393,1.118911614456486,0.0859545767307281,11.0,19.0,0.0051835076521785,256.0,0.0023952511040228,48.0,64.0,128.0,0.0,valendin,,LSTM__electronics__r001
real_panel_lstm_ratio__LSTM__electronics__r002,LSTM,1,0.3241519520345206,1.3001659174059583,0.0865189023315906,11.0,19.0,0.0025568543828701,256.0,2.5390237014861905e-05,48.0,128.0,64.0,0.2,valendin,,LSTM__electronics__r002
real_panel_lstm_ratio__LSTM__electronics__r003,LSTM,1,0.3059408950661243,0.7746655194023935,0.0867427345365285,6.0,14.0,0.0099822033628457,256.0,0.0001631005923173,28.0,64.0,32.0,0.2,valendin,,LSTM__electronics__r003
real_panel_lstm_ratio__LSTM__electronics__r004,LSTM,1,0.2942591112712624,0.8450385948405841,0.0869848039001226,9.0,17.0,0.004967142679356,256.0,3.303515045418972e-05,40.0,128.0,64.0,0.2,valendin,,LSTM__electronics__r004
real_panel_lstm_ratio__LSTM__electronics__r005,LSTM,1,0.3249533451862802,1.1050669089088496,0.0864247269928455,31.0,39.0,0.0081735250194096,256.0,8.407124841401005e-06,128.0,128.0,32.0,0.2,valendin,,LSTM__electronics__r005
real_panel_lstm_ratio__LSTM__electronics__r006,LSTM,1,0.3095400651464004,1.0816174537336891,0.0865291524678468,26.0,34.0,0.0096220900995545,256.0,1.3682615077497214e-05,108.0,128.0,32.0,0.2,valendin,,LSTM__electronics__r006
real_panel_lstm_ratio__LSTM__electronics__r007,LSTM,1,0.3042115585562828,0.7179722719290627,0.086815807968378,13.0,21.0,0.0040258482776803,256.0,0.000278830569613,56.0,32.0,32.0,0.2,valendin,,LSTM__electronics__r007
real_panel_lstm_ratio__LSTM__electronics__r008,LSTM,1,0.3009268398612195,1.143594721836077,0.0870292391628027,7.0,15.0,0.0078018707707241,256.0,0.0001180027819909,32.0,32.0,128.0,0.2,valendin,,LSTM__electronics__r008
real_panel_lstm_ratio__LSTM__electronics__r009,LSTM,1,0.3163989450667857,0.8890141794809512,0.0868794284760952,9.0,17.0,0.0044577592002873,256.0,2.039308347647324e-05,40.0,64.0,32.0,0.2,valendin,,LSTM__electronics__r009
real_panel_lstm_ratio__LSTM__electronics__r010,LSTM,1,0.3353761029670584,1.7634343809599788,0.0863138251006603,30.0,38.0,0.0097019682564124,256.0,0.0009256029080487,124.0,128.0,32.0,0.0,valendin,,LSTM__electronics__r010
real_panel_lstm_ratio__LSTM__electronics__r011,LSTM,1,0.2974007949225021,0.8843155535746376,0.0868866983801126,11.0,19.0,0.0050634899601439,256.0,0.0013042935942224,48.0,128.0,128.0,0.2,valendin,,LSTM__electronics__r011
real_panel_lstm_ratio__LSTM__electronics__r012,LSTM,1,0.2819975138790907,1.0112800311231516,0.087360493838787,8.0,16.0,0.0094435279919671,256.0,2.699182362939503e-05,36.0,128.0,64.0,0.0,valendin,,LSTM__electronics__r012
real_panel_lstm_ratio__LSTM__electronics__r013,LSTM,1,0.3186671273547266,0.7215554925218892,0.0865057483315467,8.0,16.0,0.0069522681225955,256.0,0.0039155509047238,36.0,64.0,32.0,0.0,valendin,,LSTM__electronics__r013
real_panel_lstm_ratio__LSTM__electronics__r014,LSTM,1,0.3051548018596056,1.3520516914812986,0.0858019795268774,8.0,16.0,0.0037320384863894,256.0,0.0007401228678441,36.0,64.0,128.0,0.0,valendin,,LSTM__electronics__r014
real_panel_lstm_ratio__LSTM__electronics__r015,LSTM,1,0.2921772648619883,1.0477400512539043,0.0884696287768227,12.0,20.0,0.0033636962522867,128.0,5.856288001815042e-06,91.0,128.0,32.0,0.2,valendin,,LSTM__electronics__r015
real_panel_lstm_ratio__LSTM__electronics__r016,LSTM,1,0.3015683012943207,2.118153786462095,0.0876174382865428,12.0,20.0,0.0030205152771164,256.0,1.939744231585935e-05,52.0,32.0,64.0,0.2,valendin,,LSTM__electronics__r016
real_panel_lstm_ratio__LSTM__electronics__r017,LSTM,1,0.2977034341766204,1.18450791667582,0.086640952154994,10.0,18.0,0.0021044010323163,256.0,0.0021535993612489,44.0,64.0,128.0,0.0,valendin,,LSTM__electronics__r017
real_panel_lstm_ratio__LSTM__electronics__r018,LSTM,1,0.302768674029746,0.8457320918091548,0.0864506438374519,9.0,17.0,0.0081576730161468,256.0,7.039817012540516e-05,40.0,64.0,64.0,0.2,valendin,,LSTM__electronics__r018
real_panel_lstm_ratio__LSTM__electronics__r019,LSTM,1,0.3025227948692883,1.006019642572583,0.0867364089936018,9.0,17.0,0.0055229119588207,256.0,6.920334941907397e-06,40.0,32.0,64.0,0.0,valendin,,LSTM__electronics__r019
real_panel_lstm_ratio__LSTM__electronics__r020,LSTM,1,0.2943471161071033,1.8918966401151915,0.0861071832478046,8.0,16.0,0.0064921103179534,256.0,0.004048428631974,36.0,32.0,64.0,0.2,valendin,,LSTM__electronics__r020
real_panel_lstm_ratio__LSTM__electronics__r021,LSTM,1,0.3215055465265183,0.7170853716475523,0.0870012398809194,8.0,16.0,0.0068674888959761,256.0,1.942292152737479e-06,36.0,64.0,32.0,0.2,valendin,,LSTM__electronics__r021
real_panel_lstm_ratio__LSTM__electronics__r022,LSTM,1,0.2970710264576276,0.4999734065775666,0.0868519693613052,5.0,13.0,0.0094024647096464,256.0,0.0041637973021248,24.0,128.0,32.0,0.2,valendin,,LSTM__electronics__r022
real_panel_lstm_ratio__LSTM__electronics__r023,LSTM,1,0.3134551002888089,1.2611561208340476,0.086000669747591,18.0,26.0,0.0081117734133694,256.0,0.0041568287244374,76.0,128.0,32.0,0.0,valendin,,LSTM__electronics__r023
real_panel_lstm_ratio__LSTM__electronics__r024,LSTM,1,0.3237040993237061,0.6686882635654091,0.0868419166654348,5.0,13.0,0.0059054683884426,256.0,1.7619672496584063e-05,24.0,128.0,32.0,0.2,valendin,,LSTM__electronics__r024
real_panel_lstm_ratio__LSTM__electronics__r025,LSTM,1,0.3193371875100155,0.9062515267474814,0.0866127777844667,11.0,19.0,0.0036862216499524,256.0,8.030653845164547e-06,48.0,32.0,64.0,0.0,valendin,,LSTM__electronics__r025
real_panel_lstm_ratio__LSTM__electronics__r026,LSTM,1,0.3079872440563042,0.7756745306165084,0.0864385366439819,9.0,17.0,0.0047922789512633,256.0,2.387040143781141e-05,40.0,32.0,64.0,0.0,valendin,,LSTM__electronics__r026
real_panel_lstm_ratio__LSTM__electronics__r027,LSTM,1,0.3071652429717892,1.1887407013122997,0.0861379764974117,8.0,16.0,0.00590107163253,256.0,0.003535495234448,36.0,32.0,64.0,0.0,valendin,,LSTM__electronics__r027
real_panel_lstm_ratio__LSTM__electronics__r028,LSTM,1,0.3003371519641492,1.0016260409420987,0.0868111066520214,7.0,15.0,0.0039561463142397,256.0,0.0020426430787026,32.0,64.0,128.0,0.0,valendin,,LSTM__electronics__r028
real_panel_lstm_ratio__LSTM__electronics__r029,LSTM,1,0.3179623083918021,1.104028947609703,0.0861734431236982,34.0,42.0,0.0081000386624809,256.0,1.0398898486997204e-06,140.0,128.0,32.0,0.2,valendin,,LSTM__electronics__r029
real_panel_lstm_ratio__LSTM__electronics__r030,LSTM,1,0.2894184161315043,0.9274168080214932,0.0857128370553255,9.0,17.0,0.0079510680640655,256.0,0.0003786332121626,40.0,32.0,32.0,0.2,valendin,,LSTM__electronics__r030
real_panel_lstm_ratio__LSTM__electronics__r031,LSTM,1,0.3065999829821468,1.0091380286215332,0.0866033416241407,7.0,15.0,0.0078656381376342,256.0,0.0001640390410208,32.0,64.0,32.0,0.0,valendin,,LSTM__electronics__r031
real_panel_lstm_ratio__LSTM__electronics__r032,LSTM,1,0.2804432702193001,1.1236902983926005,0.0862829964607954,8.0,16.0,0.0045111928014104,256.0,2.2022436190840592e-05,36.0,64.0,64.0,0.2,valendin,,LSTM__electronics__r032
real_panel_lstm_ratio__LSTM__electronics__r033,LSTM,1,0.3178036726170174,1.0043903835922945,0.0865347310900688,16.0,24.0,0.0090383916792417,256.0,2.917500080764666e-05,68.0,128.0,128.0,0.0,valendin,,LSTM__electronics__r033
real_panel_lstm_ratio__LSTM__electronics__r034,LSTM,1,0.3213240498142373,0.9741308382713731,0.0868968144059181,5.0,13.0,0.0089972175849754,256.0,2.61180501947402e-06,24.0,128.0,32.0,0.2,valendin,,LSTM__electronics__r034
real_panel_lstm_ratio__LSTM__electronics__r035,LSTM,1,0.3129448672489286,2.464178750281213,0.0863868370652198,29.0,37.0,0.0098626097542526,256.0,3.347374900238178e-05,120.0,128.0,32.0,0.0,valendin,,LSTM__electronics__r035
real_panel_lstm_ratio__LSTM__electronics__r036,LSTM,1,0.298781533726606,1.7577765839023456,0.0863968320190906,7.0,15.0,0.0061634241489825,256.0,0.0002464296160617,32.0,32.0,64.0,0.0,valendin,,LSTM__electronics__r036
real_panel_lstm_ratio__LSTM__electronics__r037,LSTM,1,0.3226498640337438,1.2141418497747214,0.0854678712785244,30.0,38.0,0.0099598097505241,256.0,1.2177046964833412e-06,124.0,128.0,32.0,0.0,valendin,,LSTM__electronics__r037
real_panel_lstm_ratio__LSTM__electronics__r038,LSTM,1,0.3079317304507201,1.379522209799556,0.0865095146000385,9.0,17.0,0.0017768201361935,256.0,4.701862005536379e-05,40.0,32.0,128.0,0.2,valendin,,LSTM__electronics__r038
real_panel_lstm_ratio__LSTM__electronics__r039,LSTM,1,0.3085183771412466,2.736068158606053,0.0869758296757936,22.0,30.0,0.0002556760828517,256.0,3.437162032948085e-06,92.0,64.0,128.0,0.0,valendin,,LSTM__electronics__r039
real_panel_lstm_ratio__LSTM__electronics__r040,LSTM,1,0.3056316323052502,0.8603551188671663,0.0859595388174057,9.0,17.0,0.0082643616302326,256.0,0.0052381529225308,40.0,32.0,32.0,0.2,valendin,,LSTM__electronics__r040
real_panel_lstm_ratio__LSTM__electronics__r041,LSTM,1,0.3112226089502141,0.8959308055039784,0.0867380928248167,11.0,19.0,0.0063343286535149,256.0,0.0006139323811942,48.0,64.0,64.0,0.2,valendin,,LSTM__electronics__r041
real_panel_lstm_ratio__LSTM__electronics__r042,LSTM,1,0.3277442112863181,2.101522283403876,0.086968395859003,8.0,16.0,0.0052347140417131,256.0,0.0006679273930248,36.0,32.0,128.0,0.0,valendin,,LSTM__electronics__r042
real_panel_lstm_ratio__LSTM__electronics__r043,LSTM,1,0.2897626172112885,0.7614256474447079,0.0864382665604353,7.0,15.0,0.0043978118245634,256.0,0.0052614920781859,32.0,64.0,128.0,0.0,valendin,,LSTM__electronics__r043
real_panel_lstm_ratio__LSTM__electronics__r044,LSTM,1,0.3070415879840116,1.1007124799603771,0.0861751958727836,22.0,30.0,0.009919380452715,256.0,1.065943557993186e-05,92.0,128.0,32.0,0.0,valendin,,LSTM__electronics__r044
real_panel_lstm_ratio__LSTM__electronics__r045,LSTM,1,0.3192088394617074,2.8137706557967515,0.085240751504898,33.0,41.0,0.0075668195228882,256.0,0.0014325870959102,136.0,128.0,32.0,0.2,valendin,,LSTM__electronics__r045
real_panel_lstm_ratio__LSTM__electronics__r046,LSTM,1,0.293729278833815,0.6305290865249044,0.0869502574205398,6.0,14.0,0.0068157293581148,256.0,0.0003108588828094,28.0,128.0,32.0,0.0,valendin,,LSTM__electronics__r046
real_panel_lstm_ratio__LSTM__electronics__r047,LSTM,1,0.3182949611709646,1.6817768822645975,0.0867615677416324,22.0,30.0,0.0091151777920339,256.0,0.0081786424968122,92.0,128.0,64.0,0.2,valendin,,LSTM__electronics__r047
real_panel_lstm_ratio__LSTM__electronics__r048,LSTM,1,0.3155750113521066,0.9808589776291298,0.0866873189806938,11.0,19.0,0.0027052669749352,256.0,0.0090983634702564,48.0,64.0,64.0,0.2,valendin,,LSTM__electronics__r048
real_panel_lstm_ratio__LSTM__electronics__r049,LSTM,1,0.3046011857363431,1.2171098557147493,0.086469579488039,11.0,19.0,0.0040187899400968,256.0,0.0002546409060944,48.0,32.0,64.0,0.0,valendin,,LSTM__electronics__r049
real_panel_lstm_ratio__LSTM__electronics__r050,LSTM,1,0.2920005103659777,2.316481476646252,0.0862138755619525,10.0,18.0,0.0063387911403936,256.0,1.8559297419065372e-05,44.0,32.0,32.0,0.0,valendin,,LSTM__electronics__r050
real_panel_lstm_ratio__LSTM__electronics__r051,LSTM,1,0.3025040358179191,1.880068510067269,0.0860745310783386,31.0,39.0,0.0077766844438547,256.0,0.0019713046416771,128.0,128.0,32.0,0.2,valendin,,LSTM__electronics__r051
real_panel_lstm_ratio__LSTM__electronics__r052,LSTM,1,0.3013141671978105,2.161513862824705,0.0864942613989114,11.0,19.0,0.0011586258435807,256.0,1.7991400999159633e-05,48.0,128.0,128.0,0.0,valendin,,LSTM__electronics__r052
real_panel_lstm_ratio__LSTM__electronics__r053,LSTM,1,0.3068823905149094,0.9660969332783672,0.087153360247612,5.0,13.0,0.004467750948246,256.0,0.0058844998802391,24.0,128.0,64.0,0.0,valendin,,LSTM__electronics__r053
real_panel_lstm_ratio__LSTM__electronics__r054,LSTM,1,0.3042980391989796,0.7453300773105674,0.0864137671887874,9.0,17.0,0.0040896504050779,256.0,0.0004531080827233,40.0,64.0,64.0,0.0,valendin,,LSTM__electronics__r054
real_panel_lstm_ratio__LSTM__electronics__r055,LSTM,1,0.2725564198329349,1.4369674013848757,0.0866267867386341,9.0,17.0,0.0015676420487791,256.0,0.0007917643109987,40.0,128.0,128.0,0.0,valendin,,LSTM__electronics__r055
real_panel_lstm_ratio__LSTM__electronics__r056,LSTM,1,0.2993588993878991,1.065952680650322,0.0866599567234516,5.0,13.0,0.0067332451175424,256.0,0.0004496895296008,24.0,64.0,128.0,0.2,valendin,,LSTM__electronics__r056
real_panel_lstm_ratio__LSTM__electronics__r057,LSTM,1,0.3020125562296761,0.975100395692736,0.0866816006600856,7.0,15.0,0.0062655572756676,256.0,1.2954800077293368e-05,32.0,128.0,64.0,0.2,valendin,,LSTM__electronics__r057
real_panel_lstm_ratio__LSTM__electronics__r058,LSTM,1,0.2892240676591335,1.4623119719410158,0.0865530539304018,9.0,17.0,0.001085762776137,256.0,1.5629250419361565e-06,40.0,64.0,128.0,0.2,valendin,,LSTM__electronics__r058
real_panel_lstm_ratio__LSTM__electronics__r059,LSTM,1,0.3072747541418626,1.406592649610494,0.0862394347786903,9.0,17.0,0.0010955653371713,256.0,0.000105452628121,40.0,64.0,128.0,0.0,valendin,,LSTM__electronics__r059
real_panel_lstm_ratio__LSTM__electronics__r060,LSTM,1,0.3105030604205416,2.566426576123251,0.0884762609807344,14.0,22.0,0.0046139538090929,64.0,0.0001280847094811,195.0,128.0,32.0,0.0,valendin,,LSTM__electronics__r060
real_panel_lstm_ratio__LSTM__electronics__r061,LSTM,1,0.3275788569964436,1.5414940004033952,0.0870471354573965,13.0,21.0,0.001891260940277,256.0,3.953843544281095e-05,56.0,64.0,64.0,0.0,valendin,,LSTM__electronics__r061
real_panel_lstm_ratio__LSTM__electronics__r062,LSTM,1,0.3205018980013033,2.1632506933953057,0.0861633587628603,26.0,34.0,0.0088421226148273,256.0,0.0023039590769935,108.0,128.0,64.0,0.2,valendin,,LSTM__electronics__r062
real_panel_lstm_ratio__LSTM__electronics__r063,LSTM,1,0.3022384169712443,0.9825147269520108,0.086814185604453,11.0,19.0,0.0096608719821627,256.0,1.9469211919492083e-05,48.0,64.0,32.0,0.0,valendin,,LSTM__electronics__r063
real_panel_lstm_ratio__LSTM__electronics__r064,LSTM,1,0.3033926517646721,1.4815419596282355,0.0865831617265939,9.0,17.0,0.0018701231402729,256.0,5.492272036161017e-05,40.0,128.0,128.0,0.0,valendin,,LSTM__electronics__r064
real_panel_lstm_ratio__LSTM__electronics__r065,LSTM,1,0.3095883598045512,1.253126770317763,0.0867615342140197,13.0,21.0,0.0029545279980412,256.0,0.0002507162513911,56.0,32.0,64.0,0.0,valendin,,LSTM__electronics__r065
real_panel_lstm_ratio__LSTM__electronics__r066,LSTM,1,0.323389514330887,0.8152598394576687,0.0865754019469022,11.0,19.0,0.008328079891,256.0,0.0062233127707967,48.0,64.0,32.0,0.2,valendin,,LSTM__electronics__r066
real_panel_lstm_ratio__LSTM__electronics__r067,LSTM,1,0.3188992304242185,1.1791051305541156,0.0864666495472192,36.0,44.0,0.0091866481728529,256.0,2.435215465098784e-05,148.0,128.0,32.0,0.0,valendin,,LSTM__electronics__r067
real_panel_lstm_ratio__LSTM__electronics__r068,LSTM,1,0.2854066230696838,1.1356170952908775,0.0864790864288806,11.0,19.0,0.0037590907686985,256.0,1.9082149769289774e-06,48.0,32.0,64.0,0.0,valendin,,LSTM__electronics__r068
real_panel_lstm_ratio__LSTM__electronics__r069,LSTM,1,0.2890983922358091,0.7686058311157817,0.086433345451951,8.0,16.0,0.0090472827658948,256.0,0.0015835559719118,36.0,32.0,32.0,0.0,valendin,,LSTM__electronics__r069
real_panel_lstm_ratio__LSTM__electronics__r070,LSTM,1,0.3086617950152918,1.065206648239231,0.0870305281132459,19.0,27.0,0.0077857287397701,256.0,1.566324608760046e-06,80.0,128.0,64.0,0.0,valendin,,LSTM__electronics__r070
real_panel_lstm_ratio__LSTM__electronics__r071,LSTM,1,0.287931072032673,1.0966094946126776,0.0872256867587566,4.0,12.0,0.0066357636547374,256.0,1.3757209343966032e-05,20.0,128.0,64.0,0.0,valendin,,LSTM__electronics__r071
real_panel_lstm_ratio__LSTM__electronics__r072,LSTM,1,0.3061203235944512,1.5259029333433038,0.0886068535702569,7.0,15.0,0.0021935674423556,128.0,8.076665114115455e-05,56.0,64.0,64.0,0.2,valendin,,LSTM__electronics__r072
real_panel_lstm_ratio__LSTM__electronics__r073,LSTM,1,0.3068490672973448,0.7430503118406929,0.0868734158575534,4.0,12.0,0.0091733271389116,256.0,6.48339310203122e-05,20.0,128.0,32.0,0.0,valendin,,LSTM__electronics__r073
real_panel_lstm_ratio__LSTM__electronics__r074,LSTM,1,0.2928281369547423,2.0788427658840694,0.0863699875771999,14.0,22.0,0.0012396355374971,256.0,0.0010253276762064,60.0,32.0,64.0,0.0,valendin,,LSTM__electronics__r074
real_panel_lstm_ratio__LSTM__electronics__r075,LSTM,1,0.3122203048678181,1.007414476073026,0.0867461189627647,10.0,18.0,0.0093755034773571,256.0,0.0076832353411736,44.0,128.0,128.0,0.0,valendin,,LSTM__electronics__r075
real_panel_lstm_ratio__LSTM__electronics__r076,LSTM,1,0.298551943137235,1.1386024737710676,0.0860738474875688,11.0,19.0,0.0050825068141058,256.0,0.0008089359769771,48.0,32.0,128.0,0.2,valendin,,LSTM__electronics__r076
real_panel_lstm_ratio__LSTM__electronics__r077,LSTM,1,0.2954229532127613,0.9200383730074884,0.0868771746754646,9.0,17.0,0.0021584819268079,256.0,0.0014326232068185,40.0,128.0,64.0,0.2,valendin,,LSTM__electronics__r077
real_panel_lstm_ratio__LSTM__electronics__r078,LSTM,1,0.3141621554773852,0.99231920883796,0.0864964388310909,13.0,21.0,0.003956872931407,256.0,0.0004565967668858,56.0,64.0,64.0,0.2,valendin,,LSTM__electronics__r078
real_panel_lstm_ratio__LSTM__electronics__r079,LSTM,1,0.3201157958190639,1.2023368900168436,0.0878800760422434,18.0,26.0,0.007948869386665,128.0,8.404495038637684e-06,133.0,128.0,32.0,0.2,valendin,,LSTM__electronics__r079
real_panel_lstm_ratio__LSTM__electronics__r080,LSTM,1,0.3079904410973941,1.073768086100301,0.0866643488407135,9.0,17.0,0.0072020276959487,256.0,7.185729606698993e-05,40.0,32.0,128.0,0.0,valendin,,LSTM__electronics__r080
real_panel_lstm_ratio__LSTM__electronics__r081,LSTM,1,0.2969550055352543,0.9708471122210854,0.0861582085490226,8.0,16.0,0.0061846175887498,256.0,1.4279724014582344e-05,36.0,32.0,64.0,0.2,valendin,,LSTM__electronics__r081
real_panel_lstm_ratio__LSTM__electronics__r082,LSTM,1,0.2971600645875614,1.09667572032037,0.0862280596047639,21.0,29.0,0.0098557709345515,256.0,3.357237406972896e-05,88.0,128.0,64.0,0.2,valendin,,LSTM__electronics__r082
real_panel_lstm_ratio__LSTM__electronics__r083,LSTM,1,0.295976295823641,0.7451109875305577,0.0868671219795942,8.0,16.0,0.0076228840645636,256.0,1.8632923931167483e-06,36.0,128.0,32.0,0.2,valendin,,LSTM__electronics__r083
real_panel_lstm_ratio__LSTM__electronics__r084,LSTM,1,0.311419502291067,1.126377124508071,0.0866121146827936,32.0,40.0,0.0092288504663767,256.0,1.058884182533542e-06,132.0,128.0,64.0,0.0,valendin,,LSTM__electronics__r084
real_panel_lstm_ratio__LSTM__electronics__r085,LSTM,1,0.3156331711254209,4.297506152714905,0.0865397341549396,19.0,27.0,0.0004662284195599,256.0,3.0040962720167283e-06,80.0,32.0,128.0,0.0,valendin,,LSTM__electronics__r085
real_panel_lstm_ratio__LSTM__electronics__r086,LSTM,1,0.2779131984258888,0.6897843072130057,0.0871733780950307,9.0,17.0,0.0044614776553813,256.0,9.461761623728875e-06,40.0,64.0,32.0,0.2,valendin,,LSTM__electronics__r086
real_panel_lstm_ratio__LSTM__electronics__r087,LSTM,1,0.3017047139884982,0.7487685484091764,0.0863650478422641,11.0,19.0,0.0043682820099635,256.0,0.0098028373624667,48.0,32.0,64.0,0.0,valendin,,LSTM__electronics__r087
real_panel_lstm_ratio__LSTM__electronics__r088,LSTM,1,0.2977303493231327,0.709762466733578,0.0870154183357954,10.0,18.0,0.0037033098698674,256.0,0.0039784368266791,44.0,128.0,32.0,0.0,valendin,,LSTM__electronics__r088
real_panel_lstm_ratio__LSTM__electronics__r089,LSTM,1,0.3226422482658023,0.815598407683216,0.0867021474987268,6.0,14.0,0.0072363066855404,256.0,0.0003356115802445,28.0,64.0,64.0,0.0,valendin,,LSTM__electronics__r089
real_panel_lstm_ratio__LSTM__electronics__r090,LSTM,1,0.3145498727899136,7.7089610533167905,0.0853326618671417,20.0,28.0,0.0081888456587702,256.0,0.0018364965627437,84.0,128.0,128.0,0.0,valendin,,LSTM__electronics__r090
real_panel_lstm_ratio__LSTM__electronics__r091,LSTM,1,0.3239720934666823,1.3667351690353604,0.0853168591856956,23.0,31.0,0.0080839501033434,256.0,0.0029667390641273,96.0,128.0,32.0,0.2,valendin,,LSTM__electronics__r091
real_panel_lstm_ratio__LSTM__electronics__r092,LSTM,1,0.3108101936686309,2.359732368594285,0.0862390492111444,11.0,19.0,0.0027589556505971,256.0,0.000159060111088,48.0,64.0,64.0,0.2,valendin,,LSTM__electronics__r092
real_panel_lstm_ratio__LSTM__electronics__r093,LSTM,1,0.3097693131987744,1.0464776363595414,0.086457472294569,29.0,37.0,0.0098059003848733,256.0,5.682542020007695e-06,120.0,128.0,32.0,0.0,valendin,,LSTM__electronics__r093
real_panel_lstm_ratio__LSTM__electronics__r094,LSTM,1,0.2916020690324267,0.559018951102499,0.0870027486234903,6.0,14.0,0.0095581602296294,256.0,0.0027448516751207,28.0,64.0,32.0,0.2,valendin,,LSTM__electronics__r094
real_panel_lstm_ratio__LSTM__electronics__r095,LSTM,1,0.308456804433847,1.059821022719558,0.0864949338138103,14.0,22.0,0.0085272571270457,256.0,3.887458381441977e-05,60.0,32.0,32.0,0.2,valendin,,LSTM__electronics__r095
real_panel_lstm_ratio__LSTM__electronics__r096,LSTM,1,0.2938865682335154,1.0797529284403105,0.0867777168750763,13.0,21.0,0.0085844904552544,256.0,6.591722298892664e-05,56.0,32.0,32.0,0.2,valendin,,LSTM__electronics__r096
real_panel_lstm_ratio__LSTM__electronics__r097,LSTM,1,0.322672697603401,1.366422343074368,0.0864498112350702,28.0,36.0,0.0093284364783886,256.0,6.119775567596652e-05,116.0,128.0,32.0,0.2,valendin,,LSTM__electronics__r097
real_panel_lstm_ratio__LSTM__electronics__r098,LSTM,1,0.2776759257986778,1.1983099293490391,0.0868272185325622,8.0,16.0,0.0056666030715421,256.0,4.903067603858628e-06,36.0,32.0,64.0,0.2,valendin,,LSTM__electronics__r098
real_panel_lstm_ratio__LSTM__electronics__r099,LSTM,1,0.3104390047184066,1.231527778911646,0.0865874607115984,15.0,23.0,0.0095078379183254,256.0,0.0002154496779583,64.0,128.0,32.0,0.0,valendin,,LSTM__electronics__r099
selection_rescore__LSTM__electronics__r00,LSTM,1,0.0605784399653168,0.1671467573733686,0.0897641628980636,13.0,21.0,0.0006300314164107,256.0,1.3063372103949856e-06,56.0,64.0,128.0,0.2664360852392103,valendin,,LSTM__electronics__r00
selection_rescore__LSTM__electronics__r01,LSTM,1,0.0128297472468556,0.1897845910571718,0.0889735613018274,7.0,15.0,0.0027049105173356,256.0,0.0001032510670022,32.0,128.0,128.0,0.3110770316366975,valendin,,LSTM__electronics__r01
selection_rescore__LSTM__electronics__r02,LSTM,1,0.0477200133922901,0.1714349346735014,0.088946558535099,10.0,18.0,0.0021575091250494,256.0,5.43968412346713e-05,44.0,32.0,64.0,0.2173118480167536,valendin,,LSTM__electronics__r02
selection_rescore__LSTM__electronics__r03,LSTM,1,0.0164669277868651,0.2129860448127396,0.08878237567842,9.0,17.0,0.0014887229682323,256.0,0.0053335997028485,40.0,128.0,128.0,0.0244491255336812,valendin,,LSTM__electronics__r03
selection_rescore__LSTM__electronics__r04,LSTM,1,-0.0055469078100515,0.2059964212837885,0.0886126514524221,8.0,16.0,0.0021983511386793,256.0,5.8505726920807385e-05,36.0,128.0,128.0,0.1409555731978658,valendin,,LSTM__electronics__r04
selection_rescore__LSTM__electronics__r05,LSTM,1,0.050034109281329,0.1914536387371185,0.0892307870090007,11.0,19.0,0.0029759547207502,256.0,1.96342852125854e-06,48.0,64.0,32.0,0.1915784172210487,valendin,,LSTM__electronics__r05
selection_rescore__LSTM__electronics__r06,LSTM,1,0.0501422445255333,0.1934623182971244,0.0905202052422932,10.0,18.0,0.0007632077843965,128.0,0.0081568705274866,77.0,64.0,128.0,0.0480441075284847,valendin,,LSTM__electronics__r06
selection_rescore__LSTM__electronics__r07,LSTM,1,0.0581531549328246,0.2010045473735443,0.0886388532817363,8.0,16.0,0.0023615032506629,256.0,0.0055021783078325,36.0,128.0,128.0,0.0123058128406557,valendin,,LSTM__electronics__r07
selection_rescore__LSTM__electronics__r08,LSTM,1,-0.0358998250818224,0.1931759763254469,0.088898591697216,7.0,15.0,0.0028223361724813,256.0,1.4312544985598442e-06,32.0,128.0,64.0,0.0083195453433621,valendin,,LSTM__electronics__r08
selection_rescore__LSTM__electronics__r09,LSTM,1,0.0514125501933196,0.2004141488417199,0.0889053139835596,7.0,15.0,0.0029496109865852,256.0,0.0051338582005028,32.0,128.0,64.0,0.0786416965705899,valendin,,LSTM__electronics__r09
selection_rescore__LSTM__electronics__r10,LSTM,1,0.0293481104289445,0.1887534225227786,0.0889940317720174,11.0,19.0,0.0022943191742176,256.0,0.0003227019830786,48.0,64.0,64.0,0.2523911633471371,valendin,,LSTM__electronics__r10
selection_rescore__LSTM__electronics__r11,LSTM,1,0.0833229185594021,0.193836418596945,0.0889800116419792,8.0,16.0,0.0020243110452961,256.0,0.0087350733158656,36.0,128.0,128.0,0.3082204376169715,valendin,,LSTM__electronics__r11
selection_rescore__LSTM__electronics__r12,LSTM,1,0.0018110085323049,0.1841160884089236,0.0891267415136098,11.0,19.0,0.002424335651592,256.0,9.258031155484754e-06,48.0,64.0,64.0,0.2358850127922857,valendin,,LSTM__electronics__r12
selection_rescore__LSTM__electronics__r13,LSTM,1,0.0311980904366743,0.1791311979888748,0.0912643788116318,6.0,14.0,0.0012987910219513,128.0,0.0005865409343811,49.0,32.0,128.0,0.211060782035556,valendin,,LSTM__electronics__r13
selection_rescore__LSTM__electronics__r14,LSTM,1,0.0252550309107647,0.1857534372458562,0.0892506502568721,8.0,16.0,0.0024214651900947,256.0,0.000167301328075,36.0,128.0,64.0,0.3352356141926733,valendin,,LSTM__electronics__r14
selection_rescore__LSTM__electronics__r15,LSTM,1,-0.0595665750221679,0.1570808459042365,0.0906181093305349,50.0,58.0,0.0002119412254629,256.0,0.0019811747503688,204.0,64.0,32.0,0.2633349937150244,valendin,,LSTM__electronics__r15
selection_rescore__LSTM__electronics__r16,LSTM,1,0.1243963484341686,0.2094894269259093,0.0889747813344001,11.0,19.0,0.0028780446349221,256.0,0.0016707834384834,48.0,32.0,128.0,0.3540475125340039,valendin,,LSTM__electronics__r16
selection_rescore__LSTM__electronics__r17,LSTM,1,0.0143086319348538,0.1921015351929119,0.0889130849391222,8.0,16.0,0.0021513375709581,256.0,1.9910617480796724e-06,36.0,128.0,64.0,0.3994926349121199,valendin,,LSTM__electronics__r17
selection_rescore__LSTM__electronics__r18,LSTM,1,-0.005306180421835,0.2211243374201388,0.0886190533638,8.0,16.0,0.0019614620072244,256.0,2.004627851099753e-06,36.0,128.0,128.0,0.2602535675727994,valendin,,LSTM__electronics__r18
selection_rescore__LSTM__electronics__r19,LSTM,1,0.0783252993555901,0.2169903068313326,0.0888510216027498,6.0,14.0,0.0018171153979075,256.0,4.842548095234762e-05,28.0,64.0,128.0,0.0011662811718664,valendin,,LSTM__electronics__r19
selection_rescore__LSTM__electronics__r20,LSTM,1,0.0194452156558339,0.1927708003155237,0.088834349066019,10.0,18.0,0.002835650120099,256.0,0.0003842677767263,44.0,64.0,64.0,0.1053506484666135,valendin,,LSTM__electronics__r20
selection_rescore__LSTM__electronics__r21,LSTM,1,0.0911424875138221,0.1886399477396094,0.0892563890665769,24.0,32.0,0.0003875716263657,256.0,0.0003006098408332,100.0,32.0,128.0,0.0897766956798957,valendin,,LSTM__electronics__r21
selection_rescore__LSTM__electronics__r22,LSTM,1,0.0564302700088987,0.2079960703243039,0.0888266135007143,7.0,15.0,0.002545531298785,256.0,6.058070068071447e-05,32.0,128.0,128.0,0.2555660620032429,valendin,,LSTM__electronics__r22
selection_rescore__LSTM__electronics__r23,LSTM,1,0.0521373008675642,0.1986323780735625,0.0887314174324274,10.0,18.0,0.0013131609187643,256.0,8.998350336282959e-05,44.0,128.0,128.0,0.3051281743628493,valendin,,LSTM__electronics__r23
selection_rescore__LSTM__electronics__r24,LSTM,1,0.0677997887324631,0.1884881217426851,0.0886241216212511,10.0,18.0,0.0020427454029146,256.0,0.002971718635082,44.0,64.0,128.0,0.1750433223933183,valendin,,LSTM__electronics__r24
selection_rescore__LSTM__electronics__r25,LSTM,1,0.0659967033106987,0.172067006855666,0.0915344378777912,28.0,36.0,0.0001278586725745,128.0,0.0001875712529795,203.0,64.0,128.0,0.0018751084908195,valendin,,LSTM__electronics__r25
selection_rescore__LSTM__electronics__r26,LSTM,1,0.0954468231614968,0.2022098651437849,0.0884523931890726,11.0,19.0,0.0016379976008833,256.0,7.457544971084996e-05,48.0,64.0,128.0,0.3605684694078577,valendin,,LSTM__electronics__r26
selection_rescore__LSTM__electronics__r27,LSTM,1,0.0529005391997896,0.1738179773008099,0.088704926893115,10.0,18.0,0.0026337640282174,256.0,0.0004451936735907,44.0,64.0,64.0,0.1208573258280601,valendin,,LSTM__electronics__r27
selection_rescore__LSTM__electronics__r28,LSTM,1,-0.0037540482333116,0.2030314490158785,0.0888488683849573,7.0,15.0,0.0028102654581215,256.0,0.0001134242978656,32.0,128.0,64.0,0.1743826207156264,valendin,,LSTM__electronics__r28
selection_rescore__LSTM__electronics__r29,LSTM,1,0.078677813599491,0.1882803246936492,0.0907126143574714,6.0,14.0,0.0013205773118089,128.0,0.0001596967157511,49.0,32.0,128.0,0.2198606608133979,valendin,,LSTM__electronics__r29
selection_rescore__LSTM__electronics__r30,LSTM,1,0.0304120464074267,0.1869379445944922,0.0888456832617521,16.0,24.0,0.0007336351875103,256.0,0.0071767041519003,68.0,32.0,128.0,0.0204772729267619,valendin,,LSTM__electronics__r30
selection_rescore__LSTM__electronics__r31,LSTM,1,-0.0182380897915085,0.1756438850131851,0.0894938632845878,9.0,17.0,0.0020506967037961,256.0,7.24148893806829e-06,40.0,128.0,64.0,0.2567562483025881,valendin,,LSTM__electronics__r31
selection_rescore__LSTM__electronics__r32,LSTM,1,-0.0059607433821448,0.1993847328626186,0.0887617822736501,13.0,21.0,0.0013972229349714,256.0,0.0067337407693261,56.0,64.0,128.0,0.0212517285330728,valendin,,LSTM__electronics__r32
selection_rescore__LSTM__electronics__r33,LSTM,1,0.0781518977343611,0.2024314070625038,0.0888381749391555,7.0,15.0,0.0027815875017997,256.0,9.955370431931694e-06,32.0,128.0,128.0,0.2550751665166131,valendin,,LSTM__electronics__r33
selection_rescore__LSTM__electronics__r34,LSTM,1,0.0564029607816718,0.1815414122983164,0.0887807793915271,13.0,21.0,0.001268965785526,256.0,6.445432316515435e-05,56.0,32.0,64.0,0.0229263940988824,valendin,,LSTM__electronics__r34
selection_rescore__LSTM__electronics__r35,LSTM,1,-0.0020922087597658,0.1783944760392904,0.0888545103371143,8.0,16.0,0.00291993979344,256.0,0.000137403661344,36.0,128.0,32.0,0.1169973111904529,valendin,,LSTM__electronics__r35
selection_rescore__LSTM__electronics__r36,LSTM,1,0.0240716891053271,0.1465820579198583,0.0886406172066927,2.0,10.0,0.0013151609941859,256.0,3.2996210521391432e-06,12.0,128.0,64.0,0.2024297764054271,valendin,,LSTM__electronics__r36
selection_rescore__LSTM__electronics__r37,LSTM,1,-0.0356630492252319,0.1878784138745191,0.0912551209330558,4.0,12.0,0.0025449533259698,128.0,0.0004729573066783,35.0,128.0,64.0,0.096767250940214,valendin,,LSTM__electronics__r37
selection_rescore__LSTM__electronics__r38,LSTM,1,-0.0637227977678894,0.1733749447000031,0.0891005750745534,8.0,16.0,0.002931847967153,256.0,0.0002195530169839,36.0,128.0,32.0,0.0625981145675003,valendin,,LSTM__electronics__r38
selection_rescore__LSTM__electronics__r39,LSTM,1,0.0927226108097216,0.2161641037846816,0.0885450337082147,11.0,19.0,0.0019215629745321,256.0,2.690930796650156e-05,48.0,64.0,128.0,0.0575675600403195,valendin,,LSTM__electronics__r39
selection_rescore__ValendinLSTM__electronics__r00,ValendinLSTM,1,0.029302802727541,0.2151332002935291,0.088960001245141,8.0,16.0,0.0018326472627589,256.0,5.393354675177097e-06,36.0,,,,,,ValendinLSTM__electronics__r00
selection_rescore__ValendinLSTM__electronics__r01,ValendinLSTM,1,0.0626101616554524,0.20646041681383,0.0887344907969236,10.0,18.0,0.0011725344594179,256.0,5.9328479542316765e-06,44.0,,,,,,ValendinLSTM__electronics__r01
selection_rescore__ValendinLSTM__electronics__r02,ValendinLSTM,1,0.0300346770699638,0.2151402190527715,0.0889260470867157,8.0,16.0,0.0020244230609512,256.0,1.5220815860613568e-05,36.0,,,,,,ValendinLSTM__electronics__r02
selection_rescore__ValendinLSTM__electronics__r03,ValendinLSTM,1,0.0045769220323698,0.1693475597274306,0.0889586377888917,11.0,19.0,0.000562704788151,256.0,2.185907696335168e-06,48.0,,,,,,ValendinLSTM__electronics__r03
selection_rescore__ValendinLSTM__electronics__r04,ValendinLSTM,1,-0.0334778461951234,0.2097984240084494,0.0884833820164203,7.0,15.0,0.0024650533592858,256.0,0.0009545115569638,32.0,,,,,,ValendinLSTM__electronics__r04
selection_rescore__ValendinLSTM__electronics__r05,ValendinLSTM,1,0.063656948987363,0.2128268271765209,0.088763428851962,9.0,17.0,0.001787932505461,256.0,7.087246655137364e-06,40.0,,,,,,ValendinLSTM__electronics__r05
selection_rescore__ValendinLSTM__electronics__r06,ValendinLSTM,1,0.0234135609431053,0.2049786174350072,0.0890651866793632,13.0,21.0,0.0007887424142112,256.0,0.0004208096987448,56.0,,,,,,ValendinLSTM__electronics__r06
selection_rescore__ValendinLSTM__electronics__r07,ValendinLSTM,1,0.0203349641213421,0.2143051374703507,0.0912398163761411,4.0,12.0,0.0016843371700092,128.0,0.0010146702317463,35.0,,,,,,ValendinLSTM__electronics__r07
selection_rescore__ValendinLSTM__electronics__r08,ValendinLSTM,1,0.0012857728882352,0.1968039420177773,0.0911585582154137,6.0,14.0,0.0009957200134839,128.0,1.509554262516196e-06,49.0,,,,,,ValendinLSTM__electronics__r08
selection_rescore__ValendinLSTM__electronics__r09,ValendinLSTM,1,0.0429365291361234,0.2084679468427235,0.0892372261732816,13.0,21.0,0.0008492743827383,256.0,7.198147268321455e-06,56.0,,,,,,ValendinLSTM__electronics__r09
selection_rescore__ValendinLSTM__electronics__r10,ValendinLSTM,1,0.024446935348579,0.2158608837557865,0.0885727629065513,7.0,15.0,0.0024997161832632,256.0,0.0024290362411166,32.0,,,,,,ValendinLSTM__electronics__r10
selection_rescore__ValendinLSTM__electronics__r11,ValendinLSTM,1,0.0757053939513547,0.1995366021728652,0.0888078678399324,11.0,19.0,0.001105665396078,256.0,1.6112555962797115e-05,48.0,,,,,,ValendinLSTM__electronics__r11
selection_rescore__ValendinLSTM__electronics__r12,ValendinLSTM,1,0.0191433028826421,0.2124319665022757,0.0888150334358215,8.0,16.0,0.0020830826750456,256.0,0.0084166571782328,36.0,,,,,,ValendinLSTM__electronics__r12
selection_rescore__ValendinLSTM__electronics__r13,ValendinLSTM,1,0.0908028696705609,0.1960010615173858,0.0888291932642459,1.0,9.0,0.0018465736936706,256.0,5.064519247148294e-06,8.0,,,,,,ValendinLSTM__electronics__r13
selection_rescore__ValendinLSTM__electronics__r14,ValendinLSTM,1,0.0314160512880344,0.2269557199513296,0.0888601075857877,7.0,15.0,0.002271967390901,256.0,8.03963356809574e-06,32.0,,,,,,ValendinLSTM__electronics__r14
selection_rescore__ValendinLSTM__electronics__r15,ValendinLSTM,1,-0.0069441340973746,0.2161913328299732,0.0888225343078374,8.0,16.0,0.0017757828040691,256.0,1.7532090068015177e-06,36.0,,,,,,ValendinLSTM__electronics__r15
selection_rescore__ValendinLSTM__electronics__r16,ValendinLSTM,1,0.0487596636497025,0.1881578478849002,0.0887747053056955,7.0,15.0,0.0024636839998849,256.0,0.0013150181151362,32.0,,,,,,ValendinLSTM__electronics__r16
selection_rescore__ValendinLSTM__electronics__r17,ValendinLSTM,1,0.0390468179159344,0.2021803207696888,0.0889942180365324,7.0,15.0,0.0024611901650166,256.0,4.9433548881545545e-06,32.0,,,,,,ValendinLSTM__electronics__r17
selection_rescore__ValendinLSTM__electronics__r18,ValendinLSTM,1,-0.012682442515423,0.1885279379022192,0.088718669489026,11.0,19.0,0.0011257641330929,256.0,1.4437523231716652e-06,48.0,,,,,,ValendinLSTM__electronics__r18
selection_rescore__ValendinLSTM__electronics__r19,ValendinLSTM,1,0.0098405059582455,0.1380881347587128,0.0891193766146898,17.0,25.0,0.0002690038153046,256.0,0.00014832049142,72.0,,,,,,ValendinLSTM__electronics__r19
selection_rescore__ValendinLSTM__electronics__r20,ValendinLSTM,1,0.021833007889581,0.2201099464216711,0.0909315762775284,5.0,13.0,0.0014622873901146,128.0,0.0002682232723794,42.0,,,,,,ValendinLSTM__electronics__r20
selection_rescore__ValendinLSTM__electronics__r21,ValendinLSTM,1,0.0330127811089825,0.2201234119456569,0.0887648593634367,8.0,16.0,0.0018752918841573,256.0,0.0004275370952985,36.0,,,,,,ValendinLSTM__electronics__r21
selection_rescore__ValendinLSTM__electronics__r22,ValendinLSTM,1,0.0578908654666415,0.210885215886057,0.0887352768331766,6.0,14.0,0.0025655617291642,256.0,2.378666219599244e-06,28.0,,,,,,ValendinLSTM__electronics__r22
selection_rescore__ValendinLSTM__electronics__r23,ValendinLSTM,1,0.0330922150201804,0.2071388298323654,0.0891814809292554,7.0,15.0,0.0026350810705095,256.0,5.2563882588913024e-05,32.0,,,,,,ValendinLSTM__electronics__r23
selection_rescore__ValendinLSTM__electronics__r24,ValendinLSTM,1,0.0479623569918649,0.1898185067614624,0.0889566261321306,16.0,24.0,0.0003292039068956,256.0,1.0689841048933005e-05,68.0,,,,,,ValendinLSTM__electronics__r24
selection_rescore__ValendinLSTM__electronics__r25,ValendinLSTM,1,0.0591164241599847,0.1987379053457707,0.0887170433998107,9.0,17.0,0.0017434320795192,256.0,0.0002642989212795,40.0,,,,,,ValendinLSTM__electronics__r25
selection_rescore__ValendinLSTM__electronics__r26,ValendinLSTM,1,0.0570311259392768,0.2094450015058434,0.0888026338070631,8.0,16.0,0.0019743643782596,256.0,1.7201445317342134e-06,36.0,,,,,,ValendinLSTM__electronics__r26
selection_rescore__ValendinLSTM__electronics__r27,ValendinLSTM,1,0.0278053751391096,0.192379409483477,0.0892805904150009,7.0,15.0,0.0023640367717282,256.0,0.009956486897313,32.0,,,,,,ValendinLSTM__electronics__r27
selection_rescore__ValendinLSTM__electronics__r28,ValendinLSTM,1,0.2035315680218996,0.5098431632721642,0.0886006392538547,53.0,61.0,0.0021296440637645,64.0,9.638938615566692e-06,702.0,,,,,,ValendinLSTM__electronics__r28
selection_rescore__ValendinLSTM__electronics__r29,ValendinLSTM,1,0.0351786959437617,0.184120032385976,0.0889540463685989,11.0,19.0,0.0011180211155936,256.0,0.0005680263509894,48.0,,,,,,ValendinLSTM__electronics__r29
selection_rescore__ValendinLSTM__electronics__r30,ValendinLSTM,1,-0.0116855869308751,0.1940548401917582,0.0887208580970764,11.0,19.0,0.0011853758183304,256.0,0.0013102963188014,48.0,,,,,,ValendinLSTM__electronics__r30
selection_rescore__ValendinLSTM__electronics__r31,ValendinLSTM,1,-0.0088092481863255,0.2122269978286577,0.0888955537229776,7.0,15.0,0.0023271439583062,256.0,0.0042420364186342,32.0,,,,,,ValendinLSTM__electronics__r31
selection_rescore__ValendinLSTM__electronics__r32,ValendinLSTM,1,-0.0122095185350694,0.2003488591286242,0.0889641549438238,9.0,17.0,0.0017202209344587,256.0,2.68493625825034e-05,40.0,,,,,,ValendinLSTM__electronics__r32
selection_rescore__ValendinLSTM__electronics__r33,ValendinLSTM,1,0.007373678000234,0.2096433048844113,0.0889046061784029,8.0,16.0,0.0019312313182764,256.0,0.0032631501582191,36.0,,,,,,ValendinLSTM__electronics__r33
selection_rescore__ValendinLSTM__electronics__r34,ValendinLSTM,1,0.2391754325690624,1.1420335333839848,0.0885007112072064,41.0,49.0,0.00235343356139,64.0,0.0001806303899203,546.0,,,,,,ValendinLSTM__electronics__r34
selection_rescore__ValendinLSTM__electronics__r35,ValendinLSTM,1,0.0220130561338919,0.1928320774537243,0.0887553207576274,7.0,15.0,0.0024420863024566,256.0,0.0001494691051672,32.0,,,,,,ValendinLSTM__electronics__r35
selection_rescore__ValendinLSTM__electronics__r36,ValendinLSTM,1,0.0103688282816928,0.1973610487579695,0.0888350903987884,9.0,17.0,0.0019719875476485,256.0,0.0084220487830968,40.0,,,,,,ValendinLSTM__electronics__r36
selection_rescore__ValendinLSTM__electronics__r37,ValendinLSTM,1,0.0073728110991462,0.2093777120256104,0.0889373552054166,7.0,15.0,0.0027782691910746,256.0,6.553506803830091e-06,32.0,,,,,,ValendinLSTM__electronics__r37
selection_rescore__ValendinLSTM__electronics__r38,ValendinLSTM,1,0.0109192653693922,0.19016407397594,0.0890625100582838,11.0,19.0,0.001090965077168,256.0,1.7620342965159633e-05,48.0,,,,,,ValendinLSTM__electronics__r38
selection_rescore__ValendinLSTM__electronics__r39,ValendinLSTM,1,0.0936936346907803,0.2085971123932759,0.0888356398791074,7.0,15.0,0.0021343608269301,256.0,6.798334612193415e-05,32.0,,,,,,ValendinLSTM__electronics__r39
training_budget__LSTM__electronics__archive__r00,LSTM,1,0.0369029691237439,0.1700090728518965,0.0899249613285064,13.0,21.0,0.0006300314164107,256.0,1.3063372103949856e-06,56.0,64.0,128.0,0.2664360852392103,valendin,,LSTM__electronics__archive__r00
training_budget__LSTM__electronics__archive__r01,LSTM,1,0.0313531784634532,0.1901473581494346,0.0890247318893671,10.0,18.0,0.0014917615927932,256.0,0.0010772517161562,44.0,128.0,128.0,0.3018524280667129,valendin,,LSTM__electronics__archive__r01
training_budget__LSTM__electronics__archive__r02,LSTM,1,0.0577590568121411,0.1608712933050473,0.0885211173444986,10.0,18.0,0.0016580330893962,256.0,0.0001020816159755,44.0,32.0,64.0,0.046062187898638,valendin,,LSTM__electronics__archive__r02
training_budget__LSTM__electronics__archive__r03,LSTM,1,0.0353185901113649,0.2107855449975399,0.0889267344027757,8.0,16.0,0.0017929782573624,256.0,0.0003392455155625,36.0,128.0,128.0,0.1640105566622242,valendin,,LSTM__electronics__archive__r03
training_budget__LSTM__electronics__archive__r04,LSTM,1,0.0134079676485512,0.1711051141610965,0.0886626336723566,6.0,14.0,0.0011742175690717,256.0,0.0002128000012571,28.0,128.0,128.0,0.3082755154942872,valendin,,LSTM__electronics__archive__r04
training_budget__LSTM__electronics__archive__r05,LSTM,1,0.0732207138317384,0.1692140012214439,0.0907881166785955,14.0,22.0,0.002273515781426,256.0,4.5617714298856014e-06,60.0,64.0,32.0,0.3802355354412359,valendin,,LSTM__electronics__archive__r05
training_budget__LSTM__electronics__archive__r06,LSTM,1,0.0458302573931826,0.2128243780449061,0.0911188242690903,4.0,12.0,0.0017367710352411,128.0,0.0003621506511603,35.0,128.0,128.0,0.0577974852474171,valendin,,LSTM__electronics__archive__r06
training_budget__LSTM__electronics__archive__r07,LSTM,1,0.0435986505813635,0.2172200304766099,0.0888595897704362,7.0,15.0,0.0024753829909137,256.0,0.0002329304196657,32.0,128.0,128.0,0.2250104046844621,valendin,,LSTM__electronics__archive__r07
training_budget__LSTM__electronics__archive__r08,LSTM,1,0.0108853716824714,0.1893520875840762,0.0890073012560606,8.0,16.0,0.0026373447401026,256.0,2.8949673715316908e-06,36.0,128.0,64.0,0.3987062850017859,valendin,,LSTM__electronics__archive__r08
training_budget__LSTM__electronics__archive__r09,LSTM,1,0.0188498188951457,0.1893621046561219,0.0890029575675726,7.0,15.0,0.0028163149711921,256.0,0.0002868911880021,32.0,128.0,64.0,0.1134281540454764,valendin,,LSTM__electronics__archive__r09
training_budget__LSTM__electronics__archive__r10,LSTM,1,0.0091631047268915,0.2036752994827776,0.0888752955943346,9.0,17.0,0.0020602260552887,256.0,0.0001311975727364,40.0,128.0,64.0,0.1373675633707278,valendin,,LSTM__electronics__archive__r10
training_budget__LSTM__electronics__archive__r11,LSTM,1,0.1724684506986233,0.2026284609942607,0.0890022981911897,13.0,21.0,0.002126742770094,256.0,0.0032841397344146,56.0,32.0,128.0,0.3093972104622923,valendin,,LSTM__electronics__archive__r11
training_budget__LSTM__electronics__archive__r12,LSTM,1,-0.0288866593693809,0.1914598632821172,0.0888694860041141,8.0,16.0,0.0029246878817335,256.0,2.3552116625469174e-06,36.0,128.0,32.0,0.0124506785296476,valendin,,LSTM__electronics__archive__r12
training_budget__LSTM__electronics__archive__r13,LSTM,1,0.0362572345186189,0.2096885657936441,0.0911410823464393,4.0,12.0,0.0021709449111479,128.0,1.4023937600388557e-06,35.0,128.0,128.0,0.25662675535946,valendin,,LSTM__electronics__archive__r13
training_budget__LSTM__electronics__archive__r14,LSTM,1,0.0194836102269477,0.1844079503117183,0.0890059135854244,11.0,19.0,0.0014826180315638,256.0,0.0007392932289781,48.0,128.0,64.0,0.3418454301966709,valendin,,LSTM__electronics__archive__r14
training_budget__LSTM__electronics__archive__r15,LSTM,1,-0.0430457627636482,0.2005112385206978,0.0891260150820016,8.0,16.0,0.0021988271648905,256.0,0.0002155354236604,36.0,128.0,64.0,0.0584255849287252,valendin,,LSTM__electronics__archive__r15
training_budget__LSTM__electronics__archive__r16,LSTM,1,0.053092066912968,0.2050638767648645,0.0888635665178299,10.0,18.0,0.0019766699594601,256.0,0.0020690424597823,44.0,64.0,128.0,0.0845436621749296,valendin,,LSTM__electronics__archive__r16
training_budget__LSTM__electronics__archive__r17,LSTM,1,0.024709305533714,0.1698006674312872,0.089085578918457,7.0,15.0,0.0029521198618102,256.0,5.314332981551595e-06,32.0,128.0,32.0,0.2511063550435965,valendin,,LSTM__electronics__archive__r17
training_budget__LSTM__electronics__archive__r18,LSTM,1,-0.0110765699126587,0.2171546168065767,0.0889072846621275,6.0,14.0,0.0025187116485179,256.0,5.829040545943495e-05,28.0,128.0,128.0,0.025026565924566,valendin,,LSTM__electronics__archive__r18
training_budget__LSTM__electronics__archive__r19,LSTM,1,0.0107057924078471,0.196758846050223,0.0910855851003101,6.0,14.0,0.0025899521851333,128.0,3.522882005325326e-05,49.0,64.0,64.0,0.0770235101850429,valendin,,LSTM__electronics__archive__r19
training_budget__LSTM__electronics__floor50__r00,LSTM,1,0.0593084998290113,0.166135499562742,0.0882944352924823,13.0,21.0,0.0006296059694101,256.0,9.347017867528396e-05,56.0,64.0,128.0,0.3288585944460219,valendin,,LSTM__electronics__floor50__r00
training_budget__LSTM__electronics__floor50__r01,LSTM,1,0.089971216204011,0.1542749304077554,0.0884096380323171,16.0,24.0,0.0009118591485006,256.0,5.076134359058867e-06,68.0,32.0,64.0,0.2356256091674548,valendin,,LSTM__electronics__floor50__r01
training_budget__LSTM__electronics__floor50__r02,LSTM,1,0.0888211028381528,0.1510672649429983,0.0879926793277263,33.0,41.0,0.0004276990006742,256.0,6.830014300786961e-06,136.0,32.0,128.0,0.3891165310066261,valendin,,LSTM__electronics__floor50__r02
training_budget__LSTM__electronics__floor50__r03,LSTM,1,0.0787509102806569,0.2120116682541443,0.0886005125939846,11.0,19.0,0.0018294996771424,256.0,0.0001623742688807,48.0,64.0,128.0,0.2858698916362505,valendin,,LSTM__electronics__floor50__r03
training_budget__LSTM__electronics__floor50__r04,LSTM,1,-0.0431673430120125,0.1788151602252208,0.0884097889065742,38.0,46.0,0.0024622156689098,256.0,0.0001726392343096,156.0,128.0,128.0,0.1602657070861972,valendin,,LSTM__electronics__floor50__r04
training_budget__LSTM__electronics__floor50__r05,LSTM,1,0.0943185686475495,0.1677645481453601,0.0878398679196834,59.0,67.0,0.0018527516362293,256.0,0.0002851911235311,240.0,128.0,128.0,0.3807118638239166,valendin,,LSTM__electronics__floor50__r05
training_budget__LSTM__electronics__floor50__r06,LSTM,1,0.157882310710482,0.3022802401426677,0.0879168286919593,61.0,69.0,0.0024857176981795,128.0,0.0045338872371742,434.0,128.0,64.0,0.0130950009865848,valendin,,LSTM__electronics__floor50__r06
training_budget__LSTM__electronics__floor50__r07,LSTM,1,0.0210946161932712,0.1753230947726836,0.0886035617440939,50.0,58.0,0.0028982550056299,256.0,0.0001410801082717,204.0,64.0,64.0,0.2992839364489383,valendin,,LSTM__electronics__floor50__r07
training_budget__LSTM__electronics__floor50__r08,LSTM,1,0.0934267304985498,0.1768649182638423,0.0884277690201997,17.0,25.0,0.0008653983052596,256.0,2.4812338869430125e-05,72.0,32.0,64.0,0.0162201942158176,valendin,,LSTM__electronics__floor50__r08
training_budget__LSTM__electronics__floor50__r09,LSTM,1,0.0876705268999114,0.1978959419370482,0.0879997108131647,18.0,26.0,0.0003675272114295,256.0,0.0057900895961217,76.0,64.0,128.0,0.2023706847642095,valendin,,LSTM__electronics__floor50__r09
training_budget__LSTM__electronics__floor50__r10,LSTM,1,0.0661167638018091,0.1963791073575168,0.0879995599389076,15.0,23.0,0.0004894445259306,256.0,2.156533924510212e-05,64.0,64.0,128.0,0.1403872408983226,valendin,,LSTM__electronics__floor50__r10
training_budget__LSTM__electronics__floor50__r11,LSTM,1,0.1671280287828702,0.1839952782902703,0.0877126771956682,29.0,37.0,0.0002970612161007,256.0,5.035535427034247e-05,120.0,32.0,128.0,0.2890486634189975,valendin,,LSTM__electronics__floor50__r11
training_budget__LSTM__electronics__floor50__r12,LSTM,1,0.032808226076641,0.1575938039639651,0.0883899647742509,23.0,31.0,0.0005606932103531,256.0,0.0003247955446928,96.0,32.0,64.0,0.3679352381946963,valendin,,LSTM__electronics__floor50__r12
training_budget__LSTM__electronics__floor50__r13,LSTM,1,0.0599625732156264,0.1868117599054989,0.0880419556051492,20.0,28.0,0.0003454237130891,256.0,1.224901830727548e-06,84.0,64.0,128.0,0.0041616897866382,valendin,,LSTM__electronics__floor50__r13
training_budget__LSTM__electronics__floor50__r14,LSTM,1,0.0001696151075249,0.2061638371663403,0.087988831102848,48.0,56.0,0.0013815148956038,256.0,2.399721430212984e-06,196.0,128.0,128.0,0.3734582587758728,valendin,,LSTM__electronics__floor50__r14
training_budget__LSTM__electronics__floor50__r15,LSTM,1,0.1232735185185004,0.36942204817493,0.0881115368434361,65.0,73.0,0.0025201508425184,128.0,4.0828959067111575e-06,462.0,128.0,64.0,0.0130517057627743,valendin,,LSTM__electronics__floor50__r15
training_budget__LSTM__electronics__floor50__r16,LSTM,1,0.0998243929160961,0.1462701995358727,0.0880759749561548,68.0,76.0,0.0001399643930604,256.0,0.0003073824913095,276.0,32.0,128.0,0.3748165226026018,valendin,,LSTM__electronics__floor50__r16
training_budget__LSTM__electronics__floor50__r17,LSTM,1,0.0940675571160564,0.1686225115996044,0.0881422143429517,17.0,25.0,0.0005010534858105,256.0,3.60432769504118e-06,72.0,64.0,128.0,0.1763839651865106,valendin,,LSTM__electronics__floor50__r17
training_budget__LSTM__electronics__floor50__r18,LSTM,1,0.0328172426117913,0.1695910606826366,0.0875267721712589,57.0,65.0,0.0027034271734891,256.0,0.0011272998097272,232.0,128.0,128.0,0.192349939245673,valendin,,LSTM__electronics__floor50__r18
training_budget__LSTM__electronics__floor50__r19,LSTM,1,0.0726537178949742,0.1738907706876084,0.0880874395370483,15.0,23.0,0.0004857601557591,256.0,0.0013171266977996,64.0,64.0,128.0,0.1811146822235556,valendin,,LSTM__electronics__floor50__r19
training_budget__LSTM__electronics__paper90__r00,LSTM,1,0.2710403759173789,1.907691411342633,0.0890322787543902,82.0,88.0,0.001,32.0,0.0,2158.0,128.0,128.0,0.0,valendin,,LSTM__electronics__paper90__r00
training_budget__LSTM__electronics__paper90__r01,LSTM,1,0.1819680814646806,0.5310749768679863,0.0891062124417378,74.0,80.0,0.001,32.0,0.0,1950.0,128.0,128.0,0.0,valendin,,LSTM__electronics__paper90__r01
training_budget__LSTM__electronics__paper90__r02,LSTM,1,0.1943497663060275,0.365144613502588,0.0883724507517539,89.0,95.0,0.001,32.0,0.0,2340.0,128.0,128.0,0.0,valendin,,LSTM__electronics__paper90__r02
training_budget__LSTM__electronics__paper90__r03,LSTM,1,0.2043320995440495,0.3982817188141068,0.0885857138782739,66.0,72.0,0.001,32.0,0.0,1742.0,128.0,128.0,0.0,valendin,,LSTM__electronics__paper90__r03
training_budget__LSTM__electronics__paper90__r04,LSTM,1,0.2091946312828445,0.9575122049965552,0.0882614535781053,59.0,65.0,0.001,32.0,0.0,1560.0,128.0,128.0,0.0,valendin,,LSTM__electronics__paper90__r04
training_budget__LSTM__electronics__paper90__r05,LSTM,1,0.1052177490685556,0.2031770793259446,0.0928519230622511,1.0,7.0,0.001,32.0,0.0,52.0,128.0,128.0,0.0,valendin,,LSTM__electronics__paper90__r05
training_budget__LSTM__electronics__paper90__r06,LSTM,1,0.2386566687522887,0.5330613914899434,0.089162477507041,70.0,76.0,0.001,32.0,0.0,1846.0,128.0,128.0,0.0,valendin,,LSTM__electronics__paper90__r06
training_budget__LSTM__electronics__paper90__r07,LSTM,1,0.2475444507603595,0.6351711644275576,0.0889694586109656,76.0,82.0,0.001,32.0,0.0,2002.0,128.0,128.0,0.0,valendin,,LSTM__electronics__paper90__r07
training_budget__LSTM__electronics__paper90__r08,LSTM,1,0.1883252830405058,0.5095694893051252,0.0887619580786961,82.0,88.0,0.001,32.0,0.0,2158.0,128.0,128.0,0.0,valendin,,LSTM__electronics__paper90__r08
training_budget__LSTM__electronics__paper90__r09,LSTM,1,0.2942074106548036,0.8238755208403928,0.09120329698691,72.0,78.0,0.001,32.0,0.0,1898.0,128.0,128.0,0.0,valendin,,LSTM__electronics__paper90__r09
training_budget__LSTM__electronics__paper90__r10,LSTM,1,0.1153806561908565,0.3307325940741035,0.0892345985540976,57.0,63.0,0.001,32.0,0.0,1508.0,128.0,128.0,0.0,valendin,,LSTM__electronics__paper90__r10
training_budget__LSTM__electronics__paper90__r11,LSTM,1,0.235419463734726,0.6434615664183011,0.0890925804582925,74.0,80.0,0.001,32.0,0.0,1950.0,128.0,128.0,0.0,valendin,,LSTM__electronics__paper90__r11
training_budget__LSTM__electronics__paper90__r12,LSTM,1,0.157445597115499,0.6005407358800042,0.0889520842868548,54.0,60.0,0.001,32.0,0.0,1430.0,128.0,128.0,0.0,valendin,,LSTM__electronics__paper90__r12
training_budget__LSTM__electronics__paper90__r13,LSTM,1,0.1709575648736692,0.5216982302725803,0.088955128708711,81.0,87.0,0.001,32.0,0.0,2132.0,128.0,128.0,0.0,valendin,,LSTM__electronics__paper90__r13
training_budget__LSTM__electronics__paper90__r14,LSTM,1,0.0212812985033067,0.2055333630167316,0.0924719935999466,1.0,7.0,0.001,32.0,0.0,52.0,128.0,128.0,0.0,valendin,,LSTM__electronics__paper90__r14
training_budget__LSTM__electronics__paper90__r15,LSTM,1,0.1083223738029425,0.3199138061578279,0.0893402066654883,71.0,77.0,0.001,32.0,0.0,1872.0,128.0,128.0,0.0,valendin,,LSTM__electronics__paper90__r15
training_budget__LSTM__electronics__paper90__r16,LSTM,1,0.2596342601162815,0.8751698846746787,0.0890349474950478,88.0,94.0,0.001,32.0,0.0,2314.0,128.0,128.0,0.0,valendin,,LSTM__electronics__paper90__r16
training_budget__LSTM__electronics__paper90__r17,LSTM,1,0.0377626521207551,0.200685327640654,0.0926591900105659,16.0,22.0,0.001,32.0,0.0,442.0,128.0,128.0,0.0,valendin,,LSTM__electronics__paper90__r17
training_budget__LSTM__electronics__paper90__r18,LSTM,1,0.1174177960673829,0.2737722659116841,0.0901479113560456,76.0,82.0,0.001,32.0,0.0,2002.0,128.0,128.0,0.0,valendin,,LSTM__electronics__paper90__r18
training_budget__LSTM__electronics__paper90__r19,LSTM,1,0.1282692390395559,0.4326260482547177,0.0891957379017884,58.0,64.0,0.001,32.0,0.0,1534.0,128.0,128.0,0.0,valendin,,LSTM__electronics__paper90__r19
training_budget__LSTM__electronics__paper__r00,LSTM,1,0.003633149080553,0.188705975989257,0.0929216812722958,1.0,7.0,0.001,32.0,0.0,52.0,128.0,128.0,0.0,valendin,,LSTM__electronics__paper__r00
training_budget__LSTM__electronics__paper__r01,LSTM,1,7.933118272933363e-05,0.191981320307599,0.0930279516256772,1.0,7.0,0.001,32.0,0.0,52.0,128.0,128.0,0.0,valendin,,LSTM__electronics__paper__r01
training_budget__LSTM__electronics__paper__r02,LSTM,1,0.0090178711652984,0.1951929628729009,0.0926524445127982,1.0,7.0,0.001,32.0,0.0,52.0,128.0,128.0,0.0,valendin,,LSTM__electronics__paper__r02
training_budget__LSTM__electronics__paper__r03,LSTM,1,0.0333732670733186,0.1931831270103147,0.0926335936842056,1.0,7.0,0.001,32.0,0.0,52.0,128.0,128.0,0.0,valendin,,LSTM__electronics__paper__r03
training_budget__LSTM__electronics__paper__r04,LSTM,1,0.0029182771717116,0.2100451733355708,0.0926109277285062,1.0,7.0,0.001,32.0,0.0,52.0,128.0,128.0,0.0,valendin,,LSTM__electronics__paper__r04
training_budget__LSTM__electronics__paper__r05,LSTM,1,0.1030504548367597,0.1973806658693352,0.0928519230622511,1.0,7.0,0.001,32.0,0.0,52.0,128.0,128.0,0.0,valendin,,LSTM__electronics__paper__r05
training_budget__LSTM__electronics__paper__r06,LSTM,1,0.0206585798815308,0.1618887305999894,0.0931705869734287,1.0,7.0,0.001,32.0,0.0,52.0,128.0,128.0,0.0,valendin,,LSTM__electronics__paper__r06
training_budget__LSTM__electronics__paper__r07,LSTM,1,-0.0085673190966512,0.1736759400892561,0.0932964916126086,1.0,7.0,0.001,32.0,0.0,52.0,128.0,128.0,0.0,valendin,,LSTM__electronics__paper__r07
training_budget__LSTM__electronics__paper__r08,LSTM,1,-0.0003153208040333,0.1768828920750224,0.0934512185362669,1.0,7.0,0.001,32.0,0.0,52.0,128.0,128.0,0.0,valendin,,LSTM__electronics__paper__r08
training_budget__LSTM__electronics__paper__r09,LSTM,1,0.0331158450363791,0.1980121591560366,0.0930341175542427,1.0,7.0,0.001,32.0,0.0,52.0,128.0,128.0,0.0,valendin,,LSTM__electronics__paper__r09
training_budget__LSTM__electronics__paper__r10,LSTM,1,0.030620179724649,0.1940330247002718,0.0931749088832965,1.0,7.0,0.001,32.0,0.0,52.0,128.0,128.0,0.0,valendin,,LSTM__electronics__paper__r10
training_budget__LSTM__electronics__paper__r11,LSTM,1,0.0737555975532722,0.2020457835673253,0.0930112151858898,1.0,7.0,0.001,32.0,0.0,52.0,128.0,128.0,0.0,valendin,,LSTM__electronics__paper__r11
training_budget__LSTM__electronics__paper__r12,LSTM,1,-0.0024504792103264,0.1949500302087121,0.0928138293899022,1.0,7.0,0.001,32.0,0.0,52.0,128.0,128.0,0.0,valendin,,LSTM__electronics__paper__r12
training_budget__LSTM__electronics__paper__r13,LSTM,1,0.0400176588420695,0.2029302117146704,0.0925765137832898,1.0,7.0,0.001,32.0,0.0,52.0,128.0,128.0,0.0,valendin,,LSTM__electronics__paper__r13
training_budget__LSTM__electronics__paper__r14,LSTM,1,0.021446246541142,0.201192104894103,0.0924719935999466,1.0,7.0,0.001,32.0,0.0,52.0,128.0,128.0,0.0,valendin,,LSTM__electronics__paper__r14
training_budget__LSTM__electronics__paper__r15,LSTM,1,-0.0310519957606621,0.1921977341784755,0.0928025499272805,1.0,7.0,0.001,32.0,0.0,52.0,128.0,128.0,0.0,valendin,,LSTM__electronics__paper__r15
training_budget__LSTM__electronics__paper__r16,LSTM,1,0.0263492967351994,0.1935832496675919,0.0936429530668717,1.0,7.0,0.001,32.0,0.0,52.0,128.0,128.0,0.0,valendin,,LSTM__electronics__paper__r16
training_budget__LSTM__electronics__paper__r17,LSTM,1,0.0235670749220816,0.1814703017339335,0.0932037906291393,1.0,7.0,0.001,32.0,0.0,52.0,128.0,128.0,0.0,valendin,,LSTM__electronics__paper__r17
training_budget__LSTM__electronics__paper__r18,LSTM,1,0.0036997689445772,0.1889140872333681,0.0925296494880547,1.0,7.0,0.001,32.0,0.0,52.0,128.0,128.0,0.0,valendin,,LSTM__electronics__paper__r18
training_budget__LSTM__electronics__paper__r19,LSTM,1,0.0127578557219231,0.2163514503133021,0.0930448857924113,1.0,7.0,0.001,32.0,0.0,52.0,128.0,128.0,0.0,valendin,,LSTM__electronics__paper__r19
training_budget__ValendinLSTM__electronics__archive__r00,ValendinLSTM,1,-0.0100369253324786,0.2079094094503043,0.0889681000262498,8.0,16.0,0.0018358297470171,256.0,0.0001945781933784,36.0,,,,,,ValendinLSTM__electronics__archive__r00
training_budget__ValendinLSTM__electronics__archive__r01,ValendinLSTM,1,0.1378006165208353,0.4612135806996437,0.0894668681117204,35.0,43.0,0.0026230930874851,64.0,6.706322521551027e-05,468.0,,,,,,ValendinLSTM__electronics__archive__r01
training_budget__ValendinLSTM__electronics__archive__r02,ValendinLSTM,1,0.0376821790053744,0.2159433208821617,0.0887319818139076,8.0,16.0,0.0019209862359595,256.0,0.0011008258863806,36.0,,,,,,ValendinLSTM__electronics__archive__r02
training_budget__ValendinLSTM__electronics__archive__r03,ValendinLSTM,1,0.025115234474924,0.1932197449837219,0.0889771115034818,11.0,19.0,0.0011382012347878,256.0,0.0001134379600213,48.0,,,,,,ValendinLSTM__electronics__archive__r03
training_budget__ValendinLSTM__electronics__archive__r04,ValendinLSTM,1,-0.0110304076933504,0.1940507945942533,0.0889678243547678,6.0,14.0,0.0026183923845834,256.0,6.340152996892939e-05,28.0,,,,,,ValendinLSTM__electronics__archive__r04
training_budget__ValendinLSTM__electronics__archive__r05,ValendinLSTM,1,0.0953269315830387,0.206536263839376,0.0910268021481377,6.0,14.0,0.0009908529107519,128.0,6.392276528501441e-05,49.0,,,,,,ValendinLSTM__electronics__archive__r05
training_budget__ValendinLSTM__electronics__archive__r06,ValendinLSTM,1,0.054071255901659,0.2208209658928967,0.0888208393007516,6.0,14.0,0.0026984459245448,256.0,3.405435595558983e-06,28.0,,,,,,ValendinLSTM__electronics__archive__r06
training_budget__ValendinLSTM__electronics__archive__r07,ValendinLSTM,1,0.073498162423858,0.2261433838194494,0.0890239924192428,8.0,16.0,0.0018677595641375,256.0,1.0758031614353735e-06,36.0,,,,,,ValendinLSTM__electronics__archive__r07
training_budget__ValendinLSTM__electronics__archive__r08,ValendinLSTM,1,0.0309562609043427,0.18339891248377,0.0911505935447556,21.0,29.0,0.0001176242232362,128.0,1.968761845371032e-05,154.0,,,,,,ValendinLSTM__electronics__archive__r08
training_budget__ValendinLSTM__electronics__archive__r09,ValendinLSTM,1,0.0464017392326151,0.1572998746390683,0.0890053082257509,8.0,16.0,0.0007912169250104,256.0,1.3829774755882774e-06,36.0,,,,,,ValendinLSTM__electronics__archive__r09
training_budget__ValendinLSTM__electronics__archive__r10,ValendinLSTM,1,0.0116598706264477,0.1822094599916463,0.0889181923121213,6.0,14.0,0.0029241118097005,256.0,0.0049823337095196,28.0,,,,,,ValendinLSTM__electronics__archive__r10
training_budget__ValendinLSTM__electronics__archive__r11,ValendinLSTM,1,0.0772464722083466,0.1982643987689555,0.0889158844947815,7.0,15.0,0.0023346348273489,256.0,1.9975429977224904e-05,32.0,,,,,,ValendinLSTM__electronics__archive__r11
training_budget__ValendinLSTM__electronics__archive__r12,ValendinLSTM,1,-0.0059445686709857,0.2118307731784218,0.0885277073830366,6.0,14.0,0.0029295067234377,256.0,0.0097880622134794,28.0,,,,,,ValendinLSTM__electronics__archive__r12
training_budget__ValendinLSTM__electronics__archive__r13,ValendinLSTM,1,-0.0024429361728394,0.214089406708336,0.0891259107738733,13.0,21.0,0.0008299379056515,256.0,0.0045159904514933,56.0,,,,,,ValendinLSTM__electronics__archive__r13
training_budget__ValendinLSTM__electronics__archive__r14,ValendinLSTM,1,0.0007473592653567,0.1966352104830403,0.0887355413287878,9.0,17.0,0.0018051966722172,256.0,6.258297297781644e-06,40.0,,,,,,ValendinLSTM__electronics__archive__r14
training_budget__ValendinLSTM__electronics__archive__r15,ValendinLSTM,1,-0.0282192941864473,0.2119766677588452,0.0885732658207416,9.0,17.0,0.0016902678459684,256.0,3.325284932925186e-06,40.0,,,,,,ValendinLSTM__electronics__archive__r15
training_budget__ValendinLSTM__electronics__archive__r16,ValendinLSTM,1,0.0316663607783664,0.169580510872087,0.0894310157746076,18.0,26.0,0.0002608910749426,256.0,1.0595518917981087e-05,76.0,,,,,,ValendinLSTM__electronics__archive__r16
training_budget__ValendinLSTM__electronics__archive__r17,ValendinLSTM,1,0.0050994001831288,0.205137147524201,0.0888396073132753,7.0,15.0,0.0023338783562208,256.0,0.0078612261994844,32.0,,,,,,ValendinLSTM__electronics__archive__r17
training_budget__ValendinLSTM__electronics__archive__r18,ValendinLSTM,1,-0.0222063241441759,0.1893086550875657,0.0887624062597751,11.0,19.0,0.0011257641330929,256.0,1.4437523231716652e-06,48.0,,,,,,ValendinLSTM__electronics__archive__r18
training_budget__ValendinLSTM__electronics__archive__r19,ValendinLSTM,1,-0.0077761841273701,0.2112199021505023,0.0887714270502328,8.0,16.0,0.0019199407648076,256.0,1.5318138553289836e-06,36.0,,,,,,ValendinLSTM__electronics__archive__r19
training_budget__ValendinLSTM__electronics__floor50__r00,ValendinLSTM,1,0.1923052420738077,0.3416719905782135,0.0856527611613273,85.0,93.0,0.0029290594722585,256.0,0.0003617113321329,344.0,,,,,,ValendinLSTM__electronics__floor50__r00
training_budget__ValendinLSTM__electronics__floor50__r01,ValendinLSTM,1,0.202239145496699,0.2897341012325205,0.0869578293391636,76.0,84.0,0.0023848979660167,128.0,3.63289705849085e-05,539.0,,,,,,ValendinLSTM__electronics__floor50__r01
training_budget__ValendinLSTM__electronics__floor50__r02,ValendinLSTM,1,0.2022821970554608,0.229235560497649,0.0859425887465477,67.0,75.0,0.00208378834351,256.0,0.0027692145312547,272.0,,,,,,ValendinLSTM__electronics__floor50__r02
training_budget__ValendinLSTM__electronics__floor50__r03,ValendinLSTM,1,0.2200964702277156,0.9916754694689648,0.0865376165934971,55.0,63.0,0.0027453697348928,128.0,3.899299161129194e-06,392.0,,,,,,ValendinLSTM__electronics__floor50__r03
training_budget__ValendinLSTM__electronics__floor50__r04,ValendinLSTM,1,-0.0072022684559266,0.1925797559353169,0.0873245932161808,56.0,64.0,0.0028293084421376,256.0,0.0013387684096184,228.0,,,,,,ValendinLSTM__electronics__floor50__r04
training_budget__ValendinLSTM__electronics__floor50__r05,ValendinLSTM,1,0.1061367363429547,0.1596893596280965,0.0886792205274105,38.0,46.0,0.0001013749007991,256.0,0.0039937847511149,156.0,,,,,,ValendinLSTM__electronics__floor50__r05
training_budget__ValendinLSTM__electronics__floor50__r06,ValendinLSTM,1,0.1283700271759648,0.2773899156694404,0.0857078246772289,81.0,89.0,0.0025198002637907,256.0,1.4780544786281646e-06,328.0,,,,,,ValendinLSTM__electronics__floor50__r06
training_budget__ValendinLSTM__electronics__floor50__r07,ValendinLSTM,1,0.1853111718601124,0.2408293763878891,0.0857094209641218,92.0,100.0,0.0029238151273861,256.0,0.001122952287885,372.0,,,,,,ValendinLSTM__electronics__floor50__r07
training_budget__ValendinLSTM__electronics__floor50__r08,ValendinLSTM,1,0.1736317777258565,0.5352741432405683,0.0876954176596232,51.0,59.0,0.0025251492484987,128.0,4.272486263531638e-06,364.0,,,,,,ValendinLSTM__electronics__floor50__r08
training_budget__ValendinLSTM__electronics__floor50__r09,ValendinLSTM,1,0.2638199690019457,0.6100991721205806,0.0871477861489568,57.0,65.0,0.002729796503728,128.0,5.217083173552053e-06,406.0,,,,,,ValendinLSTM__electronics__floor50__r09
training_budget__ValendinLSTM__electronics__floor50__r10,ValendinLSTM,1,0.1691807801625794,0.5583439152632619,0.0856317989528179,67.0,75.0,0.0024498603106776,256.0,1.6912291586802162e-05,272.0,,,,,,ValendinLSTM__electronics__floor50__r10
training_budget__ValendinLSTM__electronics__floor50__r11,ValendinLSTM,1,0.2116063819144479,0.3502235653450676,0.0858401246368885,65.0,73.0,0.0026611673423439,256.0,1.0939148529441043e-05,264.0,,,,,,ValendinLSTM__electronics__floor50__r11
training_budget__ValendinLSTM__electronics__floor50__r12,ValendinLSTM,1,-0.0172523666352938,0.1946425822786793,0.0875849686563015,57.0,65.0,0.0021248098482789,256.0,0.0087588346348281,232.0,,,,,,ValendinLSTM__electronics__floor50__r12
training_budget__ValendinLSTM__electronics__floor50__r13,ValendinLSTM,1,0.0853489820348122,0.1671146396788353,0.0851701609790325,81.0,89.0,0.0018368923482466,256.0,1.1919096026289676e-06,328.0,,,,,,ValendinLSTM__electronics__floor50__r13
training_budget__ValendinLSTM__electronics__floor50__r14,ValendinLSTM,1,0.2701751727365401,1.1566294659535985,0.0879691784771589,46.0,54.0,0.0026798625567888,64.0,0.0008836688658696,611.0,,,,,,ValendinLSTM__electronics__floor50__r14
training_budget__ValendinLSTM__electronics__floor50__r15,ValendinLSTM,1,0.2217250095906745,0.3834972731549012,0.0849422551691532,77.0,85.0,0.0023506994671505,256.0,1.3479677079610156e-05,312.0,,,,,,ValendinLSTM__electronics__floor50__r15
training_budget__ValendinLSTM__electronics__floor50__r16,ValendinLSTM,1,0.2915955821265133,1.314841563240885,0.0870058738759585,68.0,76.0,0.001664012210114,128.0,0.0002725113812283,483.0,,,,,,ValendinLSTM__electronics__floor50__r16
training_budget__ValendinLSTM__electronics__floor50__r17,ValendinLSTM,1,0.1639193016816612,0.2750787120177712,0.0863135531544685,75.0,83.0,0.0026980501227954,256.0,0.003685884550749,304.0,,,,,,ValendinLSTM__electronics__floor50__r17
training_budget__ValendinLSTM__electronics__floor50__r18,ValendinLSTM,1,0.083946546368243,0.1832149828290509,0.0853238552808761,64.0,72.0,0.0029957439124858,256.0,0.000269946066634,260.0,,,,,,ValendinLSTM__electronics__floor50__r18
training_budget__ValendinLSTM__electronics__floor50__r19,ValendinLSTM,1,0.2193549433043032,0.4194520131110671,0.0852925796061754,96.0,104.0,0.0029659452631183,256.0,9.721893915118913e-06,388.0,,,,,,ValendinLSTM__electronics__floor50__r19
training_budget__ValendinLSTM__electronics__paper90__r00,ValendinLSTM,1,0.1418093419116571,0.3472165755437418,0.0886263605207204,59.0,65.0,0.001,32.0,0.0,1560.0,,,,,,ValendinLSTM__electronics__paper90__r00
training_budget__ValendinLSTM__electronics__paper90__r01,ValendinLSTM,1,0.2778630630283876,0.9160999700426444,0.0892628634778352,82.0,88.0,0.001,32.0,0.0,2158.0,,,,,,ValendinLSTM__electronics__paper90__r01
training_budget__ValendinLSTM__electronics__paper90__r02,ValendinLSTM,1,0.198215640161196,0.309789704299288,0.0890654195100069,75.0,81.0,0.001,32.0,0.0,1976.0,,,,,,ValendinLSTM__electronics__paper90__r02
training_budget__ValendinLSTM__electronics__paper90__r03,ValendinLSTM,1,0.2257438638343893,0.3964489108404535,0.0886220262887386,39.0,45.0,0.001,32.0,0.0,1040.0,,,,,,ValendinLSTM__electronics__paper90__r03
training_budget__ValendinLSTM__electronics__paper90__r04,ValendinLSTM,1,0.1334470781492644,0.2544601654419913,0.0883839895518926,35.0,41.0,0.001,32.0,0.0,936.0,,,,,,ValendinLSTM__electronics__paper90__r04
training_budget__ValendinLSTM__electronics__paper90__r05,ValendinLSTM,1,0.2885391695263446,0.8503927559101069,0.0886311349100791,53.0,59.0,0.001,32.0,0.0,1404.0,,,,,,ValendinLSTM__electronics__paper90__r05
training_budget__ValendinLSTM__electronics__paper90__r06,ValendinLSTM,1,0.0076281579281787,0.1910900959570893,0.0935427487756197,1.0,7.0,0.001,32.0,0.0,52.0,,,,,,ValendinLSTM__electronics__paper90__r06
training_budget__ValendinLSTM__electronics__paper90__r07,ValendinLSTM,1,0.2678268181977278,0.8310319893705166,0.0891227829628265,69.0,75.0,0.001,32.0,0.0,1820.0,,,,,,ValendinLSTM__electronics__paper90__r07
training_budget__ValendinLSTM__electronics__paper90__r08,ValendinLSTM,1,0.2333212027239601,0.4531967467128773,0.0883894701703236,54.0,60.0,0.001,32.0,0.0,1430.0,,,,,,ValendinLSTM__electronics__paper90__r08
training_budget__ValendinLSTM__electronics__paper90__r09,ValendinLSTM,1,0.2389218484829323,0.6354707414887579,0.0888554249675228,58.0,64.0,0.001,32.0,0.0,1534.0,,,,,,ValendinLSTM__electronics__paper90__r09
training_budget__ValendinLSTM__electronics__paper90__r10,ValendinLSTM,1,0.1776741541239753,0.5686330500058547,0.0888481423831903,52.0,58.0,0.001,32.0,0.0,1378.0,,,,,,ValendinLSTM__electronics__paper90__r10
training_budget__ValendinLSTM__electronics__paper90__r11,ValendinLSTM,1,0.1971555757460812,0.4976916817856925,0.088432911496896,80.0,86.0,0.001,32.0,0.0,2106.0,,,,,,ValendinLSTM__electronics__paper90__r11
training_budget__ValendinLSTM__electronics__paper90__r12,ValendinLSTM,1,0.2471072666196103,0.5868111718814056,0.0888454318046569,44.0,50.0,0.001,32.0,0.0,1170.0,,,,,,ValendinLSTM__electronics__paper90__r12
training_budget__ValendinLSTM__electronics__paper90__r13,ValendinLSTM,1,0.0648128106141462,0.1258181993929869,0.0889739023091701,25.0,31.0,0.001,32.0,0.0,676.0,,,,,,ValendinLSTM__electronics__paper90__r13
training_budget__ValendinLSTM__electronics__paper90__r14,ValendinLSTM,1,0.2606722130395824,1.049426246021137,0.0880957636982202,54.0,60.0,0.001,32.0,0.0,1430.0,,,,,,ValendinLSTM__electronics__paper90__r14
training_budget__ValendinLSTM__electronics__paper90__r15,ValendinLSTM,1,0.0553687274609042,0.2652385098374693,0.0884063457353757,72.0,78.0,0.001,32.0,0.0,1898.0,,,,,,ValendinLSTM__electronics__paper90__r15
training_budget__ValendinLSTM__electronics__paper90__r16,ValendinLSTM,1,0.1951705261620558,0.2137833117576487,0.0879779516790921,66.0,72.0,0.001,32.0,0.0,1742.0,,,,,,ValendinLSTM__electronics__paper90__r16
training_budget__ValendinLSTM__electronics__paper90__r17,ValendinLSTM,1,0.2408838796020552,0.8156925261476393,0.0884700804375685,71.0,77.0,0.001,32.0,0.0,1872.0,,,,,,ValendinLSTM__electronics__paper90__r17
training_budget__ValendinLSTM__electronics__paper90__r18,ValendinLSTM,1,0.0577698195635445,0.2466309564040702,0.0888341212501892,61.0,67.0,0.001,32.0,0.0,1612.0,,,,,,ValendinLSTM__electronics__paper90__r18
training_budget__ValendinLSTM__electronics__paper90__r19,ValendinLSTM,1,0.0388625134884425,0.2238662128534347,0.088687272885671,51.0,57.0,0.001,32.0,0.0,1352.0,,,,,,ValendinLSTM__electronics__paper90__r19
training_budget__ValendinLSTM__electronics__paper__r00,ValendinLSTM,1,0.0009682866389868,0.1903548797516902,0.0930884815752506,1.0,7.0,0.001,32.0,0.0,52.0,,,,,,ValendinLSTM__electronics__paper__r00
training_budget__ValendinLSTM__electronics__paper__r01,ValendinLSTM,1,0.0339629837810775,0.1716493990328531,0.093338125027143,1.0,7.0,0.001,32.0,0.0,52.0,,,,,,ValendinLSTM__electronics__paper__r01
training_budget__ValendinLSTM__electronics__paper__r02,ValendinLSTM,1,0.0226043683127937,0.1841517452660292,0.0925215445458889,1.0,7.0,0.001,32.0,0.0,52.0,,,,,,ValendinLSTM__electronics__paper__r02
training_budget__ValendinLSTM__electronics__paper__r03,ValendinLSTM,1,0.0022063185357645,0.1862335259150795,0.0927359721121879,1.0,7.0,0.001,32.0,0.0,52.0,,,,,,ValendinLSTM__electronics__paper__r03
training_budget__ValendinLSTM__electronics__paper__r04,ValendinLSTM,1,-0.0153155473250038,0.2104275097808066,0.0926915357032647,1.0,7.0,0.001,32.0,0.0,52.0,,,,,,ValendinLSTM__electronics__paper__r04
training_budget__ValendinLSTM__electronics__paper__r05,ValendinLSTM,1,0.0794489507157688,0.1975372824201573,0.093432119832589,1.0,7.0,0.001,32.0,0.0,52.0,,,,,,ValendinLSTM__electronics__paper__r05
training_budget__ValendinLSTM__electronics__paper__r06,ValendinLSTM,1,0.0079948683181409,0.1853737419363832,0.0935427487756197,1.0,7.0,0.001,32.0,0.0,52.0,,,,,,ValendinLSTM__electronics__paper__r06
training_budget__ValendinLSTM__electronics__paper__r07,ValendinLSTM,1,0.0153761025561411,0.1737383673686504,0.0932507322957882,1.0,7.0,0.001,32.0,0.0,52.0,,,,,,ValendinLSTM__electronics__paper__r07
training_budget__ValendinLSTM__electronics__paper__r08,ValendinLSTM,1,-0.0098687819666421,0.1785039427167458,0.0935493415364852,1.0,7.0,0.001,32.0,0.0,52.0,,,,,,ValendinLSTM__electronics__paper__r08
training_budget__ValendinLSTM__electronics__paper__r09,ValendinLSTM,1,0.0480441973477785,0.1874556043417443,0.094077797463307,1.0,7.0,0.001,32.0,0.0,52.0,,,,,,ValendinLSTM__electronics__paper__r09
training_budget__ValendinLSTM__electronics__paper__r10,ValendinLSTM,1,0.051922816227848,0.1921707403601805,0.0929933839405958,1.0,7.0,0.001,32.0,0.0,52.0,,,,,,ValendinLSTM__electronics__paper__r10
training_budget__ValendinLSTM__electronics__paper__r11,ValendinLSTM,1,0.0572845065818094,0.1932120755835807,0.0926495880748217,1.0,7.0,0.001,32.0,0.0,52.0,,,,,,ValendinLSTM__electronics__paper__r11
training_budget__ValendinLSTM__electronics__paper__r12,ValendinLSTM,1,-0.0186886120709885,0.1950172067353339,0.0929119357695946,1.0,7.0,0.001,32.0,0.0,52.0,,,,,,ValendinLSTM__electronics__paper__r12
training_budget__ValendinLSTM__electronics__paper__r13,ValendinLSTM,1,0.0286087537735471,0.2023981131351535,0.0927043752028392,1.0,7.0,0.001,32.0,0.0,52.0,,,,,,ValendinLSTM__electronics__paper__r13
training_budget__ValendinLSTM__electronics__paper__r14,ValendinLSTM,1,0.0165670100694092,0.1812982987889756,0.0930614775189986,1.0,7.0,0.001,32.0,0.0,52.0,,,,,,ValendinLSTM__electronics__paper__r14
training_budget__ValendinLSTM__electronics__paper__r15,ValendinLSTM,1,-0.0161145118614355,0.1696091739194292,0.0929699554466284,1.0,7.0,0.001,32.0,0.0,52.0,,,,,,ValendinLSTM__electronics__paper__r15
training_budget__ValendinLSTM__electronics__paper__r16,ValendinLSTM,1,0.012382866186577,0.1948933360283778,0.0927473432742632,1.0,7.0,0.001,32.0,0.0,52.0,,,,,,ValendinLSTM__electronics__paper__r16
training_budget__ValendinLSTM__electronics__paper__r17,ValendinLSTM,1,0.0337848506908106,0.1851740140692502,0.0932457918444505,1.0,7.0,0.001,32.0,0.0,52.0,,,,,,ValendinLSTM__electronics__paper__r17
training_budget__ValendinLSTM__electronics__paper__r18,ValendinLSTM,1,0.0064534380836494,0.1976753458114495,0.09311195419958,1.0,7.0,0.001,32.0,0.0,52.0,,,,,,ValendinLSTM__electronics__paper__r18
training_budget__ValendinLSTM__electronics__paper__r19,ValendinLSTM,1,-0.0304608352680153,0.1889545850230599,0.0934963163274985,1.0,7.0,0.001,32.0,0.0,52.0,,,,,,ValendinLSTM__electronics__paper__r19
