suite,model,study,best_epoch,val_loss,spearman,pred_sd,arm
ar_encoding__electronics__ar_bounded_32__a,LSTM,19,31.0,0.0852277148514986,0.24871174007193075,0.6149370633249552,ar_encoding__electronics__ar_bounded_32
ar_encoding__electronics__ar_bounded_32__a,LSTM,7,31.0,0.085982009768486,0.13985111839380907,0.25163269640469343,ar_encoding__electronics__ar_bounded_32
ar_encoding__electronics__ar_bounded_32__a,LSTM,4,31.0,0.0854958854615688,0.2943777971850832,0.4301291458580853,ar_encoding__electronics__ar_bounded_32
ar_encoding__electronics__ar_bounded_32__a,LSTM,17,36.0,0.0854357536882162,0.25925443683399113,0.478239524826007,ar_encoding__electronics__ar_bounded_32
ar_encoding__electronics__ar_bounded_32__a,LSTM,18,29.0,0.0885033223491448,0.3041246890912161,0.832385172313444,ar_encoding__electronics__ar_bounded_32
ar_encoding__electronics__ar_bounded_32__a,LSTM,11,24.0,0.0879158143486295,0.2251403105375279,0.3436032819700213,ar_encoding__electronics__ar_bounded_32
ar_encoding__electronics__ar_bounded_32__a,LSTM,2,31.0,0.0854971706867218,0.19875924715705096,0.3630759228155716,ar_encoding__electronics__ar_bounded_32
ar_encoding__electronics__ar_bounded_32__a,LSTM,1,26.0,0.0874109864234924,0.2646876703300466,0.6280775007832818,ar_encoding__electronics__ar_bounded_32
ar_encoding__electronics__ar_bounded_32__a,LSTM,3,18.0,0.0876899915082114,0.29530331353180245,0.5298925192208013,ar_encoding__electronics__ar_bounded_32
ar_encoding__electronics__ar_bounded_32__a,LSTM,5,48.0,0.0852459874004125,0.2424949187113074,0.68350123688166,ar_encoding__electronics__ar_bounded_32
ar_encoding__electronics__ar_bounded_32__a,LSTM,14,39.0,0.086654182523489,0.25402144110236785,0.26211510988011494,ar_encoding__electronics__ar_bounded_32
ar_encoding__electronics__ar_bounded_32__a,LSTM,10,17.0,0.0864307843148708,0.1941639961522486,0.23489362555153404,ar_encoding__electronics__ar_bounded_32
ar_encoding__electronics__ar_bounded_32__a,LSTM,12,26.0,0.0871156709534781,0.32507912790446575,1.0983067454526385,ar_encoding__electronics__ar_bounded_32
ar_encoding__electronics__ar_bounded_32__a,LSTM,16,30.0,0.0875972764832632,0.23517719299294,0.4363460574212551,ar_encoding__electronics__ar_bounded_32
ar_encoding__electronics__ar_bounded_32__a,LSTM,15,37.0,0.0852902252227068,0.26632417208706705,0.3656840699072187,ar_encoding__electronics__ar_bounded_32
ar_encoding__electronics__ar_bounded_32__a,LSTM,20,38.0,0.0877316445112228,0.20195518310321114,0.43520158590155655,ar_encoding__electronics__ar_bounded_32
ar_encoding__electronics__ar_bounded_32__a,LSTM,8,20.0,0.0884257725306919,0.2889954731479331,0.46705114396018566,ar_encoding__electronics__ar_bounded_32
ar_encoding__electronics__ar_bounded_32__a,LSTM,6,12.0,0.0867842528969049,0.21443959671122823,0.387810325935896,ar_encoding__electronics__ar_bounded_32
ar_encoding__electronics__ar_bounded_32__a,LSTM,9,72.0,0.0876186426196779,0.24724082395410873,0.381637560638689,ar_encoding__electronics__ar_bounded_32
ar_encoding__electronics__ar_bounded_32__a,LSTM,13,23.0,0.0878010083522115,0.20269423246555066,0.29780675836610065,ar_encoding__electronics__ar_bounded_32
ar_encoding__electronics__ar_bounded_32__b,LSTM,19,43.0,0.0849662814289331,0.29554963220435143,0.7679324672693907,ar_encoding__electronics__ar_bounded_32
ar_encoding__electronics__ar_bounded_32__b,LSTM,7,22.0,0.0888453206190696,0.2948081305642417,0.6036073877944436,ar_encoding__electronics__ar_bounded_32
ar_encoding__electronics__ar_bounded_32__b,LSTM,4,44.0,0.087691734944071,0.2609551591951115,0.5838290005276832,ar_encoding__electronics__ar_bounded_32
ar_encoding__electronics__ar_bounded_32__b,LSTM,17,19.0,0.0881833113156832,0.2820771232230187,1.491668678626918,ar_encoding__electronics__ar_bounded_32
ar_encoding__electronics__ar_bounded_32__b,LSTM,18,22.0,0.0862127561122179,0.15808075760579662,0.2648147430317307,ar_encoding__electronics__ar_bounded_32
ar_encoding__electronics__ar_bounded_32__b,LSTM,11,22.0,0.0859403423964977,0.2356601164648469,0.30084729999142484,ar_encoding__electronics__ar_bounded_32
ar_encoding__electronics__ar_bounded_32__b,LSTM,2,29.0,0.0858907047659158,0.26097109570733823,0.4369868561979717,ar_encoding__electronics__ar_bounded_32
ar_encoding__electronics__ar_bounded_32__b,LSTM,1,19.0,0.087598225900105,0.26448272648991566,0.40223523358511903,ar_encoding__electronics__ar_bounded_32
ar_encoding__electronics__ar_bounded_32__b,LSTM,3,21.0,0.0856778118759393,0.24622360386791506,0.42100570910142315,ar_encoding__electronics__ar_bounded_32
ar_encoding__electronics__ar_bounded_32__b,LSTM,5,45.0,0.0865771528333425,0.17918374165893675,0.24444875408749708,ar_encoding__electronics__ar_bounded_32
ar_encoding__electronics__ar_bounded_32__b,LSTM,14,13.0,0.0883126817643642,0.3328368810397053,1.0823854833813975,ar_encoding__electronics__ar_bounded_32
ar_encoding__electronics__ar_bounded_32__b,LSTM,10,21.0,0.0872159515108381,0.2928963179718846,0.7198664551449121,ar_encoding__electronics__ar_bounded_32
ar_encoding__electronics__ar_bounded_32__b,LSTM,12,26.0,0.0859753470867872,0.21597675174224198,0.2776988204657502,ar_encoding__electronics__ar_bounded_32
ar_encoding__electronics__ar_bounded_32__b,LSTM,16,32.0,0.0873432351010186,0.28413751879790516,0.9757403703759051,ar_encoding__electronics__ar_bounded_32
ar_encoding__electronics__ar_bounded_32__b,LSTM,15,25.0,0.0862503722310066,0.15492480154720586,0.23029533137915975,ar_encoding__electronics__ar_bounded_32
ar_encoding__electronics__ar_bounded_32__b,LSTM,20,34.0,0.0861167535185813,0.2789010979135469,0.5707396738436153,ar_encoding__electronics__ar_bounded_32
ar_encoding__electronics__ar_bounded_32__b,LSTM,8,18.0,0.0886988218587178,0.2579473968058273,0.6196820208630153,ar_encoding__electronics__ar_bounded_32
ar_encoding__electronics__ar_bounded_32__b,LSTM,6,31.0,0.0880012118390628,0.23863671147218876,0.3765686129592964,ar_encoding__electronics__ar_bounded_32
ar_encoding__electronics__ar_bounded_32__b,LSTM,9,28.0,0.0874209478497505,0.25474230601130704,0.6119760073399726,ar_encoding__electronics__ar_bounded_32
ar_encoding__electronics__ar_bounded_32__b,LSTM,13,36.0,0.0854871962219476,0.26908145816932943,0.614715911437165,ar_encoding__electronics__ar_bounded_32
ar_encoding__electronics__ar_bounded_32__c,LSTM,19,29.0,0.0871860374297414,0.2992657309695144,0.8544077922671621,ar_encoding__electronics__ar_bounded_32
ar_encoding__electronics__ar_bounded_32__c,LSTM,7,26.0,0.0873581139104706,0.27447704835015296,0.7824385377040751,ar_encoding__electronics__ar_bounded_32
ar_encoding__electronics__ar_bounded_32__c,LSTM,4,22.0,0.08818694920494,0.2867634914247086,1.84216779874988,ar_encoding__electronics__ar_bounded_32
ar_encoding__electronics__ar_bounded_32__c,LSTM,17,20.0,0.0878075297389711,0.1813576561579921,0.3410580401141751,ar_encoding__electronics__ar_bounded_32
ar_encoding__electronics__ar_bounded_32__c,LSTM,18,24.0,0.0857148766517639,0.2017232438848406,0.30385800435913046,ar_encoding__electronics__ar_bounded_32
ar_encoding__electronics__ar_bounded_32__c,LSTM,11,44.0,0.085087165236473,0.24146419844221123,0.6434044237963129,ar_encoding__electronics__ar_bounded_32
ar_encoding__electronics__ar_bounded_32__c,LSTM,2,28.0,0.0874958762100764,0.24330438224433776,0.5056656562419397,ar_encoding__electronics__ar_bounded_32
ar_encoding__electronics__ar_bounded_32__c,LSTM,1,29.0,0.087360180914402,0.32036685181840313,0.8802684108293466,ar_encoding__electronics__ar_bounded_32
ar_encoding__electronics__ar_bounded_32__c,LSTM,3,30.0,0.0886173652751105,0.23124330853487984,0.24499581629375106,ar_encoding__electronics__ar_bounded_32
ar_encoding__electronics__ar_bounded_32__c,LSTM,5,19.0,0.0889417832860579,0.23167704923986512,0.3374575350068324,ar_encoding__electronics__ar_bounded_32
ar_encoding__electronics__ar_bounded_32__c,LSTM,14,34.0,0.0863398183137178,0.17957915770075156,0.2776263377397249,ar_encoding__electronics__ar_bounded_32
ar_encoding__electronics__ar_bounded_32__c,LSTM,10,17.0,0.0877073667943477,0.1964323948924726,0.30483886027038654,ar_encoding__electronics__ar_bounded_32
ar_encoding__electronics__ar_bounded_32__c,LSTM,12,42.0,0.0869706954274858,0.30354478033112686,0.9259932976750076,ar_encoding__electronics__ar_bounded_32
ar_encoding__electronics__ar_bounded_32__c,LSTM,16,32.0,0.0857550408691167,0.1855896128779653,0.38043615112084006,ar_encoding__electronics__ar_bounded_32
ar_encoding__electronics__ar_bounded_32__c,LSTM,15,32.0,0.0858087167143821,0.24664164170290487,0.43151337249076044,ar_encoding__electronics__ar_bounded_32
ar_encoding__electronics__ar_bounded_32__c,LSTM,20,15.0,0.0887704480152863,0.25062904224420696,0.38926345615307106,ar_encoding__electronics__ar_bounded_32
ar_encoding__electronics__ar_bounded_32__c,LSTM,8,29.0,0.0868700753365244,0.33068752975307897,0.9908525229600642,ar_encoding__electronics__ar_bounded_32
ar_encoding__electronics__ar_bounded_32__c,LSTM,6,23.0,0.0878990058388028,0.22685704016031258,0.4653911888183917,ar_encoding__electronics__ar_bounded_32
ar_encoding__electronics__ar_bounded_32__c,LSTM,9,25.0,0.0857563875615596,0.307035590785276,0.6007802169723262,ar_encoding__electronics__ar_bounded_32
ar_encoding__electronics__ar_bounded_32__c,LSTM,13,21.0,0.0870602939810071,0.31068316657802064,0.8588586447783351,ar_encoding__electronics__ar_bounded_32
ar_encoding__electronics__ar_bounded_32__d,LSTM,19,33.0,0.0875525538410459,0.25972951597055804,0.39054713296590926,ar_encoding__electronics__ar_bounded_32
ar_encoding__electronics__ar_bounded_32__d,LSTM,7,31.0,0.0856297183781862,0.31170533807663786,0.5215838514250839,ar_encoding__electronics__ar_bounded_32
ar_encoding__electronics__ar_bounded_32__d,LSTM,4,26.0,0.0882534356071398,0.2871923594760993,0.8873273614645045,ar_encoding__electronics__ar_bounded_32
ar_encoding__electronics__ar_bounded_32__d,LSTM,17,32.0,0.0850588958710432,0.29117408798005234,0.9889619805799678,ar_encoding__electronics__ar_bounded_32
ar_encoding__electronics__ar_bounded_32__d,LSTM,18,21.0,0.0884118825197219,0.2291339751083436,0.2906386828720814,ar_encoding__electronics__ar_bounded_32
ar_encoding__electronics__ar_bounded_32__d,LSTM,11,17.0,0.0890073266166907,0.22591866766758217,0.4160033574088379,ar_encoding__electronics__ar_bounded_32
ar_encoding__electronics__ar_bounded_32__d,LSTM,2,21.0,0.0873742337737764,0.3126343754878106,0.8660135219740034,ar_encoding__electronics__ar_bounded_32
ar_encoding__electronics__ar_bounded_32__d,LSTM,1,11.0,0.0882994894470487,0.20821082186401835,0.3261645247696955,ar_encoding__electronics__ar_bounded_32
ar_encoding__electronics__ar_bounded_32__d,LSTM,3,34.0,0.0856083892285823,0.2664963667505962,0.6116526741851891,ar_encoding__electronics__ar_bounded_32
ar_encoding__electronics__ar_bounded_32__d,LSTM,5,16.0,0.0868371458990233,0.3034853854505644,1.3608163364271157,ar_encoding__electronics__ar_bounded_32
ar_encoding__electronics__ar_bounded_32__d,LSTM,14,43.0,0.0855226796120405,0.24581006756401913,0.26094017544863496,ar_encoding__electronics__ar_bounded_32
ar_encoding__electronics__ar_bounded_32__d,LSTM,10,16.0,0.0875250697135925,0.2562077193480637,0.8389733180903465,ar_encoding__electronics__ar_bounded_32
ar_encoding__electronics__ar_bounded_32__d,LSTM,12,38.0,0.0876404494047164,0.24015562134787374,0.38405432691336283,ar_encoding__electronics__ar_bounded_32
ar_encoding__electronics__ar_bounded_32__d,LSTM,16,18.0,0.0881072506308555,0.3076027198813207,1.329026540537955,ar_encoding__electronics__ar_bounded_32
ar_encoding__electronics__ar_bounded_32__d,LSTM,15,28.0,0.085786122828722,0.24298482036020802,0.5795499656330761,ar_encoding__electronics__ar_bounded_32
ar_encoding__electronics__ar_bounded_32__d,LSTM,20,23.0,0.0871671448860849,0.27547221832875013,0.6346241965088926,ar_encoding__electronics__ar_bounded_32
ar_encoding__electronics__ar_bounded_32__d,LSTM,8,28.0,0.0856594517827034,0.24821542862194176,0.30385908742376483,ar_encoding__electronics__ar_bounded_32
ar_encoding__electronics__ar_bounded_32__d,LSTM,6,23.0,0.0871588960289955,0.309006924909305,0.9779944624989718,ar_encoding__electronics__ar_bounded_32
ar_encoding__electronics__ar_bounded_32__d,LSTM,9,23.0,0.0885125401501472,0.25967244323048044,0.9587263328935368,ar_encoding__electronics__ar_bounded_32
ar_encoding__electronics__ar_bounded_32__d,LSTM,13,35.0,0.0871482044458389,0.3035918159545637,0.9916088877885607,ar_encoding__electronics__ar_bounded_32
ar_encoding__electronics__ar_bounded_32__e,LSTM,19,20.0,0.0881803703422729,0.30090675161292796,1.2022274942869702,ar_encoding__electronics__ar_bounded_32
ar_encoding__electronics__ar_bounded_32__e,LSTM,7,20.0,0.0880908536223264,0.2888349204474245,1.0907723370037756,ar_encoding__electronics__ar_bounded_32
ar_encoding__electronics__ar_bounded_32__e,LSTM,4,26.0,0.0852379128336906,0.3113152643802533,0.7608969813455194,ar_encoding__electronics__ar_bounded_32
ar_encoding__electronics__ar_bounded_32__e,LSTM,17,36.0,0.0854841694235801,0.15243677326044763,0.45711154408136867,ar_encoding__electronics__ar_bounded_32
ar_encoding__electronics__ar_bounded_32__e,LSTM,18,22.0,0.0850531067699194,0.2569519440502979,1.1311252757919017,ar_encoding__electronics__ar_bounded_32
ar_encoding__electronics__ar_bounded_32__e,LSTM,11,25.0,0.088222236587451,0.3034263821740809,0.8992866711747715,ar_encoding__electronics__ar_bounded_32
ar_encoding__electronics__ar_bounded_32__e,LSTM,2,17.0,0.0875931893076215,0.19974854861278069,0.46763698936234743,ar_encoding__electronics__ar_bounded_32
ar_encoding__electronics__ar_bounded_32__e,LSTM,1,15.0,0.0874420553445816,0.2555920729611995,0.6189221611423802,ar_encoding__electronics__ar_bounded_32
ar_encoding__electronics__ar_bounded_32__e,LSTM,3,26.0,0.0878869316407612,0.18276170778243594,0.24521866092521605,ar_encoding__electronics__ar_bounded_32
ar_encoding__electronics__ar_bounded_32__e,LSTM,5,33.0,0.0888109086797787,0.2595584030271184,0.3747383104105763,ar_encoding__electronics__ar_bounded_32
ar_encoding__electronics__ar_bounded_32__e,LSTM,14,34.0,0.0873106845787593,0.2541152616291232,0.6528178983693539,ar_encoding__electronics__ar_bounded_32
ar_encoding__electronics__ar_bounded_32__e,LSTM,10,47.0,0.0866096280515194,0.24222991208689051,0.35022862142449573,ar_encoding__electronics__ar_bounded_32
ar_encoding__electronics__ar_bounded_32__e,LSTM,12,24.0,0.08715227432549,0.27707891551036196,0.4871201136239445,ar_encoding__electronics__ar_bounded_32
ar_encoding__electronics__ar_bounded_32__e,LSTM,16,21.0,0.0881256249088507,0.28926408312540347,1.17780400540049,ar_encoding__electronics__ar_bounded_32
ar_encoding__electronics__ar_bounded_32__e,LSTM,15,31.0,0.0872042125889233,0.2734628827995422,0.8442732707150842,ar_encoding__electronics__ar_bounded_32
ar_encoding__electronics__ar_bounded_32__e,LSTM,20,30.0,0.085591547191143,0.30629512930702973,0.4408176498564034,ar_encoding__electronics__ar_bounded_32
ar_encoding__electronics__ar_bounded_32__e,LSTM,8,39.0,0.0852242372930049,0.27082419247401607,0.8443892812429794,ar_encoding__electronics__ar_bounded_32
ar_encoding__electronics__ar_bounded_32__e,LSTM,6,28.0,0.0872500389814376,0.2861822987740671,0.5554547049964513,ar_encoding__electronics__ar_bounded_32
ar_encoding__electronics__ar_bounded_32__e,LSTM,9,28.0,0.0874887140733855,0.2861983959528904,0.4626495319724842,ar_encoding__electronics__ar_bounded_32
ar_encoding__electronics__ar_bounded_32__e,LSTM,13,22.0,0.0871353670954704,0.30213209414805975,0.7654707686324251,ar_encoding__electronics__ar_bounded_32
ar_encoding__electronics__ar_bounded_52__a,LSTM,19,30.0,0.0862897038459777,0.18229556089642315,0.7673746519743792,ar_encoding__electronics__ar_bounded_52
ar_encoding__electronics__ar_bounded_52__a,LSTM,7,29.0,0.0878545138984918,0.2166343414556418,0.5136250996296685,ar_encoding__electronics__ar_bounded_52
ar_encoding__electronics__ar_bounded_52__a,LSTM,4,34.0,0.088786238006183,0.26037799072321105,0.29619507336158957,ar_encoding__electronics__ar_bounded_52
ar_encoding__electronics__ar_bounded_52__a,LSTM,17,18.0,0.089746994467882,0.2841022797777811,0.5683914859171487,ar_encoding__electronics__ar_bounded_52
ar_encoding__electronics__ar_bounded_52__a,LSTM,18,18.0,0.0892422503003707,0.23223919649208813,0.491541952949132,ar_encoding__electronics__ar_bounded_52
ar_encoding__electronics__ar_bounded_52__a,LSTM,11,26.0,0.0892016707131495,0.24580013770875994,0.6991286076638112,ar_encoding__electronics__ar_bounded_52
ar_encoding__electronics__ar_bounded_52__a,LSTM,2,56.0,0.0862186569720506,0.30405546883309076,0.6559958128933744,ar_encoding__electronics__ar_bounded_52
ar_encoding__electronics__ar_bounded_52__a,LSTM,1,24.0,0.08861065443073,0.265820079206937,0.6088375178656859,ar_encoding__electronics__ar_bounded_52
ar_encoding__electronics__ar_bounded_52__a,LSTM,3,23.0,0.0897945669981149,0.25910255328737225,0.5372198274915568,ar_encoding__electronics__ar_bounded_52
ar_encoding__electronics__ar_bounded_52__a,LSTM,5,19.0,0.0900447930280978,0.2529663421079787,0.603728729038649,ar_encoding__electronics__ar_bounded_52
ar_encoding__electronics__ar_bounded_52__a,LSTM,14,35.0,0.0880138147622346,0.28102067483079646,0.3265535088170847,ar_encoding__electronics__ar_bounded_52
ar_encoding__electronics__ar_bounded_52__a,LSTM,10,22.0,0.0886110599551882,0.20612050949098748,0.3506955221774839,ar_encoding__electronics__ar_bounded_52
ar_encoding__electronics__ar_bounded_52__a,LSTM,12,15.0,0.0890685701026366,0.2885151118921383,0.6545602561065345,ar_encoding__electronics__ar_bounded_52
ar_encoding__electronics__ar_bounded_52__a,LSTM,16,35.0,0.0884279033967426,0.2570959416220726,0.8901199065699988,ar_encoding__electronics__ar_bounded_52
ar_encoding__electronics__ar_bounded_52__a,LSTM,15,28.0,0.0904334264879043,0.2014301425686482,0.3775786007367029,ar_encoding__electronics__ar_bounded_52
ar_encoding__electronics__ar_bounded_52__a,LSTM,20,15.0,0.089210954095636,0.1337892383907598,0.2621436105788418,ar_encoding__electronics__ar_bounded_52
ar_encoding__electronics__ar_bounded_52__a,LSTM,8,14.0,0.0894811399854146,0.2527170435931097,0.44251465419830943,ar_encoding__electronics__ar_bounded_52
ar_encoding__electronics__ar_bounded_52__a,LSTM,6,17.0,0.0884616960372243,0.24701275431348957,0.4956665182199508,ar_encoding__electronics__ar_bounded_52
ar_encoding__electronics__ar_bounded_52__a,LSTM,9,30.0,0.0882573146373033,0.2814241394355737,0.5064276965466151,ar_encoding__electronics__ar_bounded_52
ar_encoding__electronics__ar_bounded_52__a,LSTM,13,23.0,0.0894750282168388,0.3035711040380054,0.7893641844429632,ar_encoding__electronics__ar_bounded_52
ar_encoding__electronics__ar_bounded_52__b,LSTM,19,27.0,0.0902011274145199,0.2645043392905435,0.6414722279780125,ar_encoding__electronics__ar_bounded_52
ar_encoding__electronics__ar_bounded_52__b,LSTM,7,37.0,0.0873021132179669,0.3104252976090978,0.7151958596917066,ar_encoding__electronics__ar_bounded_52
ar_encoding__electronics__ar_bounded_52__b,LSTM,4,10.0,0.089594691991806,0.27729460433754316,0.9484736357278967,ar_encoding__electronics__ar_bounded_52
ar_encoding__electronics__ar_bounded_52__b,LSTM,17,7.0,0.0896575382122626,0.26626643816686807,0.6592944651115524,ar_encoding__electronics__ar_bounded_52
ar_encoding__electronics__ar_bounded_52__b,LSTM,18,10.0,0.091075699776411,-0.15461434673484376,0.1745463798028327,ar_encoding__electronics__ar_bounded_52
ar_encoding__electronics__ar_bounded_52__b,LSTM,11,9.0,0.0907575301826,-0.19978376508992873,0.1712414727403508,ar_encoding__electronics__ar_bounded_52
ar_encoding__electronics__ar_bounded_52__b,LSTM,2,21.0,0.0892381854355335,0.2969967215997956,0.49663278364204705,ar_encoding__electronics__ar_bounded_52
ar_encoding__electronics__ar_bounded_52__b,LSTM,1,12.0,0.0904224347323179,0.23718845877156483,0.2045068900547744,ar_encoding__electronics__ar_bounded_52
ar_encoding__electronics__ar_bounded_52__b,LSTM,3,10.0,0.09027985855937,-0.23310717476062967,0.21544726509168013,ar_encoding__electronics__ar_bounded_52
ar_encoding__electronics__ar_bounded_52__b,LSTM,5,35.0,0.0883903396981103,0.24275362094592964,0.340553594996813,ar_encoding__electronics__ar_bounded_52
ar_encoding__electronics__ar_bounded_52__b,LSTM,14,22.0,0.0890271674309458,0.2887642720724134,0.6761154971163863,ar_encoding__electronics__ar_bounded_52
ar_encoding__electronics__ar_bounded_52__b,LSTM,10,23.0,0.0886820544089589,0.23878916938486439,0.4338520550305958,ar_encoding__electronics__ar_bounded_52
ar_encoding__electronics__ar_bounded_52__b,LSTM,12,39.0,0.0881328103797776,0.24338170223328634,0.879763863224829,ar_encoding__electronics__ar_bounded_52
ar_encoding__electronics__ar_bounded_52__b,LSTM,16,32.0,0.087237574160099,0.25684830268203623,0.45458993294788735,ar_encoding__electronics__ar_bounded_52
ar_encoding__electronics__ar_bounded_52__b,LSTM,15,29.0,0.0883306693285703,0.12081576378863727,0.25980931679150776,ar_encoding__electronics__ar_bounded_52
ar_encoding__electronics__ar_bounded_52__b,LSTM,20,20.0,0.0898214928232706,0.21636492277526745,0.5921006909714289,ar_encoding__electronics__ar_bounded_52
ar_encoding__electronics__ar_bounded_52__b,LSTM,8,25.0,0.0888851817165102,0.21646436973612446,0.5959040754984822,ar_encoding__electronics__ar_bounded_52
ar_encoding__electronics__ar_bounded_52__b,LSTM,6,34.0,0.0872706789523363,0.26969436606312613,0.39694161454719146,ar_encoding__electronics__ar_bounded_52
ar_encoding__electronics__ar_bounded_52__b,LSTM,9,12.0,0.090279924754913,0.31363096969931104,0.8231333833423289,ar_encoding__electronics__ar_bounded_52
ar_encoding__electronics__ar_bounded_52__b,LSTM,13,41.0,0.0894751325249672,0.1263597590362455,0.3904013011917642,ar_encoding__electronics__ar_bounded_52
ar_encoding__electronics__ar_bounded_52__c,LSTM,19,23.0,0.089385140973788,0.22010165435250972,0.3750324265042789,ar_encoding__electronics__ar_bounded_52
ar_encoding__electronics__ar_bounded_52__c,LSTM,7,19.0,0.0894966730131552,0.21952563648775625,0.35816910200345814,ar_encoding__electronics__ar_bounded_52
ar_encoding__electronics__ar_bounded_52__c,LSTM,4,28.0,0.089293466082641,0.2736930070805794,0.5307784097705394,ar_encoding__electronics__ar_bounded_52
ar_encoding__electronics__ar_bounded_52__c,LSTM,17,18.0,0.0893242965851511,0.16334478166143662,0.3674888793720847,ar_encoding__electronics__ar_bounded_52
ar_encoding__electronics__ar_bounded_52__c,LSTM,18,22.0,0.0894954668787809,0.1865464252420465,0.8471512994914203,ar_encoding__electronics__ar_bounded_52
ar_encoding__electronics__ar_bounded_52__c,LSTM,11,35.0,0.0883383620530366,0.13170708457689023,0.26392995173207234,ar_encoding__electronics__ar_bounded_52
ar_encoding__electronics__ar_bounded_52__c,LSTM,2,47.0,0.0863839350640773,0.15684805081500922,0.2619939095085957,ar_encoding__electronics__ar_bounded_52
ar_encoding__electronics__ar_bounded_52__c,LSTM,1,53.0,0.0865989811718463,0.20731452459186656,0.32063003793991685,ar_encoding__electronics__ar_bounded_52
ar_encoding__electronics__ar_bounded_52__c,LSTM,3,16.0,0.0887389237490984,0.27319474801640553,0.6553612389023862,ar_encoding__electronics__ar_bounded_52
ar_encoding__electronics__ar_bounded_52__c,LSTM,5,9.0,0.0902410093694925,-0.15338421547570183,0.19949394935735967,ar_encoding__electronics__ar_bounded_52
ar_encoding__electronics__ar_bounded_52__c,LSTM,14,17.0,0.0895666170578736,0.2378227860763305,0.48519933461186215,ar_encoding__electronics__ar_bounded_52
ar_encoding__electronics__ar_bounded_52__c,LSTM,10,25.0,0.0891050259981836,0.20027140756244485,0.36917479279369925,ar_encoding__electronics__ar_bounded_52
ar_encoding__electronics__ar_bounded_52__c,LSTM,12,22.0,0.0887187240788569,0.2884876043515345,0.5387098994903615,ar_encoding__electronics__ar_bounded_52
ar_encoding__electronics__ar_bounded_52__c,LSTM,16,38.0,0.0871088448911905,0.18145756556501785,0.34619056507551355,ar_encoding__electronics__ar_bounded_52
ar_encoding__electronics__ar_bounded_52__c,LSTM,15,18.0,0.0899441412517002,0.20043963064413664,0.37744498003829063,ar_encoding__electronics__ar_bounded_52
ar_encoding__electronics__ar_bounded_52__c,LSTM,20,11.0,0.0898686558581315,0.2697860981881173,0.5994780121330645,ar_encoding__electronics__ar_bounded_52
ar_encoding__electronics__ar_bounded_52__c,LSTM,8,27.0,0.0895414137496398,0.25865810472955403,0.49166550542212695,ar_encoding__electronics__ar_bounded_52
ar_encoding__electronics__ar_bounded_52__c,LSTM,6,35.0,0.0883099819932665,0.22700686971789516,0.4276379367597727,ar_encoding__electronics__ar_bounded_52
ar_encoding__electronics__ar_bounded_52__c,LSTM,9,12.0,0.089972695765587,0.22436093054644501,0.6976783153537983,ar_encoding__electronics__ar_bounded_52
ar_encoding__electronics__ar_bounded_52__c,LSTM,13,33.0,0.0886849548135485,0.2575564742747085,0.5830403438716922,ar_encoding__electronics__ar_bounded_52
ar_encoding__electronics__ar_bounded_52__d,LSTM,19,29.0,0.0896238727228982,0.2498132335597401,0.4225722715871158,ar_encoding__electronics__ar_bounded_52
ar_encoding__electronics__ar_bounded_52__d,LSTM,7,30.0,0.0890002005866595,0.3033612758222305,0.6139701478898779,ar_encoding__electronics__ar_bounded_52
ar_encoding__electronics__ar_bounded_52__d,LSTM,4,29.0,0.0893934392012082,0.27549240268923775,0.6992903267262864,ar_encoding__electronics__ar_bounded_52
ar_encoding__electronics__ar_bounded_52__d,LSTM,17,28.0,0.0898405210329936,0.27837974597440585,0.7513170245371396,ar_encoding__electronics__ar_bounded_52
ar_encoding__electronics__ar_bounded_52__d,LSTM,18,22.0,0.0902368844701693,0.0829449983852641,0.255804136732878,ar_encoding__electronics__ar_bounded_52
ar_encoding__electronics__ar_bounded_52__d,LSTM,11,27.0,0.0905748373613907,0.16505951640745348,0.41833731783738304,ar_encoding__electronics__ar_bounded_52
ar_encoding__electronics__ar_bounded_52__d,LSTM,2,24.0,0.0878660966243062,0.2830817209515348,0.44884418485980926,ar_encoding__electronics__ar_bounded_52
ar_encoding__electronics__ar_bounded_52__d,LSTM,1,21.0,0.0896432537298936,0.21554258717831506,0.7517348687698007,ar_encoding__electronics__ar_bounded_52
ar_encoding__electronics__ar_bounded_52__d,LSTM,3,15.0,0.0910605434328317,-0.1618384448013317,0.16184068490699513,ar_encoding__electronics__ar_bounded_52
ar_encoding__electronics__ar_bounded_52__d,LSTM,5,19.0,0.0899134083436085,0.195637927461688,0.3286301441842642,ar_encoding__electronics__ar_bounded_52
ar_encoding__electronics__ar_bounded_52__d,LSTM,14,35.0,0.0884105414152145,0.09884394467603289,0.25919353712072063,ar_encoding__electronics__ar_bounded_52
ar_encoding__electronics__ar_bounded_52__d,LSTM,10,19.0,0.0882152159299169,0.2507992867486669,0.45987645086896956,ar_encoding__electronics__ar_bounded_52
ar_encoding__electronics__ar_bounded_52__d,LSTM,12,25.0,0.0898927238125067,0.22840242114696357,0.369277302187083,ar_encoding__electronics__ar_bounded_52
ar_encoding__electronics__ar_bounded_52__d,LSTM,16,19.0,0.0893892499689872,0.22721335088888067,0.5302647329887927,ar_encoding__electronics__ar_bounded_52
ar_encoding__electronics__ar_bounded_52__d,LSTM,15,40.0,0.0863266196101903,0.23331372034774162,0.6023769985358881,ar_encoding__electronics__ar_bounded_52
ar_encoding__electronics__ar_bounded_52__d,LSTM,20,13.0,0.0902962461113929,0.15336131974144418,0.31951050114732715,ar_encoding__electronics__ar_bounded_52
ar_encoding__electronics__ar_bounded_52__d,LSTM,8,13.0,0.0897514754189894,0.2845563014802371,0.7304422919085951,ar_encoding__electronics__ar_bounded_52
ar_encoding__electronics__ar_bounded_52__d,LSTM,6,44.0,0.0893259014074619,0.17979965085092334,0.25642560851567164,ar_encoding__electronics__ar_bounded_52
ar_encoding__electronics__ar_bounded_52__d,LSTM,9,30.0,0.0893458961867369,0.24053392996625353,0.35761403023458244,ar_encoding__electronics__ar_bounded_52
ar_encoding__electronics__ar_bounded_52__d,LSTM,13,30.0,0.0893138205775847,0.2954584242122264,0.7357718287787736,ar_encoding__electronics__ar_bounded_52
ar_encoding__electronics__ar_bounded_52__e,LSTM,19,18.0,0.0895123100624634,0.25169771003323405,0.528630053360989,ar_encoding__electronics__ar_bounded_52
ar_encoding__electronics__ar_bounded_52__e,LSTM,7,29.0,0.0881639538066727,0.24450866689788847,0.8909396398967743,ar_encoding__electronics__ar_bounded_52
ar_encoding__electronics__ar_bounded_52__e,LSTM,4,17.0,0.0896993692104633,0.22799849256370358,0.5140334581841292,ar_encoding__electronics__ar_bounded_52
ar_encoding__electronics__ar_bounded_52__e,LSTM,17,9.0,0.0898419823497533,-0.2171260519135468,0.1621933816673189,ar_encoding__electronics__ar_bounded_52
ar_encoding__electronics__ar_bounded_52__e,LSTM,18,19.0,0.0896009246890361,0.32823961454989614,0.5552127570896339,ar_encoding__electronics__ar_bounded_52
ar_encoding__electronics__ar_bounded_52__e,LSTM,11,24.0,0.0889386971082006,0.24659896386740807,0.4500475835555235,ar_encoding__electronics__ar_bounded_52
ar_encoding__electronics__ar_bounded_52__e,LSTM,2,16.0,0.0895524368836329,0.23000411157096917,0.4339564106100605,ar_encoding__electronics__ar_bounded_52
ar_encoding__electronics__ar_bounded_52__e,LSTM,1,18.0,0.090134713266577,0.031308541181422546,0.4207191718919189,ar_encoding__electronics__ar_bounded_52
ar_encoding__electronics__ar_bounded_52__e,LSTM,3,21.0,0.0892669856548309,-0.0169620171547007,0.24083851834043232,ar_encoding__electronics__ar_bounded_52
ar_encoding__electronics__ar_bounded_52__e,LSTM,5,24.0,0.0893407741991373,0.20988872754158516,0.3409206823418038,ar_encoding__electronics__ar_bounded_52
ar_encoding__electronics__ar_bounded_52__e,LSTM,14,20.0,0.0891261373001795,-0.13520187926344365,1.0434809048245133,ar_encoding__electronics__ar_bounded_52
ar_encoding__electronics__ar_bounded_52__e,LSTM,10,22.0,0.089521213219716,0.26756189687428533,0.2954269323881704,ar_encoding__electronics__ar_bounded_52
ar_encoding__electronics__ar_bounded_52__e,LSTM,12,15.0,0.0897860610141204,0.15730690666335007,0.47425204925076536,ar_encoding__electronics__ar_bounded_52
ar_encoding__electronics__ar_bounded_52__e,LSTM,16,22.0,0.0885810596602303,0.2607232478484095,0.6011686087750135,ar_encoding__electronics__ar_bounded_52
ar_encoding__electronics__ar_bounded_52__e,LSTM,15,32.0,0.0890723597258329,0.08806360329575688,0.201697910527588,ar_encoding__electronics__ar_bounded_52
ar_encoding__electronics__ar_bounded_52__e,LSTM,20,30.0,0.0882216936775616,0.29288818748295276,0.6252122927588318,ar_encoding__electronics__ar_bounded_52
ar_encoding__electronics__ar_bounded_52__e,LSTM,8,37.0,0.0891454053612855,0.25487283172628167,0.903641307641156,ar_encoding__electronics__ar_bounded_52
ar_encoding__electronics__ar_bounded_52__e,LSTM,6,31.0,0.0895480939320155,0.2636929081870197,0.7345229451440829,ar_encoding__electronics__ar_bounded_52
ar_encoding__electronics__ar_bounded_52__e,LSTM,9,25.0,0.0894091120706154,0.2342627657353464,0.38326070962349196,ar_encoding__electronics__ar_bounded_52
ar_encoding__electronics__ar_bounded_52__e,LSTM,13,25.0,0.08797701554639,0.27347692195724566,0.7507463887882854,ar_encoding__electronics__ar_bounded_52
ar_encoding__electronics__ar_log__a,LSTM,19,19.0,0.0872993894985744,0.28796463605699224,2.876969224272085,ar_encoding__electronics__ar_log
ar_encoding__electronics__ar_log__a,LSTM,7,20.0,0.0884851132120404,0.29281566037750706,3.797699148436842,ar_encoding__electronics__ar_log
ar_encoding__electronics__ar_log__a,LSTM,4,11.0,0.0884602926671505,0.30765585009163077,5.4388750061236415,ar_encoding__electronics__ar_log
ar_encoding__electronics__ar_log__a,LSTM,17,34.0,0.0868941598704883,0.2950825386361724,3.774784718162299,ar_encoding__electronics__ar_log
ar_encoding__electronics__ar_log__a,LSTM,18,25.0,0.085177794098854,0.30031212958165837,2.4683028879414324,ar_encoding__electronics__ar_log
ar_encoding__electronics__ar_log__a,LSTM,11,29.0,0.0858705434948206,0.2966193860736566,2.9677587354320476,ar_encoding__electronics__ar_log
ar_encoding__electronics__ar_log__a,LSTM,2,6.0,0.0890669965973267,0.29396003874511795,2.7407701255130927,ar_encoding__electronics__ar_log
ar_encoding__electronics__ar_log__a,LSTM,1,14.0,0.0890595157231603,0.3018071426307571,2.963975979504116,ar_encoding__electronics__ar_log
ar_encoding__electronics__ar_log__a,LSTM,3,22.0,0.0884170808962413,0.30336237168860997,8.31411379944651,ar_encoding__electronics__ar_log
ar_encoding__electronics__ar_log__a,LSTM,5,6.0,0.0895439200103282,0.252017907998185,2.9322444341346032,ar_encoding__electronics__ar_log
ar_encoding__electronics__ar_log__a,LSTM,14,30.0,0.0867391712963581,0.30843651727963023,2.0834719383477864,ar_encoding__electronics__ar_log
ar_encoding__electronics__ar_log__a,LSTM,10,28.0,0.0854139644652605,0.30437777959265017,2.2871051535266047,ar_encoding__electronics__ar_log
ar_encoding__electronics__ar_log__a,LSTM,12,23.0,0.0881954910499709,0.30726034388828344,3.0082195862658807,ar_encoding__electronics__ar_log
ar_encoding__electronics__ar_log__a,LSTM,16,13.0,0.0879199877381324,0.2786837597043108,2.17850162093164,ar_encoding__electronics__ar_log
ar_encoding__electronics__ar_log__a,LSTM,15,7.0,0.0884189363569021,0.2967740686598577,3.804293628475024,ar_encoding__electronics__ar_log
ar_encoding__electronics__ar_log__a,LSTM,20,34.0,0.0858363546431064,0.30778562886206995,3.7280811887473426,ar_encoding__electronics__ar_log
ar_encoding__electronics__ar_log__a,LSTM,8,22.0,0.0897073969244957,0.30968122461670416,4.602344713494491,ar_encoding__electronics__ar_log
ar_encoding__electronics__ar_log__a,LSTM,6,11.0,0.0873946313347135,0.29497333105033585,3.113995428562382,ar_encoding__electronics__ar_log
ar_encoding__electronics__ar_log__a,LSTM,9,21.0,0.0881855636835098,0.3023920888602083,3.2088177329876686,ar_encoding__electronics__ar_log
ar_encoding__electronics__ar_log__a,LSTM,13,10.0,0.087604871019721,0.29663895267450474,6.096576586023881,ar_encoding__electronics__ar_log
ar_encoding__electronics__ar_log__b,LSTM,19,6.0,0.088490637162557,0.28720404201050703,2.6163891369403833,ar_encoding__electronics__ar_log
ar_encoding__electronics__ar_log__b,LSTM,7,22.0,0.0854616109281778,0.30701458320781116,2.924649047983963,ar_encoding__electronics__ar_log
ar_encoding__electronics__ar_log__b,LSTM,4,15.0,0.0886133258732465,0.2894115400629419,2.6512930684153,ar_encoding__electronics__ar_log
ar_encoding__electronics__ar_log__b,LSTM,17,11.0,0.0871430177773748,0.290990272000852,2.3227064647453006,ar_encoding__electronics__ar_log
ar_encoding__electronics__ar_log__b,LSTM,18,19.0,0.0867563802748918,0.3043054881926565,3.450387010538393,ar_encoding__electronics__ar_log
ar_encoding__electronics__ar_log__b,LSTM,11,21.0,0.0871767667787415,0.29640509495095235,2.7973470776538605,ar_encoding__electronics__ar_log
ar_encoding__electronics__ar_log__b,LSTM,2,5.0,0.0897770877927541,0.2933965273907351,7.883957232527067,ar_encoding__electronics__ar_log
ar_encoding__electronics__ar_log__b,LSTM,1,10.0,0.0879158172756433,0.29105914829722335,6.440811852449505,ar_encoding__electronics__ar_log
ar_encoding__electronics__ar_log__b,LSTM,3,14.0,0.0904238224029541,0.2796482612597121,12.501904253118393,ar_encoding__electronics__ar_log
ar_encoding__electronics__ar_log__b,LSTM,5,22.0,0.0856256913393735,0.317829838860633,3.7481624812694254,ar_encoding__electronics__ar_log
ar_encoding__electronics__ar_log__b,LSTM,14,15.0,0.0883205543671335,0.30544248329431944,3.716947702591089,ar_encoding__electronics__ar_log
ar_encoding__electronics__ar_log__b,LSTM,10,27.0,0.0869630109518766,0.29233200157071215,11.328462566517706,ar_encoding__electronics__ar_log
ar_encoding__electronics__ar_log__b,LSTM,12,13.0,0.0885691177099943,0.2546666962707487,10.840029613513243,ar_encoding__electronics__ar_log
ar_encoding__electronics__ar_log__b,LSTM,16,29.0,0.0856369156390428,0.2949832657966542,2.6257245589857443,ar_encoding__electronics__ar_log
ar_encoding__electronics__ar_log__b,LSTM,15,30.0,0.0856238938868045,0.29254497611509706,2.8873281139301925,ar_encoding__electronics__ar_log
ar_encoding__electronics__ar_log__b,LSTM,20,7.0,0.0886848428501532,0.29534547174956816,3.1621820628979957,ar_encoding__electronics__ar_log
ar_encoding__electronics__ar_log__b,LSTM,8,34.0,0.0861366987228393,0.2967038897069056,5.571907982190372,ar_encoding__electronics__ar_log
ar_encoding__electronics__ar_log__b,LSTM,6,11.0,0.0887235451776247,0.29719469972137236,3.1829864460798247,ar_encoding__electronics__ar_log
ar_encoding__electronics__ar_log__b,LSTM,9,5.0,0.0889284536242485,0.2931624249672571,2.6602308489613504,ar_encoding__electronics__ar_log
ar_encoding__electronics__ar_log__b,LSTM,13,29.0,0.0866469535976648,0.2863909005283145,3.461683700644161,ar_encoding__electronics__ar_log
ar_encoding__electronics__ar_log__c,LSTM,19,10.0,0.0886660831478925,0.2944131301473657,4.092511271027096,ar_encoding__electronics__ar_log
ar_encoding__electronics__ar_log__c,LSTM,7,15.0,0.0884209062371935,0.2884650259420122,3.7658703934823063,ar_encoding__electronics__ar_log
ar_encoding__electronics__ar_log__c,LSTM,4,18.0,0.0889433739850154,0.2977777764897898,2.7127317179249713,ar_encoding__electronics__ar_log
ar_encoding__electronics__ar_log__c,LSTM,17,23.0,0.0882038314427648,0.29310903819916956,4.4889716760298075,ar_encoding__electronics__ar_log
ar_encoding__electronics__ar_log__c,LSTM,18,31.0,0.0874790623784065,0.28866979336272514,6.973225454923823,ar_encoding__electronics__ar_log
ar_encoding__electronics__ar_log__c,LSTM,11,15.0,0.0884482679622513,0.29711326892640666,1.9805424206618267,ar_encoding__electronics__ar_log
ar_encoding__electronics__ar_log__c,LSTM,2,26.0,0.0871849451214075,0.30131912174834496,3.9426447376854306,ar_encoding__electronics__ar_log
ar_encoding__electronics__ar_log__c,LSTM,1,23.0,0.0877543836832046,0.3030368160071388,13.761294451948876,ar_encoding__electronics__ar_log
ar_encoding__electronics__ar_log__c,LSTM,3,6.0,0.0887898997618601,0.3027540021694852,2.5620837504505354,ar_encoding__electronics__ar_log
ar_encoding__electronics__ar_log__c,LSTM,5,14.0,0.0883462822863033,0.3037550914739977,2.4081487366658214,ar_encoding__electronics__ar_log
ar_encoding__electronics__ar_log__c,LSTM,14,5.0,0.0874467156827449,0.2834063105805686,5.7661552425874465,ar_encoding__electronics__ar_log
ar_encoding__electronics__ar_log__c,LSTM,10,9.0,0.0861567147076129,0.29007719927223213,4.876395685628965,ar_encoding__electronics__ar_log
ar_encoding__electronics__ar_log__c,LSTM,12,7.0,0.0883847039479475,0.2845038721241158,3.303709210536703,ar_encoding__electronics__ar_log
ar_encoding__electronics__ar_log__c,LSTM,16,21.0,0.0889077702393898,0.2858391325544832,3.446688744600784,ar_encoding__electronics__ar_log
ar_encoding__electronics__ar_log__c,LSTM,15,11.0,0.0881690466060088,0.29188939631047806,2.987379509603564,ar_encoding__electronics__ar_log
ar_encoding__electronics__ar_log__c,LSTM,20,22.0,0.0878237690776586,0.29237191394935524,7.878062255893166,ar_encoding__electronics__ar_log
ar_encoding__electronics__ar_log__c,LSTM,8,18.0,0.0875696529235158,0.3036137661116534,3.28000877394733,ar_encoding__electronics__ar_log
ar_encoding__electronics__ar_log__c,LSTM,6,15.0,0.0862823482602834,0.2904749766417513,2.3084378351927874,ar_encoding__electronics__ar_log
ar_encoding__electronics__ar_log__c,LSTM,9,8.0,0.0891294356148976,0.3073307055319786,3.089000971626761,ar_encoding__electronics__ar_log
ar_encoding__electronics__ar_log__c,LSTM,13,7.0,0.0895693842321634,0.23381143586591902,7.374888983091843,ar_encoding__electronics__ar_log
ar_encoding__electronics__ar_log__d,LSTM,19,21.0,0.0882509478500911,0.31525370809406733,5.902202372582443,ar_encoding__electronics__ar_log
ar_encoding__electronics__ar_log__d,LSTM,7,39.0,0.0886776018887758,0.30549475422403755,12.910077463632541,ar_encoding__electronics__ar_log
ar_encoding__electronics__ar_log__d,LSTM,4,12.0,0.0882352134929253,0.2871304085784117,3.0503103649875,ar_encoding__electronics__ar_log
ar_encoding__electronics__ar_log__d,LSTM,17,7.0,0.0889242086559534,0.3182502117441936,6.291539852575372,ar_encoding__electronics__ar_log
ar_encoding__electronics__ar_log__d,LSTM,18,9.0,0.0881873127073049,0.2735470095216519,7.45417483950052,ar_encoding__electronics__ar_log
ar_encoding__electronics__ar_log__d,LSTM,11,7.0,0.0883655864745378,0.26977909143341855,4.710320912531365,ar_encoding__electronics__ar_log
ar_encoding__electronics__ar_log__d,LSTM,2,8.0,0.0891858432441949,0.2548826233857311,11.43193135082827,ar_encoding__electronics__ar_log
ar_encoding__electronics__ar_log__d,LSTM,1,32.0,0.0883714109659195,0.28287500651135117,4.000295589244455,ar_encoding__electronics__ar_log
ar_encoding__electronics__ar_log__d,LSTM,3,27.0,0.0896204507776669,0.30034350433451223,9.235116050591879,ar_encoding__electronics__ar_log
ar_encoding__electronics__ar_log__d,LSTM,5,6.0,0.0890508033335208,0.27780932535908487,5.496077280972944,ar_encoding__electronics__ar_log
ar_encoding__electronics__ar_log__d,LSTM,14,15.0,0.0875965420688901,0.29664696780819527,2.7389941393546158,ar_encoding__electronics__ar_log
ar_encoding__electronics__ar_log__d,LSTM,10,13.0,0.0879925042390823,0.2921727829250095,2.9053596799277988,ar_encoding__electronics__ar_log
ar_encoding__electronics__ar_log__d,LSTM,12,30.0,0.0862823780626058,0.2878994459590318,2.199549358628697,ar_encoding__electronics__ar_log
ar_encoding__electronics__ar_log__d,LSTM,16,25.0,0.0864284355193376,0.285747610396492,4.841159766073642,ar_encoding__electronics__ar_log
ar_encoding__electronics__ar_log__d,LSTM,15,27.0,0.0887636254940714,0.2894782989270801,3.690384172987316,ar_encoding__electronics__ar_log
ar_encoding__electronics__ar_log__d,LSTM,20,29.0,0.0857944227755069,0.2915527533638498,2.119042741491107,ar_encoding__electronics__ar_log
ar_encoding__electronics__ar_log__d,LSTM,8,22.0,0.0871627498418092,0.29800418758178693,3.042781850844894,ar_encoding__electronics__ar_log
ar_encoding__electronics__ar_log__d,LSTM,6,19.0,0.0880640819668769,0.2978219508132979,11.43164483037241,ar_encoding__electronics__ar_log
ar_encoding__electronics__ar_log__d,LSTM,9,7.0,0.0857013668864965,0.2753503791109994,2.7372920086637618,ar_encoding__electronics__ar_log
ar_encoding__electronics__ar_log__d,LSTM,13,26.0,0.086619833484292,0.3006431466834071,4.443299119420949,ar_encoding__electronics__ar_log
ar_encoding__electronics__ar_log__e,LSTM,19,9.0,0.0880602281540632,0.30504176900297114,5.494345877498412,ar_encoding__electronics__ar_log
ar_encoding__electronics__ar_log__e,LSTM,7,12.0,0.0880025689091001,0.2859764606761003,3.9080910116930774,ar_encoding__electronics__ar_log
ar_encoding__electronics__ar_log__e,LSTM,4,20.0,0.0880388979400907,0.2887621319937099,5.813658966929381,ar_encoding__electronics__ar_log
ar_encoding__electronics__ar_log__e,LSTM,17,10.0,0.0878242794424295,0.2532825634593312,6.1542244665437815,ar_encoding__electronics__ar_log
ar_encoding__electronics__ar_log__e,LSTM,18,31.0,0.0869729127734899,0.31777633560628393,4.889177401277913,ar_encoding__electronics__ar_log
ar_encoding__electronics__ar_log__e,LSTM,11,14.0,0.0885842144489288,0.253587829437797,4.159520253489165,ar_encoding__electronics__ar_log
ar_encoding__electronics__ar_log__e,LSTM,2,7.0,0.0895857755094766,0.26588373693554523,4.6456269328207185,ar_encoding__electronics__ar_log
ar_encoding__electronics__ar_log__e,LSTM,1,23.0,0.0852815862745046,0.2919174555868929,3.1491747047859637,ar_encoding__electronics__ar_log
ar_encoding__electronics__ar_log__e,LSTM,3,17.0,0.0877859645656177,0.2934685230806944,3.0386525679185783,ar_encoding__electronics__ar_log
ar_encoding__electronics__ar_log__e,LSTM,5,12.0,0.0882339552044868,0.30290038258960966,4.453593687656357,ar_encoding__electronics__ar_log
ar_encoding__electronics__ar_log__e,LSTM,14,32.0,0.0866209380328655,0.2950795253423914,2.9117777279934622,ar_encoding__electronics__ar_log
ar_encoding__electronics__ar_log__e,LSTM,10,17.0,0.0870912801474332,0.29466702205267636,5.577065225244026,ar_encoding__electronics__ar_log
ar_encoding__electronics__ar_log__e,LSTM,12,7.0,0.088834099471569,0.2638680642745285,8.517237012310243,ar_encoding__electronics__ar_log
ar_encoding__electronics__ar_log__e,LSTM,16,16.0,0.0889699453344712,0.301611283994392,2.5479303330548437,ar_encoding__electronics__ar_log
ar_encoding__electronics__ar_log__e,LSTM,15,16.0,0.0864977668970823,0.29609372402859174,7.556259981429293,ar_encoding__electronics__ar_log
ar_encoding__electronics__ar_log__e,LSTM,20,20.0,0.0862267557531595,0.2975928611365301,2.421897084143188,ar_encoding__electronics__ar_log
ar_encoding__electronics__ar_log__e,LSTM,8,12.0,0.0882226196782929,0.300093572659482,4.242062486220102,ar_encoding__electronics__ar_log
ar_encoding__electronics__ar_log__e,LSTM,6,20.0,0.0851788967847824,0.3034068889535945,1.994975289036955,ar_encoding__electronics__ar_log
ar_encoding__electronics__ar_log__e,LSTM,9,24.0,0.0868676038725035,0.2949627970294063,2.765099304116498,ar_encoding__electronics__ar_log
ar_encoding__electronics__ar_log__e,LSTM,13,14.0,0.0879196120159966,0.28588387077847655,2.2052922424323076,ar_encoding__electronics__ar_log
ar_encoding__electronics__ar_ratio__a,LSTM,19,9.0,0.0870419591665268,0.29393080394321114,0.9173460806638221,ar_encoding__electronics__ar_ratio
ar_encoding__electronics__ar_ratio__a,LSTM,7,6.0,0.0867315325886011,0.28814947635887656,0.7416019386963741,ar_encoding__electronics__ar_ratio
ar_encoding__electronics__ar_ratio__a,LSTM,4,8.0,0.0860442537814378,0.31545402530544936,0.8491737071616643,ar_encoding__electronics__ar_ratio
ar_encoding__electronics__ar_ratio__a,LSTM,17,13.0,0.0865906979888677,0.3212520019299711,1.0538578646399088,ar_encoding__electronics__ar_ratio
ar_encoding__electronics__ar_ratio__a,LSTM,18,7.0,0.0865794457495212,0.2978839645529639,1.0640456814808033,ar_encoding__electronics__ar_ratio
ar_encoding__electronics__ar_ratio__a,LSTM,11,7.0,0.0868961345404386,0.3005995860381215,1.3604534588562223,ar_encoding__electronics__ar_ratio
ar_encoding__electronics__ar_ratio__a,LSTM,2,8.0,0.0869694668799638,0.2951622364859266,1.4219334854131314,ar_encoding__electronics__ar_ratio
ar_encoding__electronics__ar_ratio__a,LSTM,1,11.0,0.0870394650846719,0.2938249597121207,0.9516738846414877,ar_encoding__electronics__ar_ratio
ar_encoding__electronics__ar_ratio__a,LSTM,3,27.0,0.0857986863702535,0.33133993145567114,1.5740023940975791,ar_encoding__electronics__ar_ratio
ar_encoding__electronics__ar_ratio__a,LSTM,5,6.0,0.0875610932707786,0.28014666066036004,1.397333942234346,ar_encoding__electronics__ar_ratio
ar_encoding__electronics__ar_ratio__a,LSTM,14,11.0,0.0865993164479732,0.3240791530358051,1.3417983278846477,ar_encoding__electronics__ar_ratio
ar_encoding__electronics__ar_ratio__a,LSTM,10,19.0,0.0863983873277902,0.3276476942910917,1.3262191879587582,ar_encoding__electronics__ar_ratio
ar_encoding__electronics__ar_ratio__a,LSTM,12,14.0,0.0882286120738301,0.3205890790308455,2.7543963810703365,ar_encoding__electronics__ar_ratio
ar_encoding__electronics__ar_ratio__a,LSTM,16,8.0,0.0870074108242988,0.2844129765704483,1.0443215078136476,ar_encoding__electronics__ar_ratio
ar_encoding__electronics__ar_ratio__a,LSTM,15,9.0,0.0863122548907995,0.30074398291958976,0.6506192270349637,ar_encoding__electronics__ar_ratio
ar_encoding__electronics__ar_ratio__a,LSTM,20,8.0,0.0863750278949737,0.3158232484256675,0.753238717562355,ar_encoding__electronics__ar_ratio
ar_encoding__electronics__ar_ratio__a,LSTM,8,7.0,0.0870427712798118,0.30731455892627224,1.603179513803867,ar_encoding__electronics__ar_ratio
ar_encoding__electronics__ar_ratio__a,LSTM,6,8.0,0.0868731569498777,0.3136375899451645,1.2832525599224476,ar_encoding__electronics__ar_ratio
ar_encoding__electronics__ar_ratio__a,LSTM,9,8.0,0.0867288205772638,0.3094191781332905,1.209867626744499,ar_encoding__electronics__ar_ratio
ar_encoding__electronics__ar_ratio__a,LSTM,13,25.0,0.0856208484619855,0.29463723846905304,1.0895318760594,ar_encoding__electronics__ar_ratio
ar_encoding__electronics__ar_ratio__b,LSTM,19,11.0,0.0860503427684307,0.3127458656351123,1.5377300561460931,ar_encoding__electronics__ar_ratio
ar_encoding__electronics__ar_ratio__b,LSTM,7,9.0,0.0867052543908357,0.3304011825301232,0.848811896997168,ar_encoding__electronics__ar_ratio
ar_encoding__electronics__ar_ratio__b,LSTM,4,9.0,0.0867589674890041,0.30968567510597894,0.8821341129071654,ar_encoding__electronics__ar_ratio
ar_encoding__electronics__ar_ratio__b,LSTM,17,8.0,0.0865594875067472,0.2964274597529361,0.7900928505332525,ar_encoding__electronics__ar_ratio
ar_encoding__electronics__ar_ratio__b,LSTM,18,8.0,0.0866716504096984,0.30773411923391564,2.2195799221811066,ar_encoding__electronics__ar_ratio
ar_encoding__electronics__ar_ratio__b,LSTM,11,9.0,0.0866637080907821,0.303528121317068,0.8101794282494093,ar_encoding__electronics__ar_ratio
ar_encoding__electronics__ar_ratio__b,LSTM,2,10.0,0.0870318189263343,0.32403272797179267,0.8786842063069189,ar_encoding__electronics__ar_ratio
ar_encoding__electronics__ar_ratio__b,LSTM,1,10.0,0.0868117995560169,0.2947314927771203,0.8600631205986221,ar_encoding__electronics__ar_ratio
ar_encoding__electronics__ar_ratio__b,LSTM,3,6.0,0.0873929932713508,0.3016906705885213,0.962307388554894,ar_encoding__electronics__ar_ratio
ar_encoding__electronics__ar_ratio__b,LSTM,5,7.0,0.08634053170681,0.3207224535218895,1.208641635524436,ar_encoding__electronics__ar_ratio
ar_encoding__electronics__ar_ratio__b,LSTM,14,26.0,0.0858605857938528,0.32768383484543445,1.960776943203086,ar_encoding__electronics__ar_ratio
ar_encoding__electronics__ar_ratio__b,LSTM,10,7.0,0.0863171741366386,0.2728848812588176,1.2314935905814102,ar_encoding__electronics__ar_ratio
ar_encoding__electronics__ar_ratio__b,LSTM,12,15.0,0.0867726244032383,0.2973660240497879,1.3601073035752818,ar_encoding__electronics__ar_ratio
ar_encoding__electronics__ar_ratio__b,LSTM,16,8.0,0.0865666959434747,0.3098749095410722,1.7686026817754492,ar_encoding__electronics__ar_ratio
ar_encoding__electronics__ar_ratio__b,LSTM,15,12.0,0.0867840852588415,0.2887733166153236,0.8197334549134692,ar_encoding__electronics__ar_ratio
ar_encoding__electronics__ar_ratio__b,LSTM,20,23.0,0.0871766954660415,0.3158329825431772,1.462773081064335,ar_encoding__electronics__ar_ratio
ar_encoding__electronics__ar_ratio__b,LSTM,8,9.0,0.0866408329457044,0.3026377199724831,2.3735628926837515,ar_encoding__electronics__ar_ratio
ar_encoding__electronics__ar_ratio__b,LSTM,6,9.0,0.0865624342113733,0.31322469340996173,0.9555849035373741,ar_encoding__electronics__ar_ratio
ar_encoding__electronics__ar_ratio__b,LSTM,9,25.0,0.0861293394118547,0.3084503081552159,2.2824744034512374,ar_encoding__electronics__ar_ratio
ar_encoding__electronics__ar_ratio__b,LSTM,13,10.0,0.0873186606913805,0.29144778402644744,1.1055377184156505,ar_encoding__electronics__ar_ratio
ar_encoding__electronics__ar_ratio__c,LSTM,19,11.0,0.0860018283128738,0.30882479581202554,1.335513499009498,ar_encoding__electronics__ar_ratio
ar_encoding__electronics__ar_ratio__c,LSTM,7,6.0,0.0869646426290273,0.294859036025974,0.9391739256686297,ar_encoding__electronics__ar_ratio
ar_encoding__electronics__ar_ratio__c,LSTM,4,7.0,0.0869489535689354,0.2947900521175894,1.2210027603656712,ar_encoding__electronics__ar_ratio
ar_encoding__electronics__ar_ratio__c,LSTM,17,10.0,0.0856397729367017,0.3050598856721036,1.223839576573314,ar_encoding__electronics__ar_ratio
ar_encoding__electronics__ar_ratio__c,LSTM,18,7.0,0.0867977123707532,0.2895287436716884,1.1836745984655956,ar_encoding__electronics__ar_ratio
ar_encoding__electronics__ar_ratio__c,LSTM,11,9.0,0.0864294189959764,0.2886023929262109,2.171693346852946,ar_encoding__electronics__ar_ratio
ar_encoding__electronics__ar_ratio__c,LSTM,2,10.0,0.0862185955047607,0.30032298222154735,1.2324833154263375,ar_encoding__electronics__ar_ratio
ar_encoding__electronics__ar_ratio__c,LSTM,1,13.0,0.0867911614477634,0.30501253574882364,1.0242511637383043,ar_encoding__electronics__ar_ratio
ar_encoding__electronics__ar_ratio__c,LSTM,3,8.0,0.0871056225150823,0.31346060420252003,1.1442905208178706,ar_encoding__electronics__ar_ratio
ar_encoding__electronics__ar_ratio__c,LSTM,5,7.0,0.0871094744652509,0.30225270440493013,0.5219651321495169,ar_encoding__electronics__ar_ratio
ar_encoding__electronics__ar_ratio__c,LSTM,14,6.0,0.0869530159980058,0.3082763257277542,0.8817976642950294,ar_encoding__electronics__ar_ratio
ar_encoding__electronics__ar_ratio__c,LSTM,10,9.0,0.0869105346500873,0.30748730251491946,0.8310945494199302,ar_encoding__electronics__ar_ratio
ar_encoding__electronics__ar_ratio__c,LSTM,12,9.0,0.087382698431611,0.30669840381709934,0.7995066497342453,ar_encoding__electronics__ar_ratio
ar_encoding__electronics__ar_ratio__c,LSTM,16,16.0,0.0867074131965637,0.2877503455537019,4.2678314370105355,ar_encoding__electronics__ar_ratio
ar_encoding__electronics__ar_ratio__c,LSTM,15,11.0,0.0871094819158315,0.29450695996579285,1.315790078574841,ar_encoding__electronics__ar_ratio
ar_encoding__electronics__ar_ratio__c,LSTM,20,23.0,0.0863287132233381,0.3136553549842506,1.1699252883357745,ar_encoding__electronics__ar_ratio
ar_encoding__electronics__ar_ratio__c,LSTM,8,27.0,0.085899967700243,0.31599640741524515,1.2007583996348,ar_encoding__electronics__ar_ratio
ar_encoding__electronics__ar_ratio__c,LSTM,6,12.0,0.086877517402172,0.29979301350879656,0.9999251153477124,ar_encoding__electronics__ar_ratio
ar_encoding__electronics__ar_ratio__c,LSTM,9,11.0,0.0873756855726242,0.3069638854933037,2.6943402163328445,ar_encoding__electronics__ar_ratio
ar_encoding__electronics__ar_ratio__c,LSTM,13,8.0,0.0869487933814525,0.29618384175895995,0.8873010608425215,ar_encoding__electronics__ar_ratio
ar_encoding__electronics__ar_ratio__d,LSTM,19,11.0,0.0869218967854976,0.3071325434849204,0.6402816223540452,ar_encoding__electronics__ar_ratio
ar_encoding__electronics__ar_ratio__d,LSTM,7,10.0,0.0865987036377191,0.3308888179296452,0.7665615679963278,ar_encoding__electronics__ar_ratio
ar_encoding__electronics__ar_ratio__d,LSTM,4,9.0,0.086799768730998,0.29420143746457544,0.6601600579151703,ar_encoding__electronics__ar_ratio
ar_encoding__electronics__ar_ratio__d,LSTM,17,11.0,0.0866341684013605,0.2992353416441536,1.2210046105743502,ar_encoding__electronics__ar_ratio
ar_encoding__electronics__ar_ratio__d,LSTM,18,8.0,0.0862788055092096,0.29763933434159656,1.4373811176359805,ar_encoding__electronics__ar_ratio
ar_encoding__electronics__ar_ratio__d,LSTM,11,23.0,0.0880380701273679,0.2850935963858535,1.5249079111460095,ar_encoding__electronics__ar_ratio
ar_encoding__electronics__ar_ratio__d,LSTM,2,9.0,0.0865833684802055,0.33371486742505346,0.9217492301403611,ar_encoding__electronics__ar_ratio
ar_encoding__electronics__ar_ratio__d,LSTM,1,4.0,0.0874031130224466,0.2944269411056788,0.8854864517862688,ar_encoding__electronics__ar_ratio
ar_encoding__electronics__ar_ratio__d,LSTM,3,9.0,0.0868787392973899,0.3024637784212215,0.5467046812703544,ar_encoding__electronics__ar_ratio
ar_encoding__electronics__ar_ratio__d,LSTM,5,8.0,0.0868532136082649,0.29684440755940233,0.9204471147860671,ar_encoding__electronics__ar_ratio
ar_encoding__electronics__ar_ratio__d,LSTM,14,8.0,0.0861460827291011,0.31662020902943033,1.3367278281293407,ar_encoding__electronics__ar_ratio
ar_encoding__electronics__ar_ratio__d,LSTM,10,9.0,0.0867324788123369,0.29236272447913153,0.8141958223380622,ar_encoding__electronics__ar_ratio
ar_encoding__electronics__ar_ratio__d,LSTM,12,11.0,0.0865347348153591,0.3110324136267438,1.1093904601866542,ar_encoding__electronics__ar_ratio
ar_encoding__electronics__ar_ratio__d,LSTM,16,7.0,0.0864408053457737,0.2786427152496243,1.2323968588629426,ar_encoding__electronics__ar_ratio
ar_encoding__electronics__ar_ratio__d,LSTM,15,7.0,0.0866359677165746,0.29519933562548695,0.8328851013999002,ar_encoding__electronics__ar_ratio
ar_encoding__electronics__ar_ratio__d,LSTM,20,5.0,0.086993271484971,0.2873530720704695,0.5176856813823616,ar_encoding__electronics__ar_ratio
ar_encoding__electronics__ar_ratio__d,LSTM,8,7.0,0.0890308139579636,0.2940203177510613,1.5067496165706284,ar_encoding__electronics__ar_ratio
ar_encoding__electronics__ar_ratio__d,LSTM,6,30.0,0.0857706684619188,0.32104718969464696,1.7219276034717064,ar_encoding__electronics__ar_ratio
ar_encoding__electronics__ar_ratio__d,LSTM,9,9.0,0.0862262640148401,0.30327883848150844,1.0189785600486974,ar_encoding__electronics__ar_ratio
ar_encoding__electronics__ar_ratio__d,LSTM,13,8.0,0.0867497157305479,0.29720493152049804,1.0408936309913657,ar_encoding__electronics__ar_ratio
ar_encoding__electronics__ar_ratio__e,LSTM,19,9.0,0.0870472639799118,0.305612750853581,0.7678924995952321,ar_encoding__electronics__ar_ratio
ar_encoding__electronics__ar_ratio__e,LSTM,7,8.0,0.0870113708078861,0.2931527191416009,1.1345275867349547,ar_encoding__electronics__ar_ratio
ar_encoding__electronics__ar_ratio__e,LSTM,4,7.0,0.087264958769083,0.30193403419951753,0.732462832368379,ar_encoding__electronics__ar_ratio
ar_encoding__electronics__ar_ratio__e,LSTM,17,24.0,0.0859139878302812,0.2959676429654199,1.3898807631727361,ar_encoding__electronics__ar_ratio
ar_encoding__electronics__ar_ratio__e,LSTM,18,7.0,0.0867290254682302,0.31147176292870293,2.722376707052187,ar_encoding__electronics__ar_ratio
ar_encoding__electronics__ar_ratio__e,LSTM,11,7.0,0.0868813637644052,0.2893785637001306,1.4333073729497405,ar_encoding__electronics__ar_ratio
ar_encoding__electronics__ar_ratio__e,LSTM,2,10.0,0.0864765010774135,0.29978912564513194,0.9764309700949391,ar_encoding__electronics__ar_ratio
ar_encoding__electronics__ar_ratio__e,LSTM,1,4.0,0.0865773968398571,0.28684399503354624,1.1300874532983958,ar_encoding__electronics__ar_ratio
ar_encoding__electronics__ar_ratio__e,LSTM,3,23.0,0.0875231772661209,0.30537674769285345,1.0409427979922128,ar_encoding__electronics__ar_ratio
ar_encoding__electronics__ar_ratio__e,LSTM,5,7.0,0.0869170576333999,0.30687153185852556,0.9246170855416472,ar_encoding__electronics__ar_ratio
ar_encoding__electronics__ar_ratio__e,LSTM,14,9.0,0.086236972361803,0.2792546261548908,1.0775288740285847,ar_encoding__electronics__ar_ratio
ar_encoding__electronics__ar_ratio__e,LSTM,10,22.0,0.0865350402891635,0.3353373621186359,1.1294466235121854,ar_encoding__electronics__ar_ratio
ar_encoding__electronics__ar_ratio__e,LSTM,12,24.0,0.0864592306315898,0.3095802843198951,1.886234833020847,ar_encoding__electronics__ar_ratio
ar_encoding__electronics__ar_ratio__e,LSTM,16,9.0,0.0867868922650814,0.30429200512434296,1.447209784449341,ar_encoding__electronics__ar_ratio
ar_encoding__electronics__ar_ratio__e,LSTM,15,8.0,0.0868285708129406,0.30292995800552996,1.3739298413989616,ar_encoding__electronics__ar_ratio
ar_encoding__electronics__ar_ratio__e,LSTM,20,11.0,0.086588529869914,0.3165440884428113,0.8996208911468943,ar_encoding__electronics__ar_ratio
ar_encoding__electronics__ar_ratio__e,LSTM,8,11.0,0.0869868677109479,0.30506760457175847,1.0062008504847635,ar_encoding__electronics__ar_ratio
ar_encoding__electronics__ar_ratio__e,LSTM,6,8.0,0.0868442375212907,0.3013587139634412,1.0653570288193759,ar_encoding__electronics__ar_ratio
ar_encoding__electronics__ar_ratio__e,LSTM,9,6.0,0.0867171939462423,0.3037965918829247,0.9705089662505828,ar_encoding__electronics__ar_ratio
ar_encoding__electronics__ar_ratio__e,LSTM,13,7.0,0.0863244738429784,0.304934145335779,0.9814044833707116,ar_encoding__electronics__ar_ratio
ar_encoding__electronics__ar_saturating__a,LSTM,19,32.0,0.0854083131998777,0.2943315156849988,0.6961761436999456,ar_encoding__electronics__ar_saturating
ar_encoding__electronics__ar_saturating__a,LSTM,7,15.0,0.0886008215065185,0.2794334637684826,0.8375363714377354,ar_encoding__electronics__ar_saturating
ar_encoding__electronics__ar_saturating__a,LSTM,4,27.0,0.0883466463822584,0.3304312335569229,1.1544715091212518,ar_encoding__electronics__ar_saturating
ar_encoding__electronics__ar_saturating__a,LSTM,17,17.0,0.0883983766230253,0.3070078639843258,0.8544668340842874,ar_encoding__electronics__ar_saturating
ar_encoding__electronics__ar_saturating__a,LSTM,18,13.0,0.0884607477256884,0.2893774750051564,0.6782818516602939,ar_encoding__electronics__ar_saturating
ar_encoding__electronics__ar_saturating__a,LSTM,11,20.0,0.0885032627445,0.28453700106583424,0.5575003612241881,ar_encoding__electronics__ar_saturating
ar_encoding__electronics__ar_saturating__a,LSTM,2,17.0,0.0884846322811566,0.2859767029614687,0.6481172158705669,ar_encoding__electronics__ar_saturating
ar_encoding__electronics__ar_saturating__a,LSTM,1,29.0,0.0853642895817756,0.3109848856978652,0.6148301696423984,ar_encoding__electronics__ar_saturating
ar_encoding__electronics__ar_saturating__a,LSTM,3,34.0,0.0873274270977292,0.32481410161382773,0.8116713851044499,ar_encoding__electronics__ar_saturating
ar_encoding__electronics__ar_saturating__a,LSTM,5,23.0,0.0874989575573376,0.2892090877174828,0.9385152696789755,ar_encoding__electronics__ar_saturating
ar_encoding__electronics__ar_saturating__a,LSTM,14,28.0,0.085832281038165,0.32733442784266853,0.7960945164638571,ar_encoding__electronics__ar_saturating
ar_encoding__electronics__ar_saturating__a,LSTM,10,18.0,0.0874799979584557,0.3171783582868999,0.5338803711135565,ar_encoding__electronics__ar_saturating
ar_encoding__electronics__ar_saturating__a,LSTM,12,26.0,0.0856057424098253,0.2996872533230465,0.6472218241604376,ar_encoding__electronics__ar_saturating
ar_encoding__electronics__ar_saturating__a,LSTM,16,17.0,0.0871353724173137,0.2868363322959239,0.9286650108542962,ar_encoding__electronics__ar_saturating
ar_encoding__electronics__ar_saturating__a,LSTM,15,23.0,0.0870453204427446,0.32150148654981003,0.8897781665305706,ar_encoding__electronics__ar_saturating
ar_encoding__electronics__ar_saturating__a,LSTM,20,24.0,0.0872038634760039,0.2992571410465764,0.6873528819333427,ar_encoding__electronics__ar_saturating
ar_encoding__electronics__ar_saturating__a,LSTM,8,34.0,0.0869836594377245,0.3190449009411409,0.9269989936544879,ar_encoding__electronics__ar_saturating
ar_encoding__electronics__ar_saturating__a,LSTM,6,27.0,0.0870993914348738,0.3000771137948858,0.905379076857924,ar_encoding__electronics__ar_saturating
ar_encoding__electronics__ar_saturating__a,LSTM,9,42.0,0.0851168390363454,0.3108547573083363,0.7455359743968893,ar_encoding__electronics__ar_saturating
ar_encoding__electronics__ar_saturating__a,LSTM,13,16.0,0.0883710733973063,0.29132234467653906,0.8184010899581403,ar_encoding__electronics__ar_saturating
ar_encoding__electronics__ar_saturating__b,LSTM,19,30.0,0.0883518463143935,0.31201870547312155,0.9228986217333951,ar_encoding__electronics__ar_saturating
ar_encoding__electronics__ar_saturating__b,LSTM,7,37.0,0.0857495013624429,0.30929074798893197,0.4470796416088258,ar_encoding__electronics__ar_saturating
ar_encoding__electronics__ar_saturating__b,LSTM,4,13.0,0.0885708283346432,0.2941991089794666,0.7642539061938618,ar_encoding__electronics__ar_saturating
ar_encoding__electronics__ar_saturating__b,LSTM,17,22.0,0.0871897009866578,0.2927034636199899,0.7049465861936154,ar_encoding__electronics__ar_saturating
ar_encoding__electronics__ar_saturating__b,LSTM,18,25.0,0.0858495719730854,0.29775546265699543,0.8040427693527024,ar_encoding__electronics__ar_saturating
ar_encoding__electronics__ar_saturating__b,LSTM,11,61.0,0.0852650646120309,0.27864646891091704,0.7303800136770566,ar_encoding__electronics__ar_saturating
ar_encoding__electronics__ar_saturating__b,LSTM,2,19.0,0.087518321616309,0.32108863019455136,0.5330942162243367,ar_encoding__electronics__ar_saturating
ar_encoding__electronics__ar_saturating__b,LSTM,1,15.0,0.0885961009905888,0.2930161477421825,0.8562819914048105,ar_encoding__electronics__ar_saturating
ar_encoding__electronics__ar_saturating__b,LSTM,3,25.0,0.0884385822484126,0.3049752868285091,0.6956559890304588,ar_encoding__electronics__ar_saturating
ar_encoding__electronics__ar_saturating__b,LSTM,5,20.0,0.0884953562456827,0.3078273728847329,0.8461823403693396,ar_encoding__electronics__ar_saturating
ar_encoding__electronics__ar_saturating__b,LSTM,14,14.0,0.0883787268629441,0.30694931211364523,1.1501374196097518,ar_encoding__electronics__ar_saturating
ar_encoding__electronics__ar_saturating__b,LSTM,10,41.0,0.0865031145513057,0.2789159985710605,0.5978001685478889,ar_encoding__electronics__ar_saturating
ar_encoding__electronics__ar_saturating__b,LSTM,12,46.0,0.0854348093271255,0.28738829314688064,0.4902213799985611,ar_encoding__electronics__ar_saturating
ar_encoding__electronics__ar_saturating__b,LSTM,16,25.0,0.086603881791234,0.2788121389186035,0.34300269432411207,ar_encoding__electronics__ar_saturating
ar_encoding__electronics__ar_saturating__b,LSTM,15,22.0,0.0864215902984142,0.2791370157192348,0.3772393387323841,ar_encoding__electronics__ar_saturating
ar_encoding__electronics__ar_saturating__b,LSTM,20,26.0,0.0857906658202409,0.30480595493309653,0.5713568341110364,ar_encoding__electronics__ar_saturating
ar_encoding__electronics__ar_saturating__b,LSTM,8,15.0,0.0882524661719799,0.3070913971521553,1.230303374739864,ar_encoding__electronics__ar_saturating
ar_encoding__electronics__ar_saturating__b,LSTM,6,29.0,0.0855208728462457,0.30348320207879853,0.8984493970645393,ar_encoding__electronics__ar_saturating
ar_encoding__electronics__ar_saturating__b,LSTM,9,23.0,0.0880444542719767,0.3093594151946257,0.9432711297309443,ar_encoding__electronics__ar_saturating
ar_encoding__electronics__ar_saturating__b,LSTM,13,34.0,0.0857424512505531,0.28288719000727236,0.9421565372444273,ar_encoding__electronics__ar_saturating
ar_encoding__electronics__ar_saturating__c,LSTM,19,19.0,0.0885458686030828,0.2982345246289633,0.9235563492700116,ar_encoding__electronics__ar_saturating
ar_encoding__electronics__ar_saturating__c,LSTM,7,19.0,0.0874394934092249,0.28395218642553643,0.7169874138576199,ar_encoding__electronics__ar_saturating
ar_encoding__electronics__ar_saturating__c,LSTM,4,13.0,0.088271534868649,0.2804927579115332,0.6365551212249114,ar_encoding__electronics__ar_saturating
ar_encoding__electronics__ar_saturating__c,LSTM,17,20.0,0.0874132609793118,0.30397700022780266,0.8296692237064682,ar_encoding__electronics__ar_saturating
ar_encoding__electronics__ar_saturating__c,LSTM,18,26.0,0.0870127763066973,0.28250893430398427,0.7972209913607934,ar_encoding__electronics__ar_saturating
ar_encoding__electronics__ar_saturating__c,LSTM,11,26.0,0.088498603266019,0.30118481465653224,0.8525377104941172,ar_encoding__electronics__ar_saturating
ar_encoding__electronics__ar_saturating__c,LSTM,2,22.0,0.0873050785490444,0.296682960542021,0.8701842716496758,ar_encoding__electronics__ar_saturating
ar_encoding__electronics__ar_saturating__c,LSTM,1,28.0,0.0865956619381904,0.3270426328544147,1.136768422467022,ar_encoding__electronics__ar_saturating
ar_encoding__electronics__ar_saturating__c,LSTM,3,16.0,0.0882644828122395,0.3257575617667493,0.8221606292349297,ar_encoding__electronics__ar_saturating
ar_encoding__electronics__ar_saturating__c,LSTM,5,21.0,0.0882805789319368,0.3091919747728621,0.6905970669887086,ar_encoding__electronics__ar_saturating
ar_encoding__electronics__ar_saturating__c,LSTM,14,18.0,0.0877270560179438,0.29947547099150507,0.4335767891867705,ar_encoding__electronics__ar_saturating
ar_encoding__electronics__ar_saturating__c,LSTM,10,29.0,0.0855332501232624,0.29877633424526134,0.7899625702256694,ar_encoding__electronics__ar_saturating
ar_encoding__electronics__ar_saturating__c,LSTM,12,36.0,0.0870768044676099,0.3075330799205332,0.7541766336136181,ar_encoding__electronics__ar_saturating
ar_encoding__electronics__ar_saturating__c,LSTM,16,43.0,0.0870970115065574,0.2815395845124628,1.112050870577379,ar_encoding__electronics__ar_saturating
ar_encoding__electronics__ar_saturating__c,LSTM,15,21.0,0.086759015917778,0.2933292733591443,0.6269223176913133,ar_encoding__electronics__ar_saturating
ar_encoding__electronics__ar_saturating__c,LSTM,20,18.0,0.0883852128799145,0.30727015459673945,0.8102276961565622,ar_encoding__electronics__ar_saturating
ar_encoding__electronics__ar_saturating__c,LSTM,8,28.0,0.0851763915270567,0.30531430647575153,0.7121627234445004,ar_encoding__electronics__ar_saturating
ar_encoding__electronics__ar_saturating__c,LSTM,6,28.0,0.0851091314107179,0.3017317387280574,0.6565226754537185,ar_encoding__electronics__ar_saturating
ar_encoding__electronics__ar_saturating__c,LSTM,9,17.0,0.0883655699972923,0.31580125153539296,1.0058302843731164,ar_encoding__electronics__ar_saturating
ar_encoding__electronics__ar_saturating__c,LSTM,13,17.0,0.087761997112206,0.30700633586639237,0.5880412229906752,ar_encoding__electronics__ar_saturating
ar_encoding__electronics__ar_saturating__d,LSTM,19,38.0,0.0859201215207576,0.318946227121797,0.4779651293393208,ar_encoding__electronics__ar_saturating
ar_encoding__electronics__ar_saturating__d,LSTM,7,15.0,0.08836946865687,0.32497941148778364,0.8500888513764154,ar_encoding__electronics__ar_saturating
ar_encoding__electronics__ar_saturating__d,LSTM,4,23.0,0.085302710533142,0.3038707703221516,0.7933119525180571,ar_encoding__electronics__ar_saturating
ar_encoding__electronics__ar_saturating__d,LSTM,17,16.0,0.0885535702109336,0.29515274905178146,0.8565445893865546,ar_encoding__electronics__ar_saturating
ar_encoding__electronics__ar_saturating__d,LSTM,18,9.0,0.0883736666291952,0.18219701391149498,0.2674235100189611,ar_encoding__electronics__ar_saturating
ar_encoding__electronics__ar_saturating__d,LSTM,11,29.0,0.0865924869264875,0.29506856062878045,1.8882622949733434,ar_encoding__electronics__ar_saturating
ar_encoding__electronics__ar_saturating__d,LSTM,2,14.0,0.0876192397304943,0.3098474795391548,0.5879566494098778,ar_encoding__electronics__ar_saturating
ar_encoding__electronics__ar_saturating__d,LSTM,1,31.0,0.0871578497546059,0.28381224275938666,0.6748219633426868,ar_encoding__electronics__ar_saturating
ar_encoding__electronics__ar_saturating__d,LSTM,3,39.0,0.0852735005319118,0.28108499009958593,0.5197656964744085,ar_encoding__electronics__ar_saturating
ar_encoding__electronics__ar_saturating__d,LSTM,5,9.0,0.088546159175726,0.3083726208840369,1.0418506099710667,ar_encoding__electronics__ar_saturating
ar_encoding__electronics__ar_saturating__d,LSTM,14,19.0,0.0872095578483172,0.3104950170383262,0.9449456100648662,ar_encoding__electronics__ar_saturating
ar_encoding__electronics__ar_saturating__d,LSTM,10,19.0,0.0874491195593561,0.2852666525101925,0.9682309991180812,ar_encoding__electronics__ar_saturating
ar_encoding__electronics__ar_saturating__d,LSTM,12,42.0,0.0852871779352426,0.27604944818188754,0.4649371000056502,ar_encoding__electronics__ar_saturating
ar_encoding__electronics__ar_saturating__d,LSTM,16,22.0,0.088351681541938,0.28795586962804015,0.909449993990721,ar_encoding__electronics__ar_saturating
ar_encoding__electronics__ar_saturating__d,LSTM,15,20.0,0.0874741460595812,0.28516777416343086,0.650242876221533,ar_encoding__electronics__ar_saturating
ar_encoding__electronics__ar_saturating__d,LSTM,20,21.0,0.086958888385977,0.3142163200243075,0.9655968635916643,ar_encoding__electronics__ar_saturating
ar_encoding__electronics__ar_saturating__d,LSTM,8,13.0,0.088153281382152,0.30017005241051786,0.3770912486139996,ar_encoding__electronics__ar_saturating
ar_encoding__electronics__ar_saturating__d,LSTM,6,32.0,0.087196939757892,0.29548344002750293,0.7824824532033613,ar_encoding__electronics__ar_saturating
ar_encoding__electronics__ar_saturating__d,LSTM,9,29.0,0.0857370886951685,0.273383158270784,0.534559043853058,ar_encoding__electronics__ar_saturating
ar_encoding__electronics__ar_saturating__d,LSTM,13,20.0,0.0874898444328989,0.2922502045200863,0.617035697266428,ar_encoding__electronics__ar_saturating
ar_encoding__electronics__ar_saturating__e,LSTM,19,35.0,0.08549614995718,0.28452823317468606,0.7511604997360998,ar_encoding__electronics__ar_saturating
ar_encoding__electronics__ar_saturating__e,LSTM,7,31.0,0.0857804883271455,0.28013558974879615,0.6840437025120594,ar_encoding__electronics__ar_saturating
ar_encoding__electronics__ar_saturating__e,LSTM,4,36.0,0.0872264536363738,0.29344010644659657,0.8148238242791817,ar_encoding__electronics__ar_saturating
ar_encoding__electronics__ar_saturating__e,LSTM,17,26.0,0.0870410501956939,0.27236199350477613,1.0285638942605562,ar_encoding__electronics__ar_saturating
ar_encoding__electronics__ar_saturating__e,LSTM,18,24.0,0.0874081403017044,0.33477051870111485,0.7503973320412591,ar_encoding__electronics__ar_saturating
ar_encoding__electronics__ar_saturating__e,LSTM,11,26.0,0.088499822295629,0.32118733303611513,1.012198421931301,ar_encoding__electronics__ar_saturating
ar_encoding__electronics__ar_saturating__e,LSTM,2,37.0,0.0865752132875578,0.29617791817734923,1.131114062402626,ar_encoding__electronics__ar_saturating
ar_encoding__electronics__ar_saturating__e,LSTM,1,24.0,0.0854783970862627,0.2718886700944161,0.4607937134868051,ar_encoding__electronics__ar_saturating
ar_encoding__electronics__ar_saturating__e,LSTM,3,31.0,0.0869264602661132,0.28745367617635725,0.9175274691766592,ar_encoding__electronics__ar_saturating
ar_encoding__electronics__ar_saturating__e,LSTM,5,15.0,0.0887773925295243,0.3142169866812839,0.6229945842764416,ar_encoding__electronics__ar_saturating
ar_encoding__electronics__ar_saturating__e,LSTM,14,19.0,0.08756870669978,0.2982095683901926,0.9598093906869705,ar_encoding__electronics__ar_saturating
ar_encoding__electronics__ar_saturating__e,LSTM,10,23.0,0.0871721995728356,0.31847930091949195,0.7098051804815926,ar_encoding__electronics__ar_saturating
ar_encoding__electronics__ar_saturating__e,LSTM,12,35.0,0.0852630920708179,0.3038897865932571,0.6356385276183844,ar_encoding__electronics__ar_saturating
ar_encoding__electronics__ar_saturating__e,LSTM,16,25.0,0.0848744362592697,0.2987816669003978,0.5840604553026232,ar_encoding__electronics__ar_saturating
ar_encoding__electronics__ar_saturating__e,LSTM,15,30.0,0.0857023820281028,0.3048990857688748,0.39156885495930466,ar_encoding__electronics__ar_saturating
ar_encoding__electronics__ar_saturating__e,LSTM,20,30.0,0.0868340453931263,0.3261860008454897,1.1107698260582841,ar_encoding__electronics__ar_saturating
ar_encoding__electronics__ar_saturating__e,LSTM,8,28.0,0.0856188051402568,0.28258609108877814,0.4725551614363808,ar_encoding__electronics__ar_saturating
ar_encoding__electronics__ar_saturating__e,LSTM,6,26.0,0.0881228919785756,0.3042848671864373,0.9105346907897345,ar_encoding__electronics__ar_saturating
ar_encoding__electronics__ar_saturating__e,LSTM,9,23.0,0.0869275267635073,0.31756879301542584,1.3268751558007166,ar_encoding__electronics__ar_saturating
ar_encoding__electronics__ar_saturating__e,LSTM,13,34.0,0.0871115209800856,0.3062255915557188,0.6967661797051917,ar_encoding__electronics__ar_saturating
ar_encoding__electronics__ar_unbounded__a,LSTM,19,6.0,0.0898586269468069,0.2013856999102623,11.950824552745075,ar_encoding__electronics__ar_unbounded
ar_encoding__electronics__ar_unbounded__a,LSTM,7,7.0,0.0896343495696783,0.24914633464128058,11.416523767834445,ar_encoding__electronics__ar_unbounded
ar_encoding__electronics__ar_unbounded__a,LSTM,4,3.0,0.089743522927165,0.2649238056855311,13.705247247372618,ar_encoding__electronics__ar_unbounded
ar_encoding__electronics__ar_unbounded__a,LSTM,17,4.0,0.0884311702102422,0.19809945402963094,8.8301434024395,ar_encoding__electronics__ar_unbounded
ar_encoding__electronics__ar_unbounded__a,LSTM,18,7.0,0.0901848208159208,0.2712180408689732,4.756375350358971,ar_encoding__electronics__ar_unbounded
ar_encoding__electronics__ar_unbounded__a,LSTM,11,7.0,0.0883878450840711,0.2812277168128321,11.51409618869716,ar_encoding__electronics__ar_unbounded
ar_encoding__electronics__ar_unbounded__a,LSTM,2,4.0,0.0896476078778505,0.2269396661296848,7.208479394173366,ar_encoding__electronics__ar_unbounded
ar_encoding__electronics__ar_unbounded__a,LSTM,1,5.0,0.0893887874598686,0.2998912636580829,3.627538572360903,ar_encoding__electronics__ar_unbounded
ar_encoding__electronics__ar_unbounded__a,LSTM,3,8.0,0.0899419002234935,0.24523549512812795,11.22230117127979,ar_encoding__electronics__ar_unbounded
ar_encoding__electronics__ar_unbounded__a,LSTM,5,3.0,0.0899827796965837,0.08055591829244692,9.989906040810357,ar_encoding__electronics__ar_unbounded
ar_encoding__electronics__ar_unbounded__a,LSTM,14,3.0,0.0886244438588619,0.2622794006389229,2.8066101329802127,ar_encoding__electronics__ar_unbounded
ar_encoding__electronics__ar_unbounded__a,LSTM,10,16.0,0.0899817773274013,0.30358283401482566,3.1928724876407473,ar_encoding__electronics__ar_unbounded
ar_encoding__electronics__ar_unbounded__a,LSTM,12,3.0,0.0901619589754513,0.25458254363519717,13.683628463497664,ar_encoding__electronics__ar_unbounded
ar_encoding__electronics__ar_unbounded__a,LSTM,16,5.0,0.0898091718554496,0.23475532368599536,8.624500175262767,ar_encoding__electronics__ar_unbounded
ar_encoding__electronics__ar_unbounded__a,LSTM,15,6.0,0.0909468326717615,0.24473893233099822,11.194271526397582,ar_encoding__electronics__ar_unbounded
ar_encoding__electronics__ar_unbounded__a,LSTM,20,6.0,0.0887491442263126,0.2191600095980616,5.669908350975079,ar_encoding__electronics__ar_unbounded
ar_encoding__electronics__ar_unbounded__a,LSTM,8,16.0,0.0882837399840354,0.31076481706382303,2.6718295846761837,ar_encoding__electronics__ar_unbounded
ar_encoding__electronics__ar_unbounded__a,LSTM,6,5.0,0.0892959237098693,0.19812614681102939,20.310813692642927,ar_encoding__electronics__ar_unbounded
ar_encoding__electronics__ar_unbounded__a,LSTM,9,4.0,0.0890715159475803,0.2477419755049295,8.474542836226703,ar_encoding__electronics__ar_unbounded
ar_encoding__electronics__ar_unbounded__a,LSTM,13,4.0,0.0887886546552181,0.2805914628572039,5.119433669674475,ar_encoding__electronics__ar_unbounded
ar_encoding__electronics__ar_unbounded__b,LSTM,19,7.0,0.0899750180542469,0.2556920162051103,6.324837094300717,ar_encoding__electronics__ar_unbounded
ar_encoding__electronics__ar_unbounded__b,LSTM,7,9.0,0.0881065987050533,0.18639230008293198,13.518387704776611,ar_encoding__electronics__ar_unbounded
ar_encoding__electronics__ar_unbounded__b,LSTM,4,3.0,0.0895876754075288,0.29270524910770235,7.565756963415755,ar_encoding__electronics__ar_unbounded
ar_encoding__electronics__ar_unbounded__b,LSTM,17,7.0,0.0894023682922124,0.24183716022253302,11.232164609845508,ar_encoding__electronics__ar_unbounded
ar_encoding__electronics__ar_unbounded__b,LSTM,18,6.0,0.0887113213539123,0.23394357700983967,8.964515452493659,ar_encoding__electronics__ar_unbounded
ar_encoding__electronics__ar_unbounded__b,LSTM,11,16.0,0.0893181573067392,0.2572478961717985,2.3333138845708725,ar_encoding__electronics__ar_unbounded
ar_encoding__electronics__ar_unbounded__b,LSTM,2,5.0,0.0901676639914512,0.13988897360155217,2.000498037704985,ar_encoding__electronics__ar_unbounded
ar_encoding__electronics__ar_unbounded__b,LSTM,1,13.0,0.0879156775772571,0.19957427819925525,11.11251366397606,ar_encoding__electronics__ar_unbounded
ar_encoding__electronics__ar_unbounded__b,LSTM,3,5.0,0.0896169133484363,0.21054460201390665,7.790271823747354,ar_encoding__electronics__ar_unbounded
ar_encoding__electronics__ar_unbounded__b,LSTM,5,4.0,0.0894670076668262,0.21116561302693232,16.273536222483035,ar_encoding__electronics__ar_unbounded
ar_encoding__electronics__ar_unbounded__b,LSTM,14,7.0,0.0881056636571884,0.18080549543510482,10.22791051625974,ar_encoding__electronics__ar_unbounded
ar_encoding__electronics__ar_unbounded__b,LSTM,10,6.0,0.0889349561184644,0.21161319311954155,21.23148099674579,ar_encoding__electronics__ar_unbounded
ar_encoding__electronics__ar_unbounded__b,LSTM,12,7.0,0.0889017842710018,-0.012053480107641174,12.020197491600495,ar_encoding__electronics__ar_unbounded
ar_encoding__electronics__ar_unbounded__b,LSTM,16,5.0,0.0900235455483198,0.2554218704509188,4.709790336073743,ar_encoding__electronics__ar_unbounded
ar_encoding__electronics__ar_unbounded__b,LSTM,15,3.0,0.0901740919798612,0.20346326923338884,1.0509459944564952,ar_encoding__electronics__ar_unbounded
ar_encoding__electronics__ar_unbounded__b,LSTM,20,4.0,0.0891070272773504,0.07739419909203626,10.42702918650007,ar_encoding__electronics__ar_unbounded
ar_encoding__electronics__ar_unbounded__b,LSTM,8,10.0,0.0896139729481477,0.30614873250062297,3.3800840810135027,ar_encoding__electronics__ar_unbounded
ar_encoding__electronics__ar_unbounded__b,LSTM,6,7.0,0.0895411688834428,0.27304034331121013,7.6145955873575595,ar_encoding__electronics__ar_unbounded
ar_encoding__electronics__ar_unbounded__b,LSTM,9,7.0,0.0893861018121242,0.2488956577414525,8.970762012322016,ar_encoding__electronics__ar_unbounded
ar_encoding__electronics__ar_unbounded__b,LSTM,13,2.0,0.0899438224732875,0.24056890613995416,10.525861383774542,ar_encoding__electronics__ar_unbounded
ar_encoding__electronics__no_ar__a,LSTM,19,12.0,0.0890516769140958,-0.00815076073775052,0.16386455222635757,ar_encoding__electronics__no_ar
ar_encoding__electronics__no_ar__a,LSTM,7,8.0,0.0888982284814119,0.03487294203475566,0.14003572489412092,ar_encoding__electronics__no_ar
ar_encoding__electronics__no_ar__a,LSTM,4,8.0,0.0891817323863506,0.030945419689945616,0.13665287276486926,ar_encoding__electronics__no_ar
ar_encoding__electronics__no_ar__a,LSTM,17,20.0,0.0885470615556607,0.3197006030113085,0.9425852802411033,ar_encoding__electronics__no_ar
ar_encoding__electronics__no_ar__a,LSTM,18,10.0,0.0888614747673273,0.06337386065714798,0.18787539748212456,ar_encoding__electronics__no_ar
ar_encoding__electronics__no_ar__a,LSTM,11,8.0,0.0890349075198173,0.029471302883895774,0.14626973142633287,ar_encoding__electronics__no_ar
ar_encoding__electronics__no_ar__a,LSTM,2,6.0,0.0896846987307071,-0.038626648074422947,0.14768824970780667,ar_encoding__electronics__no_ar
ar_encoding__electronics__no_ar__a,LSTM,1,26.0,0.0911219407405172,0.04691189931169816,0.14874694817380651,ar_encoding__electronics__no_ar
ar_encoding__electronics__no_ar__a,LSTM,3,9.0,0.0887548364698886,0.09033250649621026,0.16467024893905052,ar_encoding__electronics__no_ar
ar_encoding__electronics__no_ar__a,LSTM,5,11.0,0.089205952361226,-0.011792248461266136,0.15728959350298408,ar_encoding__electronics__no_ar
ar_encoding__electronics__no_ar__a,LSTM,14,7.0,0.089022446423769,0.10357934204784729,0.16424456397153872,ar_encoding__electronics__no_ar
ar_encoding__electronics__no_ar__a,LSTM,10,11.0,0.0887825451791286,0.07041829756434705,0.1624588015237839,ar_encoding__electronics__no_ar
ar_encoding__electronics__no_ar__a,LSTM,12,10.0,0.0890769977122545,0.051067787038612755,0.1436031682633899,ar_encoding__electronics__no_ar
ar_encoding__electronics__no_ar__a,LSTM,16,97.0,0.0902611669152975,-0.03075395293361812,0.12167424721251117,ar_encoding__electronics__no_ar
ar_encoding__electronics__no_ar__a,LSTM,15,18.0,0.0892784371972084,0.02938909980988627,0.13186521651395547,ar_encoding__electronics__no_ar
ar_encoding__electronics__no_ar__a,LSTM,20,5.0,0.0893215164542198,0.01970198836686355,0.13763184193589167,ar_encoding__electronics__no_ar
ar_encoding__electronics__no_ar__a,LSTM,8,7.0,0.0910114688532693,0.09667718853084192,0.16896559937385366,ar_encoding__electronics__no_ar
ar_encoding__electronics__no_ar__a,LSTM,6,11.0,0.089009091258049,0.03660382995626276,0.1538253112447705,ar_encoding__electronics__no_ar
ar_encoding__electronics__no_ar__a,LSTM,9,8.0,0.0892543736845254,0.02012562222864933,0.14400301210641744,ar_encoding__electronics__no_ar
ar_encoding__electronics__no_ar__a,LSTM,13,2.0,0.089881669729948,0.002503896802105987,0.15340743319275724,ar_encoding__electronics__no_ar
ar_encoding__electronics__no_ar__b,LSTM,19,5.0,0.0891768839210271,-0.019771144428728762,0.13246259193254542,ar_encoding__electronics__no_ar
ar_encoding__electronics__no_ar__b,LSTM,7,11.0,0.0891677942126989,0.053390144117386164,0.14390276856827106,ar_encoding__electronics__no_ar
ar_encoding__electronics__no_ar__b,LSTM,4,7.0,0.0887968204915523,0.02459245495068958,0.1516308049663065,ar_encoding__electronics__no_ar
ar_encoding__electronics__no_ar__b,LSTM,17,7.0,0.0891995094716548,0.03638870443503128,0.15846886534157362,ar_encoding__electronics__no_ar
ar_encoding__electronics__no_ar__b,LSTM,18,10.0,0.089180463925004,0.021149270606205264,0.15191930992455027,ar_encoding__electronics__no_ar
ar_encoding__electronics__no_ar__b,LSTM,11,30.0,0.0879386035459382,0.2536657249666575,0.37318093534066654,ar_encoding__electronics__no_ar
ar_encoding__electronics__no_ar__b,LSTM,2,8.0,0.0891280453652143,0.0594994534103275,0.16194499957996888,ar_encoding__electronics__no_ar
ar_encoding__electronics__no_ar__b,LSTM,1,7.0,0.0893720351159572,0.07198323461245457,0.14183612530150344,ar_encoding__electronics__no_ar
ar_encoding__electronics__no_ar__b,LSTM,3,8.0,0.0893189143389463,0.06295906551853879,0.1375373573144463,ar_encoding__electronics__no_ar
ar_encoding__electronics__no_ar__b,LSTM,5,5.0,0.0892761535942554,0.0810536159871526,0.1551885757815976,ar_encoding__electronics__no_ar
ar_encoding__electronics__no_ar__b,LSTM,14,4.0,0.0900568086653947,0.008724000415975592,0.1482974363491773,ar_encoding__electronics__no_ar
ar_encoding__electronics__no_ar__b,LSTM,10,7.0,0.0893347412347793,0.03597880999568504,0.15482774258387338,ar_encoding__electronics__no_ar
ar_encoding__electronics__no_ar__b,LSTM,12,4.0,0.0895095914602279,-0.04429748672727563,0.14080675534503234,ar_encoding__electronics__no_ar
ar_encoding__electronics__no_ar__b,LSTM,16,7.0,0.0889525227248668,0.030247063718494446,0.13593588182958707,ar_encoding__electronics__no_ar
ar_encoding__electronics__no_ar__b,LSTM,15,30.0,0.0888698814580073,0.2864323666463456,0.47303724429563887,ar_encoding__electronics__no_ar
ar_encoding__electronics__no_ar__b,LSTM,20,11.0,0.0892631150782108,0.08015112501730093,0.19174876302782687,ar_encoding__electronics__no_ar
ar_encoding__electronics__no_ar__b,LSTM,8,8.0,0.0880723632872104,0.06163087456599357,0.14880001025638348,ar_encoding__electronics__no_ar
ar_encoding__electronics__no_ar__b,LSTM,6,9.0,0.0890692770481109,0.009936807152015907,0.16893835420801906,ar_encoding__electronics__no_ar
ar_encoding__electronics__no_ar__b,LSTM,9,7.0,0.0890059079974889,0.061989961417677056,0.14773002393551507,ar_encoding__electronics__no_ar
ar_encoding__electronics__no_ar__b,LSTM,13,8.0,0.0891848113387823,-0.02048394624058869,0.13551222279244252,ar_encoding__electronics__no_ar
ar_encoding__electronics__no_ar__c,LSTM,19,7.0,0.0900784395635128,0.024638885611229393,0.14168866527872945,ar_encoding__electronics__no_ar
ar_encoding__electronics__no_ar__c,LSTM,7,6.0,0.0890210699290037,-0.03522413498633032,0.13613676634332472,ar_encoding__electronics__no_ar
ar_encoding__electronics__no_ar__c,LSTM,4,8.0,0.0893525537103414,0.04050793186782413,0.16740323054975617,ar_encoding__electronics__no_ar
ar_encoding__electronics__no_ar__c,LSTM,17,11.0,0.0890885628759861,-0.007604504685786785,0.1763880638132592,ar_encoding__electronics__no_ar
ar_encoding__electronics__no_ar__c,LSTM,18,6.0,0.0889789573848247,-0.029118895315678604,0.136372963253954,ar_encoding__electronics__no_ar
ar_encoding__electronics__no_ar__c,LSTM,11,7.0,0.0890622641891241,0.050889620392623604,0.16721325833317252,ar_encoding__electronics__no_ar
ar_encoding__electronics__no_ar__c,LSTM,2,13.0,0.0890413261950016,0.058934963147716624,0.1637786035326397,ar_encoding__electronics__no_ar
ar_encoding__electronics__no_ar__c,LSTM,1,11.0,0.0892240777611732,0.10257560812908292,0.1531449033812415,ar_encoding__electronics__no_ar
ar_encoding__electronics__no_ar__c,LSTM,3,8.0,0.0888322293758392,0.06982372686810333,0.16557285768083718,ar_encoding__electronics__no_ar
ar_encoding__electronics__no_ar__c,LSTM,5,3.0,0.0918194257787295,0.013202706408128463,0.15312944410013613,ar_encoding__electronics__no_ar
ar_encoding__electronics__no_ar__c,LSTM,14,6.0,0.0890891030430793,-0.0004471007293479517,0.13730333016254018,ar_encoding__electronics__no_ar
ar_encoding__electronics__no_ar__c,LSTM,10,7.0,0.08905122987926,0.062266099502465234,0.16577950791567322,ar_encoding__electronics__no_ar
ar_encoding__electronics__no_ar__c,LSTM,12,2.0,0.0916469927345003,0.08982017738530115,0.14804329684365664,ar_encoding__electronics__no_ar
ar_encoding__electronics__no_ar__c,LSTM,16,11.0,0.0890269428491592,0.025511844890630322,0.18413585603274954,ar_encoding__electronics__no_ar
ar_encoding__electronics__no_ar__c,LSTM,15,11.0,0.0887982174754142,0.059980772483780226,0.1682192175026854,ar_encoding__electronics__no_ar
ar_encoding__electronics__no_ar__c,LSTM,20,23.0,0.0884466879069805,0.2806727679621781,0.8652567332902257,ar_encoding__electronics__no_ar
ar_encoding__electronics__no_ar__c,LSTM,8,75.0,0.0898100230842828,0.06389673767761543,0.12514596070030257,ar_encoding__electronics__no_ar
ar_encoding__electronics__no_ar__c,LSTM,6,13.0,0.0893227215856313,0.0700992754988402,0.1470890919996737,ar_encoding__electronics__no_ar
ar_encoding__electronics__no_ar__c,LSTM,9,18.0,0.0904496051371097,0.029291698733649566,0.15177839024075557,ar_encoding__electronics__no_ar
ar_encoding__electronics__no_ar__c,LSTM,13,13.0,0.0888701472431421,0.06451943072172925,0.1645864645593764,ar_encoding__electronics__no_ar
ar_encoding__electronics__no_ar__d,LSTM,19,80.0,0.0900886580348014,0.07102344863496854,0.13828310649054176,ar_encoding__electronics__no_ar
ar_encoding__electronics__no_ar__d,LSTM,7,7.0,0.0889831278473138,0.0971642409467004,0.13773460550314795,ar_encoding__electronics__no_ar
ar_encoding__electronics__no_ar__d,LSTM,4,13.0,0.0890484917908907,0.08010075489002767,0.1744742468355751,ar_encoding__electronics__no_ar
ar_encoding__electronics__no_ar__d,LSTM,17,11.0,0.0892396792769432,0.0067572788233652035,0.14773208733057555,ar_encoding__electronics__no_ar
ar_encoding__electronics__no_ar__d,LSTM,18,9.0,0.0882916208356618,0.032340145491449444,0.16292208128975927,ar_encoding__electronics__no_ar
ar_encoding__electronics__no_ar__d,LSTM,11,22.0,0.0890810973942279,-0.025009741142758814,0.1438868740704303,ar_encoding__electronics__no_ar
ar_encoding__electronics__no_ar__d,LSTM,2,9.0,0.0891547854989767,0.030113115214471842,0.14969890393026333,ar_encoding__electronics__no_ar
ar_encoding__electronics__no_ar__d,LSTM,1,7.0,0.0913778415748051,0.0004233707689945455,0.1810054425246581,ar_encoding__electronics__no_ar
ar_encoding__electronics__no_ar__d,LSTM,3,8.0,0.0889454092830419,-0.012611347668556507,0.12979664914929684,ar_encoding__electronics__no_ar
ar_encoding__electronics__no_ar__d,LSTM,5,9.0,0.0891578942537307,0.0003566134305851492,0.16055410807993933,ar_encoding__electronics__no_ar
ar_encoding__electronics__no_ar__d,LSTM,14,10.0,0.0881886333227157,0.0915209171417891,0.1957213130862516,ar_encoding__electronics__no_ar
ar_encoding__electronics__no_ar__d,LSTM,10,8.0,0.0889757331460714,-0.032886792268068496,0.16142397612812442,ar_encoding__electronics__no_ar
ar_encoding__electronics__no_ar__d,LSTM,12,7.0,0.0890632662922144,-0.01863999058543286,0.14782955770562517,ar_encoding__electronics__no_ar
ar_encoding__electronics__no_ar__d,LSTM,16,9.0,0.08894769474864,-0.0577000521382161,0.1395397013274032,ar_encoding__electronics__no_ar
ar_encoding__electronics__no_ar__d,LSTM,15,13.0,0.0895342212170362,-0.00890748118531084,0.1334029516519578,ar_encoding__electronics__no_ar
ar_encoding__electronics__no_ar__d,LSTM,20,6.0,0.0911646336317062,0.05984359345109456,0.18321131589117753,ar_encoding__electronics__no_ar
ar_encoding__electronics__no_ar__d,LSTM,8,6.0,0.0913882628083229,0.03572609535814799,0.16754184568140298,ar_encoding__electronics__no_ar
ar_encoding__electronics__no_ar__d,LSTM,6,7.0,0.0893083531409502,0.0032836717412067363,0.13554874268178385,ar_encoding__electronics__no_ar
ar_encoding__electronics__no_ar__d,LSTM,9,6.0,0.0892796535044908,-0.025932373730145657,0.14260821133672497,ar_encoding__electronics__no_ar
ar_encoding__electronics__no_ar__d,LSTM,13,41.0,0.0894968099892139,0.05266166953977656,0.14143745921266174,ar_encoding__electronics__no_ar
ar_encoding__electronics__no_ar__e,LSTM,19,10.0,0.0892805252224206,0.010698013816228048,0.15153162129167436,ar_encoding__electronics__no_ar
ar_encoding__electronics__no_ar__e,LSTM,7,4.0,0.0897154323756694,-0.0374201289337689,0.13378999246639997,ar_encoding__electronics__no_ar
ar_encoding__electronics__no_ar__e,LSTM,4,14.0,0.0889761690050363,0.07438957323447391,0.1645237410029799,ar_encoding__electronics__no_ar
ar_encoding__electronics__no_ar__e,LSTM,17,7.0,0.0891889557242393,-0.09249432446887673,0.14064845895301198,ar_encoding__electronics__no_ar
ar_encoding__electronics__no_ar__e,LSTM,18,10.0,0.0890826638787984,0.04473818080576615,0.16487606686813852,ar_encoding__electronics__no_ar
ar_encoding__electronics__no_ar__e,LSTM,11,8.0,0.0892042852938175,-0.024871692746075993,0.15478227090703417,ar_encoding__electronics__no_ar
ar_encoding__electronics__no_ar__e,LSTM,2,7.0,0.0892580486834049,-0.042574255768792334,0.1479026552267339,ar_encoding__electronics__no_ar
ar_encoding__electronics__no_ar__e,LSTM,1,14.0,0.0890235304832458,0.01743415912767523,0.16716481917888326,ar_encoding__electronics__no_ar
ar_encoding__electronics__no_ar__e,LSTM,3,6.0,0.0891342051327228,-0.03936675730547771,0.1367476838527295,ar_encoding__electronics__no_ar
ar_encoding__electronics__no_ar__e,LSTM,5,7.0,0.0890151746571064,0.05930231715230044,0.1388110361915486,ar_encoding__electronics__no_ar
ar_encoding__electronics__no_ar__e,LSTM,14,13.0,0.0893636904656887,0.06107067177758498,0.15934260072903822,ar_encoding__electronics__no_ar
ar_encoding__electronics__no_ar__e,LSTM,10,10.0,0.0889938063919544,0.05232510475854458,0.169933650414854,ar_encoding__electronics__no_ar
ar_encoding__electronics__no_ar__e,LSTM,12,14.0,0.0892952512949705,0.09586277640725832,0.16356376130721542,ar_encoding__electronics__no_ar
ar_encoding__electronics__no_ar__e,LSTM,16,11.0,0.0890658237040042,0.016850785008325438,0.1793981518996669,ar_encoding__electronics__no_ar
ar_encoding__electronics__no_ar__e,LSTM,15,9.0,0.0891049858182668,0.037633321541751884,0.17494617813907987,ar_encoding__electronics__no_ar
ar_encoding__electronics__no_ar__e,LSTM,20,7.0,0.0892878305166959,0.06500935717152455,0.1510233496725361,ar_encoding__electronics__no_ar
ar_encoding__electronics__no_ar__e,LSTM,8,11.0,0.0890534725040197,0.06995252897335404,0.1541313753572559,ar_encoding__electronics__no_ar
ar_encoding__electronics__no_ar__e,LSTM,6,24.0,0.0886351782828569,0.09020470882455338,0.14940306060626135,ar_encoding__electronics__no_ar
ar_encoding__electronics__no_ar__e,LSTM,9,6.0,0.0897622294723987,0.08387520319444837,0.1826222763188679,ar_encoding__electronics__no_ar
ar_encoding__electronics__no_ar__e,LSTM,13,10.0,0.0898145101964473,0.044912431682333345,0.1550586835297687,ar_encoding__electronics__no_ar
cluster__electronics__ar_plus_cluster_8__a,LSTM,19,4.0,0.0875598322600126,0.2927976459723136,6.698743842840041,cluster__electronics__ar_plus_cluster_8
cluster__electronics__ar_plus_cluster_8__a,LSTM,7,7.0,0.0849607942196039,0.2729705139478641,5.65990191065473,cluster__electronics__ar_plus_cluster_8
cluster__electronics__ar_plus_cluster_8__a,LSTM,4,8.0,0.0823645517230033,0.32849662808944086,2.7626086370049956,cluster__electronics__ar_plus_cluster_8
cluster__electronics__ar_plus_cluster_8__a,LSTM,17,13.0,0.0807475692459515,0.3203087623204837,3.74274077181354,cluster__electronics__ar_plus_cluster_8
cluster__electronics__ar_plus_cluster_8__a,LSTM,18,9.0,0.0845818018110898,0.301884166397684,1.823903360209294,cluster__electronics__ar_plus_cluster_8
cluster__electronics__ar_plus_cluster_8__a,LSTM,11,14.0,0.0842785964218469,0.32800081492723926,3.041008197145673,cluster__electronics__ar_plus_cluster_8
cluster__electronics__ar_plus_cluster_8__a,LSTM,2,6.0,0.0868038367480039,0.25999927168003284,15.940212844736156,cluster__electronics__ar_plus_cluster_8
cluster__electronics__ar_plus_cluster_8__a,LSTM,1,19.0,0.0846543928178457,0.2967554399145447,5.869788291262599,cluster__electronics__ar_plus_cluster_8
cluster__electronics__ar_plus_cluster_8__a,LSTM,3,10.0,0.0847483111115602,0.21169513986868227,1.7416806660313313,cluster__electronics__ar_plus_cluster_8
cluster__electronics__ar_plus_cluster_8__a,LSTM,5,4.0,0.0888273231685161,0.24102024508275888,1.3033927511415033,cluster__electronics__ar_plus_cluster_8
cluster__electronics__ar_plus_cluster_8__a,LSTM,14,16.0,0.0844350689305709,0.30209055558357906,3.0422616658053325,cluster__electronics__ar_plus_cluster_8
cluster__electronics__ar_plus_cluster_8__a,LSTM,10,12.0,0.0828095820660774,0.27164205527394886,3.4928216898470836,cluster__electronics__ar_plus_cluster_8
cluster__electronics__ar_plus_cluster_8__a,LSTM,12,14.0,0.0852718422046074,0.306919935778113,9.657278117015274,cluster__electronics__ar_plus_cluster_8
cluster__electronics__ar_plus_cluster_8__a,LSTM,16,12.0,0.0835627115198544,0.2901847084866877,4.983714399090822,cluster__electronics__ar_plus_cluster_8
cluster__electronics__ar_plus_cluster_8__a,LSTM,15,20.0,0.0853823072143963,0.28733368242366547,5.887226312281937,cluster__electronics__ar_plus_cluster_8
cluster__electronics__ar_plus_cluster_8__a,LSTM,20,6.0,0.087271885946393,0.29219352042703595,12.525937232116561,cluster__electronics__ar_plus_cluster_8
cluster__electronics__ar_plus_cluster_8__a,LSTM,8,18.0,0.0822651982307434,0.27196028973923714,4.380335389691202,cluster__electronics__ar_plus_cluster_8
cluster__electronics__ar_plus_cluster_8__a,LSTM,6,12.0,0.0851150804332324,0.3171338969365073,3.0732489987166614,cluster__electronics__ar_plus_cluster_8
cluster__electronics__ar_plus_cluster_8__a,LSTM,9,9.0,0.0832326019612642,0.28672627398067074,2.8468679827702115,cluster__electronics__ar_plus_cluster_8
cluster__electronics__ar_plus_cluster_8__a,LSTM,13,12.0,0.0845924836511795,0.22164723586324636,3.6783811402308952,cluster__electronics__ar_plus_cluster_8
cluster__electronics__ar_plus_cluster_8__b,LSTM,19,7.0,0.0868480298668146,0.2748871020658337,11.95135893007259,cluster__electronics__ar_plus_cluster_8
cluster__electronics__ar_plus_cluster_8__b,LSTM,7,34.0,0.0828713746025012,0.29549400039193163,2.9307451264517312,cluster__electronics__ar_plus_cluster_8
cluster__electronics__ar_plus_cluster_8__b,LSTM,4,9.0,0.0839863499769797,0.03425713853754267,10.23059360925618,cluster__electronics__ar_plus_cluster_8
cluster__electronics__ar_plus_cluster_8__b,LSTM,17,9.0,0.0840441959981734,0.32343410953134766,3.4457291495570037,cluster__electronics__ar_plus_cluster_8
cluster__electronics__ar_plus_cluster_8__b,LSTM,18,7.0,0.0898645743727684,0.27173116056415225,3.26341396627599,cluster__electronics__ar_plus_cluster_8
cluster__electronics__ar_plus_cluster_8__b,LSTM,11,35.0,0.0842751171439886,0.2583851976520156,12.683224926675901,cluster__electronics__ar_plus_cluster_8
cluster__electronics__ar_plus_cluster_8__b,LSTM,2,4.0,0.088426062837243,0.3238460603628691,7.312408684547602,cluster__electronics__ar_plus_cluster_8
cluster__electronics__ar_plus_cluster_8__b,LSTM,1,11.0,0.0866711644025949,0.30746508202479034,4.215768010482072,cluster__electronics__ar_plus_cluster_8
cluster__electronics__ar_plus_cluster_8__b,LSTM,3,26.0,0.0851179951658615,0.26803968583649435,3.2003629009216463,cluster__electronics__ar_plus_cluster_8
cluster__electronics__ar_plus_cluster_8__b,LSTM,5,14.0,0.0836931197689129,0.3146299074248078,3.877257298824305,cluster__electronics__ar_plus_cluster_8
cluster__electronics__ar_plus_cluster_8__b,LSTM,14,8.0,0.0831180515770728,0.24894214860619987,3.752069791570582,cluster__electronics__ar_plus_cluster_8
cluster__electronics__ar_plus_cluster_8__b,LSTM,10,14.0,0.0829405369503157,0.29976607512085424,7.379968536162332,cluster__electronics__ar_plus_cluster_8
cluster__electronics__ar_plus_cluster_8__b,LSTM,12,16.0,0.0863407042164069,0.20794388214003098,2.2024762064124057,cluster__electronics__ar_plus_cluster_8
cluster__electronics__ar_plus_cluster_8__b,LSTM,16,4.0,0.0881570074707269,0.23985576836997138,6.212908278628805,cluster__electronics__ar_plus_cluster_8
cluster__electronics__ar_plus_cluster_8__b,LSTM,15,19.0,0.081215249640601,0.3249869479740859,3.850573520466533,cluster__electronics__ar_plus_cluster_8
cluster__electronics__ar_plus_cluster_8__b,LSTM,20,5.0,0.0889369845390319,0.2729235150922359,9.19115279957797,cluster__electronics__ar_plus_cluster_8
cluster__electronics__ar_plus_cluster_8__b,LSTM,8,10.0,0.0848749130964279,0.3158707431663445,3.8321390753203475,cluster__electronics__ar_plus_cluster_8
cluster__electronics__ar_plus_cluster_8__b,LSTM,6,3.0,0.0842576641589403,0.2454117979146307,3.0031806759372075,cluster__electronics__ar_plus_cluster_8
cluster__electronics__ar_plus_cluster_8__b,LSTM,9,30.0,0.085773206101014,0.29776800216248706,4.850292216515107,cluster__electronics__ar_plus_cluster_8
cluster__electronics__ar_plus_cluster_8__b,LSTM,13,12.0,0.0834550507939778,0.3162882114859231,2.995607110245052,cluster__electronics__ar_plus_cluster_8
cluster__electronics__ar_unbounded__a,LSTM,19,5.0,0.0893180295825004,0.1983381097190106,12.97197920299749,cluster__electronics__ar_unbounded
cluster__electronics__ar_unbounded__a,LSTM,7,6.0,0.0900917742401361,0.25829239483775157,11.554729925239371,cluster__electronics__ar_unbounded
cluster__electronics__ar_unbounded__a,LSTM,4,12.0,0.0894911696131412,0.3120028649695843,2.450041100107836,cluster__electronics__ar_unbounded
cluster__electronics__ar_unbounded__a,LSTM,17,4.0,0.0884311702102422,0.19273931212244105,8.859704722794607,cluster__electronics__ar_unbounded
cluster__electronics__ar_unbounded__a,LSTM,18,4.0,0.089935952797532,0.25647875210043664,5.446705932446166,cluster__electronics__ar_unbounded
cluster__electronics__ar_unbounded__a,LSTM,11,7.0,0.0883878450840711,0.28739666325498475,11.43541429017033,cluster__electronics__ar_unbounded
cluster__electronics__ar_unbounded__a,LSTM,2,4.0,0.0896476171910762,0.2535139271086162,7.18372716277265,cluster__electronics__ar_unbounded
cluster__electronics__ar_unbounded__a,LSTM,1,9.0,0.0880107379385403,0.3019370530612295,4.161130135697876,cluster__electronics__ar_unbounded
cluster__electronics__ar_unbounded__a,LSTM,3,19.0,0.0892464266373561,0.3209049441308823,3.108032868890411,cluster__electronics__ar_unbounded
cluster__electronics__ar_unbounded__a,LSTM,5,5.0,0.0903294142335653,0.2048165307748141,10.479237387926833,cluster__electronics__ar_unbounded
cluster__electronics__ar_unbounded__a,LSTM,14,8.0,0.0896970573812723,0.1192242642270861,17.844951871849034,cluster__electronics__ar_unbounded
cluster__electronics__ar_unbounded__a,LSTM,10,4.0,0.0898047685623169,0.24556216942235323,12.887274448848123,cluster__electronics__ar_unbounded
cluster__electronics__ar_unbounded__a,LSTM,12,4.0,0.0884361714124679,0.22858509101818192,6.656111112566116,cluster__electronics__ar_unbounded
cluster__electronics__ar_unbounded__a,LSTM,16,2.0,0.0902690198272466,0.22562880197921759,6.679553347807709,cluster__electronics__ar_unbounded
cluster__electronics__ar_unbounded__a,LSTM,15,13.0,0.0905123821326664,0.29448354704225366,9.60875441328693,cluster__electronics__ar_unbounded
cluster__electronics__ar_unbounded__a,LSTM,20,6.0,0.0887459218502044,0.21448163223505362,5.862962277058152,cluster__electronics__ar_unbounded
cluster__electronics__ar_unbounded__a,LSTM,8,26.0,0.0877729933708906,0.3193008760574876,3.9760062658661988,cluster__electronics__ar_unbounded
cluster__electronics__ar_unbounded__a,LSTM,6,5.0,0.0900522153824567,0.2178990042390046,13.290576264067402,cluster__electronics__ar_unbounded
cluster__electronics__ar_unbounded__a,LSTM,9,4.0,0.0890528056770563,0.247952444494216,9.561215314988896,cluster__electronics__ar_unbounded
cluster__electronics__ar_unbounded__a,LSTM,13,4.0,0.088507417589426,0.24911566925981268,10.81982308016096,cluster__electronics__ar_unbounded
cluster__electronics__ar_unbounded__b,LSTM,19,7.0,0.0899751652032136,0.25504990360303376,6.301237248328739,cluster__electronics__ar_unbounded
cluster__electronics__ar_unbounded__b,LSTM,7,9.0,0.0881064794957637,0.1911567065105631,13.54037823348161,cluster__electronics__ar_unbounded
cluster__electronics__ar_unbounded__b,LSTM,4,5.0,0.0897617768496275,0.18541083861405155,2.524681534089862,cluster__electronics__ar_unbounded
cluster__electronics__ar_unbounded__b,LSTM,17,7.0,0.0894021764397621,0.2374818192144446,9.983913930920533,cluster__electronics__ar_unbounded
cluster__electronics__ar_unbounded__b,LSTM,18,6.0,0.088705638423562,0.24276690318849709,8.986891332736606,cluster__electronics__ar_unbounded
cluster__electronics__ar_unbounded__b,LSTM,11,10.0,0.0890473648905754,0.29982286447113576,2.687132261979188,cluster__electronics__ar_unbounded
cluster__electronics__ar_unbounded__b,LSTM,2,7.0,0.089645953848958,0.1364355532585214,23.20201452636606,cluster__electronics__ar_unbounded
cluster__electronics__ar_unbounded__b,LSTM,1,6.0,0.0909172892570495,0.05637735769669049,21.120715792440645,cluster__electronics__ar_unbounded
cluster__electronics__ar_unbounded__b,LSTM,3,7.0,0.088277319446206,0.2164529253352516,14.738471619153282,cluster__electronics__ar_unbounded
cluster__electronics__ar_unbounded__b,LSTM,5,8.0,0.0890639778226614,0.2956520142724656,12.907432150487784,cluster__electronics__ar_unbounded
cluster__electronics__ar_unbounded__b,LSTM,14,7.0,0.0880474131554365,0.1980665518205091,10.426330208311004,cluster__electronics__ar_unbounded
cluster__electronics__ar_unbounded__b,LSTM,10,6.0,0.08893408998847,0.20975593022214245,12.444581334073797,cluster__electronics__ar_unbounded
cluster__electronics__ar_unbounded__b,LSTM,12,7.0,0.0890290215611457,-0.014124955607672122,14.364110557199783,cluster__electronics__ar_unbounded
cluster__electronics__ar_unbounded__b,LSTM,16,5.0,0.0900235008448362,0.26337899038326895,4.7160519684443365,cluster__electronics__ar_unbounded
cluster__electronics__ar_unbounded__b,LSTM,15,4.0,0.0878919754177331,0.21312182038626684,7.496350899750594,cluster__electronics__ar_unbounded
cluster__electronics__ar_unbounded__b,LSTM,20,7.0,0.0895280968397855,0.211958017027383,11.130921971615448,cluster__electronics__ar_unbounded
cluster__electronics__ar_unbounded__b,LSTM,8,10.0,0.0898170164571358,0.31042394786915445,3.633039025048616,cluster__electronics__ar_unbounded
cluster__electronics__ar_unbounded__b,LSTM,6,3.0,0.0897057987749576,0.15123260085515072,6.943098592047222,cluster__electronics__ar_unbounded
cluster__electronics__ar_unbounded__b,LSTM,9,7.0,0.0893854591995477,0.25036916584228064,9.591125617657283,cluster__electronics__ar_unbounded
cluster__electronics__ar_unbounded__b,LSTM,13,11.0,0.088398856898913,0.2959656931375197,3.25855509855132,cluster__electronics__ar_unbounded
cluster__electronics__cluster_16__a,LSTM,19,13.0,0.084847342222929,0.2682450279697423,3.339430038880338,cluster__electronics__cluster_16
cluster__electronics__cluster_16__a,LSTM,7,48.0,0.0833687639007201,0.317365648821997,3.4893078871016274,cluster__electronics__cluster_16
cluster__electronics__cluster_16__a,LSTM,4,7.0,0.0865115914493799,0.2500070678023819,1.1426094268015268,cluster__electronics__cluster_16
cluster__electronics__cluster_16__a,LSTM,17,11.0,0.0865737330168485,0.18921725324333546,1.5271962792150842,cluster__electronics__cluster_16
cluster__electronics__cluster_16__a,LSTM,18,8.0,0.0870214775204658,0.21468855300668538,1.097225509928424,cluster__electronics__cluster_16
cluster__electronics__cluster_16__a,LSTM,11,5.0,0.0861216802150011,0.3092800889122703,1.0364162724526162,cluster__electronics__cluster_16
cluster__electronics__cluster_16__a,LSTM,2,19.0,0.0849758435327273,0.2637768969697701,1.7221642463231221,cluster__electronics__cluster_16
cluster__electronics__cluster_16__a,LSTM,1,12.0,0.0868612797214434,0.3053802088630881,2.4406053393153013,cluster__electronics__cluster_16
cluster__electronics__cluster_16__a,LSTM,3,17.0,0.0871640834957361,0.18364898723752146,0.9140017153777826,cluster__electronics__cluster_16
cluster__electronics__cluster_16__a,LSTM,5,17.0,0.0843615096348982,0.28647054171361275,3.15379925979353,cluster__electronics__cluster_16
cluster__electronics__cluster_16__a,LSTM,14,6.0,0.0863295719027519,0.30735542524180826,1.5543237240296695,cluster__electronics__cluster_16
cluster__electronics__cluster_16__a,LSTM,10,11.0,0.0872068032622337,0.2912886236619501,1.5671610189714658,cluster__electronics__cluster_16
cluster__electronics__cluster_16__a,LSTM,12,14.0,0.0855250768363475,0.22028468206883067,3.6143421274723115,cluster__electronics__cluster_16
cluster__electronics__cluster_16__a,LSTM,16,8.0,0.0874112769961357,0.22174894803675207,0.8077681458792044,cluster__electronics__cluster_16
cluster__electronics__cluster_16__a,LSTM,15,5.0,0.0866730771958828,0.3048883810453839,0.7689588401521439,cluster__electronics__cluster_16
cluster__electronics__cluster_16__a,LSTM,20,2.0,0.0879727208188601,0.24140022101182004,1.1061842015555985,cluster__electronics__cluster_16
cluster__electronics__cluster_16__a,LSTM,8,11.0,0.0879667805773871,0.23482094200415832,1.5492219522098554,cluster__electronics__cluster_16
cluster__electronics__cluster_16__a,LSTM,6,10.0,0.0867758803069591,0.1664557079008092,1.0745880777491874,cluster__electronics__cluster_16
cluster__electronics__cluster_16__a,LSTM,9,9.0,0.0876090545207262,0.160730569517972,0.8012073332485605,cluster__electronics__cluster_16
cluster__electronics__cluster_16__a,LSTM,13,24.0,0.0870536158864314,0.2701236548638113,2.9541211032930086,cluster__electronics__cluster_16
cluster__electronics__cluster_16__b,LSTM,19,6.0,0.0862221848219633,0.2761163762546161,1.528876567683686,cluster__electronics__cluster_16
cluster__electronics__cluster_16__b,LSTM,7,10.0,0.0858336128294467,0.24158446895080893,1.4424897757003599,cluster__electronics__cluster_16
cluster__electronics__cluster_16__b,LSTM,4,24.0,0.0846055688766332,0.27468742435903026,2.571287223198021,cluster__electronics__cluster_16
cluster__electronics__cluster_16__b,LSTM,17,19.0,0.0849613684874314,0.29710792152930976,2.6415285081832467,cluster__electronics__cluster_16
cluster__electronics__cluster_16__b,LSTM,18,11.0,0.0857804659754037,0.2837788072684124,1.6806076510553982,cluster__electronics__cluster_16
cluster__electronics__cluster_16__b,LSTM,11,11.0,0.08428802427191,0.2529994084430107,3.2182247968994786,cluster__electronics__cluster_16
cluster__electronics__cluster_16__b,LSTM,2,46.0,0.0848033304970998,0.2716774435098627,3.3919629651492627,cluster__electronics__cluster_16
cluster__electronics__cluster_16__b,LSTM,1,7.0,0.0876312000410897,0.29426417500726304,1.3707622805374557,cluster__electronics__cluster_16
cluster__electronics__cluster_16__b,LSTM,3,13.0,0.0857830885797739,0.2670855498950163,1.8580533119221008,cluster__electronics__cluster_16
cluster__electronics__cluster_16__b,LSTM,5,5.0,0.0885359868407249,0.16976977050176204,0.5889021977734513,cluster__electronics__cluster_16
cluster__electronics__cluster_16__b,LSTM,14,24.0,0.0897268260327669,0.22663455877068586,1.0469932043463661,cluster__electronics__cluster_16
cluster__electronics__cluster_16__b,LSTM,10,3.0,0.0884025171399116,0.2514225759604322,1.3307916124857246,cluster__electronics__cluster_16
cluster__electronics__cluster_16__b,LSTM,12,9.0,0.0858853955108385,0.2986341367068457,1.982933509636574,cluster__electronics__cluster_16
cluster__electronics__cluster_16__b,LSTM,16,13.0,0.0851941550007233,0.30028799897177344,2.8206274676529355,cluster__electronics__cluster_16
cluster__electronics__cluster_16__b,LSTM,15,19.0,0.0827951843921954,0.3137877963413984,3.231612586194126,cluster__electronics__cluster_16
cluster__electronics__cluster_16__b,LSTM,20,37.0,0.0861876606941223,0.22850544277645607,1.792958288970902,cluster__electronics__cluster_16
cluster__electronics__cluster_16__b,LSTM,8,9.0,0.0864575263112783,0.2198498020788674,1.2992090462166868,cluster__electronics__cluster_16
cluster__electronics__cluster_16__b,LSTM,6,8.0,0.0868887286633253,0.27377810185915685,1.3962248273006774,cluster__electronics__cluster_16
cluster__electronics__cluster_16__b,LSTM,9,6.0,0.0857989527285099,0.24509387634372612,1.294309300527845,cluster__electronics__cluster_16
cluster__electronics__cluster_16__b,LSTM,13,11.0,0.0880372428468295,0.293438654205665,2.279167273904074,cluster__electronics__cluster_16
cluster__electronics__cluster_4__a,LSTM,19,93.0,0.0847486012748309,0.2670442505545109,3.2783235274770517,cluster__electronics__cluster_4
cluster__electronics__cluster_4__a,LSTM,7,6.0,0.0852707885205745,0.29955272015315193,1.5253514624564661,cluster__electronics__cluster_4
cluster__electronics__cluster_4__a,LSTM,4,3.0,0.0862451206360544,0.28069257088013533,1.2725975992872265,cluster__electronics__cluster_4
cluster__electronics__cluster_4__a,LSTM,17,22.0,0.0840267152167283,0.2625465634386842,2.3729424745451144,cluster__electronics__cluster_4
cluster__electronics__cluster_4__a,LSTM,18,3.0,0.0832048747688531,0.2637980141442601,1.4782146615377056,cluster__electronics__cluster_4
cluster__electronics__cluster_4__a,LSTM,11,19.0,0.0829948479166397,0.2703603830640018,2.3315816901407485,cluster__electronics__cluster_4
cluster__electronics__cluster_4__a,LSTM,2,23.0,0.0832332673554237,0.2622441662168117,3.5952970542719185,cluster__electronics__cluster_4
cluster__electronics__cluster_4__a,LSTM,1,3.0,0.0845010410994291,0.2588762814628026,2.2363442827970488,cluster__electronics__cluster_4
cluster__electronics__cluster_4__a,LSTM,3,18.0,0.0840713272874171,0.26161750950378243,2.315850838819224,cluster__electronics__cluster_4
cluster__electronics__cluster_4__a,LSTM,5,10.0,0.0861864396585868,0.25641056085857056,2.6686979751442688,cluster__electronics__cluster_4
cluster__electronics__cluster_4__a,LSTM,14,4.0,0.0841176342219114,0.27776409041940114,2.245253143068405,cluster__electronics__cluster_4
cluster__electronics__cluster_4__a,LSTM,10,19.0,0.0832432006987241,0.27356913180865916,2.0582722586691498,cluster__electronics__cluster_4
cluster__electronics__cluster_4__a,LSTM,12,13.0,0.0846421066671609,0.27942106037408965,1.9984365631816965,cluster__electronics__cluster_4
cluster__electronics__cluster_4__a,LSTM,16,14.0,0.0830966764344618,0.24883973351415925,2.1990281680814086,cluster__electronics__cluster_4
cluster__electronics__cluster_4__a,LSTM,15,6.0,0.0848095975816249,0.2537809537994505,1.816487062127952,cluster__electronics__cluster_4
cluster__electronics__cluster_4__a,LSTM,20,12.0,0.0858337227255106,0.2373587699851819,3.165584119401252,cluster__electronics__cluster_4
cluster__electronics__cluster_4__a,LSTM,8,26.0,0.0830547090333241,0.26300229134341363,2.073771187952222,cluster__electronics__cluster_4
cluster__electronics__cluster_4__a,LSTM,6,22.0,0.0832635980959122,0.2676587280907681,1.9495227736593566,cluster__electronics__cluster_4
cluster__electronics__cluster_4__a,LSTM,9,6.0,0.083900298923254,0.26892719075229726,1.7290838959015284,cluster__electronics__cluster_4
cluster__electronics__cluster_4__a,LSTM,13,27.0,0.0830610809990992,0.2554537150805415,2.5340358840465305,cluster__electronics__cluster_4
cluster__electronics__cluster_4__b,LSTM,19,12.0,0.0835428169140448,0.2547574307870218,3.424767339840944,cluster__electronics__cluster_4
cluster__electronics__cluster_4__b,LSTM,7,35.0,0.0846664477139711,0.28896188957385,1.4085639919846606,cluster__electronics__cluster_4
cluster__electronics__cluster_4__b,LSTM,4,30.0,0.0851727519184351,0.24469506786007061,2.31888632112178,cluster__electronics__cluster_4
cluster__electronics__cluster_4__b,LSTM,17,11.0,0.0837214236649183,0.26410264868358097,2.5696705584359427,cluster__electronics__cluster_4
cluster__electronics__cluster_4__b,LSTM,18,24.0,0.0838193853314106,0.29458759872361767,2.1824281561876564,cluster__electronics__cluster_4
cluster__electronics__cluster_4__b,LSTM,11,18.0,0.0830984608485148,0.23803175973401086,2.6571669265486646,cluster__electronics__cluster_4
cluster__electronics__cluster_4__b,LSTM,2,4.0,0.0878994781523943,0.24272809898885528,0.6131020526918793,cluster__electronics__cluster_4
cluster__electronics__cluster_4__b,LSTM,1,14.0,0.083154579767814,0.2538015539217433,2.550331007353034,cluster__electronics__cluster_4
cluster__electronics__cluster_4__b,LSTM,3,7.0,0.0843739509582519,0.2664621896894851,2.3022551932813013,cluster__electronics__cluster_4
cluster__electronics__cluster_4__b,LSTM,5,21.0,0.0831296618741292,0.28385182160913597,2.618577668085252,cluster__electronics__cluster_4
cluster__electronics__cluster_4__b,LSTM,14,20.0,0.083171152642795,0.27195941512865474,2.543274884710516,cluster__electronics__cluster_4
cluster__electronics__cluster_4__b,LSTM,10,35.0,0.0830978570649257,0.25148799601652194,2.3943458326130576,cluster__electronics__cluster_4
cluster__electronics__cluster_4__b,LSTM,12,11.0,0.0837633864810833,0.2516934509627183,2.198675529592782,cluster__electronics__cluster_4
cluster__electronics__cluster_4__b,LSTM,16,92.0,0.0839803197554179,0.24831322723945254,1.877364619687505,cluster__electronics__cluster_4
cluster__electronics__cluster_4__b,LSTM,15,23.0,0.083109475672245,0.27587330399787763,1.2906395520906475,cluster__electronics__cluster_4
cluster__electronics__cluster_4__b,LSTM,20,16.0,0.0836022851558832,0.2920165334853272,1.9586521651946258,cluster__electronics__cluster_4
cluster__electronics__cluster_4__b,LSTM,8,7.0,0.084462447091937,0.2808195010321281,1.7777551097697906,cluster__electronics__cluster_4
cluster__electronics__cluster_4__b,LSTM,6,44.0,0.0834111978228275,0.2603841925207158,2.831928245218084,cluster__electronics__cluster_4
cluster__electronics__cluster_4__b,LSTM,9,12.0,0.0846123807132244,0.2548166975213869,2.237054363160687,cluster__electronics__cluster_4
cluster__electronics__cluster_4__b,LSTM,13,32.0,0.082293295434543,0.2437127881419437,2.1713275908773166,cluster__electronics__cluster_4
cluster__electronics__cluster_8__a,LSTM,19,19.0,0.0849182774814275,0.3062706417339268,2.5258313652364843,cluster__electronics__cluster_8
cluster__electronics__cluster_8__a,LSTM,7,36.0,0.0817718104674266,0.3140914115585405,3.288576987905917,cluster__electronics__cluster_8
cluster__electronics__cluster_8__a,LSTM,4,4.0,0.0870010387152433,0.2765740004670253,0.7547641855035928,cluster__electronics__cluster_8
cluster__electronics__cluster_8__a,LSTM,17,13.0,0.086180253384205,0.282747594772857,2.1106357846494985,cluster__electronics__cluster_8
cluster__electronics__cluster_8__a,LSTM,18,34.0,0.0821549769204396,0.30586460681528027,2.3534048522600246,cluster__electronics__cluster_8
cluster__electronics__cluster_8__a,LSTM,11,6.0,0.0857215505093336,0.29103818041379215,1.7123955668402895,cluster__electronics__cluster_8
cluster__electronics__cluster_8__a,LSTM,2,6.0,0.086531912907958,0.2867286771132629,0.6169198516133065,cluster__electronics__cluster_8
cluster__electronics__cluster_8__a,LSTM,1,71.0,0.0828095279060877,0.314664888949001,1.5751447328834391,cluster__electronics__cluster_8
cluster__electronics__cluster_8__a,LSTM,3,11.0,0.0852339453995227,0.2777945382496369,1.766387981819983,cluster__electronics__cluster_8
cluster__electronics__cluster_8__a,LSTM,5,3.0,0.0885690599679946,0.07395837550059908,0.9496199756203664,cluster__electronics__cluster_8
cluster__electronics__cluster_8__a,LSTM,14,5.0,0.0863813590258359,0.2830880841583971,1.3920295295160028,cluster__electronics__cluster_8
cluster__electronics__cluster_8__a,LSTM,10,56.0,0.0855197198688983,0.2514276891100983,2.190616617036701,cluster__electronics__cluster_8
cluster__electronics__cluster_8__a,LSTM,12,66.0,0.0806637725659779,0.3176312447291081,1.3591621537258243,cluster__electronics__cluster_8
cluster__electronics__cluster_8__a,LSTM,16,91.0,0.0887149311602115,0.23269026057251405,0.542411074953707,cluster__electronics__cluster_8
cluster__electronics__cluster_8__a,LSTM,15,15.0,0.0814023499305431,0.30923174364306033,2.329687710863817,cluster__electronics__cluster_8
cluster__electronics__cluster_8__a,LSTM,20,8.0,0.0876351036131382,0.26890921390544487,0.7241637238952603,cluster__electronics__cluster_8
cluster__electronics__cluster_8__a,LSTM,8,18.0,0.0838619900437501,0.2973589040937987,2.3282346093161514,cluster__electronics__cluster_8
cluster__electronics__cluster_8__a,LSTM,6,9.0,0.0856641195714473,0.28384052341035887,1.860795744663321,cluster__electronics__cluster_8
cluster__electronics__cluster_8__a,LSTM,9,4.0,0.0869743172079324,0.22396586232911272,0.6895239848738419,cluster__electronics__cluster_8
cluster__electronics__cluster_8__a,LSTM,13,14.0,0.0869070062270531,0.23937671426332555,1.672012504333667,cluster__electronics__cluster_8
cluster__electronics__cluster_8__b,LSTM,19,78.0,0.0823802990572793,0.2759864993135703,1.3412586667091553,cluster__electronics__cluster_8
cluster__electronics__cluster_8__b,LSTM,7,21.0,0.0829995672863263,0.32106912913668273,2.7184225801599093,cluster__electronics__cluster_8
cluster__electronics__cluster_8__b,LSTM,4,7.0,0.0864739622920751,0.20504753317789012,2.1782781135164933,cluster__electronics__cluster_8
cluster__electronics__cluster_8__b,LSTM,17,11.0,0.086334191262722,0.2588722073002352,1.0140812085739894,cluster__electronics__cluster_8
cluster__electronics__cluster_8__b,LSTM,18,5.0,0.0872817374765873,0.2183402201990243,0.4505315466032455,cluster__electronics__cluster_8
cluster__electronics__cluster_8__b,LSTM,11,12.0,0.084403280700956,0.32051802504291405,2.4315786978266787,cluster__electronics__cluster_8
cluster__electronics__cluster_8__b,LSTM,2,4.0,0.0864203888922929,0.2522529770536636,0.7678305569887935,cluster__electronics__cluster_8
cluster__electronics__cluster_8__b,LSTM,1,16.0,0.0885677114129066,0.2647358125887737,0.6895372329123073,cluster__electronics__cluster_8
cluster__electronics__cluster_8__b,LSTM,3,20.0,0.0824613413558556,0.31350236199382986,1.96028773291491,cluster__electronics__cluster_8
cluster__electronics__cluster_8__b,LSTM,5,15.0,0.0839610394950096,0.32339354687779737,2.1531247868747982,cluster__electronics__cluster_8
cluster__electronics__cluster_8__b,LSTM,14,12.0,0.0829067413623516,0.27709756149441217,2.5570774998282166,cluster__electronics__cluster_8
cluster__electronics__cluster_8__b,LSTM,10,27.0,0.0874947245631899,0.1636472320395775,1.703813684657932,cluster__electronics__cluster_8
cluster__electronics__cluster_8__b,LSTM,12,14.0,0.0834725865950951,0.27947263276444473,2.435253538062701,cluster__electronics__cluster_8
cluster__electronics__cluster_8__b,LSTM,16,13.0,0.0859433319419622,0.10663515212179164,2.77078830511545,cluster__electronics__cluster_8
cluster__electronics__cluster_8__b,LSTM,15,30.0,0.0841251891106367,0.2990153956687724,1.9206953749643627,cluster__electronics__cluster_8
cluster__electronics__cluster_8__b,LSTM,20,10.0,0.0832166247642957,0.32654791498378805,2.7071637017902415,cluster__electronics__cluster_8
cluster__electronics__cluster_8__b,LSTM,8,34.0,0.080928022471758,0.31387651920872345,2.82410907259141,cluster__electronics__cluster_8
cluster__electronics__cluster_8__b,LSTM,6,7.0,0.0856989305466413,0.2561818100620282,0.7793878361059923,cluster__electronics__cluster_8
cluster__electronics__cluster_8__b,LSTM,9,4.0,0.0859692730009555,0.31635831640663226,0.8213124655384317,cluster__electronics__cluster_8
cluster__electronics__cluster_8__b,LSTM,13,23.0,0.0818573044469723,0.2740090272893028,2.7680794789598844,cluster__electronics__cluster_8
cluster__electronics__no_cluster__a,LSTM,19,12.0,0.0890516750514507,-0.005366859881547311,0.1658193964119126,cluster__electronics__no_cluster
cluster__electronics__no_cluster__a,LSTM,7,8.0,0.0892927497625351,0.025351639899457625,0.13809961017311875,cluster__electronics__no_cluster
cluster__electronics__no_cluster__a,LSTM,4,22.0,0.0892294198274612,0.042016318849888525,0.1355970065324081,cluster__electronics__no_cluster
cluster__electronics__no_cluster__a,LSTM,17,31.0,0.0884844488822496,0.2898305636561531,0.7820168167081305,cluster__electronics__no_cluster
cluster__electronics__no_cluster__a,LSTM,18,6.0,0.0890649855136871,0.027494107998291897,0.13978744407018678,cluster__electronics__no_cluster
cluster__electronics__no_cluster__a,LSTM,11,8.0,0.0888734087347984,0.028588115518147317,0.16134992747700494,cluster__electronics__no_cluster
cluster__electronics__no_cluster__a,LSTM,2,6.0,0.0896847043186426,-0.0017554190655281931,0.1452674168885864,cluster__electronics__no_cluster
cluster__electronics__no_cluster__a,LSTM,1,6.0,0.0893057789653539,-0.019630577771220084,0.1385520698374312,cluster__electronics__no_cluster
cluster__electronics__no_cluster__a,LSTM,3,9.0,0.0890162643045187,0.03662065127870696,0.15301959864872944,cluster__electronics__no_cluster
cluster__electronics__no_cluster__a,LSTM,5,4.0,0.0899023581296205,-0.03896343951996842,0.1498392761232204,cluster__electronics__no_cluster
cluster__electronics__no_cluster__a,LSTM,14,11.0,0.089572861790657,0.039011275275755916,0.15066361983040902,cluster__electronics__no_cluster
cluster__electronics__no_cluster__a,LSTM,10,40.0,0.0886553434225229,0.32471418778393474,1.0094983039708592,cluster__electronics__no_cluster
cluster__electronics__no_cluster__a,LSTM,12,6.0,0.0911456474236079,0.05895189299923861,0.1534347400202848,cluster__electronics__no_cluster
cluster__electronics__no_cluster__a,LSTM,16,7.0,0.0892503913491964,-0.06793809577566001,0.15095408489564438,cluster__electronics__no_cluster
cluster__electronics__no_cluster__a,LSTM,15,5.0,0.0890398975461721,0.034765750864810735,0.13435051143465954,cluster__electronics__no_cluster
cluster__electronics__no_cluster__a,LSTM,20,11.0,0.0899236220866441,0.02598427286342639,0.1566150026249685,cluster__electronics__no_cluster
cluster__electronics__no_cluster__a,LSTM,8,7.0,0.0892157237976789,-0.010289615707581884,0.13636120892460485,cluster__electronics__no_cluster
cluster__electronics__no_cluster__a,LSTM,6,6.0,0.0890656039118766,0.054964676584372776,0.14272132677792568,cluster__electronics__no_cluster
cluster__electronics__no_cluster__a,LSTM,9,8.0,0.0892560388892889,0.021151836481756007,0.1456608114604017,cluster__electronics__no_cluster
cluster__electronics__no_cluster__a,LSTM,13,13.0,0.089266300201416,-0.024094783091457354,0.16857341124089323,cluster__electronics__no_cluster
cluster__electronics__no_cluster__b,LSTM,19,6.0,0.0890737734735012,-0.04060790509173063,0.1382972893633902,cluster__electronics__no_cluster
cluster__electronics__no_cluster__b,LSTM,7,11.0,0.0891677774488926,0.08842035249092066,0.14169163306502122,cluster__electronics__no_cluster
cluster__electronics__no_cluster__b,LSTM,4,7.0,0.0888214372098445,0.012930796326442201,0.1555953789076297,cluster__electronics__no_cluster
cluster__electronics__no_cluster__b,LSTM,17,8.0,0.0892750322818756,-0.021709541776363934,0.1611215408981782,cluster__electronics__no_cluster
cluster__electronics__no_cluster__b,LSTM,18,8.0,0.0891332849860191,-0.0034806897445846,0.15177541925797977,cluster__electronics__no_cluster
cluster__electronics__no_cluster__b,LSTM,11,30.0,0.0883010742919785,0.22235189596572497,0.26429440446998653,cluster__electronics__no_cluster
cluster__electronics__no_cluster__b,LSTM,2,7.0,0.0890332050621509,0.026233135246825915,0.14322987614963623,cluster__electronics__no_cluster
cluster__electronics__no_cluster__b,LSTM,1,8.0,0.089231502264738,0.05556247623347956,0.1567109978557852,cluster__electronics__no_cluster
cluster__electronics__no_cluster__b,LSTM,3,9.0,0.0895249713212251,0.054643877595011756,0.1654619411002454,cluster__electronics__no_cluster
cluster__electronics__no_cluster__b,LSTM,5,11.0,0.0895713791251182,0.06082505087033688,0.17465809284546774,cluster__electronics__no_cluster
cluster__electronics__no_cluster__b,LSTM,14,8.0,0.0899635702371597,0.020073072285708645,0.15302606704978436,cluster__electronics__no_cluster
cluster__electronics__no_cluster__b,LSTM,10,13.0,0.0894057154655456,0.05142994676580224,0.1630038356058889,cluster__electronics__no_cluster
cluster__electronics__no_cluster__b,LSTM,12,5.0,0.0892348494380712,-0.0534565568385592,0.13188579390675706,cluster__electronics__no_cluster
cluster__electronics__no_cluster__b,LSTM,16,7.0,0.0891035161912441,0.05731558998657372,0.14994450854936264,cluster__electronics__no_cluster
cluster__electronics__no_cluster__b,LSTM,15,10.0,0.0894976276904344,0.02911109484194186,0.15386621270236034,cluster__electronics__no_cluster
cluster__electronics__no_cluster__b,LSTM,20,9.0,0.0891965050250291,0.04065759154519005,0.16223972795427272,cluster__electronics__no_cluster
cluster__electronics__no_cluster__b,LSTM,8,9.0,0.0893605090677738,0.0684118891552475,0.15849623548440267,cluster__electronics__no_cluster
cluster__electronics__no_cluster__b,LSTM,6,7.0,0.0891393367201089,0.009845021419042862,0.15881719441169168,cluster__electronics__no_cluster
cluster__electronics__no_cluster__b,LSTM,9,7.0,0.0890291053801775,0.029050249087020395,0.15407950552470467,cluster__electronics__no_cluster
cluster__electronics__no_cluster__b,LSTM,13,8.0,0.0890458393841981,-0.007241795814587524,0.1367571377065949,cluster__electronics__no_cluster
factorial__LSTM__electronics__archive-kmeans_8__r00,LSTM,1,37.0,0.0832018780593688,0.3167017608742776,2.087308119234071,factorial__LSTM__electronics__archive-kmeans_8__r00
factorial__LSTM__electronics__archive-kmeans_8__r01,LSTM,1,11.0,0.0841102357953786,0.30992166252060543,2.0149148392713796,factorial__LSTM__electronics__archive-kmeans_8__r01
factorial__LSTM__electronics__archive-kmeans_8__r02,LSTM,1,46.0,0.0843855116802912,0.29691056107360375,2.613807320801987,factorial__LSTM__electronics__archive-kmeans_8__r02
factorial__LSTM__electronics__archive-kmeans_8__r03,LSTM,1,24.0,0.081559688425981,0.31780298534481105,2.2877352253362493,factorial__LSTM__electronics__archive-kmeans_8__r03
factorial__LSTM__electronics__archive-kmeans_8__r04,LSTM,1,10.0,0.0852267928421497,0.2706243434574256,2.2433643081154786,factorial__LSTM__electronics__archive-kmeans_8__r04
factorial__LSTM__electronics__archive-kmeans_8__r05,LSTM,1,24.0,0.0831534137519506,0.31195003815243805,2.4262202968787414,factorial__LSTM__electronics__archive-kmeans_8__r05
factorial__LSTM__electronics__archive-kmeans_8__r06,LSTM,1,4.0,0.0877067446708679,0.2819078594066833,1.6797738434825986,factorial__LSTM__electronics__archive-kmeans_8__r06
factorial__LSTM__electronics__archive-kmeans_8__r07,LSTM,1,98.0,0.0844713214498299,0.3187814818638853,2.231341353352346,factorial__LSTM__electronics__archive-kmeans_8__r07
factorial__LSTM__electronics__archive-kmeans_8__r08,LSTM,1,5.0,0.0867082591240222,0.3065724000527056,2.3790132504093826,factorial__LSTM__electronics__archive-kmeans_8__r08
factorial__LSTM__electronics__archive-kmeans_8__r09,LSTM,1,25.0,0.0813854752251735,0.2760462790385052,3.125668468533571,factorial__LSTM__electronics__archive-kmeans_8__r09
factorial__LSTM__electronics__archive-kmeans_8__r10,LSTM,1,12.0,0.0860271006822586,0.2940726936216699,1.6990341095746504,factorial__LSTM__electronics__archive-kmeans_8__r10
factorial__LSTM__electronics__archive-kmeans_8__r11,LSTM,1,11.0,0.0834820140153169,0.3125106847931714,3.5450791586861463,factorial__LSTM__electronics__archive-kmeans_8__r11
factorial__LSTM__electronics__archive-kmeans_8__r12,LSTM,1,7.0,0.085371958091855,0.27752267396975566,2.5461187230845597,factorial__LSTM__electronics__archive-kmeans_8__r12
factorial__LSTM__electronics__archive-kmeans_8__r13,LSTM,1,4.0,0.0874391836779458,0.13843386937127358,2.6180666689268883,factorial__LSTM__electronics__archive-kmeans_8__r13
factorial__LSTM__electronics__archive-kmeans_8__r14,LSTM,1,90.0,0.0873574875295162,0.2589954147433803,1.6787795921416788,factorial__LSTM__electronics__archive-kmeans_8__r14
factorial__LSTM__electronics__archive-kmeans_8__r15,LSTM,1,25.0,0.0837027734288802,0.2969884048082393,1.7700154053016972,factorial__LSTM__electronics__archive-kmeans_8__r15
factorial__LSTM__electronics__archive-kmeans_8__r16,LSTM,1,6.0,0.0823801327496767,0.32490513584764324,1.4089062239973584,factorial__LSTM__electronics__archive-kmeans_8__r16
factorial__LSTM__electronics__archive-kmeans_8__r17,LSTM,1,12.0,0.0853448677808046,0.3082625516831886,1.5148794382597297,factorial__LSTM__electronics__archive-kmeans_8__r17
factorial__LSTM__electronics__archive-kmeans_8__r18,LSTM,1,38.0,0.0823611579835414,0.28942678038278696,3.4647666659221046,factorial__LSTM__electronics__archive-kmeans_8__r18
factorial__LSTM__electronics__archive-kmeans_8__r19,LSTM,1,14.0,0.0855258554220199,0.2652937264903075,1.5727026246006663,factorial__LSTM__electronics__archive-kmeans_8__r19
factorial__LSTM__electronics__archive-no_cluster__r00,LSTM,1,20.0,0.0893288776278495,0.0777386017283209,0.18506238234811057,factorial__LSTM__electronics__archive-no_cluster__r00
factorial__LSTM__electronics__archive-no_cluster__r01,LSTM,1,15.0,0.0888570118695497,0.042886167004239396,0.142784304066924,factorial__LSTM__electronics__archive-no_cluster__r01
factorial__LSTM__electronics__archive-no_cluster__r02,LSTM,1,7.0,0.0889202877879142,0.02565539395980215,0.1662976384811141,factorial__LSTM__electronics__archive-no_cluster__r02
factorial__LSTM__electronics__archive-no_cluster__r03,LSTM,1,7.0,0.0890861563384532,0.039835254126987234,0.20046005369153636,factorial__LSTM__electronics__archive-no_cluster__r03
factorial__LSTM__electronics__archive-no_cluster__r04,LSTM,1,8.0,0.0886567700654268,-0.0025966694010940553,0.2122627770485193,factorial__LSTM__electronics__archive-no_cluster__r04
factorial__LSTM__electronics__archive-no_cluster__r05,LSTM,1,13.0,0.0897509288042783,0.06283841209528504,0.17674302313732806,factorial__LSTM__electronics__archive-no_cluster__r05
factorial__LSTM__electronics__archive-no_cluster__r06,LSTM,1,4.0,0.0912629930036408,0.014294328748400746,0.1818594663832032,factorial__LSTM__electronics__archive-no_cluster__r06
factorial__LSTM__electronics__archive-no_cluster__r07,LSTM,1,10.0,0.088655274361372,0.06410582930502345,0.1679140084872091,factorial__LSTM__electronics__archive-no_cluster__r07
factorial__LSTM__electronics__archive-no_cluster__r08,LSTM,1,8.0,0.0888183452188968,0.06463088316522891,0.21647170690134426,factorial__LSTM__electronics__archive-no_cluster__r08
factorial__LSTM__electronics__archive-no_cluster__r09,LSTM,1,11.0,0.0890105813741684,0.05630587133669739,0.20309423444899422,factorial__LSTM__electronics__archive-no_cluster__r09
factorial__LSTM__electronics__archive-no_cluster__r10,LSTM,1,8.0,0.0886842813342809,0.023197418704776443,0.175626351210964,factorial__LSTM__electronics__archive-no_cluster__r10
factorial__LSTM__electronics__archive-no_cluster__r11,LSTM,1,8.0,0.0889496970921754,0.07018757338666683,0.17371521540270968,factorial__LSTM__electronics__archive-no_cluster__r11
factorial__LSTM__electronics__archive-no_cluster__r12,LSTM,1,7.0,0.0887569356709718,0.017956005330255577,0.18803380935089026,factorial__LSTM__electronics__archive-no_cluster__r12
factorial__LSTM__electronics__archive-no_cluster__r13,LSTM,1,4.0,0.0912532401936394,0.020362146465575073,0.19104157110743988,factorial__LSTM__electronics__archive-no_cluster__r13
factorial__LSTM__electronics__archive-no_cluster__r14,LSTM,1,9.0,0.0891799107193946,-0.0036887387591265433,0.17980610122010368,factorial__LSTM__electronics__archive-no_cluster__r14
factorial__LSTM__electronics__archive-no_cluster__r15,LSTM,1,35.0,0.0896830949932336,-0.043793759147207297,0.1659475435087776,factorial__LSTM__electronics__archive-no_cluster__r15
factorial__LSTM__electronics__archive-no_cluster__r16,LSTM,1,24.0,0.0891720093786716,0.06767232792283397,0.15066412103424148,factorial__LSTM__electronics__archive-no_cluster__r16
factorial__LSTM__electronics__archive-no_cluster__r17,LSTM,1,7.0,0.0890434123575687,0.029741656089915282,0.17093300464684694,factorial__LSTM__electronics__archive-no_cluster__r17
factorial__LSTM__electronics__archive-no_cluster__r18,LSTM,1,8.0,0.0891228653490543,-0.05781559748089531,0.17060574994429303,factorial__LSTM__electronics__archive-no_cluster__r18
factorial__LSTM__electronics__archive-no_cluster__r19,LSTM,1,9.0,0.0888035930693149,0.012410460551362712,0.2079883117275986,factorial__LSTM__electronics__archive-no_cluster__r19
factorial__LSTM__electronics__floored-kmeans_8__r00,LSTM,1,38.0,0.0828090475585598,0.3079097184576951,1.6304912210004616,factorial__LSTM__electronics__floored-kmeans_8__r00
factorial__LSTM__electronics__floored-kmeans_8__r01,LSTM,1,9.0,0.0911998553917958,0.23381689992301136,1.044785426150263,factorial__LSTM__electronics__floored-kmeans_8__r01
factorial__LSTM__electronics__floored-kmeans_8__r02,LSTM,1,28.0,0.0815846501634671,0.30364504041480567,3.9888263614934627,factorial__LSTM__electronics__floored-kmeans_8__r02
factorial__LSTM__electronics__floored-kmeans_8__r03,LSTM,1,32.0,0.082302011621113,0.32016742117522845,3.0867127856628827,factorial__LSTM__electronics__floored-kmeans_8__r03
factorial__LSTM__electronics__floored-kmeans_8__r04,LSTM,1,65.0,0.0825081888872843,0.313774313466247,2.290076614570112,factorial__LSTM__electronics__floored-kmeans_8__r04
factorial__LSTM__electronics__floored-kmeans_8__r05,LSTM,1,50.0,0.0810913575383333,0.3110487572987703,3.716597266428837,factorial__LSTM__electronics__floored-kmeans_8__r05
factorial__LSTM__electronics__floored-kmeans_8__r06,LSTM,1,21.0,0.0823154286839641,0.30074402550494106,2.19945425657981,factorial__LSTM__electronics__floored-kmeans_8__r06
factorial__LSTM__electronics__floored-kmeans_8__r07,LSTM,1,12.0,0.0824987944931938,0.33739066887435326,2.3239486104010076,factorial__LSTM__electronics__floored-kmeans_8__r07
factorial__LSTM__electronics__floored-kmeans_8__r08,LSTM,1,23.0,0.0807444034860684,0.3060969120670168,3.718600938638154,factorial__LSTM__electronics__floored-kmeans_8__r08
factorial__LSTM__electronics__floored-kmeans_8__r09,LSTM,1,83.0,0.0823935733105127,0.3198188539431879,2.4375897006452254,factorial__LSTM__electronics__floored-kmeans_8__r09
factorial__LSTM__electronics__floored-kmeans_8__r10,LSTM,1,53.0,0.0892768950703052,0.30065642547038035,2.2716412941758737,factorial__LSTM__electronics__floored-kmeans_8__r10
factorial__LSTM__electronics__floored-kmeans_8__r11,LSTM,1,19.0,0.0830536491882342,0.31965973653398655,2.457125738066472,factorial__LSTM__electronics__floored-kmeans_8__r11
factorial__LSTM__electronics__floored-kmeans_8__r12,LSTM,1,25.0,0.0808283033279272,0.29638742459947615,4.762573638880385,factorial__LSTM__electronics__floored-kmeans_8__r12
factorial__LSTM__electronics__floored-kmeans_8__r13,LSTM,1,14.0,0.0835236882647642,0.28418680020064907,2.934113201166914,factorial__LSTM__electronics__floored-kmeans_8__r13
factorial__LSTM__electronics__floored-kmeans_8__r14,LSTM,1,38.0,0.0828090475585598,0.2866465358186268,1.6221136965186511,factorial__LSTM__electronics__floored-kmeans_8__r14
factorial__LSTM__electronics__floored-kmeans_8__r15,LSTM,1,23.0,0.0815228109892744,0.3060841487253907,2.0955584722986247,factorial__LSTM__electronics__floored-kmeans_8__r15
factorial__LSTM__electronics__floored-kmeans_8__r16,LSTM,1,14.0,0.0832279945652072,0.2986066206108586,4.4364524471811295,factorial__LSTM__electronics__floored-kmeans_8__r16
factorial__LSTM__electronics__floored-kmeans_8__r17,LSTM,1,46.0,0.0815847814083099,0.31324185824453843,3.2539551860564107,factorial__LSTM__electronics__floored-kmeans_8__r17
factorial__LSTM__electronics__floored-kmeans_8__r18,LSTM,1,59.0,0.0816781726450874,0.317850658029898,3.360806831824014,factorial__LSTM__electronics__floored-kmeans_8__r18
factorial__LSTM__electronics__floored-kmeans_8__r19,LSTM,1,10.0,0.0830756685911462,0.2622299653272734,3.686664694766983,factorial__LSTM__electronics__floored-kmeans_8__r19
factorial__LSTM__electronics__floored-no_cluster__r00,LSTM,1,16.0,0.0926591900105659,0.012961614498700468,0.1987521643896696,factorial__LSTM__electronics__floored-no_cluster__r00
factorial__LSTM__electronics__floored-no_cluster__r01,LSTM,1,76.0,0.0901479113560456,0.17752115414097744,0.2827814521742479,factorial__LSTM__electronics__floored-no_cluster__r01
factorial__LSTM__electronics__floored-no_cluster__r02,LSTM,1,81.0,0.088955128708711,0.1985252466690545,0.4933524268105011,factorial__LSTM__electronics__floored-no_cluster__r02
factorial__LSTM__electronics__floored-no_cluster__r03,LSTM,1,82.0,0.089033047023874,0.23318246696133146,1.9458106790055645,factorial__LSTM__electronics__floored-no_cluster__r03
factorial__LSTM__electronics__floored-no_cluster__r04,LSTM,1,74.0,0.0891066090418742,0.18792585157103237,0.533241942903618,factorial__LSTM__electronics__floored-no_cluster__r04
factorial__LSTM__electronics__floored-no_cluster__r05,LSTM,1,89.0,0.0883724507517539,0.2235317550705913,0.3715381326909644,factorial__LSTM__electronics__floored-no_cluster__r05
factorial__LSTM__electronics__floored-no_cluster__r06,LSTM,1,66.0,0.0885857138782739,0.19447091959858798,0.3900365419860451,factorial__LSTM__electronics__floored-no_cluster__r06
factorial__LSTM__electronics__floored-no_cluster__r07,LSTM,1,59.0,0.0882614535781053,0.26857016993102284,0.9400843797000764,factorial__LSTM__electronics__floored-no_cluster__r07
factorial__LSTM__electronics__floored-no_cluster__r08,LSTM,1,58.0,0.0891976965448031,0.19521793393768674,0.4007795508713159,factorial__LSTM__electronics__floored-no_cluster__r08
factorial__LSTM__electronics__floored-no_cluster__r09,LSTM,1,70.0,0.0891622098592611,0.26707236484916375,0.5416387495602382,factorial__LSTM__electronics__floored-no_cluster__r09
factorial__LSTM__electronics__floored-no_cluster__r10,LSTM,1,76.0,0.0889693653354277,0.21295676869361588,0.6628653313882242,factorial__LSTM__electronics__floored-no_cluster__r10
factorial__LSTM__electronics__floored-no_cluster__r11,LSTM,1,82.0,0.0887619580786961,0.25849019800793616,0.49047753490141915,factorial__LSTM__electronics__floored-no_cluster__r11
factorial__LSTM__electronics__floored-no_cluster__r12,LSTM,1,72.0,0.09120329698691,0.2645400297366865,0.8345921306171105,factorial__LSTM__electronics__floored-no_cluster__r12
factorial__LSTM__electronics__floored-no_cluster__r13,LSTM,1,57.0,0.0892345985540976,0.13349840304792532,0.3254861376099414,factorial__LSTM__electronics__floored-no_cluster__r13
factorial__LSTM__electronics__floored-no_cluster__r14,LSTM,1,1.0,0.0928519230622511,0.03956682294714402,0.19472628977806725,factorial__LSTM__electronics__floored-no_cluster__r14
factorial__LSTM__electronics__floored-no_cluster__r15,LSTM,1,54.0,0.0889519018909106,0.154461584114389,0.6180245087744681,factorial__LSTM__electronics__floored-no_cluster__r15
factorial__LSTM__electronics__floored-no_cluster__r16,LSTM,1,81.0,0.0889552612430774,0.21479303602959746,0.4965695550181913,factorial__LSTM__electronics__floored-no_cluster__r16
factorial__LSTM__electronics__floored-no_cluster__r17,LSTM,1,1.0,0.0924719935999466,0.03451915567219834,0.1956427007038128,factorial__LSTM__electronics__floored-no_cluster__r17
factorial__LSTM__electronics__floored-no_cluster__r18,LSTM,1,71.0,0.0893402066654883,0.14111668357379367,0.31966795498372824,factorial__LSTM__electronics__floored-no_cluster__r18
factorial__LSTM__electronics__floored-no_cluster__r19,LSTM,1,88.0,0.0890349474950478,0.2243630084586575,0.9187252291136467,factorial__LSTM__electronics__floored-no_cluster__r19
factorial__ValendinLSTM__electronics__archive-kmeans_8__r00,ValendinLSTM,1,26.0,0.0807677530325376,0.31556828345126275,2.611436510632816,factorial__ValendinLSTM__electronics__archive-kmeans_8__r00
factorial__ValendinLSTM__electronics__archive-kmeans_8__r01,ValendinLSTM,1,21.0,0.0815358717854206,0.3015709207553002,3.4958698779026665,factorial__ValendinLSTM__electronics__archive-kmeans_8__r01
factorial__ValendinLSTM__electronics__archive-kmeans_8__r02,ValendinLSTM,1,31.0,0.0816772560087534,0.3198055618934186,3.426800583980404,factorial__ValendinLSTM__electronics__archive-kmeans_8__r02
factorial__ValendinLSTM__electronics__archive-kmeans_8__r03,ValendinLSTM,1,50.0,0.0804075435377084,0.32680600258518283,2.6040519050107203,factorial__ValendinLSTM__electronics__archive-kmeans_8__r03
factorial__ValendinLSTM__electronics__archive-kmeans_8__r04,ValendinLSTM,1,42.0,0.0805178508162498,0.28563151097941775,3.2856231725407823,factorial__ValendinLSTM__electronics__archive-kmeans_8__r04
factorial__ValendinLSTM__electronics__archive-kmeans_8__r05,ValendinLSTM,1,98.0,0.0846114360860415,0.2805136939131277,0.712715567587065,factorial__ValendinLSTM__electronics__archive-kmeans_8__r05
factorial__ValendinLSTM__electronics__archive-kmeans_8__r06,ValendinLSTM,1,28.0,0.0872617438435554,0.2933961972404251,1.7858766746923573,factorial__ValendinLSTM__electronics__archive-kmeans_8__r06
factorial__ValendinLSTM__electronics__archive-kmeans_8__r07,ValendinLSTM,1,33.0,0.080242613187203,0.33528935731901177,3.41026827413146,factorial__ValendinLSTM__electronics__archive-kmeans_8__r07
factorial__ValendinLSTM__electronics__archive-kmeans_8__r08,ValendinLSTM,1,27.0,0.0797589226410939,0.31574314476530846,2.995720275978566,factorial__ValendinLSTM__electronics__archive-kmeans_8__r08
factorial__ValendinLSTM__electronics__archive-kmeans_8__r09,ValendinLSTM,1,34.0,0.0809707180238687,0.333396845283575,3.0636135042933472,factorial__ValendinLSTM__electronics__archive-kmeans_8__r09
factorial__ValendinLSTM__electronics__archive-kmeans_8__r10,ValendinLSTM,1,7.0,0.0852976609021425,0.295261086402041,1.616451375014477,factorial__ValendinLSTM__electronics__archive-kmeans_8__r10
factorial__ValendinLSTM__electronics__archive-kmeans_8__r11,ValendinLSTM,1,21.0,0.0800833945664075,0.302922666136173,3.862837662319998,factorial__ValendinLSTM__electronics__archive-kmeans_8__r11
factorial__ValendinLSTM__electronics__archive-kmeans_8__r12,ValendinLSTM,1,30.0,0.0804412857844279,0.30283343020561543,3.317257501640535,factorial__ValendinLSTM__electronics__archive-kmeans_8__r12
factorial__ValendinLSTM__electronics__archive-kmeans_8__r13,ValendinLSTM,1,37.0,0.0808221480021109,0.29106641806381917,4.740448127419886,factorial__ValendinLSTM__electronics__archive-kmeans_8__r13
factorial__ValendinLSTM__electronics__archive-kmeans_8__r14,ValendinLSTM,1,24.0,0.0805940490502577,0.3248309003324718,3.388881070445453,factorial__ValendinLSTM__electronics__archive-kmeans_8__r14
factorial__ValendinLSTM__electronics__archive-kmeans_8__r15,ValendinLSTM,1,35.0,0.0807474301411555,0.2703635158375572,4.916781730505069,factorial__ValendinLSTM__electronics__archive-kmeans_8__r15
factorial__ValendinLSTM__electronics__archive-kmeans_8__r16,ValendinLSTM,1,25.0,0.080867860179681,0.33118787331604943,4.023551214542147,factorial__ValendinLSTM__electronics__archive-kmeans_8__r16
factorial__ValendinLSTM__electronics__archive-kmeans_8__r17,ValendinLSTM,1,26.0,0.0804116619894137,0.31247870863587646,2.8278335137509867,factorial__ValendinLSTM__electronics__archive-kmeans_8__r17
factorial__ValendinLSTM__electronics__archive-kmeans_8__r18,ValendinLSTM,1,89.0,0.0816952454356046,0.2743920041197159,5.262069225329352,factorial__ValendinLSTM__electronics__archive-kmeans_8__r18
factorial__ValendinLSTM__electronics__archive-kmeans_8__r19,ValendinLSTM,1,25.0,0.0841318844602658,0.27702174968346127,1.9382031835834754,factorial__ValendinLSTM__electronics__archive-kmeans_8__r19
factorial__ValendinLSTM__electronics__archive-no_cluster__r00,ValendinLSTM,1,9.0,0.0886730216443538,0.022908245140119278,0.19926466274179744,factorial__ValendinLSTM__electronics__archive-no_cluster__r00
factorial__ValendinLSTM__electronics__archive-no_cluster__r01,ValendinLSTM,1,8.0,0.08906433545053,0.0037592524750566523,0.19191974335808962,factorial__ValendinLSTM__electronics__archive-no_cluster__r01
factorial__ValendinLSTM__electronics__archive-no_cluster__r02,ValendinLSTM,1,9.0,0.0887327417731285,0.036637187016505056,0.21699128360686282,factorial__ValendinLSTM__electronics__archive-no_cluster__r02
factorial__ValendinLSTM__electronics__archive-no_cluster__r03,ValendinLSTM,1,7.0,0.0886343922466039,-0.015015025288167231,0.2045470000818267,factorial__ValendinLSTM__electronics__archive-no_cluster__r03
factorial__ValendinLSTM__electronics__archive-no_cluster__r04,ValendinLSTM,1,7.0,0.0888863448053598,-0.048730519348905925,0.20268780221272503,factorial__ValendinLSTM__electronics__archive-no_cluster__r04
factorial__ValendinLSTM__electronics__archive-no_cluster__r05,ValendinLSTM,1,9.0,0.0888635087758302,0.11341309288867658,0.200134825083554,factorial__ValendinLSTM__electronics__archive-no_cluster__r05
factorial__ValendinLSTM__electronics__archive-no_cluster__r06,ValendinLSTM,1,11.0,0.088398952037096,0.07367502580204881,0.19822469615206387,factorial__ValendinLSTM__electronics__archive-no_cluster__r06
factorial__ValendinLSTM__electronics__archive-no_cluster__r07,ValendinLSTM,1,4.0,0.0889827851206064,0.037315917429737354,0.19346582578975355,factorial__ValendinLSTM__electronics__archive-no_cluster__r07
factorial__ValendinLSTM__electronics__archive-no_cluster__r08,ValendinLSTM,1,5.0,0.091056190431118,0.03589621500701003,0.2098287400318159,factorial__ValendinLSTM__electronics__archive-no_cluster__r08
factorial__ValendinLSTM__electronics__archive-no_cluster__r09,ValendinLSTM,1,8.0,0.0889442451298236,0.041085900364013016,0.2117174576250507,factorial__ValendinLSTM__electronics__archive-no_cluster__r09
factorial__ValendinLSTM__electronics__archive-no_cluster__r10,ValendinLSTM,1,7.0,0.0887179505079984,0.02555811712038079,0.18932645187681754,factorial__ValendinLSTM__electronics__archive-no_cluster__r10
factorial__ValendinLSTM__electronics__archive-no_cluster__r11,ValendinLSTM,1,7.0,0.0887398049235344,0.06424740887230448,0.2112317490717353,factorial__ValendinLSTM__electronics__archive-no_cluster__r11
factorial__ValendinLSTM__electronics__archive-no_cluster__r12,ValendinLSTM,1,8.0,0.0886161476373672,-0.020767072963269424,0.2179733135599301,factorial__ValendinLSTM__electronics__archive-no_cluster__r12
factorial__ValendinLSTM__electronics__archive-no_cluster__r13,ValendinLSTM,1,7.0,0.0890714544802904,0.015169518777129217,0.18080256667651656,factorial__ValendinLSTM__electronics__archive-no_cluster__r13
factorial__ValendinLSTM__electronics__archive-no_cluster__r14,ValendinLSTM,1,10.0,0.0887134913355112,0.03654041896161577,0.2169388479203473,factorial__ValendinLSTM__electronics__archive-no_cluster__r14
factorial__ValendinLSTM__electronics__archive-no_cluster__r15,ValendinLSTM,1,11.0,0.0891576763242483,-0.038160272096756764,0.19284987991865243,factorial__ValendinLSTM__electronics__archive-no_cluster__r15
factorial__ValendinLSTM__electronics__archive-no_cluster__r16,ValendinLSTM,1,6.0,0.0890706423670053,0.048650045638676725,0.21563244216562208,factorial__ValendinLSTM__electronics__archive-no_cluster__r16
factorial__ValendinLSTM__electronics__archive-no_cluster__r17,ValendinLSTM,1,8.0,0.0889472011476755,0.011537871157866968,0.2022247875443141,factorial__ValendinLSTM__electronics__archive-no_cluster__r17
factorial__ValendinLSTM__electronics__archive-no_cluster__r18,ValendinLSTM,1,8.0,0.0884661562740802,-0.025336705911065294,0.19854752633145767,factorial__ValendinLSTM__electronics__archive-no_cluster__r18
factorial__ValendinLSTM__electronics__archive-no_cluster__r19,ValendinLSTM,1,7.0,0.0882799215614795,0.0027247048157756637,0.18458590091610147,factorial__ValendinLSTM__electronics__archive-no_cluster__r19
factorial__ValendinLSTM__electronics__floored-kmeans_8__r00,ValendinLSTM,1,42.0,0.0815696198349962,0.2816520997198435,2.597880087366121,factorial__ValendinLSTM__electronics__floored-kmeans_8__r00
factorial__ValendinLSTM__electronics__floored-kmeans_8__r01,ValendinLSTM,1,21.0,0.0803738134698225,0.3118433630666174,3.5857241428880524,factorial__ValendinLSTM__electronics__floored-kmeans_8__r01
factorial__ValendinLSTM__electronics__floored-kmeans_8__r02,ValendinLSTM,1,26.0,0.0816938450130132,0.29238650383481635,3.8080028806174626,factorial__ValendinLSTM__electronics__floored-kmeans_8__r02
factorial__ValendinLSTM__electronics__floored-kmeans_8__r03,ValendinLSTM,1,26.0,0.0811265622480557,0.2884675743942962,3.942287409875682,factorial__ValendinLSTM__electronics__floored-kmeans_8__r03
factorial__ValendinLSTM__electronics__floored-kmeans_8__r04,ValendinLSTM,1,38.0,0.0817803327137461,0.31703766818582374,1.798252335125033,factorial__ValendinLSTM__electronics__floored-kmeans_8__r04
factorial__ValendinLSTM__electronics__floored-kmeans_8__r05,ValendinLSTM,1,26.0,0.0835289391330801,0.32733836673423694,3.0304296348827626,factorial__ValendinLSTM__electronics__floored-kmeans_8__r05
factorial__ValendinLSTM__electronics__floored-kmeans_8__r06,ValendinLSTM,1,43.0,0.0808864023823004,0.32887832211512147,5.5357211890368125,factorial__ValendinLSTM__electronics__floored-kmeans_8__r06
factorial__ValendinLSTM__electronics__floored-kmeans_8__r07,ValendinLSTM,1,16.0,0.0868001032907229,0.33260070981490053,2.4102331023831023,factorial__ValendinLSTM__electronics__floored-kmeans_8__r07
factorial__ValendinLSTM__electronics__floored-kmeans_8__r08,ValendinLSTM,1,19.0,0.0812302348562158,0.31284155731357455,3.590083922016044,factorial__ValendinLSTM__electronics__floored-kmeans_8__r08
factorial__ValendinLSTM__electronics__floored-kmeans_8__r09,ValendinLSTM,1,35.0,0.0821163379229032,0.3220740766940335,2.058745889839204,factorial__ValendinLSTM__electronics__floored-kmeans_8__r09
factorial__ValendinLSTM__electronics__floored-kmeans_8__r10,ValendinLSTM,1,33.0,0.0817761272908403,0.3147766421120946,3.274970540226233,factorial__ValendinLSTM__electronics__floored-kmeans_8__r10
factorial__ValendinLSTM__electronics__floored-kmeans_8__r11,ValendinLSTM,1,33.0,0.0814377257170585,0.3113064131545661,3.3807743653975444,factorial__ValendinLSTM__electronics__floored-kmeans_8__r11
factorial__ValendinLSTM__electronics__floored-kmeans_8__r12,ValendinLSTM,1,24.0,0.0807122682006313,0.2897238750799959,3.083393454414919,factorial__ValendinLSTM__electronics__floored-kmeans_8__r12
factorial__ValendinLSTM__electronics__floored-kmeans_8__r13,ValendinLSTM,1,42.0,0.0813090766851718,0.3165008174209519,2.8312551904725685,factorial__ValendinLSTM__electronics__floored-kmeans_8__r13
factorial__ValendinLSTM__electronics__floored-kmeans_8__r14,ValendinLSTM,1,34.0,0.0813395459778033,0.28994221411966364,1.6936267442174757,factorial__ValendinLSTM__electronics__floored-kmeans_8__r14
factorial__ValendinLSTM__electronics__floored-kmeans_8__r15,ValendinLSTM,1,36.0,0.0809565486672979,0.28914155577673406,3.3616495236135018,factorial__ValendinLSTM__electronics__floored-kmeans_8__r15
factorial__ValendinLSTM__electronics__floored-kmeans_8__r16,ValendinLSTM,1,26.0,0.081693515754663,0.2928048664246285,3.8118690508889768,factorial__ValendinLSTM__electronics__floored-kmeans_8__r16
factorial__ValendinLSTM__electronics__floored-kmeans_8__r17,ValendinLSTM,1,17.0,0.0838514160221585,0.2916374749755642,2.2267085782745877,factorial__ValendinLSTM__electronics__floored-kmeans_8__r17
factorial__ValendinLSTM__electronics__floored-kmeans_8__r18,ValendinLSTM,1,36.0,0.0806361274220622,0.28217566341204653,3.2879550368986106,factorial__ValendinLSTM__electronics__floored-kmeans_8__r18
factorial__ValendinLSTM__electronics__floored-kmeans_8__r19,ValendinLSTM,1,37.0,0.0799595212134031,0.3074581336743316,3.77485365065048,factorial__ValendinLSTM__electronics__floored-kmeans_8__r19
factorial__ValendinLSTM__electronics__floored-no_cluster__r00,ValendinLSTM,1,71.0,0.088470024558214,0.2498083170821318,0.8212556415254969,factorial__ValendinLSTM__electronics__floored-no_cluster__r00
factorial__ValendinLSTM__electronics__floored-no_cluster__r01,ValendinLSTM,1,61.0,0.0888341212501892,0.0899279402501695,0.23935649557535452,factorial__ValendinLSTM__electronics__floored-no_cluster__r01
factorial__ValendinLSTM__electronics__floored-no_cluster__r02,ValendinLSTM,1,51.0,0.088687272885671,0.12172397513202766,0.22350954330415262,factorial__ValendinLSTM__electronics__floored-no_cluster__r02
factorial__ValendinLSTM__electronics__floored-no_cluster__r03,ValendinLSTM,1,59.0,0.0886263605207204,0.1449491714936342,0.353980756972968,factorial__ValendinLSTM__electronics__floored-no_cluster__r03
factorial__ValendinLSTM__electronics__floored-no_cluster__r04,ValendinLSTM,1,72.0,0.0884099375599851,0.07789321922033132,0.26880901827093323,factorial__ValendinLSTM__electronics__floored-no_cluster__r04
factorial__ValendinLSTM__electronics__floored-no_cluster__r05,ValendinLSTM,1,65.0,0.0893821637504375,0.20495375028365242,0.24457853439217575,factorial__ValendinLSTM__electronics__floored-no_cluster__r05
factorial__ValendinLSTM__electronics__floored-no_cluster__r06,ValendinLSTM,1,39.0,0.0886220155427089,0.21608949376680678,0.37526876897091677,factorial__ValendinLSTM__electronics__floored-no_cluster__r06
factorial__ValendinLSTM__electronics__floored-no_cluster__r07,ValendinLSTM,1,35.0,0.0883839895518926,0.1675762979522842,0.25107070757133887,factorial__ValendinLSTM__electronics__floored-no_cluster__r07
factorial__ValendinLSTM__electronics__floored-no_cluster__r08,ValendinLSTM,1,53.0,0.0886311349100791,0.2507009804781816,0.8107568776765048,factorial__ValendinLSTM__electronics__floored-no_cluster__r08
factorial__ValendinLSTM__electronics__floored-no_cluster__r09,ValendinLSTM,1,1.0,0.0935427487756197,0.01411103928310553,0.1886015491102302,factorial__ValendinLSTM__electronics__floored-no_cluster__r09
factorial__ValendinLSTM__electronics__floored-no_cluster__r10,ValendinLSTM,1,82.0,0.0892628634778352,0.2789201754714739,0.9019690362133411,factorial__ValendinLSTM__electronics__floored-no_cluster__r10
factorial__ValendinLSTM__electronics__floored-no_cluster__r11,ValendinLSTM,1,54.0,0.0883895143006856,0.26922119586386084,0.44570472349547824,factorial__ValendinLSTM__electronics__floored-no_cluster__r11
factorial__ValendinLSTM__electronics__floored-no_cluster__r12,ValendinLSTM,1,58.0,0.08885520331275,0.18068276832156277,0.6208237966660902,factorial__ValendinLSTM__electronics__floored-no_cluster__r12
factorial__ValendinLSTM__electronics__floored-no_cluster__r13,ValendinLSTM,1,52.0,0.0888481423831903,0.1715806513799971,0.5135639837585609,factorial__ValendinLSTM__electronics__floored-no_cluster__r13
factorial__ValendinLSTM__electronics__floored-no_cluster__r14,ValendinLSTM,1,80.0,0.088432911496896,0.16235595008198447,0.5173219141267852,factorial__ValendinLSTM__electronics__floored-no_cluster__r14
factorial__ValendinLSTM__electronics__floored-no_cluster__r15,ValendinLSTM,1,44.0,0.0888454318046569,0.23029072935816317,0.5861826738079555,factorial__ValendinLSTM__electronics__floored-no_cluster__r15
factorial__ValendinLSTM__electronics__floored-no_cluster__r16,ValendinLSTM,1,69.0,0.0891224496926252,0.25299955396599927,0.846824775670639,factorial__ValendinLSTM__electronics__floored-no_cluster__r16
factorial__ValendinLSTM__electronics__floored-no_cluster__r17,ValendinLSTM,1,54.0,0.0880935312463687,0.27596545083760154,1.0234677716691138,factorial__ValendinLSTM__electronics__floored-no_cluster__r17
factorial__ValendinLSTM__electronics__floored-no_cluster__r18,ValendinLSTM,1,72.0,0.0884099375599851,0.055093101884951735,0.2722260247605619,factorial__ValendinLSTM__electronics__floored-no_cluster__r18
factorial__ValendinLSTM__electronics__floored-no_cluster__r19,ValendinLSTM,1,66.0,0.0879779516790921,0.13881521189467055,0.22997667734744706,factorial__ValendinLSTM__electronics__floored-no_cluster__r19
real_panel_arms__LSTM__electronics__ar_bounded-kmeans_8-valendin__a,LSTM,19,32.0,0.0784077141433954,0.3108271221143744,2.2552747980454186,real_panel_arms__LSTM__electronics__ar_bounded-kmeans_8-valendin
real_panel_arms__LSTM__electronics__ar_bounded-kmeans_8-valendin__a,LSTM,7,20.0,0.0810941364616155,0.2709483418958364,2.245685705013074,real_panel_arms__LSTM__electronics__ar_bounded-kmeans_8-valendin
real_panel_arms__LSTM__electronics__ar_bounded-kmeans_8-valendin__a,LSTM,4,31.0,0.0813765849631566,0.3212149447327489,2.4396491039549115,real_panel_arms__LSTM__electronics__ar_bounded-kmeans_8-valendin
real_panel_arms__LSTM__electronics__ar_bounded-kmeans_8-valendin__a,LSTM,17,22.0,0.0811083993086448,0.2646005609656146,2.6318808532630955,real_panel_arms__LSTM__electronics__ar_bounded-kmeans_8-valendin
real_panel_arms__LSTM__electronics__ar_bounded-kmeans_8-valendin__a,LSTM,18,21.0,0.0815923993404095,0.31458125619276683,1.478728460499647,real_panel_arms__LSTM__electronics__ar_bounded-kmeans_8-valendin
real_panel_arms__LSTM__electronics__ar_bounded-kmeans_8-valendin__a,LSTM,11,16.0,0.0807007909394227,0.28466102670801735,2.419807633083538,real_panel_arms__LSTM__electronics__ar_bounded-kmeans_8-valendin
real_panel_arms__LSTM__electronics__ar_bounded-kmeans_8-valendin__a,LSTM,2,36.0,0.0793483331799507,0.2671497846334692,2.2247855188824914,real_panel_arms__LSTM__electronics__ar_bounded-kmeans_8-valendin
real_panel_arms__LSTM__electronics__ar_bounded-kmeans_8-valendin__a,LSTM,1,16.0,0.0805306979096852,0.3064538757234059,2.801299512025254,real_panel_arms__LSTM__electronics__ar_bounded-kmeans_8-valendin
real_panel_arms__LSTM__electronics__ar_bounded-kmeans_8-valendin__a,LSTM,3,22.0,0.0805413531405585,0.28582757930386987,2.425413179096421,real_panel_arms__LSTM__electronics__ar_bounded-kmeans_8-valendin
real_panel_arms__LSTM__electronics__ar_bounded-kmeans_8-valendin__a,LSTM,5,17.0,0.081768126728443,0.27986098285543126,2.5067613157354813,real_panel_arms__LSTM__electronics__ar_bounded-kmeans_8-valendin
real_panel_arms__LSTM__electronics__ar_bounded-kmeans_8-valendin__a,LSTM,14,56.0,0.0778698418289423,0.300569260988839,2.2598315908133393,real_panel_arms__LSTM__electronics__ar_bounded-kmeans_8-valendin
real_panel_arms__LSTM__electronics__ar_bounded-kmeans_8-valendin__a,LSTM,10,26.0,0.0810051749532039,0.28290106614349975,2.2685117400400645,real_panel_arms__LSTM__electronics__ar_bounded-kmeans_8-valendin
real_panel_arms__LSTM__electronics__ar_bounded-kmeans_8-valendin__a,LSTM,12,13.0,0.0809683381364895,0.29899813082355,2.6063634818800185,real_panel_arms__LSTM__electronics__ar_bounded-kmeans_8-valendin
real_panel_arms__LSTM__electronics__ar_bounded-kmeans_8-valendin__a,LSTM,16,19.0,0.0811632224000417,0.27278830001688137,2.037051070254574,real_panel_arms__LSTM__electronics__ar_bounded-kmeans_8-valendin
real_panel_arms__LSTM__electronics__ar_bounded-kmeans_8-valendin__a,LSTM,15,67.0,0.0805309574518885,0.29412843844216663,2.3330683013131512,real_panel_arms__LSTM__electronics__ar_bounded-kmeans_8-valendin
real_panel_arms__LSTM__electronics__ar_bounded-kmeans_8-valendin__a,LSTM,20,29.0,0.0806842371821403,0.26285510745834006,2.3989266310021753,real_panel_arms__LSTM__electronics__ar_bounded-kmeans_8-valendin
real_panel_arms__LSTM__electronics__ar_bounded-kmeans_8-valendin__a,LSTM,8,34.0,0.0793504273252827,0.298305977458166,2.5428592579102816,real_panel_arms__LSTM__electronics__ar_bounded-kmeans_8-valendin
real_panel_arms__LSTM__electronics__ar_bounded-kmeans_8-valendin__a,LSTM,6,21.0,0.0797439345291682,0.30945058117283974,2.146682875228879,real_panel_arms__LSTM__electronics__ar_bounded-kmeans_8-valendin
real_panel_arms__LSTM__electronics__ar_bounded-kmeans_8-valendin__a,LSTM,9,20.0,0.0826565256485572,0.310401260097625,2.2706802437020315,real_panel_arms__LSTM__electronics__ar_bounded-kmeans_8-valendin
real_panel_arms__LSTM__electronics__ar_bounded-kmeans_8-valendin__a,LSTM,13,19.0,0.0821795303087968,0.2928049689853836,2.010558990998579,real_panel_arms__LSTM__electronics__ar_bounded-kmeans_8-valendin
real_panel_arms__LSTM__electronics__ar_bounded-no_cluster-valendin__a,LSTM,19,36.0,0.085787845775485,0.2146064284545045,0.46741670664721374,real_panel_arms__LSTM__electronics__ar_bounded-no_cluster-valendin
real_panel_arms__LSTM__electronics__ar_bounded-no_cluster-valendin__a,LSTM,7,36.0,0.0857775919139385,0.2617831457379671,0.7187363715155917,real_panel_arms__LSTM__electronics__ar_bounded-no_cluster-valendin
real_panel_arms__LSTM__electronics__ar_bounded-no_cluster-valendin__a,LSTM,4,21.0,0.0864563677459955,0.2084903707346566,0.3949170030177078,real_panel_arms__LSTM__electronics__ar_bounded-no_cluster-valendin
real_panel_arms__LSTM__electronics__ar_bounded-no_cluster-valendin__a,LSTM,17,18.0,0.0878134604011263,0.27159630945757274,0.5211090644849022,real_panel_arms__LSTM__electronics__ar_bounded-no_cluster-valendin
real_panel_arms__LSTM__electronics__ar_bounded-no_cluster-valendin__a,LSTM,18,20.0,0.0877187134964125,0.2940323055706036,1.2022035134203444,real_panel_arms__LSTM__electronics__ar_bounded-no_cluster-valendin
real_panel_arms__LSTM__electronics__ar_bounded-no_cluster-valendin__a,LSTM,11,24.0,0.0879158143486295,0.2211670412703979,0.3722676475019272,real_panel_arms__LSTM__electronics__ar_bounded-no_cluster-valendin
real_panel_arms__LSTM__electronics__ar_bounded-no_cluster-valendin__a,LSTM,2,40.0,0.08697295827525,0.28977788451566344,1.1150961437469953,real_panel_arms__LSTM__electronics__ar_bounded-no_cluster-valendin
real_panel_arms__LSTM__electronics__ar_bounded-no_cluster-valendin__a,LSTM,1,31.0,0.0859348326921463,0.256436474380522,0.545889326734043,real_panel_arms__LSTM__electronics__ar_bounded-no_cluster-valendin
real_panel_arms__LSTM__electronics__ar_bounded-no_cluster-valendin__a,LSTM,3,36.0,0.0851623956114053,0.2818335977292635,0.7535041491452058,real_panel_arms__LSTM__electronics__ar_bounded-no_cluster-valendin
real_panel_arms__LSTM__electronics__ar_bounded-no_cluster-valendin__a,LSTM,5,13.0,0.0877625346183776,0.2665782063843163,0.357055425961544,real_panel_arms__LSTM__electronics__ar_bounded-no_cluster-valendin
real_panel_arms__LSTM__electronics__ar_bounded-no_cluster-valendin__a,LSTM,14,24.0,0.0854480247944593,0.27374074771686685,0.5939935029452632,real_panel_arms__LSTM__electronics__ar_bounded-no_cluster-valendin
real_panel_arms__LSTM__electronics__ar_bounded-no_cluster-valendin__a,LSTM,10,38.0,0.085070526227355,0.28260356240969403,0.5593681815816046,real_panel_arms__LSTM__electronics__ar_bounded-no_cluster-valendin
real_panel_arms__LSTM__electronics__ar_bounded-no_cluster-valendin__a,LSTM,12,40.0,0.0858669932931661,0.23765862948412836,0.39143961396114685,real_panel_arms__LSTM__electronics__ar_bounded-no_cluster-valendin
real_panel_arms__LSTM__electronics__ar_bounded-no_cluster-valendin__a,LSTM,16,41.0,0.0873369053006172,0.2684075127011543,0.5115084131893539,real_panel_arms__LSTM__electronics__ar_bounded-no_cluster-valendin
real_panel_arms__LSTM__electronics__ar_bounded-no_cluster-valendin__a,LSTM,15,24.0,0.0857540778815746,0.21985984172952136,0.33087024040793356,real_panel_arms__LSTM__electronics__ar_bounded-no_cluster-valendin
real_panel_arms__LSTM__electronics__ar_bounded-no_cluster-valendin__a,LSTM,20,31.0,0.0853002928197383,0.15519601333912206,0.3400980885911582,real_panel_arms__LSTM__electronics__ar_bounded-no_cluster-valendin
real_panel_arms__LSTM__electronics__ar_bounded-no_cluster-valendin__a,LSTM,8,30.0,0.0881518099743586,0.26446282253261094,1.4567517996123418,real_panel_arms__LSTM__electronics__ar_bounded-no_cluster-valendin
real_panel_arms__LSTM__electronics__ar_bounded-no_cluster-valendin__a,LSTM,6,30.0,0.0873325264879635,0.24628981606948122,0.5890824672647916,real_panel_arms__LSTM__electronics__ar_bounded-no_cluster-valendin
real_panel_arms__LSTM__electronics__ar_bounded-no_cluster-valendin__a,LSTM,9,33.0,0.0878918500883238,0.178357778512104,0.28438926823368316,real_panel_arms__LSTM__electronics__ar_bounded-no_cluster-valendin
real_panel_arms__LSTM__electronics__ar_bounded-no_cluster-valendin__a,LSTM,13,19.0,0.0878079782884854,0.28760368430387906,1.5225621121857247,real_panel_arms__LSTM__electronics__ar_bounded-no_cluster-valendin
real_panel_arms__LSTM__electronics__no_ar-kmeans_8-valendin-no_tf__a,LSTM,19,7.0,0.0840651858597993,0.15202440034092313,1.6602988676127322,real_panel_arms__LSTM__electronics__no_ar-kmeans_8-valendin-no_tf
real_panel_arms__LSTM__electronics__no_ar-kmeans_8-valendin-no_tf__a,LSTM,7,17.0,0.0812654191484818,0.29930333532559605,3.0401541396898306,real_panel_arms__LSTM__electronics__no_ar-kmeans_8-valendin-no_tf
real_panel_arms__LSTM__electronics__no_ar-kmeans_8-valendin-no_tf__a,LSTM,4,10.0,0.0846280194818973,0.2995012690928372,1.57517755308797,real_panel_arms__LSTM__electronics__no_ar-kmeans_8-valendin-no_tf
real_panel_arms__LSTM__electronics__no_ar-kmeans_8-valendin-no_tf__a,LSTM,17,36.0,0.0805186554789543,0.3081649621770394,2.363153031007212,real_panel_arms__LSTM__electronics__no_ar-kmeans_8-valendin-no_tf
real_panel_arms__LSTM__electronics__no_ar-kmeans_8-valendin-no_tf__a,LSTM,18,28.0,0.0808170409156726,0.310819823838472,2.431291112926595,real_panel_arms__LSTM__electronics__no_ar-kmeans_8-valendin-no_tf
real_panel_arms__LSTM__electronics__no_ar-kmeans_8-valendin-no_tf__a,LSTM,11,31.0,0.0810424845952254,0.30373949783902693,2.7981329126167545,real_panel_arms__LSTM__electronics__no_ar-kmeans_8-valendin-no_tf
real_panel_arms__LSTM__electronics__no_ar-kmeans_8-valendin-no_tf__a,LSTM,2,17.0,0.0829642566923911,0.2753648489963529,1.9230077901223257,real_panel_arms__LSTM__electronics__no_ar-kmeans_8-valendin-no_tf
real_panel_arms__LSTM__electronics__no_ar-kmeans_8-valendin-no_tf__a,LSTM,1,24.0,0.0804772430232593,0.3245786700457903,2.7185183047480574,real_panel_arms__LSTM__electronics__no_ar-kmeans_8-valendin-no_tf
real_panel_arms__LSTM__electronics__no_ar-kmeans_8-valendin-no_tf__a,LSTM,3,8.0,0.0838305167853832,0.2548900435523355,1.4226458091577088,real_panel_arms__LSTM__electronics__no_ar-kmeans_8-valendin-no_tf
real_panel_arms__LSTM__electronics__no_ar-kmeans_8-valendin-no_tf__a,LSTM,5,32.0,0.0805043626863222,0.3075335570118881,2.8697528128969205,real_panel_arms__LSTM__electronics__no_ar-kmeans_8-valendin-no_tf
real_panel_arms__LSTM__electronics__no_ar-kmeans_8-valendin-no_tf__a,LSTM,14,25.0,0.0813228573936682,0.2964792188304307,2.7412376595620302,real_panel_arms__LSTM__electronics__no_ar-kmeans_8-valendin-no_tf
real_panel_arms__LSTM__electronics__no_ar-kmeans_8-valendin-no_tf__a,LSTM,10,32.0,0.0806809136500725,0.3266758614574559,2.479296542375554,real_panel_arms__LSTM__electronics__no_ar-kmeans_8-valendin-no_tf
real_panel_arms__LSTM__electronics__no_ar-kmeans_8-valendin-no_tf__a,LSTM,12,18.0,0.0805771932579003,0.29826469329314875,2.547942065187836,real_panel_arms__LSTM__electronics__no_ar-kmeans_8-valendin-no_tf
real_panel_arms__LSTM__electronics__no_ar-kmeans_8-valendin-no_tf__a,LSTM,16,89.0,0.0803558390055384,0.31186602651884154,2.721590824730517,real_panel_arms__LSTM__electronics__no_ar-kmeans_8-valendin-no_tf
real_panel_arms__LSTM__electronics__no_ar-kmeans_8-valendin-no_tf__a,LSTM,15,33.0,0.0807130549635205,0.32091636230599185,2.213565112479544,real_panel_arms__LSTM__electronics__no_ar-kmeans_8-valendin-no_tf
real_panel_arms__LSTM__electronics__no_ar-kmeans_8-valendin-no_tf__a,LSTM,20,39.0,0.0809653401374816,0.30801203618185125,2.891713643902857,real_panel_arms__LSTM__electronics__no_ar-kmeans_8-valendin-no_tf
real_panel_arms__LSTM__electronics__no_ar-kmeans_8-valendin-no_tf__a,LSTM,8,5.0,0.0853816994598933,0.32724778361790013,2.374489709918928,real_panel_arms__LSTM__electronics__no_ar-kmeans_8-valendin-no_tf
real_panel_arms__LSTM__electronics__no_ar-kmeans_8-valendin-no_tf__a,LSTM,6,38.0,0.0802033543586731,0.3135417967622545,2.5417650303794366,real_panel_arms__LSTM__electronics__no_ar-kmeans_8-valendin-no_tf
real_panel_arms__LSTM__electronics__no_ar-kmeans_8-valendin-no_tf__a,LSTM,9,36.0,0.0805803617605796,0.3014295715510105,2.441203427283998,real_panel_arms__LSTM__electronics__no_ar-kmeans_8-valendin-no_tf
real_panel_arms__LSTM__electronics__no_ar-kmeans_8-valendin-no_tf__a,LSTM,13,33.0,0.0807648779681095,0.3148444679949975,2.87804737329079,real_panel_arms__LSTM__electronics__no_ar-kmeans_8-valendin-no_tf
real_panel_arms__LSTM__electronics__no_ar-kmeans_8-valendin__a,LSTM,19,11.0,0.0844115316867828,0.2889874051668461,2.0055735858744113,real_panel_arms__LSTM__electronics__no_ar-kmeans_8-valendin
real_panel_arms__LSTM__electronics__no_ar-kmeans_8-valendin__a,LSTM,7,23.0,0.0825871418301875,0.32319710580192695,2.349329218107941,real_panel_arms__LSTM__electronics__no_ar-kmeans_8-valendin
real_panel_arms__LSTM__electronics__no_ar-kmeans_8-valendin__a,LSTM,4,8.0,0.0863121133297681,0.24229364899502553,2.499775195885726,real_panel_arms__LSTM__electronics__no_ar-kmeans_8-valendin
real_panel_arms__LSTM__electronics__no_ar-kmeans_8-valendin__a,LSTM,17,7.0,0.0850656149642808,0.3372919415630648,2.8617031695145148,real_panel_arms__LSTM__electronics__no_ar-kmeans_8-valendin
real_panel_arms__LSTM__electronics__no_ar-kmeans_8-valendin__a,LSTM,18,6.0,0.0859560761600732,0.18915448478448937,1.3642265729279577,real_panel_arms__LSTM__electronics__no_ar-kmeans_8-valendin
real_panel_arms__LSTM__electronics__no_ar-kmeans_8-valendin__a,LSTM,11,11.0,0.0844121966511011,0.32070296975189105,2.29094972324125,real_panel_arms__LSTM__electronics__no_ar-kmeans_8-valendin
real_panel_arms__LSTM__electronics__no_ar-kmeans_8-valendin__a,LSTM,2,6.0,0.0865319147706031,0.2818111211683875,0.6346590969294564,real_panel_arms__LSTM__electronics__no_ar-kmeans_8-valendin
real_panel_arms__LSTM__electronics__no_ar-kmeans_8-valendin__a,LSTM,1,16.0,0.0877351396932051,0.30089203350595756,2.9943126694586515,real_panel_arms__LSTM__electronics__no_ar-kmeans_8-valendin
real_panel_arms__LSTM__electronics__no_ar-kmeans_8-valendin__a,LSTM,3,9.0,0.0847081206738948,0.2682277045598771,2.0569424760583956,real_panel_arms__LSTM__electronics__no_ar-kmeans_8-valendin
real_panel_arms__LSTM__electronics__no_ar-kmeans_8-valendin__a,LSTM,5,4.0,0.0883346982300281,0.2274802223334372,0.5053784195980103,real_panel_arms__LSTM__electronics__no_ar-kmeans_8-valendin
real_panel_arms__LSTM__electronics__no_ar-kmeans_8-valendin__a,LSTM,14,8.0,0.0863031037151813,0.2928666453326395,1.2550832928438542,real_panel_arms__LSTM__electronics__no_ar-kmeans_8-valendin
real_panel_arms__LSTM__electronics__no_ar-kmeans_8-valendin__a,LSTM,10,6.0,0.0849717184901237,0.3265589190274661,2.344483670135174,real_panel_arms__LSTM__electronics__no_ar-kmeans_8-valendin
real_panel_arms__LSTM__electronics__no_ar-kmeans_8-valendin__a,LSTM,12,66.0,0.0806637555360794,0.3126087047209386,4.256201244581487,real_panel_arms__LSTM__electronics__no_ar-kmeans_8-valendin
real_panel_arms__LSTM__electronics__no_ar-kmeans_8-valendin__a,LSTM,16,3.0,0.0875118736709867,0.21924614558495933,1.8286422547639396,real_panel_arms__LSTM__electronics__no_ar-kmeans_8-valendin
real_panel_arms__LSTM__electronics__no_ar-kmeans_8-valendin__a,LSTM,15,5.0,0.0844280357871736,0.2983997150303423,1.1420956843338819,real_panel_arms__LSTM__electronics__no_ar-kmeans_8-valendin
real_panel_arms__LSTM__electronics__no_ar-kmeans_8-valendin__a,LSTM,20,6.0,0.0882367957383394,0.19472409195389329,0.4132859855320737,real_panel_arms__LSTM__electronics__no_ar-kmeans_8-valendin
real_panel_arms__LSTM__electronics__no_ar-kmeans_8-valendin__a,LSTM,8,5.0,0.0893013839210782,0.2958360442846163,1.795709703055536,real_panel_arms__LSTM__electronics__no_ar-kmeans_8-valendin
real_panel_arms__LSTM__electronics__no_ar-kmeans_8-valendin__a,LSTM,6,11.0,0.0824859655247284,0.2782629960957586,2.702332619732584,real_panel_arms__LSTM__electronics__no_ar-kmeans_8-valendin
real_panel_arms__LSTM__electronics__no_ar-kmeans_8-valendin__a,LSTM,9,15.0,0.0862182639539241,0.12858566577382097,2.8331192927159905,real_panel_arms__LSTM__electronics__no_ar-kmeans_8-valendin
real_panel_arms__LSTM__electronics__no_ar-kmeans_8-valendin__a,LSTM,13,5.0,0.0846415683627128,0.2847710540405243,2.488183261572456,real_panel_arms__LSTM__electronics__no_ar-kmeans_8-valendin
real_panel_arms__LSTM__electronics__no_ar-no_cluster-valendin-no_tf__a,LSTM,19,8.0,0.0889239758253097,-0.008695851155137125,0.1854492062839823,real_panel_arms__LSTM__electronics__no_ar-no_cluster-valendin-no_tf
real_panel_arms__LSTM__electronics__no_ar-no_cluster-valendin-no_tf__a,LSTM,7,9.0,0.0892579741775989,-0.012383500913840223,0.173549684476533,real_panel_arms__LSTM__electronics__no_ar-no_cluster-valendin-no_tf
real_panel_arms__LSTM__electronics__no_ar-no_cluster-valendin-no_tf__a,LSTM,4,8.0,0.0882614143192768,0.03734236000468774,0.18569060794363584,real_panel_arms__LSTM__electronics__no_ar-no_cluster-valendin-no_tf
real_panel_arms__LSTM__electronics__no_ar-no_cluster-valendin-no_tf__a,LSTM,17,6.0,0.0889300610870122,0.012160987471576321,0.18942042338860918,real_panel_arms__LSTM__electronics__no_ar-no_cluster-valendin-no_tf
real_panel_arms__LSTM__electronics__no_ar-no_cluster-valendin-no_tf__a,LSTM,18,9.0,0.0879679471254348,0.04835702692787997,0.17394462580925824,real_panel_arms__LSTM__electronics__no_ar-no_cluster-valendin-no_tf
real_panel_arms__LSTM__electronics__no_ar-no_cluster-valendin-no_tf__a,LSTM,11,17.0,0.0886221397668123,0.02658546388421136,0.18663908674681212,real_panel_arms__LSTM__electronics__no_ar-no_cluster-valendin-no_tf
real_panel_arms__LSTM__electronics__no_ar-no_cluster-valendin-no_tf__a,LSTM,2,5.0,0.090105764567852,-0.017763550227241704,0.19628921824180115,real_panel_arms__LSTM__electronics__no_ar-no_cluster-valendin-no_tf
real_panel_arms__LSTM__electronics__no_ar-no_cluster-valendin-no_tf__a,LSTM,1,6.0,0.0886162109673023,0.015162100335876087,0.15985619422320785,real_panel_arms__LSTM__electronics__no_ar-no_cluster-valendin-no_tf
real_panel_arms__LSTM__electronics__no_ar-no_cluster-valendin-no_tf__a,LSTM,3,7.0,0.0885800924152135,0.045816022972847675,0.17230063460062514,real_panel_arms__LSTM__electronics__no_ar-no_cluster-valendin-no_tf
real_panel_arms__LSTM__electronics__no_ar-no_cluster-valendin-no_tf__a,LSTM,5,6.0,0.0888038035482168,-0.021887241450075288,0.17661498298486975,real_panel_arms__LSTM__electronics__no_ar-no_cluster-valendin-no_tf
real_panel_arms__LSTM__electronics__no_ar-no_cluster-valendin-no_tf__a,LSTM,14,7.0,0.0888016521930694,0.009670501363681675,0.1616578074031583,real_panel_arms__LSTM__electronics__no_ar-no_cluster-valendin-no_tf
real_panel_arms__LSTM__electronics__no_ar-no_cluster-valendin-no_tf__a,LSTM,10,6.0,0.0884761661291122,0.051949564835295184,0.19561270209787912,real_panel_arms__LSTM__electronics__no_ar-no_cluster-valendin-no_tf
real_panel_arms__LSTM__electronics__no_ar-no_cluster-valendin-no_tf__a,LSTM,12,7.0,0.0905703849026135,0.12607921335806227,0.21378902949436243,real_panel_arms__LSTM__electronics__no_ar-no_cluster-valendin-no_tf
real_panel_arms__LSTM__electronics__no_ar-no_cluster-valendin-no_tf__a,LSTM,16,81.0,0.089279718697071,0.00012290889005863538,0.15389604097353257,real_panel_arms__LSTM__electronics__no_ar-no_cluster-valendin-no_tf
real_panel_arms__LSTM__electronics__no_ar-no_cluster-valendin-no_tf__a,LSTM,15,7.0,0.0883966460824012,0.04314400807552899,0.18219584814741333,real_panel_arms__LSTM__electronics__no_ar-no_cluster-valendin-no_tf
real_panel_arms__LSTM__electronics__no_ar-no_cluster-valendin-no_tf__a,LSTM,20,11.0,0.0892327353358268,-0.012541403257717432,0.1815371270019228,real_panel_arms__LSTM__electronics__no_ar-no_cluster-valendin-no_tf
real_panel_arms__LSTM__electronics__no_ar-no_cluster-valendin-no_tf__a,LSTM,8,37.0,0.0886630934591476,0.3275463483355804,1.2735145800957846,real_panel_arms__LSTM__electronics__no_ar-no_cluster-valendin-no_tf
real_panel_arms__LSTM__electronics__no_ar-no_cluster-valendin-no_tf__a,LSTM,6,14.0,0.089270805940032,0.07495657424455904,0.18491010473278705,real_panel_arms__LSTM__electronics__no_ar-no_cluster-valendin-no_tf
real_panel_arms__LSTM__electronics__no_ar-no_cluster-valendin-no_tf__a,LSTM,9,8.0,0.0884119067341089,0.03959217226208657,0.19646685823764473,real_panel_arms__LSTM__electronics__no_ar-no_cluster-valendin-no_tf
real_panel_arms__LSTM__electronics__no_ar-no_cluster-valendin-no_tf__a,LSTM,13,31.0,0.0901967748426474,0.18705598030548073,0.5787122288747203,real_panel_arms__LSTM__electronics__no_ar-no_cluster-valendin-no_tf
real_panel_arms__LSTM__electronics__no_ar-no_cluster-valendin__a,LSTM,19,7.0,0.0890440754592418,-0.03715671052355487,0.17236236030450994,real_panel_arms__LSTM__electronics__no_ar-no_cluster-valendin
real_panel_arms__LSTM__electronics__no_ar-no_cluster-valendin__a,LSTM,7,8.0,0.0888982284814119,0.01945458147887943,0.17800596022571477,real_panel_arms__LSTM__electronics__no_ar-no_cluster-valendin
real_panel_arms__LSTM__electronics__no_ar-no_cluster-valendin__a,LSTM,4,8.0,0.0891817323863506,0.004617778129202565,0.16907939039388298,real_panel_arms__LSTM__electronics__no_ar-no_cluster-valendin
real_panel_arms__LSTM__electronics__no_ar-no_cluster-valendin__a,LSTM,17,20.0,0.0885470615556607,0.30703189400771935,0.9546475853287285,real_panel_arms__LSTM__electronics__no_ar-no_cluster-valendin
real_panel_arms__LSTM__electronics__no_ar-no_cluster-valendin__a,LSTM,18,9.0,0.0890407506376504,0.028024172132703886,0.1825620441912787,real_panel_arms__LSTM__electronics__no_ar-no_cluster-valendin
real_panel_arms__LSTM__electronics__no_ar-no_cluster-valendin__a,LSTM,11,8.0,0.0890349075198173,0.016853386451844293,0.1833228885477217,real_panel_arms__LSTM__electronics__no_ar-no_cluster-valendin
real_panel_arms__LSTM__electronics__no_ar-no_cluster-valendin__a,LSTM,2,6.0,0.0896846987307071,-0.024351210765685728,0.173573303549468,real_panel_arms__LSTM__electronics__no_ar-no_cluster-valendin
real_panel_arms__LSTM__electronics__no_ar-no_cluster-valendin__a,LSTM,1,4.0,0.0913563274911471,-0.0013539120439761967,0.19534025730773105,real_panel_arms__LSTM__electronics__no_ar-no_cluster-valendin
real_panel_arms__LSTM__electronics__no_ar-no_cluster-valendin__a,LSTM,3,9.0,0.0890165045857429,0.03252239424238858,0.17149292935353855,real_panel_arms__LSTM__electronics__no_ar-no_cluster-valendin
real_panel_arms__LSTM__electronics__no_ar-no_cluster-valendin__a,LSTM,5,10.0,0.0892394725233316,-0.00981897787979335,0.1968046210342032,real_panel_arms__LSTM__electronics__no_ar-no_cluster-valendin
real_panel_arms__LSTM__electronics__no_ar-no_cluster-valendin__a,LSTM,14,7.0,0.0890285782516002,0.06464895464852075,0.2005081317408109,real_panel_arms__LSTM__electronics__no_ar-no_cluster-valendin
real_panel_arms__LSTM__electronics__no_ar-no_cluster-valendin__a,LSTM,10,10.0,0.0890622790902853,0.034430569855838616,0.19192609972372138,real_panel_arms__LSTM__electronics__no_ar-no_cluster-valendin
real_panel_arms__LSTM__electronics__no_ar-no_cluster-valendin__a,LSTM,12,11.0,0.0889401491731405,0.08443272253870485,0.19757617902959926,real_panel_arms__LSTM__electronics__no_ar-no_cluster-valendin
real_panel_arms__LSTM__electronics__no_ar-no_cluster-valendin__a,LSTM,16,10.0,0.0891769398003816,-0.00474224285126192,0.2047189260810968,real_panel_arms__LSTM__electronics__no_ar-no_cluster-valendin
real_panel_arms__LSTM__electronics__no_ar-no_cluster-valendin__a,LSTM,15,14.0,0.088991854339838,0.024799544352141514,0.19483923604978573,real_panel_arms__LSTM__electronics__no_ar-no_cluster-valendin
real_panel_arms__LSTM__electronics__no_ar-no_cluster-valendin__a,LSTM,20,5.0,0.0893215164542198,-0.00486372148453229,0.16250855998236424,real_panel_arms__LSTM__electronics__no_ar-no_cluster-valendin
real_panel_arms__LSTM__electronics__no_ar-no_cluster-valendin__a,LSTM,8,7.0,0.0910208714859826,0.10460140052792208,0.20220384197294783,real_panel_arms__LSTM__electronics__no_ar-no_cluster-valendin
real_panel_arms__LSTM__electronics__no_ar-no_cluster-valendin__a,LSTM,6,11.0,0.089009091258049,0.03346165177446552,0.18450094364699338,real_panel_arms__LSTM__electronics__no_ar-no_cluster-valendin
real_panel_arms__LSTM__electronics__no_ar-no_cluster-valendin__a,LSTM,9,8.0,0.0892479326575994,0.041386745982077,0.1816713123723301,real_panel_arms__LSTM__electronics__no_ar-no_cluster-valendin
real_panel_arms__LSTM__electronics__no_ar-no_cluster-valendin__a,LSTM,13,2.0,0.089881669729948,0.003111706074078421,0.18892961049216125,real_panel_arms__LSTM__electronics__no_ar-no_cluster-valendin
real_panel_arms__Transformer__electronics__ar_bounded-kmeans_8-valendin__a,Transformer,19,17.0,0.0807646183440318,0.313203139359121,2.0471394756329895,real_panel_arms__Transformer__electronics__ar_bounded-kmeans_8-valendin
real_panel_arms__Transformer__electronics__ar_bounded-kmeans_8-valendin__a,Transformer,7,28.0,0.0823198728836499,0.31282411322542175,2.1772982568891464,real_panel_arms__Transformer__electronics__ar_bounded-kmeans_8-valendin
real_panel_arms__Transformer__electronics__ar_bounded-kmeans_8-valendin__a,Transformer,4,34.0,0.0803306134683745,0.32974569182550423,3.171855017264378,real_panel_arms__Transformer__electronics__ar_bounded-kmeans_8-valendin
real_panel_arms__Transformer__electronics__ar_bounded-kmeans_8-valendin__a,Transformer,17,24.0,0.0786131173372268,0.3090883921233443,1.311684620643633,real_panel_arms__Transformer__electronics__ar_bounded-kmeans_8-valendin
real_panel_arms__Transformer__electronics__ar_bounded-kmeans_8-valendin__a,Transformer,18,28.0,0.0785372667014598,0.3075120068872353,3.4717335524121475,real_panel_arms__Transformer__electronics__ar_bounded-kmeans_8-valendin
real_panel_arms__Transformer__electronics__ar_bounded-kmeans_8-valendin__a,Transformer,11,18.0,0.078376704826951,0.30763609531225644,2.07332311098505,real_panel_arms__Transformer__electronics__ar_bounded-kmeans_8-valendin
real_panel_arms__Transformer__electronics__ar_bounded-kmeans_8-valendin__a,Transformer,2,26.0,0.0778077151626348,0.30249259479038876,2.40601801757069,real_panel_arms__Transformer__electronics__ar_bounded-kmeans_8-valendin
real_panel_arms__Transformer__electronics__ar_bounded-kmeans_8-valendin__a,Transformer,1,21.0,0.0802916586399078,0.31125813567483446,2.353484991721273,real_panel_arms__Transformer__electronics__ar_bounded-kmeans_8-valendin
real_panel_arms__Transformer__electronics__ar_bounded-kmeans_8-valendin__a,Transformer,3,37.0,0.0784273706376552,0.33016002663218524,3.198554126590554,real_panel_arms__Transformer__electronics__ar_bounded-kmeans_8-valendin
real_panel_arms__Transformer__electronics__ar_bounded-kmeans_8-valendin__a,Transformer,5,30.0,0.0791890509426593,0.31492170961485505,2.35505868844783,real_panel_arms__Transformer__electronics__ar_bounded-kmeans_8-valendin
real_panel_arms__Transformer__electronics__ar_bounded-kmeans_8-valendin__a,Transformer,14,14.0,0.0804928807275635,0.2911798848373386,2.4608518793258245,real_panel_arms__Transformer__electronics__ar_bounded-kmeans_8-valendin
real_panel_arms__Transformer__electronics__ar_bounded-kmeans_8-valendin__a,Transformer,10,15.0,0.0807740869266646,0.32957198998777903,2.5048630807611265,real_panel_arms__Transformer__electronics__ar_bounded-kmeans_8-valendin
real_panel_arms__Transformer__electronics__ar_bounded-kmeans_8-valendin__a,Transformer,12,22.0,0.0788531694561243,0.3055618290545281,2.677768204450214,real_panel_arms__Transformer__electronics__ar_bounded-kmeans_8-valendin
real_panel_arms__Transformer__electronics__ar_bounded-kmeans_8-valendin__a,Transformer,16,47.0,0.0789566338062286,0.29650675399558585,1.9142739924437204,real_panel_arms__Transformer__electronics__ar_bounded-kmeans_8-valendin
real_panel_arms__Transformer__electronics__ar_bounded-kmeans_8-valendin__a,Transformer,15,14.0,0.0799158699810504,0.27742964438651624,1.2570943463972486,real_panel_arms__Transformer__electronics__ar_bounded-kmeans_8-valendin
real_panel_arms__Transformer__electronics__ar_bounded-kmeans_8-valendin__a,Transformer,20,31.0,0.0790882278233766,0.30353240472629034,3.1201242234068824,real_panel_arms__Transformer__electronics__ar_bounded-kmeans_8-valendin
real_panel_arms__Transformer__electronics__ar_bounded-kmeans_8-valendin__a,Transformer,8,22.0,0.0807340549571173,0.314986241711378,2.5196858660453483,real_panel_arms__Transformer__electronics__ar_bounded-kmeans_8-valendin
real_panel_arms__Transformer__electronics__ar_bounded-kmeans_8-valendin__a,Transformer,6,37.0,0.0800968706607818,0.30215125436527807,2.5276901147992685,real_panel_arms__Transformer__electronics__ar_bounded-kmeans_8-valendin
real_panel_arms__Transformer__electronics__ar_bounded-kmeans_8-valendin__a,Transformer,9,26.0,0.0788957141339778,0.33031817329300567,1.736556674644314,real_panel_arms__Transformer__electronics__ar_bounded-kmeans_8-valendin
real_panel_arms__Transformer__electronics__ar_bounded-kmeans_8-valendin__a,Transformer,13,22.0,0.0794456899166107,0.29613494721783173,2.3476596552362174,real_panel_arms__Transformer__electronics__ar_bounded-kmeans_8-valendin
real_panel_arms__Transformer__electronics__ar_bounded-no_cluster-valendin__a,Transformer,19,29.0,0.0849816780537366,0.27527306617078146,0.5098513843969195,real_panel_arms__Transformer__electronics__ar_bounded-no_cluster-valendin
real_panel_arms__Transformer__electronics__ar_bounded-no_cluster-valendin__a,Transformer,7,17.0,0.0853697508573532,0.20712230359502096,0.292455803477039,real_panel_arms__Transformer__electronics__ar_bounded-no_cluster-valendin
real_panel_arms__Transformer__electronics__ar_bounded-no_cluster-valendin__a,Transformer,4,30.0,0.0855290722101926,0.2538801188483896,0.38032365518837885,real_panel_arms__Transformer__electronics__ar_bounded-no_cluster-valendin
real_panel_arms__Transformer__electronics__ar_bounded-no_cluster-valendin__a,Transformer,17,26.0,0.0851176120340824,0.22748647457746216,0.269189020662077,real_panel_arms__Transformer__electronics__ar_bounded-no_cluster-valendin
real_panel_arms__Transformer__electronics__ar_bounded-no_cluster-valendin__a,Transformer,18,25.0,0.0850549731403589,-0.12074654268030252,0.18264473366569203,real_panel_arms__Transformer__electronics__ar_bounded-no_cluster-valendin
real_panel_arms__Transformer__electronics__ar_bounded-no_cluster-valendin__a,Transformer,11,29.0,0.08516351506114,0.1831129838312589,0.26631904405111445,real_panel_arms__Transformer__electronics__ar_bounded-no_cluster-valendin
real_panel_arms__Transformer__electronics__ar_bounded-no_cluster-valendin__a,Transformer,2,29.0,0.0851427875459194,0.2601075879676734,0.43735087077128965,real_panel_arms__Transformer__electronics__ar_bounded-no_cluster-valendin
real_panel_arms__Transformer__electronics__ar_bounded-no_cluster-valendin__a,Transformer,1,23.0,0.0853343941271305,0.2168204570660356,0.26574330651228245,real_panel_arms__Transformer__electronics__ar_bounded-no_cluster-valendin
real_panel_arms__Transformer__electronics__ar_bounded-no_cluster-valendin__a,Transformer,3,21.0,0.0850944761186838,0.22869999755623918,0.25260260161969555,real_panel_arms__Transformer__electronics__ar_bounded-no_cluster-valendin
real_panel_arms__Transformer__electronics__ar_bounded-no_cluster-valendin__a,Transformer,5,13.0,0.0853389650583267,0.2920652371244474,0.50875842281509,real_panel_arms__Transformer__electronics__ar_bounded-no_cluster-valendin
real_panel_arms__Transformer__electronics__ar_bounded-no_cluster-valendin__a,Transformer,14,36.0,0.0853966958820819,0.2541611444767277,0.2687502355989236,real_panel_arms__Transformer__electronics__ar_bounded-no_cluster-valendin
real_panel_arms__Transformer__electronics__ar_bounded-no_cluster-valendin__a,Transformer,10,23.0,0.0851691048592329,0.2853756087587995,0.33664111240533834,real_panel_arms__Transformer__electronics__ar_bounded-no_cluster-valendin
real_panel_arms__Transformer__electronics__ar_bounded-no_cluster-valendin__a,Transformer,12,29.0,0.0853580702096223,0.29944043915525953,0.8127322484756012,real_panel_arms__Transformer__electronics__ar_bounded-no_cluster-valendin
real_panel_arms__Transformer__electronics__ar_bounded-no_cluster-valendin__a,Transformer,16,20.0,0.0852231234312057,0.21195463202030954,0.405866919015365,real_panel_arms__Transformer__electronics__ar_bounded-no_cluster-valendin
real_panel_arms__Transformer__electronics__ar_bounded-no_cluster-valendin__a,Transformer,15,12.0,0.0855689253658056,0.18594212252914252,0.29064443992749656,real_panel_arms__Transformer__electronics__ar_bounded-no_cluster-valendin
real_panel_arms__Transformer__electronics__ar_bounded-no_cluster-valendin__a,Transformer,20,17.0,0.0851781480014324,0.25863289914911924,0.8647433263332367,real_panel_arms__Transformer__electronics__ar_bounded-no_cluster-valendin
real_panel_arms__Transformer__electronics__ar_bounded-no_cluster-valendin__a,Transformer,8,30.0,0.0851638726890087,0.30866794759800126,1.2577636387786795,real_panel_arms__Transformer__electronics__ar_bounded-no_cluster-valendin
real_panel_arms__Transformer__electronics__ar_bounded-no_cluster-valendin__a,Transformer,6,28.0,0.0852238480001688,0.30771781809750154,0.6808169879114533,real_panel_arms__Transformer__electronics__ar_bounded-no_cluster-valendin
real_panel_arms__Transformer__electronics__ar_bounded-no_cluster-valendin__a,Transformer,9,20.0,0.085029013454914,0.08347115061763812,0.2196979835353174,real_panel_arms__Transformer__electronics__ar_bounded-no_cluster-valendin
real_panel_arms__Transformer__electronics__ar_bounded-no_cluster-valendin__a,Transformer,13,13.0,0.0853056572377681,-0.20247736273095585,0.24902808723534742,real_panel_arms__Transformer__electronics__ar_bounded-no_cluster-valendin
real_panel_arms__Transformer__electronics__no_ar-kmeans_8-valendin-no_tf__a,Transformer,19,20.0,0.0783484242856502,0.294089027993931,3.10576773259134,real_panel_arms__Transformer__electronics__no_ar-kmeans_8-valendin-no_tf
real_panel_arms__Transformer__electronics__no_ar-kmeans_8-valendin-no_tf__a,Transformer,7,25.0,0.0804510169795581,0.30243307790508617,2.581156946397625,real_panel_arms__Transformer__electronics__no_ar-kmeans_8-valendin-no_tf
real_panel_arms__Transformer__electronics__no_ar-kmeans_8-valendin-no_tf__a,Transformer,4,26.0,0.0818703653147587,0.3303694336407581,2.6946564441064607,real_panel_arms__Transformer__electronics__no_ar-kmeans_8-valendin-no_tf
real_panel_arms__Transformer__electronics__no_ar-kmeans_8-valendin-no_tf__a,Transformer,17,24.0,0.0790571402758359,0.30094310995300344,4.615368758002037,real_panel_arms__Transformer__electronics__no_ar-kmeans_8-valendin-no_tf
real_panel_arms__Transformer__electronics__no_ar-kmeans_8-valendin-no_tf__a,Transformer,18,10.0,0.080468221434525,0.3177110119830592,2.1526780356824187,real_panel_arms__Transformer__electronics__no_ar-kmeans_8-valendin-no_tf
real_panel_arms__Transformer__electronics__no_ar-kmeans_8-valendin-no_tf__a,Transformer,11,21.0,0.0778424981981515,0.3234171367248739,2.825223640219325,real_panel_arms__Transformer__electronics__no_ar-kmeans_8-valendin-no_tf
real_panel_arms__Transformer__electronics__no_ar-kmeans_8-valendin-no_tf__a,Transformer,2,36.0,0.0787345245480537,0.2991448773337845,2.8311657606581004,real_panel_arms__Transformer__electronics__no_ar-kmeans_8-valendin-no_tf
real_panel_arms__Transformer__electronics__no_ar-kmeans_8-valendin-no_tf__a,Transformer,1,21.0,0.0811100751161575,0.3272513265908333,2.1059848446792393,real_panel_arms__Transformer__electronics__no_ar-kmeans_8-valendin-no_tf
real_panel_arms__Transformer__electronics__no_ar-kmeans_8-valendin-no_tf__a,Transformer,3,32.0,0.0811548244494658,0.29385875103468984,2.7154518884708136,real_panel_arms__Transformer__electronics__no_ar-kmeans_8-valendin-no_tf
real_panel_arms__Transformer__electronics__no_ar-kmeans_8-valendin-no_tf__a,Transformer,5,34.0,0.0812108125537633,0.30977412749203215,2.9577673469415053,real_panel_arms__Transformer__electronics__no_ar-kmeans_8-valendin-no_tf
real_panel_arms__Transformer__electronics__no_ar-kmeans_8-valendin-no_tf__a,Transformer,14,20.0,0.080221054809434,0.30961485444346,3.0164196133953105,real_panel_arms__Transformer__electronics__no_ar-kmeans_8-valendin-no_tf
real_panel_arms__Transformer__electronics__no_ar-kmeans_8-valendin-no_tf__a,Transformer,10,15.0,0.0820406941840281,0.30774209028637256,2.8413904745440197,real_panel_arms__Transformer__electronics__no_ar-kmeans_8-valendin-no_tf
real_panel_arms__Transformer__electronics__no_ar-kmeans_8-valendin-no_tf__a,Transformer,12,16.0,0.0805342788142817,0.3115252161738892,2.217005846151169,real_panel_arms__Transformer__electronics__no_ar-kmeans_8-valendin-no_tf
real_panel_arms__Transformer__electronics__no_ar-kmeans_8-valendin-no_tf__a,Transformer,16,17.0,0.0798331296869686,0.2867595480562994,2.5460658686724695,real_panel_arms__Transformer__electronics__no_ar-kmeans_8-valendin-no_tf
real_panel_arms__Transformer__electronics__no_ar-kmeans_8-valendin-no_tf__a,Transformer,15,33.0,0.0778858941048383,0.30744518958952016,1.5957734400974044,real_panel_arms__Transformer__electronics__no_ar-kmeans_8-valendin-no_tf
real_panel_arms__Transformer__electronics__no_ar-kmeans_8-valendin-no_tf__a,Transformer,20,41.0,0.07858014293015,0.303762175246574,2.8481835814095318,real_panel_arms__Transformer__electronics__no_ar-kmeans_8-valendin-no_tf
real_panel_arms__Transformer__electronics__no_ar-kmeans_8-valendin-no_tf__a,Transformer,8,16.0,0.0808353126049041,0.3192568691024953,2.3487519608637535,real_panel_arms__Transformer__electronics__no_ar-kmeans_8-valendin-no_tf
real_panel_arms__Transformer__electronics__no_ar-kmeans_8-valendin-no_tf__a,Transformer,6,18.0,0.0794864632189273,0.331048669902433,2.479445712700233,real_panel_arms__Transformer__electronics__no_ar-kmeans_8-valendin-no_tf
real_panel_arms__Transformer__electronics__no_ar-kmeans_8-valendin-no_tf__a,Transformer,9,17.0,0.0800140308482306,0.3080195035121604,2.2812969697677317,real_panel_arms__Transformer__electronics__no_ar-kmeans_8-valendin-no_tf
real_panel_arms__Transformer__electronics__no_ar-kmeans_8-valendin-no_tf__a,Transformer,13,32.0,0.0796359474105494,0.2989018237980028,2.8476967097579853,real_panel_arms__Transformer__electronics__no_ar-kmeans_8-valendin-no_tf
real_panel_arms__Transformer__electronics__no_ar-kmeans_8-valendin__a,Transformer,19,25.0,0.0806493918810572,0.3165148955769792,2.046325072256056,real_panel_arms__Transformer__electronics__no_ar-kmeans_8-valendin
real_panel_arms__Transformer__electronics__no_ar-kmeans_8-valendin__a,Transformer,7,19.0,0.0804484784603118,0.31135250683133076,3.074789357520538,real_panel_arms__Transformer__electronics__no_ar-kmeans_8-valendin
real_panel_arms__Transformer__electronics__no_ar-kmeans_8-valendin__a,Transformer,4,8.0,0.0799974277615547,0.28536716690789643,1.9793160625242405,real_panel_arms__Transformer__electronics__no_ar-kmeans_8-valendin
real_panel_arms__Transformer__electronics__no_ar-kmeans_8-valendin__a,Transformer,17,49.0,0.0798328854143619,0.30107804730330595,3.6512309246912027,real_panel_arms__Transformer__electronics__no_ar-kmeans_8-valendin
real_panel_arms__Transformer__electronics__no_ar-kmeans_8-valendin__a,Transformer,18,31.0,0.0805914975129641,0.30912063015836394,2.321208336976896,real_panel_arms__Transformer__electronics__no_ar-kmeans_8-valendin
real_panel_arms__Transformer__electronics__no_ar-kmeans_8-valendin__a,Transformer,11,27.0,0.0806241876312664,0.3163330731876932,3.0239907969866073,real_panel_arms__Transformer__electronics__no_ar-kmeans_8-valendin
real_panel_arms__Transformer__electronics__no_ar-kmeans_8-valendin__a,Transformer,2,21.0,0.0784792937338352,0.3040697527128294,2.971826599071934,real_panel_arms__Transformer__electronics__no_ar-kmeans_8-valendin
real_panel_arms__Transformer__electronics__no_ar-kmeans_8-valendin__a,Transformer,1,19.0,0.0795971639454364,0.2726255323431492,1.358557791879488,real_panel_arms__Transformer__electronics__no_ar-kmeans_8-valendin
real_panel_arms__Transformer__electronics__no_ar-kmeans_8-valendin__a,Transformer,3,22.0,0.0808111035398074,0.30470426655606847,1.9034063747591283,real_panel_arms__Transformer__electronics__no_ar-kmeans_8-valendin
real_panel_arms__Transformer__electronics__no_ar-kmeans_8-valendin__a,Transformer,5,30.0,0.0792991612106561,0.27901642926673537,2.0110512059372443,real_panel_arms__Transformer__electronics__no_ar-kmeans_8-valendin
real_panel_arms__Transformer__electronics__no_ar-kmeans_8-valendin__a,Transformer,14,30.0,0.0815031367998856,0.30140628803260555,2.589388918883625,real_panel_arms__Transformer__electronics__no_ar-kmeans_8-valendin
real_panel_arms__Transformer__electronics__no_ar-kmeans_8-valendin__a,Transformer,10,22.0,0.079741749380316,0.3019529100778495,2.320717791649552,real_panel_arms__Transformer__electronics__no_ar-kmeans_8-valendin
real_panel_arms__Transformer__electronics__no_ar-kmeans_8-valendin__a,Transformer,12,24.0,0.0813808375253127,0.3305269128064503,3.0295984197808297,real_panel_arms__Transformer__electronics__no_ar-kmeans_8-valendin
real_panel_arms__Transformer__electronics__no_ar-kmeans_8-valendin__a,Transformer,16,25.0,0.0819941111482106,0.3008204257972137,3.042929950008602,real_panel_arms__Transformer__electronics__no_ar-kmeans_8-valendin
real_panel_arms__Transformer__electronics__no_ar-kmeans_8-valendin__a,Transformer,15,10.0,0.0795005094259977,0.3041974055216927,1.475678352879203,real_panel_arms__Transformer__electronics__no_ar-kmeans_8-valendin
real_panel_arms__Transformer__electronics__no_ar-kmeans_8-valendin__a,Transformer,20,37.0,0.0784102492034435,0.2987845224344726,2.3657575892703107,real_panel_arms__Transformer__electronics__no_ar-kmeans_8-valendin
real_panel_arms__Transformer__electronics__no_ar-kmeans_8-valendin__a,Transformer,8,20.0,0.0787244793027639,0.30457318400394107,1.626558212975165,real_panel_arms__Transformer__electronics__no_ar-kmeans_8-valendin
real_panel_arms__Transformer__electronics__no_ar-kmeans_8-valendin__a,Transformer,6,27.0,0.0780541207641363,0.29775428196783754,2.2327910809482248,real_panel_arms__Transformer__electronics__no_ar-kmeans_8-valendin
real_panel_arms__Transformer__electronics__no_ar-kmeans_8-valendin__a,Transformer,9,32.0,0.0780889298766851,0.31012895749644076,1.6975627138549714,real_panel_arms__Transformer__electronics__no_ar-kmeans_8-valendin
real_panel_arms__Transformer__electronics__no_ar-kmeans_8-valendin__a,Transformer,13,30.0,0.0780615303665399,0.2890466136369321,2.7523895380116246,real_panel_arms__Transformer__electronics__no_ar-kmeans_8-valendin
real_panel_arms__Transformer__electronics__no_ar-no_cluster-valendin-no_tf__a,Transformer,19,26.0,0.0862538143992424,0.08024701723676761,0.21535783087092383,real_panel_arms__Transformer__electronics__no_ar-no_cluster-valendin-no_tf
real_panel_arms__Transformer__electronics__no_ar-no_cluster-valendin-no_tf__a,Transformer,7,28.0,0.0875179935246706,0.23173272356799618,0.6263808429693423,real_panel_arms__Transformer__electronics__no_ar-no_cluster-valendin-no_tf
real_panel_arms__Transformer__electronics__no_ar-no_cluster-valendin-no_tf__a,Transformer,4,24.0,0.0868396554142236,0.30053924597769976,1.2835475297713055,real_panel_arms__Transformer__electronics__no_ar-no_cluster-valendin-no_tf
real_panel_arms__Transformer__electronics__no_ar-no_cluster-valendin-no_tf__a,Transformer,17,28.0,0.0882817786186933,0.13363764799177105,0.4044555810958262,real_panel_arms__Transformer__electronics__no_ar-no_cluster-valendin-no_tf
real_panel_arms__Transformer__electronics__no_ar-no_cluster-valendin-no_tf__a,Transformer,18,13.0,0.0878495555371046,0.042804104720838225,0.20369572290387022,real_panel_arms__Transformer__electronics__no_ar-no_cluster-valendin-no_tf
real_panel_arms__Transformer__electronics__no_ar-no_cluster-valendin-no_tf__a,Transformer,11,26.0,0.086078692227602,-0.026757559074165264,0.24297965592188728,real_panel_arms__Transformer__electronics__no_ar-no_cluster-valendin-no_tf
real_panel_arms__Transformer__electronics__no_ar-no_cluster-valendin-no_tf__a,Transformer,2,13.0,0.0876655578613281,0.10184817605639532,0.3173141103820633,real_panel_arms__Transformer__electronics__no_ar-no_cluster-valendin-no_tf
real_panel_arms__Transformer__electronics__no_ar-no_cluster-valendin-no_tf__a,Transformer,1,42.0,0.0861995294690132,0.23620358136419348,0.4220377747054922,real_panel_arms__Transformer__electronics__no_ar-no_cluster-valendin-no_tf
real_panel_arms__Transformer__electronics__no_ar-no_cluster-valendin-no_tf__a,Transformer,3,6.0,0.0892935693264007,-0.0026309153587219833,0.2575907089853777,real_panel_arms__Transformer__electronics__no_ar-no_cluster-valendin-no_tf
real_panel_arms__Transformer__electronics__no_ar-no_cluster-valendin-no_tf__a,Transformer,5,38.0,0.0858834348618984,0.283656963154276,1.110172634557849,real_panel_arms__Transformer__electronics__no_ar-no_cluster-valendin-no_tf
real_panel_arms__Transformer__electronics__no_ar-no_cluster-valendin-no_tf__a,Transformer,14,41.0,0.0859021693468093,-0.011983787010776212,0.18430635220799438,real_panel_arms__Transformer__electronics__no_ar-no_cluster-valendin-no_tf
real_panel_arms__Transformer__electronics__no_ar-no_cluster-valendin-no_tf__a,Transformer,10,23.0,0.0869253035634756,0.27297717150438794,0.6134417026083803,real_panel_arms__Transformer__electronics__no_ar-no_cluster-valendin-no_tf
real_panel_arms__Transformer__electronics__no_ar-no_cluster-valendin-no_tf__a,Transformer,12,34.0,0.0864871498197317,0.1599018972304327,0.185878007305296,real_panel_arms__Transformer__electronics__no_ar-no_cluster-valendin-no_tf
real_panel_arms__Transformer__electronics__no_ar-no_cluster-valendin-no_tf__a,Transformer,16,30.0,0.0872864313423633,0.19282484544553966,0.8156156488298769,real_panel_arms__Transformer__electronics__no_ar-no_cluster-valendin-no_tf
real_panel_arms__Transformer__electronics__no_ar-no_cluster-valendin-no_tf__a,Transformer,15,25.0,0.0861403476446867,-0.03885147801472239,0.27511588438326057,real_panel_arms__Transformer__electronics__no_ar-no_cluster-valendin-no_tf
real_panel_arms__Transformer__electronics__no_ar-no_cluster-valendin-no_tf__a,Transformer,20,19.0,0.0877913553267717,0.0008870352180493833,0.20490283040102678,real_panel_arms__Transformer__electronics__no_ar-no_cluster-valendin-no_tf
real_panel_arms__Transformer__electronics__no_ar-no_cluster-valendin-no_tf__a,Transformer,8,31.0,0.0866825077682733,0.2530363342918231,1.0234189308993766,real_panel_arms__Transformer__electronics__no_ar-no_cluster-valendin-no_tf
real_panel_arms__Transformer__electronics__no_ar-no_cluster-valendin-no_tf__a,Transformer,6,30.0,0.0868357419967651,0.2840252276888571,1.4027821505067548,real_panel_arms__Transformer__electronics__no_ar-no_cluster-valendin-no_tf
real_panel_arms__Transformer__electronics__no_ar-no_cluster-valendin-no_tf__a,Transformer,9,37.0,0.0876050498336553,0.23220223578973792,0.6579466893348427,real_panel_arms__Transformer__electronics__no_ar-no_cluster-valendin-no_tf
real_panel_arms__Transformer__electronics__no_ar-no_cluster-valendin-no_tf__a,Transformer,13,23.0,0.0870401673018932,0.21527437422715479,0.47812097884298016,real_panel_arms__Transformer__electronics__no_ar-no_cluster-valendin-no_tf
real_panel_arms__Transformer__electronics__no_ar-no_cluster-valendin__a,Transformer,19,10.0,0.0877342708408832,0.25407855003474644,0.9902108822477086,real_panel_arms__Transformer__electronics__no_ar-no_cluster-valendin
real_panel_arms__Transformer__electronics__no_ar-no_cluster-valendin__a,Transformer,7,28.0,0.0865705013275146,-0.024131805339727603,0.17045520904720185,real_panel_arms__Transformer__electronics__no_ar-no_cluster-valendin
real_panel_arms__Transformer__electronics__no_ar-no_cluster-valendin__a,Transformer,4,30.0,0.0865612067282199,0.19471861275794713,0.32350049427191635,real_panel_arms__Transformer__electronics__no_ar-no_cluster-valendin
real_panel_arms__Transformer__electronics__no_ar-no_cluster-valendin__a,Transformer,17,27.0,0.087365735322237,0.23048072797542873,0.40947364310546674,real_panel_arms__Transformer__electronics__no_ar-no_cluster-valendin
real_panel_arms__Transformer__electronics__no_ar-no_cluster-valendin__a,Transformer,18,17.0,0.0877908691763877,0.04026497659837619,0.19763515413221183,real_panel_arms__Transformer__electronics__no_ar-no_cluster-valendin
real_panel_arms__Transformer__electronics__no_ar-no_cluster-valendin__a,Transformer,11,33.0,0.0861900392919778,0.22984221561796855,0.8782001245833921,real_panel_arms__Transformer__electronics__no_ar-no_cluster-valendin
real_panel_arms__Transformer__electronics__no_ar-no_cluster-valendin__a,Transformer,2,28.0,0.0869653858244419,0.18523815178548095,0.6948697192768583,real_panel_arms__Transformer__electronics__no_ar-no_cluster-valendin
real_panel_arms__Transformer__electronics__no_ar-no_cluster-valendin__a,Transformer,1,24.0,0.0874034315347671,0.11823684145523412,0.24102321247786834,real_panel_arms__Transformer__electronics__no_ar-no_cluster-valendin
real_panel_arms__Transformer__electronics__no_ar-no_cluster-valendin__a,Transformer,3,18.0,0.0879258755594492,0.056942486715441915,0.16493639946967328,real_panel_arms__Transformer__electronics__no_ar-no_cluster-valendin
real_panel_arms__Transformer__electronics__no_ar-no_cluster-valendin__a,Transformer,5,17.0,0.0884342305362224,-0.008213282809373376,0.16380233854213258,real_panel_arms__Transformer__electronics__no_ar-no_cluster-valendin
real_panel_arms__Transformer__electronics__no_ar-no_cluster-valendin__a,Transformer,14,19.0,0.0875614732503891,-0.008706534220130548,0.18807954392231818,real_panel_arms__Transformer__electronics__no_ar-no_cluster-valendin
real_panel_arms__Transformer__electronics__no_ar-no_cluster-valendin__a,Transformer,10,15.0,0.0874242931604385,0.1355552538151418,0.23031283891047868,real_panel_arms__Transformer__electronics__no_ar-no_cluster-valendin
real_panel_arms__Transformer__electronics__no_ar-no_cluster-valendin__a,Transformer,12,30.0,0.0889933971422059,0.2104398371688555,1.054843008712807,real_panel_arms__Transformer__electronics__no_ar-no_cluster-valendin
real_panel_arms__Transformer__electronics__no_ar-no_cluster-valendin__a,Transformer,16,70.0,0.0891865385430199,0.2238907805381248,1.0153939778379042,real_panel_arms__Transformer__electronics__no_ar-no_cluster-valendin
real_panel_arms__Transformer__electronics__no_ar-no_cluster-valendin__a,Transformer,15,7.0,0.0878736358135938,0.09988566879421922,0.2793868959395926,real_panel_arms__Transformer__electronics__no_ar-no_cluster-valendin
real_panel_arms__Transformer__electronics__no_ar-no_cluster-valendin__a,Transformer,20,14.0,0.0881062168627977,-0.06727460698894791,0.29934454870776506,real_panel_arms__Transformer__electronics__no_ar-no_cluster-valendin
real_panel_arms__Transformer__electronics__no_ar-no_cluster-valendin__a,Transformer,8,22.0,0.0898702474167713,0.28408124015019054,0.8135073601616439,real_panel_arms__Transformer__electronics__no_ar-no_cluster-valendin
real_panel_arms__Transformer__electronics__no_ar-no_cluster-valendin__a,Transformer,6,35.0,0.0878241248428821,0.06158211142873648,0.16375896784527508,real_panel_arms__Transformer__electronics__no_ar-no_cluster-valendin
real_panel_arms__Transformer__electronics__no_ar-no_cluster-valendin__a,Transformer,9,20.0,0.0876310691237449,0.012743368037874224,0.20322280879537616,real_panel_arms__Transformer__electronics__no_ar-no_cluster-valendin
real_panel_arms__Transformer__electronics__no_ar-no_cluster-valendin__a,Transformer,13,27.0,0.0878570806235075,0.03494909252564767,0.18540155724521817,real_panel_arms__Transformer__electronics__no_ar-no_cluster-valendin
real_panel_arms__ValendinLSTM__electronics__no_ar-kmeans_8-valendin-no_tf__a,ValendinLSTM,19,22.0,0.0817654127111801,0.3083096689319065,3.8381394554062607,real_panel_arms__ValendinLSTM__electronics__no_ar-kmeans_8-valendin-no_tf
real_panel_arms__ValendinLSTM__electronics__no_ar-kmeans_8-valendin-no_tf__a,ValendinLSTM,7,38.0,0.0853781734521572,0.30327744793391614,1.868878143233729,real_panel_arms__ValendinLSTM__electronics__no_ar-kmeans_8-valendin-no_tf
real_panel_arms__ValendinLSTM__electronics__no_ar-kmeans_8-valendin-no_tf__a,ValendinLSTM,4,17.0,0.0875251572579145,0.06165190041132434,1.583957498777097,real_panel_arms__ValendinLSTM__electronics__no_ar-kmeans_8-valendin-no_tf
real_panel_arms__ValendinLSTM__electronics__no_ar-kmeans_8-valendin-no_tf__a,ValendinLSTM,17,33.0,0.0817007373731869,0.3235675846497727,2.3609977001257247,real_panel_arms__ValendinLSTM__electronics__no_ar-kmeans_8-valendin-no_tf
real_panel_arms__ValendinLSTM__electronics__no_ar-kmeans_8-valendin-no_tf__a,ValendinLSTM,18,36.0,0.081241101026535,0.3255096164802002,1.5834413825944498,real_panel_arms__ValendinLSTM__electronics__no_ar-kmeans_8-valendin-no_tf
real_panel_arms__ValendinLSTM__electronics__no_ar-kmeans_8-valendin-no_tf__a,ValendinLSTM,11,97.0,0.0808207413979939,0.31835410157896504,1.3188834505472657,real_panel_arms__ValendinLSTM__electronics__no_ar-kmeans_8-valendin-no_tf
real_panel_arms__ValendinLSTM__electronics__no_ar-kmeans_8-valendin-no_tf__a,ValendinLSTM,2,24.0,0.0817458715576392,0.3181315138587812,2.885160855527411,real_panel_arms__ValendinLSTM__electronics__no_ar-kmeans_8-valendin-no_tf
real_panel_arms__ValendinLSTM__electronics__no_ar-kmeans_8-valendin-no_tf__a,ValendinLSTM,1,43.0,0.0806744044216779,0.29764420622727233,3.5478664078940936,real_panel_arms__ValendinLSTM__electronics__no_ar-kmeans_8-valendin-no_tf
real_panel_arms__ValendinLSTM__electronics__no_ar-kmeans_8-valendin-no_tf__a,ValendinLSTM,3,11.0,0.0875623356550931,0.28789537695564765,0.9152279105941423,real_panel_arms__ValendinLSTM__electronics__no_ar-kmeans_8-valendin-no_tf
real_panel_arms__ValendinLSTM__electronics__no_ar-kmeans_8-valendin-no_tf__a,ValendinLSTM,5,43.0,0.0814229662601764,0.31315201976847273,3.0577689220174133,real_panel_arms__ValendinLSTM__electronics__no_ar-kmeans_8-valendin-no_tf
real_panel_arms__ValendinLSTM__electronics__no_ar-kmeans_8-valendin-no_tf__a,ValendinLSTM,14,31.0,0.0815891302548922,0.3249372884455539,3.120038921934906,real_panel_arms__ValendinLSTM__electronics__no_ar-kmeans_8-valendin-no_tf
real_panel_arms__ValendinLSTM__electronics__no_ar-kmeans_8-valendin-no_tf__a,ValendinLSTM,10,14.0,0.0880974065512418,0.1387110430616374,1.2364429673676878,real_panel_arms__ValendinLSTM__electronics__no_ar-kmeans_8-valendin-no_tf
real_panel_arms__ValendinLSTM__electronics__no_ar-kmeans_8-valendin-no_tf__a,ValendinLSTM,12,44.0,0.0803505565438951,0.3105743961058723,6.133915404498659,real_panel_arms__ValendinLSTM__electronics__no_ar-kmeans_8-valendin-no_tf
real_panel_arms__ValendinLSTM__electronics__no_ar-kmeans_8-valendin-no_tf__a,ValendinLSTM,16,36.0,0.0808009029580996,0.3049470211858961,3.5034707761682164,real_panel_arms__ValendinLSTM__electronics__no_ar-kmeans_8-valendin-no_tf
real_panel_arms__ValendinLSTM__electronics__no_ar-kmeans_8-valendin-no_tf__a,ValendinLSTM,15,44.0,0.0810422791311374,0.3065472153192598,2.924398613483666,real_panel_arms__ValendinLSTM__electronics__no_ar-kmeans_8-valendin-no_tf
real_panel_arms__ValendinLSTM__electronics__no_ar-kmeans_8-valendin-no_tf__a,ValendinLSTM,20,26.0,0.0811498529062821,0.3193462946053075,4.112496107915279,real_panel_arms__ValendinLSTM__electronics__no_ar-kmeans_8-valendin-no_tf
real_panel_arms__ValendinLSTM__electronics__no_ar-kmeans_8-valendin-no_tf__a,ValendinLSTM,8,32.0,0.0815217257119142,0.3392723562168071,2.2072350657769197,real_panel_arms__ValendinLSTM__electronics__no_ar-kmeans_8-valendin-no_tf
real_panel_arms__ValendinLSTM__electronics__no_ar-kmeans_8-valendin-no_tf__a,ValendinLSTM,6,52.0,0.0804423104439463,0.2996653489212334,3.2318044832390136,real_panel_arms__ValendinLSTM__electronics__no_ar-kmeans_8-valendin-no_tf
real_panel_arms__ValendinLSTM__electronics__no_ar-kmeans_8-valendin-no_tf__a,ValendinLSTM,9,56.0,0.0815834211042294,0.3055303684306883,1.2835498502433802,real_panel_arms__ValendinLSTM__electronics__no_ar-kmeans_8-valendin-no_tf
real_panel_arms__ValendinLSTM__electronics__no_ar-kmeans_8-valendin-no_tf__a,ValendinLSTM,13,25.0,0.0819946298232445,0.31997936596190224,3.0692680317265943,real_panel_arms__ValendinLSTM__electronics__no_ar-kmeans_8-valendin-no_tf
real_panel_arms__ValendinLSTM__electronics__no_ar-no_cluster-valendin-no_tf__a,ValendinLSTM,19,7.0,0.089012524113059,-0.031129932516159215,0.19781489916674663,real_panel_arms__ValendinLSTM__electronics__no_ar-no_cluster-valendin-no_tf
real_panel_arms__ValendinLSTM__electronics__no_ar-no_cluster-valendin-no_tf__a,ValendinLSTM,7,20.0,0.088945135474205,0.043382375051882874,0.18359378497213757,real_panel_arms__ValendinLSTM__electronics__no_ar-no_cluster-valendin-no_tf
real_panel_arms__ValendinLSTM__electronics__no_ar-no_cluster-valendin-no_tf__a,ValendinLSTM,4,9.0,0.0891071502119302,-0.018366609458520203,0.203876100199367,real_panel_arms__ValendinLSTM__electronics__no_ar-no_cluster-valendin-no_tf
real_panel_arms__ValendinLSTM__electronics__no_ar-no_cluster-valendin-no_tf__a,ValendinLSTM,17,5.0,0.0913186871579715,0.01999042255761789,0.19385571782161012,real_panel_arms__ValendinLSTM__electronics__no_ar-no_cluster-valendin-no_tf
real_panel_arms__ValendinLSTM__electronics__no_ar-no_cluster-valendin-no_tf__a,ValendinLSTM,18,16.0,0.0890200864523649,0.04784007694442635,0.19442462657656814,real_panel_arms__ValendinLSTM__electronics__no_ar-no_cluster-valendin-no_tf
real_panel_arms__ValendinLSTM__electronics__no_ar-no_cluster-valendin-no_tf__a,ValendinLSTM,11,11.0,0.088678665459156,0.04339223125694757,0.2100720076254004,real_panel_arms__ValendinLSTM__electronics__no_ar-no_cluster-valendin-no_tf
real_panel_arms__ValendinLSTM__electronics__no_ar-no_cluster-valendin-no_tf__a,ValendinLSTM,2,30.0,0.0897781719955114,0.16544375668325834,0.7312210077464889,real_panel_arms__ValendinLSTM__electronics__no_ar-no_cluster-valendin-no_tf
real_panel_arms__ValendinLSTM__electronics__no_ar-no_cluster-valendin-no_tf__a,ValendinLSTM,1,9.0,0.0888082794845104,0.050120818098613705,0.19793949000969635,real_panel_arms__ValendinLSTM__electronics__no_ar-no_cluster-valendin-no_tf
real_panel_arms__ValendinLSTM__electronics__no_ar-no_cluster-valendin-no_tf__a,ValendinLSTM,3,5.0,0.0899175349622964,0.03591651158304336,0.18832429510494006,real_panel_arms__ValendinLSTM__electronics__no_ar-no_cluster-valendin-no_tf
real_panel_arms__ValendinLSTM__electronics__no_ar-no_cluster-valendin-no_tf__a,ValendinLSTM,5,7.0,0.0887683071196079,-0.008990647236981522,0.21685436919778855,real_panel_arms__ValendinLSTM__electronics__no_ar-no_cluster-valendin-no_tf
real_panel_arms__ValendinLSTM__electronics__no_ar-no_cluster-valendin-no_tf__a,ValendinLSTM,14,11.0,0.0891728773713111,-0.00012333361571726092,0.180350222613184,real_panel_arms__ValendinLSTM__electronics__no_ar-no_cluster-valendin-no_tf
real_panel_arms__ValendinLSTM__electronics__no_ar-no_cluster-valendin-no_tf__a,ValendinLSTM,10,11.0,0.0889634899795055,0.04708045835149468,0.1974675635248143,real_panel_arms__ValendinLSTM__electronics__no_ar-no_cluster-valendin-no_tf
real_panel_arms__ValendinLSTM__electronics__no_ar-no_cluster-valendin-no_tf__a,ValendinLSTM,12,7.0,0.0890836026519537,0.05383468491404071,0.20627391084071173,real_panel_arms__ValendinLSTM__electronics__no_ar-no_cluster-valendin-no_tf
real_panel_arms__ValendinLSTM__electronics__no_ar-no_cluster-valendin-no_tf__a,ValendinLSTM,16,7.0,0.0889987163245678,-0.03514134495479344,0.1932303447565637,real_panel_arms__ValendinLSTM__electronics__no_ar-no_cluster-valendin-no_tf
real_panel_arms__ValendinLSTM__electronics__no_ar-no_cluster-valendin-no_tf__a,ValendinLSTM,15,6.0,0.091446901006358,0.04810133985627119,0.18355519971356757,real_panel_arms__ValendinLSTM__electronics__no_ar-no_cluster-valendin-no_tf
real_panel_arms__ValendinLSTM__electronics__no_ar-no_cluster-valendin-no_tf__a,ValendinLSTM,20,11.0,0.0893577802926302,0.02691253360877054,0.1771173693558345,real_panel_arms__ValendinLSTM__electronics__no_ar-no_cluster-valendin-no_tf
real_panel_arms__ValendinLSTM__electronics__no_ar-no_cluster-valendin-no_tf__a,ValendinLSTM,8,9.0,0.0888536144047975,0.07329972391866509,0.20812386208516906,real_panel_arms__ValendinLSTM__electronics__no_ar-no_cluster-valendin-no_tf
real_panel_arms__ValendinLSTM__electronics__no_ar-no_cluster-valendin-no_tf__a,ValendinLSTM,6,8.0,0.0916415516819272,0.040994705250034756,0.16958248736755066,real_panel_arms__ValendinLSTM__electronics__no_ar-no_cluster-valendin-no_tf
real_panel_arms__ValendinLSTM__electronics__no_ar-no_cluster-valendin-no_tf__a,ValendinLSTM,9,7.0,0.0898286662995815,0.005505932108623399,0.18770473494096274,real_panel_arms__ValendinLSTM__electronics__no_ar-no_cluster-valendin-no_tf
real_panel_arms__ValendinLSTM__electronics__no_ar-no_cluster-valendin-no_tf__a,ValendinLSTM,13,7.0,0.0887470934540033,0.011101070892410823,0.22267769098960963,real_panel_arms__ValendinLSTM__electronics__no_ar-no_cluster-valendin-no_tf
real_panel_benchmarks__ValendinLSTM__electronics__r00,ValendinLSTM,1,11.0,0.0886000730097293,0.02251130080669676,0.1293329612130563,real_panel_benchmarks__ValendinLSTM__electronics__r00
real_panel_benchmarks__ValendinLSTM__electronics__r01,ValendinLSTM,1,13.0,0.0885949060320854,0.029442609079283616,0.13780779198399948,real_panel_benchmarks__ValendinLSTM__electronics__r01
real_panel_benchmarks__ValendinLSTM__electronics__r02,ValendinLSTM,1,8.0,0.0890019945800304,0.07110585148739536,0.132435631046886,real_panel_benchmarks__ValendinLSTM__electronics__r02
real_panel_benchmarks__ValendinLSTM__electronics__r03,ValendinLSTM,1,8.0,0.0887615121901035,-0.002703564732128762,0.14358226398335955,real_panel_benchmarks__ValendinLSTM__electronics__r03
real_panel_benchmarks__ValendinLSTM__electronics__r04,ValendinLSTM,1,8.0,0.0889856200665235,-0.038981330796027946,0.13258238846687323,real_panel_benchmarks__ValendinLSTM__electronics__r04
real_panel_benchmarks__ValendinLSTM__electronics__r05,ValendinLSTM,1,8.0,0.0888658482581377,0.043606524533242076,0.12632255732843078,real_panel_benchmarks__ValendinLSTM__electronics__r05
real_panel_benchmarks__ValendinLSTM__electronics__r06,ValendinLSTM,1,7.0,0.0889562219381332,0.03477837944567755,0.1181224826452659,real_panel_benchmarks__ValendinLSTM__electronics__r06
real_panel_benchmarks__ValendinLSTM__electronics__r07,ValendinLSTM,1,11.0,0.0893057081848383,0.026220316438262316,0.12933739873562022,real_panel_benchmarks__ValendinLSTM__electronics__r07
real_panel_benchmarks__ValendinLSTM__electronics__r08,ValendinLSTM,1,7.0,0.0889729987829923,0.05889537315357253,0.12600462614508853,real_panel_benchmarks__ValendinLSTM__electronics__r08
real_panel_benchmarks__ValendinLSTM__electronics__r09,ValendinLSTM,1,9.0,0.088867487385869,0.06582836129456245,0.12788881345889394,real_panel_benchmarks__ValendinLSTM__electronics__r09
real_panel_benchmarks__ValendinLSTM__electronics__r10,ValendinLSTM,1,7.0,0.0885919705033302,0.031351378132797925,0.12418924128062735,real_panel_benchmarks__ValendinLSTM__electronics__r10
real_panel_benchmarks__ValendinLSTM__electronics__r11,ValendinLSTM,1,7.0,0.0886686537414789,0.08270707502754229,0.1371079083332426,real_panel_benchmarks__ValendinLSTM__electronics__r11
real_panel_benchmarks__ValendinLSTM__electronics__r12,ValendinLSTM,1,6.0,0.0889243725687265,-0.009338486146500466,0.14481328634511972,real_panel_benchmarks__ValendinLSTM__electronics__r12
real_panel_benchmarks__ValendinLSTM__electronics__r13,ValendinLSTM,1,8.0,0.0891098398715257,0.060921660270529844,0.10879917643223559,real_panel_benchmarks__ValendinLSTM__electronics__r13
real_panel_benchmarks__ValendinLSTM__electronics__r14,ValendinLSTM,1,7.0,0.0891186892986297,0.039714594737008266,0.12511681323355042,real_panel_benchmarks__ValendinLSTM__electronics__r14
real_panel_benchmarks__ValendinLSTM__electronics__r15,ValendinLSTM,1,11.0,0.0887558218091726,0.022221738062393765,0.13040388199935904,real_panel_benchmarks__ValendinLSTM__electronics__r15
real_panel_benchmarks__ValendinLSTM__electronics__r16,ValendinLSTM,1,7.0,0.0890595912933349,-0.012493481409763195,0.1296903467564338,real_panel_benchmarks__ValendinLSTM__electronics__r16
real_panel_benchmarks__ValendinLSTM__electronics__r17,ValendinLSTM,1,17.0,0.0893792156130075,0.07746603800520986,0.13807602118230095,real_panel_benchmarks__ValendinLSTM__electronics__r17
real_panel_benchmarks__ValendinLSTM__electronics__r18,ValendinLSTM,1,8.0,0.0889247935265302,-0.008584994850771016,0.12906378853866687,real_panel_benchmarks__ValendinLSTM__electronics__r18
real_panel_benchmarks__ValendinLSTM__electronics__r19,ValendinLSTM,1,11.0,0.0887652933597564,0.04071891182503978,0.1317255551648317,real_panel_benchmarks__ValendinLSTM__electronics__r19
real_panel_lstm_bounded32__LSTM__electronics__r000,LSTM,1,36.0,0.0878598924194063,0.2136914650739151,0.402566064886608,real_panel_lstm_bounded32__LSTM__electronics__r000
real_panel_lstm_bounded32__LSTM__electronics__r001,LSTM,1,38.0,0.0849317219108343,0.2845345784091271,0.7291906229944303,real_panel_lstm_bounded32__LSTM__electronics__r001
real_panel_lstm_bounded32__LSTM__electronics__r002,LSTM,1,23.0,0.0861178170889616,0.2546880101863324,0.3373516284534031,real_panel_lstm_bounded32__LSTM__electronics__r002
real_panel_lstm_bounded32__LSTM__electronics__r003,LSTM,1,11.0,0.0880449840000697,0.2770268736441602,0.5801223791984212,real_panel_lstm_bounded32__LSTM__electronics__r003
real_panel_lstm_bounded32__LSTM__electronics__r004,LSTM,1,33.0,0.0855926889926195,0.2528502232753199,0.5360656076225706,real_panel_lstm_bounded32__LSTM__electronics__r004
real_panel_lstm_bounded32__LSTM__electronics__r005,LSTM,1,22.0,0.0872385842459542,0.2977831557324032,0.9272906496855888,real_panel_lstm_bounded32__LSTM__electronics__r005
real_panel_lstm_bounded32__LSTM__electronics__r006,LSTM,1,37.0,0.0861205104738473,0.2628455510051283,0.5755895302997749,real_panel_lstm_bounded32__LSTM__electronics__r006
real_panel_lstm_bounded32__LSTM__electronics__r007,LSTM,1,32.0,0.0869865162031991,0.29058276189420534,0.8017481718624201,real_panel_lstm_bounded32__LSTM__electronics__r007
real_panel_lstm_bounded32__LSTM__electronics__r008,LSTM,1,21.0,0.087340700839247,0.33007617967678105,0.6063632939051601,real_panel_lstm_bounded32__LSTM__electronics__r008
real_panel_lstm_bounded32__LSTM__electronics__r009,LSTM,1,26.0,0.086551584303379,0.23611699274138498,0.25992560942207593,real_panel_lstm_bounded32__LSTM__electronics__r009
real_panel_lstm_bounded32__LSTM__electronics__r010,LSTM,1,27.0,0.0880301591868584,0.31864394772308724,1.879556824626666,real_panel_lstm_bounded32__LSTM__electronics__r010
real_panel_lstm_bounded32__LSTM__electronics__r011,LSTM,1,26.0,0.0872449832303183,0.3217951949161296,0.9215407391153728,real_panel_lstm_bounded32__LSTM__electronics__r011
real_panel_lstm_bounded32__LSTM__electronics__r012,LSTM,1,20.0,0.0881891903968957,0.30918616314953984,1.1663610807351477,real_panel_lstm_bounded32__LSTM__electronics__r012
real_panel_lstm_bounded32__LSTM__electronics__r013,LSTM,1,35.0,0.0863512028008699,0.24812583281598252,0.24941506503732802,real_panel_lstm_bounded32__LSTM__electronics__r013
real_panel_lstm_bounded32__LSTM__electronics__r014,LSTM,1,23.0,0.0858907885849475,0.2551750283210237,0.5844634146582203,real_panel_lstm_bounded32__LSTM__electronics__r014
real_panel_lstm_bounded32__LSTM__electronics__r015,LSTM,1,30.0,0.0859352964907884,0.1737380875682837,0.24174371819421236,real_panel_lstm_bounded32__LSTM__electronics__r015
real_panel_lstm_bounded32__LSTM__electronics__r016,LSTM,1,28.0,0.0877226080213274,0.2291957591249598,0.44107460695634465,real_panel_lstm_bounded32__LSTM__electronics__r016
real_panel_lstm_bounded32__LSTM__electronics__r017,LSTM,1,31.0,0.0859270896762609,0.17133052420832662,0.29662044174188373,real_panel_lstm_bounded32__LSTM__electronics__r017
real_panel_lstm_bounded32__LSTM__electronics__r018,LSTM,1,25.0,0.0852276887744665,0.27983147003145215,0.8415046812899053,real_panel_lstm_bounded32__LSTM__electronics__r018
real_panel_lstm_bounded32__LSTM__electronics__r019,LSTM,1,31.0,0.0851569753140211,0.2800229741452809,0.7555956785333489,real_panel_lstm_bounded32__LSTM__electronics__r019
real_panel_lstm_bounded32__LSTM__electronics__r020,LSTM,1,35.0,0.0881603509187698,0.24202968409769984,0.21102150274147388,real_panel_lstm_bounded32__LSTM__electronics__r020
real_panel_lstm_bounded32__LSTM__electronics__r021,LSTM,1,39.0,0.0853248611092567,0.30514397472843985,0.4953458009055936,real_panel_lstm_bounded32__LSTM__electronics__r021
real_panel_lstm_bounded32__LSTM__electronics__r022,LSTM,1,28.0,0.0875077503068106,0.2594145394277518,0.38450584423265427,real_panel_lstm_bounded32__LSTM__electronics__r022
real_panel_lstm_bounded32__LSTM__electronics__r023,LSTM,1,55.0,0.0845503360033035,0.32475852860532983,0.883288484118119,real_panel_lstm_bounded32__LSTM__electronics__r023
real_panel_lstm_bounded32__LSTM__electronics__r024,LSTM,1,25.0,0.0859526228159666,0.3036402285885039,0.39722679302162517,real_panel_lstm_bounded32__LSTM__electronics__r024
real_panel_lstm_bounded32__LSTM__electronics__r025,LSTM,1,15.0,0.0877487648810659,0.2833597434579401,0.41899916288931893,real_panel_lstm_bounded32__LSTM__electronics__r025
real_panel_lstm_bounded32__LSTM__electronics__r026,LSTM,1,38.0,0.0856543090194463,0.25340760053663636,0.37728629067548003,real_panel_lstm_bounded32__LSTM__electronics__r026
real_panel_lstm_bounded32__LSTM__electronics__r027,LSTM,1,15.0,0.0872092340141534,0.17434543164758784,0.2494191724780718,real_panel_lstm_bounded32__LSTM__electronics__r027
real_panel_lstm_bounded32__LSTM__electronics__r028,LSTM,1,32.0,0.0870869510940143,0.2897048146872804,1.1777415229092063,real_panel_lstm_bounded32__LSTM__electronics__r028
real_panel_lstm_bounded32__LSTM__electronics__r029,LSTM,1,31.0,0.0855501871556043,0.265041716532143,0.3571450004578742,real_panel_lstm_bounded32__LSTM__electronics__r029
real_panel_lstm_bounded32__LSTM__electronics__r030,LSTM,1,48.0,0.0866183526813983,0.12867811500552725,0.20652838300904364,real_panel_lstm_bounded32__LSTM__electronics__r030
real_panel_lstm_bounded32__LSTM__electronics__r031,LSTM,1,27.0,0.0876828762037413,0.26994330065755795,0.7039704209558675,real_panel_lstm_bounded32__LSTM__electronics__r031
real_panel_lstm_bounded32__LSTM__electronics__r032,LSTM,1,16.0,0.086623229086399,0.23637422011462994,0.5715685282385216,real_panel_lstm_bounded32__LSTM__electronics__r032
real_panel_lstm_bounded32__LSTM__electronics__r033,LSTM,1,27.0,0.0868748724460601,0.28979318594182213,0.9782711292074256,real_panel_lstm_bounded32__LSTM__electronics__r033
real_panel_lstm_bounded32__LSTM__electronics__r034,LSTM,1,41.0,0.0860463082790374,0.2400471825446842,0.3584111546264898,real_panel_lstm_bounded32__LSTM__electronics__r034
real_panel_lstm_bounded32__LSTM__electronics__r035,LSTM,1,45.0,0.0848158746957779,0.2665597221944664,0.9147681717227953,real_panel_lstm_bounded32__LSTM__electronics__r035
real_panel_lstm_bounded32__LSTM__electronics__r036,LSTM,1,21.0,0.0885941483653508,0.2896580084304289,0.8210781689815676,real_panel_lstm_bounded32__LSTM__electronics__r036
real_panel_lstm_bounded32__LSTM__electronics__r037,LSTM,1,20.0,0.0883774290291162,0.30578783449402286,2.0607800169625397,real_panel_lstm_bounded32__LSTM__electronics__r037
real_panel_lstm_bounded32__LSTM__electronics__r038,LSTM,1,25.0,0.0869350582361221,0.3075727949786962,1.319616592841526,real_panel_lstm_bounded32__LSTM__electronics__r038
real_panel_lstm_bounded32__LSTM__electronics__r039,LSTM,1,23.0,0.0852195769548416,0.2472816541679064,0.9515392310420104,real_panel_lstm_bounded32__LSTM__electronics__r039
real_panel_lstm_bounded32__LSTM__electronics__r040,LSTM,1,22.0,0.0869693979620933,0.2640822712011646,0.23484881182422973,real_panel_lstm_bounded32__LSTM__electronics__r040
real_panel_lstm_bounded32__LSTM__electronics__r041,LSTM,1,21.0,0.0873036554881504,0.26711937860918644,1.1369469716365237,real_panel_lstm_bounded32__LSTM__electronics__r041
real_panel_lstm_bounded32__LSTM__electronics__r042,LSTM,1,27.0,0.0882812188221858,0.3337101153763446,1.5148962622850846,real_panel_lstm_bounded32__LSTM__electronics__r042
real_panel_lstm_bounded32__LSTM__electronics__r043,LSTM,1,21.0,0.0855750869959592,0.2650786603785959,0.8822710349616159,real_panel_lstm_bounded32__LSTM__electronics__r043
real_panel_lstm_bounded32__LSTM__electronics__r044,LSTM,1,31.0,0.0876878116812024,0.24012180853279366,0.42505320725723905,real_panel_lstm_bounded32__LSTM__electronics__r044
real_panel_lstm_bounded32__LSTM__electronics__r045,LSTM,1,15.0,0.0886500282929493,0.2812660140364922,0.3867165547316721,real_panel_lstm_bounded32__LSTM__electronics__r045
real_panel_lstm_bounded32__LSTM__electronics__r046,LSTM,1,59.0,0.0848412662744522,0.25807845485534553,1.0094369928757425,real_panel_lstm_bounded32__LSTM__electronics__r046
real_panel_lstm_bounded32__LSTM__electronics__r047,LSTM,1,29.0,0.0854283180087804,0.25625299185062816,0.3362418096441832,real_panel_lstm_bounded32__LSTM__electronics__r047
real_panel_lstm_bounded32__LSTM__electronics__r048,LSTM,1,33.0,0.0873007774353027,0.2871531844029622,0.5424193114670796,real_panel_lstm_bounded32__LSTM__electronics__r048
real_panel_lstm_bounded32__LSTM__electronics__r049,LSTM,1,23.0,0.0886303877028135,0.2788946181117518,0.5502838859887285,real_panel_lstm_bounded32__LSTM__electronics__r049
real_panel_lstm_bounded32__LSTM__electronics__r050,LSTM,1,38.0,0.0869875007442065,0.28482548427295584,1.1727469271944342,real_panel_lstm_bounded32__LSTM__electronics__r050
real_panel_lstm_bounded32__LSTM__electronics__r051,LSTM,1,23.0,0.087379375738757,0.27086304623114593,0.47055022720950435,real_panel_lstm_bounded32__LSTM__electronics__r051
real_panel_lstm_bounded32__LSTM__electronics__r052,LSTM,1,26.0,0.0857916567474603,0.24983515174286713,0.9933252126046171,real_panel_lstm_bounded32__LSTM__electronics__r052
real_panel_lstm_bounded32__LSTM__electronics__r053,LSTM,1,29.0,0.085461389273405,0.2618209454810261,0.6472730572771233,real_panel_lstm_bounded32__LSTM__electronics__r053
real_panel_lstm_bounded32__LSTM__electronics__r054,LSTM,1,39.0,0.0861381907016038,0.2548288186865393,0.39784005736760675,real_panel_lstm_bounded32__LSTM__electronics__r054
real_panel_lstm_bounded32__LSTM__electronics__r055,LSTM,1,30.0,0.0849851258099079,0.27176493429357335,0.7354172423136601,real_panel_lstm_bounded32__LSTM__electronics__r055
real_panel_lstm_bounded32__LSTM__electronics__r056,LSTM,1,26.0,0.0869985393115452,0.2843563300308576,0.9102310620813836,real_panel_lstm_bounded32__LSTM__electronics__r056
real_panel_lstm_bounded32__LSTM__electronics__r057,LSTM,1,29.0,0.0870962228093828,0.2958753314551371,0.9024089964472803,real_panel_lstm_bounded32__LSTM__electronics__r057
real_panel_lstm_bounded32__LSTM__electronics__r058,LSTM,1,13.0,0.0886720762803004,0.2810249234799807,0.614084883841375,real_panel_lstm_bounded32__LSTM__electronics__r058
real_panel_lstm_bounded32__LSTM__electronics__r059,LSTM,1,49.0,0.086573114618659,0.19352436582309562,0.25609129292654037,real_panel_lstm_bounded32__LSTM__electronics__r059
real_panel_lstm_bounded32__LSTM__electronics__r060,LSTM,1,24.0,0.0885030856499305,0.2652557228551189,0.6159638011212095,real_panel_lstm_bounded32__LSTM__electronics__r060
real_panel_lstm_bounded32__LSTM__electronics__r061,LSTM,1,57.0,0.0856981128454208,0.25895392113323423,0.4191107812199886,real_panel_lstm_bounded32__LSTM__electronics__r061
real_panel_lstm_bounded32__LSTM__electronics__r062,LSTM,1,23.0,0.0860858596861362,0.2583521028496036,0.32320035956350807,real_panel_lstm_bounded32__LSTM__electronics__r062
real_panel_lstm_bounded32__LSTM__electronics__r063,LSTM,1,39.0,0.0852521955966949,0.2363544740592894,0.48616937581495967,real_panel_lstm_bounded32__LSTM__electronics__r063
real_panel_lstm_bounded32__LSTM__electronics__r064,LSTM,1,22.0,0.0882863276279889,0.3129900437556858,1.0272148332577442,real_panel_lstm_bounded32__LSTM__electronics__r064
real_panel_lstm_bounded32__LSTM__electronics__r065,LSTM,1,13.0,0.087581775018147,0.28588633228597116,0.6645136793137274,real_panel_lstm_bounded32__LSTM__electronics__r065
real_panel_lstm_bounded32__LSTM__electronics__r066,LSTM,1,27.0,0.0853000935167074,0.2953425692407327,0.3962166337150809,real_panel_lstm_bounded32__LSTM__electronics__r066
real_panel_lstm_bounded32__LSTM__electronics__r067,LSTM,1,20.0,0.0857321619987487,0.27963802476650773,0.5685320551565195,real_panel_lstm_bounded32__LSTM__electronics__r067
real_panel_lstm_bounded32__LSTM__electronics__r068,LSTM,1,19.0,0.0884945426995937,0.2582182292588203,0.5200739393702729,real_panel_lstm_bounded32__LSTM__electronics__r068
real_panel_lstm_bounded32__LSTM__electronics__r069,LSTM,1,21.0,0.0859039947390556,0.23933925943886028,0.3364769428272711,real_panel_lstm_bounded32__LSTM__electronics__r069
real_panel_lstm_bounded32__LSTM__electronics__r070,LSTM,1,21.0,0.0876808698688234,0.2647509944998474,0.7358197125989677,real_panel_lstm_bounded32__LSTM__electronics__r070
real_panel_lstm_bounded32__LSTM__electronics__r071,LSTM,1,34.0,0.0851760730147361,0.23820235083009064,0.5563007858053014,real_panel_lstm_bounded32__LSTM__electronics__r071
real_panel_lstm_bounded32__LSTM__electronics__r072,LSTM,1,26.0,0.0883688869384618,0.2992898390405783,1.1561973895180007,real_panel_lstm_bounded32__LSTM__electronics__r072
real_panel_lstm_bounded32__LSTM__electronics__r073,LSTM,1,31.0,0.084748713299632,0.33203931802268455,0.8867807924726948,real_panel_lstm_bounded32__LSTM__electronics__r073
real_panel_lstm_bounded32__LSTM__electronics__r074,LSTM,1,17.0,0.0856825355440378,0.16320366746324014,0.46320743669240033,real_panel_lstm_bounded32__LSTM__electronics__r074
real_panel_lstm_bounded32__LSTM__electronics__r075,LSTM,1,36.0,0.0856278948485851,0.30789389094988723,0.6165985272989735,real_panel_lstm_bounded32__LSTM__electronics__r075
real_panel_lstm_bounded32__LSTM__electronics__r076,LSTM,1,24.0,0.0869242900184222,0.22515865210009267,0.8705482758810984,real_panel_lstm_bounded32__LSTM__electronics__r076
real_panel_lstm_bounded32__LSTM__electronics__r077,LSTM,1,22.0,0.0860665757209062,0.18565193779126055,0.25447667390609124,real_panel_lstm_bounded32__LSTM__electronics__r077
real_panel_lstm_bounded32__LSTM__electronics__r078,LSTM,1,26.0,0.0870825765388352,0.3032566007868061,1.1539239070300713,real_panel_lstm_bounded32__LSTM__electronics__r078
real_panel_lstm_bounded32__LSTM__electronics__r079,LSTM,1,30.0,0.0858435109257698,0.26460020525038985,0.5031364815668279,real_panel_lstm_bounded32__LSTM__electronics__r079
real_panel_lstm_bounded32__LSTM__electronics__r080,LSTM,1,20.0,0.087357715836593,0.2693725809621303,0.7260589788138987,real_panel_lstm_bounded32__LSTM__electronics__r080
real_panel_lstm_bounded32__LSTM__electronics__r081,LSTM,1,28.0,0.0861843395978212,0.196921850707639,0.2707878198102542,real_panel_lstm_bounded32__LSTM__electronics__r081
real_panel_lstm_bounded32__LSTM__electronics__r082,LSTM,1,39.0,0.0853127911686897,0.3134263684788204,0.6308939276496871,real_panel_lstm_bounded32__LSTM__electronics__r082
real_panel_lstm_bounded32__LSTM__electronics__r083,LSTM,1,29.0,0.0872219087822096,0.2344811313981494,0.4010340720821113,real_panel_lstm_bounded32__LSTM__electronics__r083
real_panel_lstm_bounded32__LSTM__electronics__r084,LSTM,1,23.0,0.08882770801966,0.25121411215568334,0.9085075086785597,real_panel_lstm_bounded32__LSTM__electronics__r084
real_panel_lstm_bounded32__LSTM__electronics__r085,LSTM,1,32.0,0.0875049467597689,0.2719290475174844,0.3596803496769844,real_panel_lstm_bounded32__LSTM__electronics__r085
real_panel_lstm_bounded32__LSTM__electronics__r086,LSTM,1,27.0,0.0881977622898725,0.29430861853209184,1.2603338870337095,real_panel_lstm_bounded32__LSTM__electronics__r086
real_panel_lstm_bounded32__LSTM__electronics__r087,LSTM,1,42.0,0.0853157192468643,0.2861860942748308,0.6400511554065791,real_panel_lstm_bounded32__LSTM__electronics__r087
real_panel_lstm_bounded32__LSTM__electronics__r088,LSTM,1,29.0,0.0851862803101539,0.30082695069311904,0.7841828022102288,real_panel_lstm_bounded32__LSTM__electronics__r088
real_panel_lstm_bounded32__LSTM__electronics__r089,LSTM,1,25.0,0.0872462551508631,0.2994166931012149,0.7094178102818711,real_panel_lstm_bounded32__LSTM__electronics__r089
real_panel_lstm_bounded32__LSTM__electronics__r090,LSTM,1,37.0,0.084988035261631,0.3057234144449901,0.6690654057340186,real_panel_lstm_bounded32__LSTM__electronics__r090
real_panel_lstm_bounded32__LSTM__electronics__r091,LSTM,1,45.0,0.0865214318037033,0.21879844322220185,0.2284163432177507,real_panel_lstm_bounded32__LSTM__electronics__r091
real_panel_lstm_bounded32__LSTM__electronics__r092,LSTM,1,37.0,0.085486339405179,0.24046110197459933,0.5394740695431175,real_panel_lstm_bounded32__LSTM__electronics__r092
real_panel_lstm_bounded32__LSTM__electronics__r093,LSTM,1,22.0,0.085960354655981,0.21659908220634244,0.30293787097653313,real_panel_lstm_bounded32__LSTM__electronics__r093
real_panel_lstm_bounded32__LSTM__electronics__r094,LSTM,1,25.0,0.0871524874653135,0.28630009317505806,0.8367023113264868,real_panel_lstm_bounded32__LSTM__electronics__r094
real_panel_lstm_bounded32__LSTM__electronics__r095,LSTM,1,36.0,0.0863265097141265,0.1840032318311067,0.3114196707937817,real_panel_lstm_bounded32__LSTM__electronics__r095
real_panel_lstm_bounded32__LSTM__electronics__r096,LSTM,1,31.0,0.0855314638465642,0.2204418717098539,0.36409514355580663,real_panel_lstm_bounded32__LSTM__electronics__r096
real_panel_lstm_bounded32__LSTM__electronics__r097,LSTM,1,31.0,0.0871985373752457,0.31061234429767953,0.7174775781767239,real_panel_lstm_bounded32__LSTM__electronics__r097
real_panel_lstm_bounded32__LSTM__electronics__r098,LSTM,1,26.0,0.0879581402987241,0.13311844991911836,0.19082172108631446,real_panel_lstm_bounded32__LSTM__electronics__r098
real_panel_lstm_bounded32__LSTM__electronics__r099,LSTM,1,31.0,0.0855101440101862,0.25329784439417863,0.3852587002338503,real_panel_lstm_bounded32__LSTM__electronics__r099
real_panel_lstm_bounded32ratio__LSTM__electronics__r000,LSTM,1,8.0,0.0880961386220795,0.29392040018404314,0.6945926515253419,real_panel_lstm_bounded32ratio__LSTM__electronics__r000
real_panel_lstm_bounded32ratio__LSTM__electronics__r001,LSTM,1,11.0,0.0863219480961561,0.29182945673242905,0.6386794359980917,real_panel_lstm_bounded32ratio__LSTM__electronics__r001
real_panel_lstm_bounded32ratio__LSTM__electronics__r002,LSTM,1,13.0,0.0862091109156608,0.32540773603977513,0.7698524084404282,real_panel_lstm_bounded32ratio__LSTM__electronics__r002
real_panel_lstm_bounded32ratio__LSTM__electronics__r003,LSTM,1,18.0,0.0863190554082393,0.3088786682674431,0.9471947517875299,real_panel_lstm_bounded32ratio__LSTM__electronics__r003
real_panel_lstm_bounded32ratio__LSTM__electronics__r004,LSTM,1,11.0,0.085421122610569,0.29426523977486396,0.7849488311884901,real_panel_lstm_bounded32ratio__LSTM__electronics__r004
real_panel_lstm_bounded32ratio__LSTM__electronics__r005,LSTM,1,10.0,0.0865892060101032,0.3176709968149019,1.672615149518523,real_panel_lstm_bounded32ratio__LSTM__electronics__r005
real_panel_lstm_bounded32ratio__LSTM__electronics__r006,LSTM,1,9.0,0.0859172530472278,0.2925248950766911,0.7854356014941286,real_panel_lstm_bounded32ratio__LSTM__electronics__r006
real_panel_lstm_bounded32ratio__LSTM__electronics__r007,LSTM,1,8.0,0.0875007627265793,0.3070448747626156,0.6562454639051036,real_panel_lstm_bounded32ratio__LSTM__electronics__r007
real_panel_lstm_bounded32ratio__LSTM__electronics__r008,LSTM,1,7.0,0.0857455488294363,0.3097043025570564,0.918101424430556,real_panel_lstm_bounded32ratio__LSTM__electronics__r008
real_panel_lstm_bounded32ratio__LSTM__electronics__r009,LSTM,1,9.0,0.085982896387577,0.315481722224873,0.8974935285432795,real_panel_lstm_bounded32ratio__LSTM__electronics__r009
real_panel_lstm_bounded32ratio__LSTM__electronics__r010,LSTM,1,12.0,0.0875568762421608,0.29651904199400814,0.4195588011944828,real_panel_lstm_bounded32ratio__LSTM__electronics__r010
real_panel_lstm_bounded32ratio__LSTM__electronics__r011,LSTM,1,7.0,0.0878894712243761,0.30688932944987324,0.8749474162672063,real_panel_lstm_bounded32ratio__LSTM__electronics__r011
real_panel_lstm_bounded32ratio__LSTM__electronics__r012,LSTM,1,6.0,0.0860450360924005,0.29236246281764955,0.9420333751178406,real_panel_lstm_bounded32ratio__LSTM__electronics__r012
real_panel_lstm_bounded32ratio__LSTM__electronics__r013,LSTM,1,8.0,0.0856726858764886,0.3146485611926939,1.0426876667953076,real_panel_lstm_bounded32ratio__LSTM__electronics__r013
real_panel_lstm_bounded32ratio__LSTM__electronics__r014,LSTM,1,7.0,0.0859249830245971,0.3083128264068529,0.9112602295913491,real_panel_lstm_bounded32ratio__LSTM__electronics__r014
real_panel_lstm_bounded32ratio__LSTM__electronics__r015,LSTM,1,11.0,0.0858143623918294,0.2875366487712133,0.6903360035666016,real_panel_lstm_bounded32ratio__LSTM__electronics__r015
real_panel_lstm_bounded32ratio__LSTM__electronics__r016,LSTM,1,24.0,0.0860247313976287,0.31113182690114033,1.0586981188786986,real_panel_lstm_bounded32ratio__LSTM__electronics__r016
real_panel_lstm_bounded32ratio__LSTM__electronics__r017,LSTM,1,7.0,0.0876972036702292,0.2996490321884412,0.7765861951280361,real_panel_lstm_bounded32ratio__LSTM__electronics__r017
real_panel_lstm_bounded32ratio__LSTM__electronics__r018,LSTM,1,7.0,0.0865740571171045,0.2977241401728063,0.6753824585878417,real_panel_lstm_bounded32ratio__LSTM__electronics__r018
real_panel_lstm_bounded32ratio__LSTM__electronics__r019,LSTM,1,12.0,0.0864344984292984,0.29623492381411687,0.6554963432632838,real_panel_lstm_bounded32ratio__LSTM__electronics__r019
real_panel_lstm_bounded32ratio__LSTM__electronics__r020,LSTM,1,6.0,0.0883402920195034,0.2750430680394862,1.4897239155278763,real_panel_lstm_bounded32ratio__LSTM__electronics__r020
real_panel_lstm_bounded32ratio__LSTM__electronics__r021,LSTM,1,6.0,0.0858686324208974,0.31927985493234307,0.7417207200048227,real_panel_lstm_bounded32ratio__LSTM__electronics__r021
real_panel_lstm_bounded32ratio__LSTM__electronics__r022,LSTM,1,9.0,0.0857411660254001,0.2918192517126673,0.7898222009462547,real_panel_lstm_bounded32ratio__LSTM__electronics__r022
real_panel_lstm_bounded32ratio__LSTM__electronics__r023,LSTM,1,6.0,0.0857266038656234,0.31044133109742394,0.9299674258499154,real_panel_lstm_bounded32ratio__LSTM__electronics__r023
real_panel_lstm_bounded32ratio__LSTM__electronics__r024,LSTM,1,7.0,0.0861588772386312,0.3184935034859056,0.566621834292368,real_panel_lstm_bounded32ratio__LSTM__electronics__r024
real_panel_lstm_bounded32ratio__LSTM__electronics__r025,LSTM,1,11.0,0.0865147057920694,0.3210329503134682,0.9884045389500439,real_panel_lstm_bounded32ratio__LSTM__electronics__r025
real_panel_lstm_bounded32ratio__LSTM__electronics__r026,LSTM,1,8.0,0.086707828566432,0.314778426947595,0.6689855792985859,real_panel_lstm_bounded32ratio__LSTM__electronics__r026
real_panel_lstm_bounded32ratio__LSTM__electronics__r027,LSTM,1,25.0,0.0858812965452671,0.2923657541932376,0.9645203337286207,real_panel_lstm_bounded32ratio__LSTM__electronics__r027
real_panel_lstm_bounded32ratio__LSTM__electronics__r028,LSTM,1,5.0,0.0883379003831318,0.29858184509226315,0.79422679507236,real_panel_lstm_bounded32ratio__LSTM__electronics__r028
real_panel_lstm_bounded32ratio__LSTM__electronics__r029,LSTM,1,11.0,0.0859228875488042,0.30637473839548757,0.8092381695393144,real_panel_lstm_bounded32ratio__LSTM__electronics__r029
real_panel_lstm_bounded32ratio__LSTM__electronics__r030,LSTM,1,7.0,0.0857341922819614,0.274061929663697,0.6100664869060324,real_panel_lstm_bounded32ratio__LSTM__electronics__r030
real_panel_lstm_bounded32ratio__LSTM__electronics__r031,LSTM,1,7.0,0.0862385705113411,0.2968948363096949,0.6081304453176035,real_panel_lstm_bounded32ratio__LSTM__electronics__r031
real_panel_lstm_bounded32ratio__LSTM__electronics__r032,LSTM,1,11.0,0.0863628592342138,0.28919549991194693,0.6780147238356712,real_panel_lstm_bounded32ratio__LSTM__electronics__r032
real_panel_lstm_bounded32ratio__LSTM__electronics__r033,LSTM,1,8.0,0.0860449858009815,0.32652257590775585,0.6469801091168075,real_panel_lstm_bounded32ratio__LSTM__electronics__r033
real_panel_lstm_bounded32ratio__LSTM__electronics__r034,LSTM,1,14.0,0.0861062109470367,0.29364268725763676,0.6658260527225824,real_panel_lstm_bounded32ratio__LSTM__electronics__r034
real_panel_lstm_bounded32ratio__LSTM__electronics__r035,LSTM,1,15.0,0.0882955885359219,0.30401515956772257,1.0786282475474258,real_panel_lstm_bounded32ratio__LSTM__electronics__r035
real_panel_lstm_bounded32ratio__LSTM__electronics__r036,LSTM,1,10.0,0.0859985332936048,0.299792751886446,0.7663712457933736,real_panel_lstm_bounded32ratio__LSTM__electronics__r036
real_panel_lstm_bounded32ratio__LSTM__electronics__r037,LSTM,1,12.0,0.0855994001030922,0.31353463648964297,0.7950034130519029,real_panel_lstm_bounded32ratio__LSTM__electronics__r037
real_panel_lstm_bounded32ratio__LSTM__electronics__r038,LSTM,1,11.0,0.0853409972041845,0.306438104503726,0.7216532817590694,real_panel_lstm_bounded32ratio__LSTM__electronics__r038
real_panel_lstm_bounded32ratio__LSTM__electronics__r039,LSTM,1,9.0,0.0860568974167108,0.30610084947987964,1.2821256997607648,real_panel_lstm_bounded32ratio__LSTM__electronics__r039
real_panel_lstm_bounded32ratio__LSTM__electronics__r040,LSTM,1,11.0,0.0862035006284713,0.23057416180962995,1.426407969200621,real_panel_lstm_bounded32ratio__LSTM__electronics__r040
real_panel_lstm_bounded32ratio__LSTM__electronics__r041,LSTM,1,9.0,0.0858961623162031,0.3092983493099043,0.8536819394948046,real_panel_lstm_bounded32ratio__LSTM__electronics__r041
real_panel_lstm_bounded32ratio__LSTM__electronics__r042,LSTM,1,10.0,0.0864169914275407,0.31269817779776304,0.6675118091837047,real_panel_lstm_bounded32ratio__LSTM__electronics__r042
real_panel_lstm_bounded32ratio__LSTM__electronics__r043,LSTM,1,10.0,0.0863528829067945,0.2849077256147185,1.1051132746495576,real_panel_lstm_bounded32ratio__LSTM__electronics__r043
real_panel_lstm_bounded32ratio__LSTM__electronics__r044,LSTM,1,19.0,0.0863939095288515,0.30002030267596463,0.8055242493346203,real_panel_lstm_bounded32ratio__LSTM__electronics__r044
real_panel_lstm_bounded32ratio__LSTM__electronics__r045,LSTM,1,10.0,0.0867211483418941,0.30915205469526785,0.7534241475871226,real_panel_lstm_bounded32ratio__LSTM__electronics__r045
real_panel_lstm_bounded32ratio__LSTM__electronics__r046,LSTM,1,25.0,0.0856162291020155,0.3065142811548567,0.9368871154338807,real_panel_lstm_bounded32ratio__LSTM__electronics__r046
real_panel_lstm_bounded32ratio__LSTM__electronics__r047,LSTM,1,9.0,0.0858000628650188,0.3085123447133748,0.7395814630094042,real_panel_lstm_bounded32ratio__LSTM__electronics__r047
real_panel_lstm_bounded32ratio__LSTM__electronics__r048,LSTM,1,3.0,0.0882254530276571,0.31187019103414537,0.7505363908914516,real_panel_lstm_bounded32ratio__LSTM__electronics__r048
real_panel_lstm_bounded32ratio__LSTM__electronics__r049,LSTM,1,9.0,0.0861385967582464,0.3002969974500367,0.7518471900306536,real_panel_lstm_bounded32ratio__LSTM__electronics__r049
real_panel_lstm_bounded32ratio__LSTM__electronics__r050,LSTM,1,26.0,0.085599347949028,0.30385023466354666,0.8683899761886589,real_panel_lstm_bounded32ratio__LSTM__electronics__r050
real_panel_lstm_bounded32ratio__LSTM__electronics__r051,LSTM,1,22.0,0.0876857819301741,0.3000847000099706,1.1708001925703315,real_panel_lstm_bounded32ratio__LSTM__electronics__r051
real_panel_lstm_bounded32ratio__LSTM__electronics__r052,LSTM,1,10.0,0.0859471894800663,0.2891774183308868,0.6831379567867232,real_panel_lstm_bounded32ratio__LSTM__electronics__r052
real_panel_lstm_bounded32ratio__LSTM__electronics__r053,LSTM,1,22.0,0.0860767550766468,0.3092078429675512,1.0540005457204327,real_panel_lstm_bounded32ratio__LSTM__electronics__r053
real_panel_lstm_bounded32ratio__LSTM__electronics__r054,LSTM,1,5.0,0.0864741839468479,0.30253546001839954,0.7862700412514634,real_panel_lstm_bounded32ratio__LSTM__electronics__r054
real_panel_lstm_bounded32ratio__LSTM__electronics__r055,LSTM,1,18.0,0.0862599890679121,0.29342961100928255,0.9821022081851781,real_panel_lstm_bounded32ratio__LSTM__electronics__r055
real_panel_lstm_bounded32ratio__LSTM__electronics__r056,LSTM,1,13.0,0.0859777182340622,0.2882596423960519,0.5862507244679319,real_panel_lstm_bounded32ratio__LSTM__electronics__r056
real_panel_lstm_bounded32ratio__LSTM__electronics__r057,LSTM,1,14.0,0.0853971876204013,0.29793367805988286,0.67191039071694,real_panel_lstm_bounded32ratio__LSTM__electronics__r057
real_panel_lstm_bounded32ratio__LSTM__electronics__r058,LSTM,1,8.0,0.088304329663515,0.28413513802539164,0.8678870122008051,real_panel_lstm_bounded32ratio__LSTM__electronics__r058
real_panel_lstm_bounded32ratio__LSTM__electronics__r059,LSTM,1,11.0,0.0870886482298374,0.30062519992942227,0.8190089136996946,real_panel_lstm_bounded32ratio__LSTM__electronics__r059
real_panel_lstm_bounded32ratio__LSTM__electronics__r060,LSTM,1,6.0,0.0880987878356661,0.2969766852885172,0.780993323939852,real_panel_lstm_bounded32ratio__LSTM__electronics__r060
real_panel_lstm_bounded32ratio__LSTM__electronics__r061,LSTM,1,30.0,0.0857465434819459,0.3342820859438418,1.3624416733483755,real_panel_lstm_bounded32ratio__LSTM__electronics__r061
real_panel_lstm_bounded32ratio__LSTM__electronics__r062,LSTM,1,10.0,0.0858810171484947,0.31019265349740316,0.8340107583382389,real_panel_lstm_bounded32ratio__LSTM__electronics__r062
real_panel_lstm_bounded32ratio__LSTM__electronics__r063,LSTM,1,11.0,0.0856012068688869,0.3043729023606177,0.8535864766966781,real_panel_lstm_bounded32ratio__LSTM__electronics__r063
real_panel_lstm_bounded32ratio__LSTM__electronics__r064,LSTM,1,10.0,0.0859443563967943,0.3011377268326915,0.7814980386304081,real_panel_lstm_bounded32ratio__LSTM__electronics__r064
real_panel_lstm_bounded32ratio__LSTM__electronics__r065,LSTM,1,7.0,0.0860571134835481,0.29636006833837486,0.7598116130046286,real_panel_lstm_bounded32ratio__LSTM__electronics__r065
real_panel_lstm_bounded32ratio__LSTM__electronics__r066,LSTM,1,15.0,0.0859273802489042,0.3209944085357787,1.0398109045873392,real_panel_lstm_bounded32ratio__LSTM__electronics__r066
real_panel_lstm_bounded32ratio__LSTM__electronics__r067,LSTM,1,6.0,0.0882914523993219,0.30377934783678556,0.8086013172659778,real_panel_lstm_bounded32ratio__LSTM__electronics__r067
real_panel_lstm_bounded32ratio__LSTM__electronics__r068,LSTM,1,12.0,0.0861534662544727,0.29807695951319046,0.9129520960352934,real_panel_lstm_bounded32ratio__LSTM__electronics__r068
real_panel_lstm_bounded32ratio__LSTM__electronics__r069,LSTM,1,6.0,0.0871961377561092,0.28240757951885165,0.8369264257459433,real_panel_lstm_bounded32ratio__LSTM__electronics__r069
real_panel_lstm_bounded32ratio__LSTM__electronics__r070,LSTM,1,7.0,0.0862330850213766,0.3019968507179345,0.9982040767777813,real_panel_lstm_bounded32ratio__LSTM__electronics__r070
real_panel_lstm_bounded32ratio__LSTM__electronics__r071,LSTM,1,12.0,0.0859366990625858,0.28718252828778307,0.9336577945220862,real_panel_lstm_bounded32ratio__LSTM__electronics__r071
real_panel_lstm_bounded32ratio__LSTM__electronics__r072,LSTM,1,8.0,0.0864701364189386,0.30223545596021933,0.7299790397859963,real_panel_lstm_bounded32ratio__LSTM__electronics__r072
real_panel_lstm_bounded32ratio__LSTM__electronics__r073,LSTM,1,10.0,0.0859738420695066,0.31380083437031026,0.8964776280795106,real_panel_lstm_bounded32ratio__LSTM__electronics__r073
real_panel_lstm_bounded32ratio__LSTM__electronics__r074,LSTM,1,13.0,0.0862197168171405,0.29049928684123066,2.0721476339672944,real_panel_lstm_bounded32ratio__LSTM__electronics__r074
real_panel_lstm_bounded32ratio__LSTM__electronics__r075,LSTM,1,11.0,0.086017083376646,0.30802225962272944,0.7427336314699275,real_panel_lstm_bounded32ratio__LSTM__electronics__r075
real_panel_lstm_bounded32ratio__LSTM__electronics__r076,LSTM,1,13.0,0.0863861665129661,0.2994115411599642,0.875477835007515,real_panel_lstm_bounded32ratio__LSTM__electronics__r076
real_panel_lstm_bounded32ratio__LSTM__electronics__r077,LSTM,1,10.0,0.0862998664379119,0.278017023767244,1.3193166886798806,real_panel_lstm_bounded32ratio__LSTM__electronics__r077
real_panel_lstm_bounded32ratio__LSTM__electronics__r078,LSTM,1,11.0,0.0856783241033554,0.30081341220431174,0.9434662786132078,real_panel_lstm_bounded32ratio__LSTM__electronics__r078
real_panel_lstm_bounded32ratio__LSTM__electronics__r079,LSTM,1,11.0,0.086075272411108,0.2971430912538786,0.9225386061351848,real_panel_lstm_bounded32ratio__LSTM__electronics__r079
real_panel_lstm_bounded32ratio__LSTM__electronics__r080,LSTM,1,11.0,0.0864327140152454,0.2989157737815489,0.8259664968208928,real_panel_lstm_bounded32ratio__LSTM__electronics__r080
real_panel_lstm_bounded32ratio__LSTM__electronics__r081,LSTM,1,23.0,0.0861456803977489,0.29989915968735814,1.198999732130649,real_panel_lstm_bounded32ratio__LSTM__electronics__r081
real_panel_lstm_bounded32ratio__LSTM__electronics__r082,LSTM,1,10.0,0.0864524114876985,0.3094292548113027,0.8051041968599425,real_panel_lstm_bounded32ratio__LSTM__electronics__r082
real_panel_lstm_bounded32ratio__LSTM__electronics__r083,LSTM,1,11.0,0.0857884120196104,0.2909998248527974,0.7248132412583419,real_panel_lstm_bounded32ratio__LSTM__electronics__r083
real_panel_lstm_bounded32ratio__LSTM__electronics__r084,LSTM,1,9.0,0.0885054729878902,0.3051639181844104,0.7848470460729696,real_panel_lstm_bounded32ratio__LSTM__electronics__r084
real_panel_lstm_bounded32ratio__LSTM__electronics__r085,LSTM,1,7.0,0.0869014002382755,0.30086538120434414,0.9293646523603202,real_panel_lstm_bounded32ratio__LSTM__electronics__r085
real_panel_lstm_bounded32ratio__LSTM__electronics__r086,LSTM,1,22.0,0.0855887271463871,0.289838858819905,1.4407760285256057,real_panel_lstm_bounded32ratio__LSTM__electronics__r086
real_panel_lstm_bounded32ratio__LSTM__electronics__r087,LSTM,1,12.0,0.0859264954924583,0.30047015942331673,0.6603607733220108,real_panel_lstm_bounded32ratio__LSTM__electronics__r087
real_panel_lstm_bounded32ratio__LSTM__electronics__r088,LSTM,1,11.0,0.0875350779720715,0.3228793684887355,0.6843392111262444,real_panel_lstm_bounded32ratio__LSTM__electronics__r088
real_panel_lstm_bounded32ratio__LSTM__electronics__r089,LSTM,1,5.0,0.0862917695194482,0.3332375337846727,0.6972255525234334,real_panel_lstm_bounded32ratio__LSTM__electronics__r089
real_panel_lstm_bounded32ratio__LSTM__electronics__r090,LSTM,1,15.0,0.0864855647087097,0.3261496961675684,1.0808098920555567,real_panel_lstm_bounded32ratio__LSTM__electronics__r090
real_panel_lstm_bounded32ratio__LSTM__electronics__r091,LSTM,1,12.0,0.0859915483742952,0.31612387944601494,0.8375838074335372,real_panel_lstm_bounded32ratio__LSTM__electronics__r091
real_panel_lstm_bounded32ratio__LSTM__electronics__r092,LSTM,1,11.0,0.0861381571739912,0.30486878337048756,0.7490926206056885,real_panel_lstm_bounded32ratio__LSTM__electronics__r092
real_panel_lstm_bounded32ratio__LSTM__electronics__r093,LSTM,1,10.0,0.0873483289033174,0.2996019330832189,1.1944432715346467,real_panel_lstm_bounded32ratio__LSTM__electronics__r093
real_panel_lstm_bounded32ratio__LSTM__electronics__r094,LSTM,1,9.0,0.0866295136511325,0.3008424619600306,0.7530126357501546,real_panel_lstm_bounded32ratio__LSTM__electronics__r094
real_panel_lstm_bounded32ratio__LSTM__electronics__r095,LSTM,1,13.0,0.0859733279794454,0.29569578782362854,0.9265074334154938,real_panel_lstm_bounded32ratio__LSTM__electronics__r095
real_panel_lstm_bounded32ratio__LSTM__electronics__r096,LSTM,1,9.0,0.0865620151162147,0.2863713727851641,0.7395591607883503,real_panel_lstm_bounded32ratio__LSTM__electronics__r096
real_panel_lstm_bounded32ratio__LSTM__electronics__r097,LSTM,1,11.0,0.0857381597161293,0.31695819929162,0.7473532708918966,real_panel_lstm_bounded32ratio__LSTM__electronics__r097
real_panel_lstm_bounded32ratio__LSTM__electronics__r098,LSTM,1,19.0,0.0862232390791177,0.2891126065035555,0.6010008724332827,real_panel_lstm_bounded32ratio__LSTM__electronics__r098
real_panel_lstm_bounded32ratio__LSTM__electronics__r099,LSTM,1,24.0,0.0868539232760667,0.30455097897834976,1.043029304845922,real_panel_lstm_bounded32ratio__LSTM__electronics__r099
real_panel_lstm_log__LSTM__electronics__r000,LSTM,1,27.0,0.0862980857491493,0.2965056229008385,2.9850414682495097,real_panel_lstm_log__LSTM__electronics__r000
real_panel_lstm_log__LSTM__electronics__r001,LSTM,1,23.0,0.0852222349494695,0.29876924261777366,2.0037560649737185,real_panel_lstm_log__LSTM__electronics__r001
real_panel_lstm_log__LSTM__electronics__r002,LSTM,1,18.0,0.0863448549062013,0.2990049838011315,2.6111651013732735,real_panel_lstm_log__LSTM__electronics__r002
real_panel_lstm_log__LSTM__electronics__r003,LSTM,1,29.0,0.0862379670143127,0.302982511264641,3.847599898285528,real_panel_lstm_log__LSTM__electronics__r003
real_panel_lstm_log__LSTM__electronics__r004,LSTM,1,12.0,0.0875419814671788,0.29752243251480237,2.677163270565482,real_panel_lstm_log__LSTM__electronics__r004
real_panel_lstm_log__LSTM__electronics__r005,LSTM,1,19.0,0.0873087346553802,0.29496191614568,2.681841291872482,real_panel_lstm_log__LSTM__electronics__r005
real_panel_lstm_log__LSTM__electronics__r006,LSTM,1,25.0,0.0878656227141618,0.2903862240753941,4.868896373568193,real_panel_lstm_log__LSTM__electronics__r006
real_panel_lstm_log__LSTM__electronics__r007,LSTM,1,17.0,0.088138805845609,0.2921584834214866,3.9262636051717736,real_panel_lstm_log__LSTM__electronics__r007
real_panel_lstm_log__LSTM__electronics__r008,LSTM,1,23.0,0.0854708719998598,0.3218421652250209,2.3538653038386927,real_panel_lstm_log__LSTM__electronics__r008
real_panel_lstm_log__LSTM__electronics__r009,LSTM,1,26.0,0.0851284619420766,0.3062613493848912,2.5113009831858175,real_panel_lstm_log__LSTM__electronics__r009
real_panel_lstm_log__LSTM__electronics__r010,LSTM,1,26.0,0.0875467360019683,0.30890202572794756,5.789120451845613,real_panel_lstm_log__LSTM__electronics__r010
real_panel_lstm_log__LSTM__electronics__r011,LSTM,1,19.0,0.0880904804383005,0.2973112316760969,3.033290164379452,real_panel_lstm_log__LSTM__electronics__r011
real_panel_lstm_log__LSTM__electronics__r012,LSTM,1,19.0,0.0854566693305969,0.28214650510401423,2.301768891930333,real_panel_lstm_log__LSTM__electronics__r012
real_panel_lstm_log__LSTM__electronics__r013,LSTM,1,30.0,0.0853376481682062,0.30100494633581076,3.9211556134375134,real_panel_lstm_log__LSTM__electronics__r013
real_panel_lstm_log__LSTM__electronics__r014,LSTM,1,14.0,0.0856289956718683,0.28291124750300806,2.7689571424257515,real_panel_lstm_log__LSTM__electronics__r014
real_panel_lstm_log__LSTM__electronics__r015,LSTM,1,15.0,0.087448385144983,0.2810742616995305,2.482430056469507,real_panel_lstm_log__LSTM__electronics__r015
real_panel_lstm_log__LSTM__electronics__r016,LSTM,1,38.0,0.0858543887734413,0.2978581529115384,4.8270255096697445,real_panel_lstm_log__LSTM__electronics__r016
real_panel_lstm_log__LSTM__electronics__r017,LSTM,1,9.0,0.0881937276571989,0.27751736063407345,5.239393045369458,real_panel_lstm_log__LSTM__electronics__r017
real_panel_lstm_log__LSTM__electronics__r018,LSTM,1,29.0,0.0877533299582345,0.29218587563505577,2.362235639269617,real_panel_lstm_log__LSTM__electronics__r018
real_panel_lstm_log__LSTM__electronics__r019,LSTM,1,13.0,0.0878027422087533,0.2992143960695598,4.049531002005088,real_panel_lstm_log__LSTM__electronics__r019
real_panel_lstm_log__LSTM__electronics__r020,LSTM,1,7.0,0.088874340057373,0.29159863836690697,4.790084633209516,real_panel_lstm_log__LSTM__electronics__r020
real_panel_lstm_log__LSTM__electronics__r021,LSTM,1,15.0,0.0879671275615692,0.30435152721312914,3.8531224775801687,real_panel_lstm_log__LSTM__electronics__r021
real_panel_lstm_log__LSTM__electronics__r022,LSTM,1,15.0,0.0876852178147861,0.3015055996426758,1.9170686275083249,real_panel_lstm_log__LSTM__electronics__r022
real_panel_lstm_log__LSTM__electronics__r023,LSTM,1,24.0,0.0853196252137422,0.30163820031684,2.258135845099859,real_panel_lstm_log__LSTM__electronics__r023
real_panel_lstm_log__LSTM__electronics__r024,LSTM,1,36.0,0.0867675077170133,0.3050239849913934,2.907667915806141,real_panel_lstm_log__LSTM__electronics__r024
real_panel_lstm_log__LSTM__electronics__r025,LSTM,1,34.0,0.0857939552515745,0.29925771970929416,3.880997120158028,real_panel_lstm_log__LSTM__electronics__r025
real_panel_lstm_log__LSTM__electronics__r026,LSTM,1,25.0,0.0864482838660478,0.3027479545288175,5.583525397360184,real_panel_lstm_log__LSTM__electronics__r026
real_panel_lstm_log__LSTM__electronics__r027,LSTM,1,16.0,0.087695446397577,0.30566563147666337,2.364418168653138,real_panel_lstm_log__LSTM__electronics__r027
real_panel_lstm_log__LSTM__electronics__r028,LSTM,1,16.0,0.087594564471926,0.2919159989253705,2.760279882194556,real_panel_lstm_log__LSTM__electronics__r028
real_panel_lstm_log__LSTM__electronics__r029,LSTM,1,13.0,0.0888351031712123,0.29751639840448724,8.568238365013224,real_panel_lstm_log__LSTM__electronics__r029
real_panel_lstm_log__LSTM__electronics__r030,LSTM,1,11.0,0.0884054899215698,0.28479625700095645,6.894459922452143,real_panel_lstm_log__LSTM__electronics__r030
real_panel_lstm_log__LSTM__electronics__r031,LSTM,1,15.0,0.0884454542627701,0.3023272277645009,2.9433494949979986,real_panel_lstm_log__LSTM__electronics__r031
real_panel_lstm_log__LSTM__electronics__r032,LSTM,1,40.0,0.0862312316894531,0.28686912474529586,2.5399251711903728,real_panel_lstm_log__LSTM__electronics__r032
real_panel_lstm_log__LSTM__electronics__r033,LSTM,1,20.0,0.0874616748520306,0.3162535923263455,3.3284642647826446,real_panel_lstm_log__LSTM__electronics__r033
real_panel_lstm_log__LSTM__electronics__r034,LSTM,1,8.0,0.0888255517929792,0.3090985857500276,4.988208045521311,real_panel_lstm_log__LSTM__electronics__r034
real_panel_lstm_log__LSTM__electronics__r035,LSTM,1,19.0,0.0876302314656121,0.2911690840948932,2.624807693013248,real_panel_lstm_log__LSTM__electronics__r035
real_panel_lstm_log__LSTM__electronics__r036,LSTM,1,44.0,0.0881960519722529,0.2898527799657,2.0558343458577566,real_panel_lstm_log__LSTM__electronics__r036
real_panel_lstm_log__LSTM__electronics__r037,LSTM,1,19.0,0.0872750468552112,0.2840614761458561,5.618015818366809,real_panel_lstm_log__LSTM__electronics__r037
real_panel_lstm_log__LSTM__electronics__r038,LSTM,1,30.0,0.0853568892925977,0.30205220507868524,2.527670521332788,real_panel_lstm_log__LSTM__electronics__r038
real_panel_lstm_log__LSTM__electronics__r039,LSTM,1,26.0,0.0853365901857614,0.2994820355723597,2.6918539701958326,real_panel_lstm_log__LSTM__electronics__r039
real_panel_lstm_log__LSTM__electronics__r040,LSTM,1,37.0,0.0882070437073707,0.28862788895256214,10.846757711154826,real_panel_lstm_log__LSTM__electronics__r040
real_panel_lstm_log__LSTM__electronics__r041,LSTM,1,20.0,0.0859708301723003,0.2981616982637314,2.691082976910501,real_panel_lstm_log__LSTM__electronics__r041
real_panel_lstm_log__LSTM__electronics__r042,LSTM,1,26.0,0.0852867532521486,0.31112220539646857,2.515789839571845,real_panel_lstm_log__LSTM__electronics__r042
real_panel_lstm_log__LSTM__electronics__r043,LSTM,1,19.0,0.085801038891077,0.29698382631561127,2.361800951270509,real_panel_lstm_log__LSTM__electronics__r043
real_panel_lstm_log__LSTM__electronics__r044,LSTM,1,7.0,0.0885699973083459,0.29998811879466364,2.3596616345584684,real_panel_lstm_log__LSTM__electronics__r044
real_panel_lstm_log__LSTM__electronics__r045,LSTM,1,26.0,0.0847495403140783,0.2954409450331374,2.9776143448276264,real_panel_lstm_log__LSTM__electronics__r045
real_panel_lstm_log__LSTM__electronics__r046,LSTM,1,26.0,0.0855920296162366,0.2937966775708983,2.7081941406777306,real_panel_lstm_log__LSTM__electronics__r046
real_panel_lstm_log__LSTM__electronics__r047,LSTM,1,12.0,0.0874920647059168,0.2955546912850924,3.2060603823241935,real_panel_lstm_log__LSTM__electronics__r047
real_panel_lstm_log__LSTM__electronics__r048,LSTM,1,6.0,0.0886307863088754,0.3014211388628951,2.8536999947597845,real_panel_lstm_log__LSTM__electronics__r048
real_panel_lstm_log__LSTM__electronics__r049,LSTM,1,8.0,0.0889238119125366,0.27220826643284873,7.503108839479855,real_panel_lstm_log__LSTM__electronics__r049
real_panel_lstm_log__LSTM__electronics__r050,LSTM,1,6.0,0.0885447621918641,0.29530132576771084,3.28387696463883,real_panel_lstm_log__LSTM__electronics__r050
real_panel_lstm_log__LSTM__electronics__r051,LSTM,1,31.0,0.0857155285775661,0.2852498121007383,2.5039810838227816,real_panel_lstm_log__LSTM__electronics__r051
real_panel_lstm_log__LSTM__electronics__r052,LSTM,1,21.0,0.0858469847589731,0.302640979682907,2.4497336943265355,real_panel_lstm_log__LSTM__electronics__r052
real_panel_lstm_log__LSTM__electronics__r053,LSTM,1,9.0,0.0876634184803281,0.30168642591382294,2.5833727981266814,real_panel_lstm_log__LSTM__electronics__r053
real_panel_lstm_log__LSTM__electronics__r054,LSTM,1,8.0,0.0879333280026912,0.2891259967993459,6.515090650638206,real_panel_lstm_log__LSTM__electronics__r054
real_panel_lstm_log__LSTM__electronics__r055,LSTM,1,27.0,0.0867124740034341,0.28054755614849847,7.404993405651928,real_panel_lstm_log__LSTM__electronics__r055
real_panel_lstm_log__LSTM__electronics__r056,LSTM,1,22.0,0.0871266009552138,0.29749479484566704,3.393941375205206,real_panel_lstm_log__LSTM__electronics__r056
real_panel_lstm_log__LSTM__electronics__r057,LSTM,1,18.0,0.0877089862312589,0.29082070907268376,2.280040878728599,real_panel_lstm_log__LSTM__electronics__r057
real_panel_lstm_log__LSTM__electronics__r058,LSTM,1,13.0,0.08799310028553,0.291703008143754,3.603826968746364,real_panel_lstm_log__LSTM__electronics__r058
real_panel_lstm_log__LSTM__electronics__r059,LSTM,1,10.0,0.0890616178512573,0.29314573833379043,9.238898927222271,real_panel_lstm_log__LSTM__electronics__r059
real_panel_lstm_log__LSTM__electronics__r060,LSTM,1,23.0,0.0874287113547325,0.29580079747409654,13.171952499284599,real_panel_lstm_log__LSTM__electronics__r060
real_panel_lstm_log__LSTM__electronics__r061,LSTM,1,10.0,0.0876880437135696,0.28952467156293943,8.607031355920038,real_panel_lstm_log__LSTM__electronics__r061
real_panel_lstm_log__LSTM__electronics__r062,LSTM,1,12.0,0.0887297632602544,0.2930829019950667,2.04145136813297,real_panel_lstm_log__LSTM__electronics__r062
real_panel_lstm_log__LSTM__electronics__r063,LSTM,1,16.0,0.0880039890225117,0.30530379754086356,3.5969613920128767,real_panel_lstm_log__LSTM__electronics__r063
real_panel_lstm_log__LSTM__electronics__r064,LSTM,1,4.0,0.0889782917041045,0.299427614365181,4.419137558018817,real_panel_lstm_log__LSTM__electronics__r064
real_panel_lstm_log__LSTM__electronics__r065,LSTM,1,25.0,0.0864705648273229,0.30305614771947353,2.7430637538757465,real_panel_lstm_log__LSTM__electronics__r065
real_panel_lstm_log__LSTM__electronics__r066,LSTM,1,28.0,0.0853274576365947,0.2991257124541426,2.5657442207910846,real_panel_lstm_log__LSTM__electronics__r066
real_panel_lstm_log__LSTM__electronics__r067,LSTM,1,8.0,0.0891330147591921,0.30823664878123463,3.524674751446821,real_panel_lstm_log__LSTM__electronics__r067
real_panel_lstm_log__LSTM__electronics__r068,LSTM,1,12.0,0.0885853492296659,0.29237242530852514,2.6565243070343003,real_panel_lstm_log__LSTM__electronics__r068
real_panel_lstm_log__LSTM__electronics__r069,LSTM,1,9.0,0.0884323443930882,0.28329093883802364,2.9356562558043104,real_panel_lstm_log__LSTM__electronics__r069
real_panel_lstm_log__LSTM__electronics__r070,LSTM,1,26.0,0.0852957069873809,0.3069939214464285,2.3161171963573115,real_panel_lstm_log__LSTM__electronics__r070
real_panel_lstm_log__LSTM__electronics__r071,LSTM,1,19.0,0.0861746408045291,0.2862597022813688,2.312355186041376,real_panel_lstm_log__LSTM__electronics__r071
real_panel_lstm_log__LSTM__electronics__r072,LSTM,1,19.0,0.0861844569444656,0.30635327555204966,3.1275932154288606,real_panel_lstm_log__LSTM__electronics__r072
real_panel_lstm_log__LSTM__electronics__r073,LSTM,1,24.0,0.0875054810728345,0.3041376780217621,2.2909556974642284,real_panel_lstm_log__LSTM__electronics__r073
real_panel_lstm_log__LSTM__electronics__r074,LSTM,1,30.0,0.0854055229574441,0.2912827045540792,2.5265336317362967,real_panel_lstm_log__LSTM__electronics__r074
real_panel_lstm_log__LSTM__electronics__r075,LSTM,1,33.0,0.0855048354715108,0.3020395447034916,2.643428244547247,real_panel_lstm_log__LSTM__electronics__r075
real_panel_lstm_log__LSTM__electronics__r076,LSTM,1,21.0,0.0866093877702951,0.29056412247954516,3.7282088141112895,real_panel_lstm_log__LSTM__electronics__r076
real_panel_lstm_log__LSTM__electronics__r077,LSTM,1,16.0,0.0862399172037839,0.2840976019742608,3.1682832779823498,real_panel_lstm_log__LSTM__electronics__r077
real_panel_lstm_log__LSTM__electronics__r078,LSTM,1,13.0,0.0885676965117454,0.3113532284183802,4.790144026918676,real_panel_lstm_log__LSTM__electronics__r078
real_panel_lstm_log__LSTM__electronics__r079,LSTM,1,14.0,0.0883436426520347,0.29566802012053084,3.1712345758040077,real_panel_lstm_log__LSTM__electronics__r079
real_panel_lstm_log__LSTM__electronics__r080,LSTM,1,28.0,0.0871522668749094,0.30293408228508584,2.394632360987632,real_panel_lstm_log__LSTM__electronics__r080
real_panel_lstm_log__LSTM__electronics__r081,LSTM,1,5.0,0.0867099873721599,0.2930060592733965,3.5516471888241603,real_panel_lstm_log__LSTM__electronics__r081
real_panel_lstm_log__LSTM__electronics__r082,LSTM,1,19.0,0.0869979294283049,0.30240758780874444,3.258028963620631,real_panel_lstm_log__LSTM__electronics__r082
real_panel_lstm_log__LSTM__electronics__r083,LSTM,1,14.0,0.087550122823034,0.295963068416005,2.689275253815745,real_panel_lstm_log__LSTM__electronics__r083
real_panel_lstm_log__LSTM__electronics__r084,LSTM,1,20.0,0.0869405139237642,0.30067519456893144,3.410372750031589,real_panel_lstm_log__LSTM__electronics__r084
real_panel_lstm_log__LSTM__electronics__r085,LSTM,1,5.0,0.08841412457136,0.2894857687215336,3.0101765131889415,real_panel_lstm_log__LSTM__electronics__r085
real_panel_lstm_log__LSTM__electronics__r086,LSTM,1,17.0,0.0867691189050674,0.2815781016347455,8.941983772847017,real_panel_lstm_log__LSTM__electronics__r086
real_panel_lstm_log__LSTM__electronics__r087,LSTM,1,25.0,0.0854988731443882,0.2995045990743167,3.626451301466787,real_panel_lstm_log__LSTM__electronics__r087
real_panel_lstm_log__LSTM__electronics__r088,LSTM,1,9.0,0.0874901209026575,0.30116536733143207,6.765599788189844,real_panel_lstm_log__LSTM__electronics__r088
real_panel_lstm_log__LSTM__electronics__r089,LSTM,1,44.0,0.0858254451304674,0.30355367094433255,3.857562542805275,real_panel_lstm_log__LSTM__electronics__r089
real_panel_lstm_log__LSTM__electronics__r090,LSTM,1,4.0,0.0890478063374757,0.24147932270242667,0.9674918518350772,real_panel_lstm_log__LSTM__electronics__r090
real_panel_lstm_log__LSTM__electronics__r091,LSTM,1,13.0,0.0873952005058527,0.2867123601050966,5.829076679840645,real_panel_lstm_log__LSTM__electronics__r091
real_panel_lstm_log__LSTM__electronics__r092,LSTM,1,29.0,0.0884592703410557,0.2895560702433202,6.272701550973513,real_panel_lstm_log__LSTM__electronics__r092
real_panel_lstm_log__LSTM__electronics__r093,LSTM,1,25.0,0.0858782920986414,0.2984316961816835,2.8235777933820043,real_panel_lstm_log__LSTM__electronics__r093
real_panel_lstm_log__LSTM__electronics__r094,LSTM,1,26.0,0.0858962778002023,0.29613165306441247,5.805389313522666,real_panel_lstm_log__LSTM__electronics__r094
real_panel_lstm_log__LSTM__electronics__r095,LSTM,1,14.0,0.0873215403407812,0.2905898847359448,3.9893119815364066,real_panel_lstm_log__LSTM__electronics__r095
real_panel_lstm_log__LSTM__electronics__r096,LSTM,1,22.0,0.0855207405984401,0.291356876306914,2.342639011383468,real_panel_lstm_log__LSTM__electronics__r096
real_panel_lstm_log__LSTM__electronics__r097,LSTM,1,13.0,0.0884438119828701,0.31169198708314927,10.187956805103042,real_panel_lstm_log__LSTM__electronics__r097
real_panel_lstm_log__LSTM__electronics__r098,LSTM,1,15.0,0.0881688115852219,0.2842880757350065,2.103892273615869,real_panel_lstm_log__LSTM__electronics__r098
real_panel_lstm_log__LSTM__electronics__r099,LSTM,1,23.0,0.0853219684213399,0.28598019782049083,3.274271827360059,real_panel_lstm_log__LSTM__electronics__r099
real_panel_lstm_ratio__LSTM__electronics__r000,LSTM,1,6.0,0.0868982169777154,0.2860101175225999,0.6713676110594134,real_panel_lstm_ratio__LSTM__electronics__r000
real_panel_lstm_ratio__LSTM__electronics__r001,LSTM,1,11.0,0.0859545767307281,0.30566659179023936,1.1189116144564861,real_panel_lstm_ratio__LSTM__electronics__r001
real_panel_lstm_ratio__LSTM__electronics__r002,LSTM,1,11.0,0.0865189023315906,0.3241519520345206,1.3001659174059585,real_panel_lstm_ratio__LSTM__electronics__r002
real_panel_lstm_ratio__LSTM__electronics__r003,LSTM,1,6.0,0.0867427345365285,0.3059408950661243,0.7746655194023935,real_panel_lstm_ratio__LSTM__electronics__r003
real_panel_lstm_ratio__LSTM__electronics__r004,LSTM,1,9.0,0.0869848039001226,0.2942591112712624,0.8450385948405841,real_panel_lstm_ratio__LSTM__electronics__r004
real_panel_lstm_ratio__LSTM__electronics__r005,LSTM,1,31.0,0.0864247269928455,0.3249533451862802,1.1050669089088496,real_panel_lstm_ratio__LSTM__electronics__r005
real_panel_lstm_ratio__LSTM__electronics__r006,LSTM,1,26.0,0.0865291524678468,0.3095400651464004,1.0816174537336893,real_panel_lstm_ratio__LSTM__electronics__r006
real_panel_lstm_ratio__LSTM__electronics__r007,LSTM,1,13.0,0.086815807968378,0.3042115585562828,0.7179722719290627,real_panel_lstm_ratio__LSTM__electronics__r007
real_panel_lstm_ratio__LSTM__electronics__r008,LSTM,1,7.0,0.0870292391628027,0.30092683986121954,1.1435947218360767,real_panel_lstm_ratio__LSTM__electronics__r008
real_panel_lstm_ratio__LSTM__electronics__r009,LSTM,1,9.0,0.0868794284760952,0.31639894506678573,0.8890141794809512,real_panel_lstm_ratio__LSTM__electronics__r009
real_panel_lstm_ratio__LSTM__electronics__r010,LSTM,1,30.0,0.0863138251006603,0.33537610296705844,1.7634343809599788,real_panel_lstm_ratio__LSTM__electronics__r010
real_panel_lstm_ratio__LSTM__electronics__r011,LSTM,1,11.0,0.0868866983801126,0.29740079492250215,0.8843155535746376,real_panel_lstm_ratio__LSTM__electronics__r011
real_panel_lstm_ratio__LSTM__electronics__r012,LSTM,1,8.0,0.087360493838787,0.2819975138790907,1.0112800311231516,real_panel_lstm_ratio__LSTM__electronics__r012
real_panel_lstm_ratio__LSTM__electronics__r013,LSTM,1,8.0,0.0865057483315467,0.31866712735472663,0.7215554925218892,real_panel_lstm_ratio__LSTM__electronics__r013
real_panel_lstm_ratio__LSTM__electronics__r014,LSTM,1,8.0,0.0858019795268774,0.30515480185960564,1.3520516914812986,real_panel_lstm_ratio__LSTM__electronics__r014
real_panel_lstm_ratio__LSTM__electronics__r015,LSTM,1,12.0,0.0884696287768227,0.29217726486198836,1.0477400512539043,real_panel_lstm_ratio__LSTM__electronics__r015
real_panel_lstm_ratio__LSTM__electronics__r016,LSTM,1,12.0,0.0876174382865428,0.3015683012943207,2.118153786462095,real_panel_lstm_ratio__LSTM__electronics__r016
real_panel_lstm_ratio__LSTM__electronics__r017,LSTM,1,10.0,0.086640952154994,0.2977034341766204,1.1845079166758201,real_panel_lstm_ratio__LSTM__electronics__r017
real_panel_lstm_ratio__LSTM__electronics__r018,LSTM,1,9.0,0.0864506438374519,0.302768674029746,0.8457320918091548,real_panel_lstm_ratio__LSTM__electronics__r018
real_panel_lstm_ratio__LSTM__electronics__r019,LSTM,1,9.0,0.0867364089936018,0.30252279486928835,1.006019642572583,real_panel_lstm_ratio__LSTM__electronics__r019
real_panel_lstm_ratio__LSTM__electronics__r020,LSTM,1,8.0,0.0861071832478046,0.29434711610710335,1.8918966401151913,real_panel_lstm_ratio__LSTM__electronics__r020
real_panel_lstm_ratio__LSTM__electronics__r021,LSTM,1,8.0,0.0870012398809194,0.32150554652651836,0.7170853716475523,real_panel_lstm_ratio__LSTM__electronics__r021
real_panel_lstm_ratio__LSTM__electronics__r022,LSTM,1,5.0,0.0868519693613052,0.2970710264576276,0.49997340657756667,real_panel_lstm_ratio__LSTM__electronics__r022
real_panel_lstm_ratio__LSTM__electronics__r023,LSTM,1,18.0,0.086000669747591,0.3134551002888089,1.2611561208340476,real_panel_lstm_ratio__LSTM__electronics__r023
real_panel_lstm_ratio__LSTM__electronics__r024,LSTM,1,5.0,0.0868419166654348,0.3237040993237061,0.6686882635654091,real_panel_lstm_ratio__LSTM__electronics__r024
real_panel_lstm_ratio__LSTM__electronics__r025,LSTM,1,11.0,0.0866127777844667,0.31933718751001555,0.9062515267474814,real_panel_lstm_ratio__LSTM__electronics__r025
real_panel_lstm_ratio__LSTM__electronics__r026,LSTM,1,9.0,0.0864385366439819,0.30798724405630423,0.7756745306165084,real_panel_lstm_ratio__LSTM__electronics__r026
real_panel_lstm_ratio__LSTM__electronics__r027,LSTM,1,8.0,0.0861379764974117,0.30716524297178927,1.1887407013122995,real_panel_lstm_ratio__LSTM__electronics__r027
real_panel_lstm_ratio__LSTM__electronics__r028,LSTM,1,7.0,0.0868111066520214,0.30033715196414923,1.0016260409420987,real_panel_lstm_ratio__LSTM__electronics__r028
real_panel_lstm_ratio__LSTM__electronics__r029,LSTM,1,34.0,0.0861734431236982,0.3179623083918021,1.104028947609703,real_panel_lstm_ratio__LSTM__electronics__r029
real_panel_lstm_ratio__LSTM__electronics__r030,LSTM,1,9.0,0.0857128370553255,0.2894184161315043,0.9274168080214933,real_panel_lstm_ratio__LSTM__electronics__r030
real_panel_lstm_ratio__LSTM__electronics__r031,LSTM,1,7.0,0.0866033416241407,0.30659998298214686,1.0091380286215332,real_panel_lstm_ratio__LSTM__electronics__r031
real_panel_lstm_ratio__LSTM__electronics__r032,LSTM,1,8.0,0.0862829964607954,0.28044327021930016,1.1236902983926005,real_panel_lstm_ratio__LSTM__electronics__r032
real_panel_lstm_ratio__LSTM__electronics__r033,LSTM,1,16.0,0.0865347310900688,0.3178036726170174,1.0043903835922945,real_panel_lstm_ratio__LSTM__electronics__r033
real_panel_lstm_ratio__LSTM__electronics__r034,LSTM,1,5.0,0.0868968144059181,0.3213240498142373,0.9741308382713731,real_panel_lstm_ratio__LSTM__electronics__r034
real_panel_lstm_ratio__LSTM__electronics__r035,LSTM,1,29.0,0.0863868370652198,0.3129448672489286,2.464178750281213,real_panel_lstm_ratio__LSTM__electronics__r035
real_panel_lstm_ratio__LSTM__electronics__r036,LSTM,1,7.0,0.0863968320190906,0.298781533726606,1.7577765839023456,real_panel_lstm_ratio__LSTM__electronics__r036
real_panel_lstm_ratio__LSTM__electronics__r037,LSTM,1,30.0,0.0854678712785244,0.32264986403374385,1.2141418497747214,real_panel_lstm_ratio__LSTM__electronics__r037
real_panel_lstm_ratio__LSTM__electronics__r038,LSTM,1,9.0,0.0865095146000385,0.3079317304507201,1.3795222097995559,real_panel_lstm_ratio__LSTM__electronics__r038
real_panel_lstm_ratio__LSTM__electronics__r039,LSTM,1,22.0,0.0869758296757936,0.3085183771412466,2.736068158606053,real_panel_lstm_ratio__LSTM__electronics__r039
real_panel_lstm_ratio__LSTM__electronics__r040,LSTM,1,9.0,0.0859595388174057,0.3056316323052502,0.8603551188671663,real_panel_lstm_ratio__LSTM__electronics__r040
real_panel_lstm_ratio__LSTM__electronics__r041,LSTM,1,11.0,0.0867380928248167,0.31122260895021414,0.8959308055039784,real_panel_lstm_ratio__LSTM__electronics__r041
real_panel_lstm_ratio__LSTM__electronics__r042,LSTM,1,8.0,0.086968395859003,0.3277442112863181,2.1015222834038756,real_panel_lstm_ratio__LSTM__electronics__r042
real_panel_lstm_ratio__LSTM__electronics__r043,LSTM,1,7.0,0.0864382665604353,0.28976261721128854,0.7614256474447079,real_panel_lstm_ratio__LSTM__electronics__r043
real_panel_lstm_ratio__LSTM__electronics__r044,LSTM,1,22.0,0.0861751958727836,0.30704158798401165,1.1007124799603771,real_panel_lstm_ratio__LSTM__electronics__r044
real_panel_lstm_ratio__LSTM__electronics__r045,LSTM,1,33.0,0.085240751504898,0.3192088394617074,2.8137706557967515,real_panel_lstm_ratio__LSTM__electronics__r045
real_panel_lstm_ratio__LSTM__electronics__r046,LSTM,1,6.0,0.0869502574205398,0.293729278833815,0.6305290865249044,real_panel_lstm_ratio__LSTM__electronics__r046
real_panel_lstm_ratio__LSTM__electronics__r047,LSTM,1,22.0,0.0867615677416324,0.3182949611709646,1.6817768822645975,real_panel_lstm_ratio__LSTM__electronics__r047
real_panel_lstm_ratio__LSTM__electronics__r048,LSTM,1,11.0,0.0866873189806938,0.31557501135210664,0.9808589776291298,real_panel_lstm_ratio__LSTM__electronics__r048
real_panel_lstm_ratio__LSTM__electronics__r049,LSTM,1,11.0,0.086469579488039,0.3046011857363431,1.2171098557147493,real_panel_lstm_ratio__LSTM__electronics__r049
real_panel_lstm_ratio__LSTM__electronics__r050,LSTM,1,10.0,0.0862138755619525,0.2920005103659777,2.3164814766462514,real_panel_lstm_ratio__LSTM__electronics__r050
real_panel_lstm_ratio__LSTM__electronics__r051,LSTM,1,31.0,0.0860745310783386,0.3025040358179191,1.880068510067269,real_panel_lstm_ratio__LSTM__electronics__r051
real_panel_lstm_ratio__LSTM__electronics__r052,LSTM,1,11.0,0.0864942613989114,0.30131416719781057,2.161513862824705,real_panel_lstm_ratio__LSTM__electronics__r052
real_panel_lstm_ratio__LSTM__electronics__r053,LSTM,1,5.0,0.087153360247612,0.3068823905149094,0.9660969332783672,real_panel_lstm_ratio__LSTM__electronics__r053
real_panel_lstm_ratio__LSTM__electronics__r054,LSTM,1,9.0,0.0864137671887874,0.3042980391989796,0.7453300773105674,real_panel_lstm_ratio__LSTM__electronics__r054
real_panel_lstm_ratio__LSTM__electronics__r055,LSTM,1,9.0,0.0866267867386341,0.27255641983293494,1.4369674013848757,real_panel_lstm_ratio__LSTM__electronics__r055
real_panel_lstm_ratio__LSTM__electronics__r056,LSTM,1,5.0,0.0866599567234516,0.2993588993878991,1.065952680650322,real_panel_lstm_ratio__LSTM__electronics__r056
real_panel_lstm_ratio__LSTM__electronics__r057,LSTM,1,7.0,0.0866816006600856,0.3020125562296761,0.9751003956927359,real_panel_lstm_ratio__LSTM__electronics__r057
real_panel_lstm_ratio__LSTM__electronics__r058,LSTM,1,9.0,0.0865530539304018,0.2892240676591335,1.4623119719410158,real_panel_lstm_ratio__LSTM__electronics__r058
real_panel_lstm_ratio__LSTM__electronics__r059,LSTM,1,9.0,0.0862394347786903,0.30727475414186267,1.4065926496104941,real_panel_lstm_ratio__LSTM__electronics__r059
real_panel_lstm_ratio__LSTM__electronics__r060,LSTM,1,14.0,0.0884762609807344,0.31050306042054165,2.566426576123251,real_panel_lstm_ratio__LSTM__electronics__r060
real_panel_lstm_ratio__LSTM__electronics__r061,LSTM,1,13.0,0.0870471354573965,0.3275788569964436,1.5414940004033952,real_panel_lstm_ratio__LSTM__electronics__r061
real_panel_lstm_ratio__LSTM__electronics__r062,LSTM,1,26.0,0.0861633587628603,0.3205018980013033,2.1632506933953057,real_panel_lstm_ratio__LSTM__electronics__r062
real_panel_lstm_ratio__LSTM__electronics__r063,LSTM,1,11.0,0.086814185604453,0.3022384169712443,0.9825147269520108,real_panel_lstm_ratio__LSTM__electronics__r063
real_panel_lstm_ratio__LSTM__electronics__r064,LSTM,1,9.0,0.0865831617265939,0.3033926517646721,1.4815419596282355,real_panel_lstm_ratio__LSTM__electronics__r064
real_panel_lstm_ratio__LSTM__electronics__r065,LSTM,1,13.0,0.0867615342140197,0.30958835980455124,1.2531267703177633,real_panel_lstm_ratio__LSTM__electronics__r065
real_panel_lstm_ratio__LSTM__electronics__r066,LSTM,1,11.0,0.0865754019469022,0.323389514330887,0.8152598394576687,real_panel_lstm_ratio__LSTM__electronics__r066
real_panel_lstm_ratio__LSTM__electronics__r067,LSTM,1,36.0,0.0864666495472192,0.3188992304242185,1.1791051305541156,real_panel_lstm_ratio__LSTM__electronics__r067
real_panel_lstm_ratio__LSTM__electronics__r068,LSTM,1,11.0,0.0864790864288806,0.28540662306968384,1.1356170952908775,real_panel_lstm_ratio__LSTM__electronics__r068
real_panel_lstm_ratio__LSTM__electronics__r069,LSTM,1,8.0,0.086433345451951,0.28909839223580913,0.7686058311157817,real_panel_lstm_ratio__LSTM__electronics__r069
real_panel_lstm_ratio__LSTM__electronics__r070,LSTM,1,19.0,0.0870305281132459,0.30866179501529184,1.065206648239231,real_panel_lstm_ratio__LSTM__electronics__r070
real_panel_lstm_ratio__LSTM__electronics__r071,LSTM,1,4.0,0.0872256867587566,0.28793107203267304,1.0966094946126776,real_panel_lstm_ratio__LSTM__electronics__r071
real_panel_lstm_ratio__LSTM__electronics__r072,LSTM,1,7.0,0.0886068535702569,0.3061203235944512,1.5259029333433038,real_panel_lstm_ratio__LSTM__electronics__r072
real_panel_lstm_ratio__LSTM__electronics__r073,LSTM,1,4.0,0.0868734158575534,0.30684906729734485,0.7430503118406929,real_panel_lstm_ratio__LSTM__electronics__r073
real_panel_lstm_ratio__LSTM__electronics__r074,LSTM,1,14.0,0.0863699875771999,0.29282813695474236,2.0788427658840694,real_panel_lstm_ratio__LSTM__electronics__r074
real_panel_lstm_ratio__LSTM__electronics__r075,LSTM,1,10.0,0.0867461189627647,0.3122203048678181,1.007414476073026,real_panel_lstm_ratio__LSTM__electronics__r075
real_panel_lstm_ratio__LSTM__electronics__r076,LSTM,1,11.0,0.0860738474875688,0.29855194313723504,1.1386024737710676,real_panel_lstm_ratio__LSTM__electronics__r076
real_panel_lstm_ratio__LSTM__electronics__r077,LSTM,1,9.0,0.0868771746754646,0.2954229532127613,0.9200383730074884,real_panel_lstm_ratio__LSTM__electronics__r077
real_panel_lstm_ratio__LSTM__electronics__r078,LSTM,1,13.0,0.0864964388310909,0.31416215547738524,0.9923192088379599,real_panel_lstm_ratio__LSTM__electronics__r078
real_panel_lstm_ratio__LSTM__electronics__r079,LSTM,1,18.0,0.0878800760422434,0.3201157958190639,1.2023368900168436,real_panel_lstm_ratio__LSTM__electronics__r079
real_panel_lstm_ratio__LSTM__electronics__r080,LSTM,1,9.0,0.0866643488407135,0.3079904410973941,1.073768086100301,real_panel_lstm_ratio__LSTM__electronics__r080
real_panel_lstm_ratio__LSTM__electronics__r081,LSTM,1,8.0,0.0861582085490226,0.29695500553525433,0.9708471122210854,real_panel_lstm_ratio__LSTM__electronics__r081
real_panel_lstm_ratio__LSTM__electronics__r082,LSTM,1,21.0,0.0862280596047639,0.2971600645875614,1.0966757203203699,real_panel_lstm_ratio__LSTM__electronics__r082
real_panel_lstm_ratio__LSTM__electronics__r083,LSTM,1,8.0,0.0868671219795942,0.295976295823641,0.7451109875305577,real_panel_lstm_ratio__LSTM__electronics__r083
real_panel_lstm_ratio__LSTM__electronics__r084,LSTM,1,32.0,0.0866121146827936,0.311419502291067,1.126377124508071,real_panel_lstm_ratio__LSTM__electronics__r084
real_panel_lstm_ratio__LSTM__electronics__r085,LSTM,1,19.0,0.0865397341549396,0.3156331711254209,4.297506152714905,real_panel_lstm_ratio__LSTM__electronics__r085
real_panel_lstm_ratio__LSTM__electronics__r086,LSTM,1,9.0,0.0871733780950307,0.27791319842588885,0.6897843072130057,real_panel_lstm_ratio__LSTM__electronics__r086
real_panel_lstm_ratio__LSTM__electronics__r087,LSTM,1,11.0,0.0863650478422641,0.3017047139884982,0.7487685484091764,real_panel_lstm_ratio__LSTM__electronics__r087
real_panel_lstm_ratio__LSTM__electronics__r088,LSTM,1,10.0,0.0870154183357954,0.29773034932313275,0.709762466733578,real_panel_lstm_ratio__LSTM__electronics__r088
real_panel_lstm_ratio__LSTM__electronics__r089,LSTM,1,6.0,0.0867021474987268,0.32264224826580234,0.815598407683216,real_panel_lstm_ratio__LSTM__electronics__r089
real_panel_lstm_ratio__LSTM__electronics__r090,LSTM,1,20.0,0.0853326618671417,0.31454987278991364,7.7089610533167905,real_panel_lstm_ratio__LSTM__electronics__r090
real_panel_lstm_ratio__LSTM__electronics__r091,LSTM,1,23.0,0.0853168591856956,0.3239720934666823,1.3667351690353604,real_panel_lstm_ratio__LSTM__electronics__r091
real_panel_lstm_ratio__LSTM__electronics__r092,LSTM,1,11.0,0.0862390492111444,0.31081019366863094,2.3597323685942855,real_panel_lstm_ratio__LSTM__electronics__r092
real_panel_lstm_ratio__LSTM__electronics__r093,LSTM,1,29.0,0.086457472294569,0.3097693131987744,1.0464776363595414,real_panel_lstm_ratio__LSTM__electronics__r093
real_panel_lstm_ratio__LSTM__electronics__r094,LSTM,1,6.0,0.0870027486234903,0.29160206903242675,0.559018951102499,real_panel_lstm_ratio__LSTM__electronics__r094
real_panel_lstm_ratio__LSTM__electronics__r095,LSTM,1,14.0,0.0864949338138103,0.308456804433847,1.059821022719558,real_panel_lstm_ratio__LSTM__electronics__r095
real_panel_lstm_ratio__LSTM__electronics__r096,LSTM,1,13.0,0.0867777168750763,0.29388656823351544,1.0797529284403105,real_panel_lstm_ratio__LSTM__electronics__r096
real_panel_lstm_ratio__LSTM__electronics__r097,LSTM,1,28.0,0.0864498112350702,0.322672697603401,1.366422343074368,real_panel_lstm_ratio__LSTM__electronics__r097
real_panel_lstm_ratio__LSTM__electronics__r098,LSTM,1,8.0,0.0868272185325622,0.2776759257986778,1.1983099293490391,real_panel_lstm_ratio__LSTM__electronics__r098
real_panel_lstm_ratio__LSTM__electronics__r099,LSTM,1,15.0,0.0865874607115984,0.31043900471840663,1.231527778911646,real_panel_lstm_ratio__LSTM__electronics__r099
selection_rescore__LSTM__electronics__r00,LSTM,1,13.0,0.0897641628980636,0.060578439965316824,0.16714675737336865,selection_rescore__LSTM__electronics__r00
selection_rescore__LSTM__electronics__r01,LSTM,1,7.0,0.0889735613018274,0.012829747246855688,0.1897845910571718,selection_rescore__LSTM__electronics__r01
selection_rescore__LSTM__electronics__r02,LSTM,1,10.0,0.088946558535099,0.047720013392290137,0.1714349346735014,selection_rescore__LSTM__electronics__r02
selection_rescore__LSTM__electronics__r03,LSTM,1,9.0,0.08878237567842,0.01646692778686513,0.2129860448127396,selection_rescore__LSTM__electronics__r03
selection_rescore__LSTM__electronics__r04,LSTM,1,8.0,0.0886126514524221,-0.005546907810051519,0.2059964212837885,selection_rescore__LSTM__electronics__r04
selection_rescore__LSTM__electronics__r05,LSTM,1,11.0,0.0892307870090007,0.05003410928132906,0.19145363873711851,selection_rescore__LSTM__electronics__r05
selection_rescore__LSTM__electronics__r06,LSTM,1,10.0,0.0905202052422932,0.05014224452553339,0.19346231829712449,selection_rescore__LSTM__electronics__r06
selection_rescore__LSTM__electronics__r07,LSTM,1,8.0,0.0886388532817363,0.05815315493282468,0.20100454737354437,selection_rescore__LSTM__electronics__r07
selection_rescore__LSTM__electronics__r08,LSTM,1,7.0,0.088898591697216,-0.03589982508182244,0.1931759763254469,selection_rescore__LSTM__electronics__r08
selection_rescore__LSTM__electronics__r09,LSTM,1,7.0,0.0889053139835596,0.05141255019331966,0.20041414884171996,selection_rescore__LSTM__electronics__r09
selection_rescore__LSTM__electronics__r10,LSTM,1,11.0,0.0889940317720174,0.029348110428944515,0.18875342252277863,selection_rescore__LSTM__electronics__r10
selection_rescore__LSTM__electronics__r11,LSTM,1,8.0,0.0889800116419792,0.08332291855940213,0.19383641859694503,selection_rescore__LSTM__electronics__r11
selection_rescore__LSTM__electronics__r12,LSTM,1,11.0,0.0891267415136098,0.001811008532304989,0.1841160884089236,selection_rescore__LSTM__electronics__r12
selection_rescore__LSTM__electronics__r13,LSTM,1,6.0,0.0912643788116318,0.031198090436674358,0.17913119798887486,selection_rescore__LSTM__electronics__r13
selection_rescore__LSTM__electronics__r14,LSTM,1,8.0,0.0892506502568721,0.025255030910764798,0.18575343724585627,selection_rescore__LSTM__electronics__r14
selection_rescore__LSTM__electronics__r15,LSTM,1,50.0,0.0906181093305349,-0.05956657502216793,0.15708084590423654,selection_rescore__LSTM__electronics__r15
selection_rescore__LSTM__electronics__r16,LSTM,1,11.0,0.0889747813344001,0.12439634843416864,0.20948942692590933,selection_rescore__LSTM__electronics__r16
selection_rescore__LSTM__electronics__r17,LSTM,1,8.0,0.0889130849391222,0.014308631934853834,0.1921015351929119,selection_rescore__LSTM__electronics__r17
selection_rescore__LSTM__electronics__r18,LSTM,1,8.0,0.0886190533638,-0.005306180421835034,0.22112433742013887,selection_rescore__LSTM__electronics__r18
selection_rescore__LSTM__electronics__r19,LSTM,1,6.0,0.0888510216027498,0.07832529935559016,0.21699030683133266,selection_rescore__LSTM__electronics__r19
selection_rescore__LSTM__electronics__r20,LSTM,1,10.0,0.088834349066019,0.019445215655833997,0.19277080031552377,selection_rescore__LSTM__electronics__r20
selection_rescore__LSTM__electronics__r21,LSTM,1,24.0,0.0892563890665769,0.09114248751382212,0.18863994773960946,selection_rescore__LSTM__electronics__r21
selection_rescore__LSTM__electronics__r22,LSTM,1,7.0,0.0888266135007143,0.05643027000889872,0.20799607032430395,selection_rescore__LSTM__electronics__r22
selection_rescore__LSTM__electronics__r23,LSTM,1,10.0,0.0887314174324274,0.052137300867564296,0.19863237807356257,selection_rescore__LSTM__electronics__r23
selection_rescore__LSTM__electronics__r24,LSTM,1,10.0,0.0886241216212511,0.06779978873246319,0.18848812174268517,selection_rescore__LSTM__electronics__r24
selection_rescore__LSTM__electronics__r25,LSTM,1,28.0,0.0915344378777912,0.06599670331069872,0.172067006855666,selection_rescore__LSTM__electronics__r25
selection_rescore__LSTM__electronics__r26,LSTM,1,11.0,0.0884523931890726,0.09544682316149686,0.20220986514378497,selection_rescore__LSTM__electronics__r26
selection_rescore__LSTM__electronics__r27,LSTM,1,10.0,0.088704926893115,0.052900539199789695,0.17381797730080992,selection_rescore__LSTM__electronics__r27
selection_rescore__LSTM__electronics__r28,LSTM,1,7.0,0.0888488683849573,-0.00375404823331163,0.20303144901587855,selection_rescore__LSTM__electronics__r28
selection_rescore__LSTM__electronics__r29,LSTM,1,6.0,0.0907126143574714,0.07867781359949101,0.18828032469364922,selection_rescore__LSTM__electronics__r29
selection_rescore__LSTM__electronics__r30,LSTM,1,16.0,0.0888456832617521,0.030412046407426705,0.18693794459449223,selection_rescore__LSTM__electronics__r30
selection_rescore__LSTM__electronics__r31,LSTM,1,9.0,0.0894938632845878,-0.018238089791508566,0.17564388501318512,selection_rescore__LSTM__electronics__r31
selection_rescore__LSTM__electronics__r32,LSTM,1,13.0,0.0887617822736501,-0.005960743382144897,0.1993847328626186,selection_rescore__LSTM__electronics__r32
selection_rescore__LSTM__electronics__r33,LSTM,1,7.0,0.0888381749391555,0.07815189773436114,0.20243140706250387,selection_rescore__LSTM__electronics__r33
selection_rescore__LSTM__electronics__r34,LSTM,1,13.0,0.0887807793915271,0.05640296078167189,0.18154141229831644,selection_rescore__LSTM__electronics__r34
selection_rescore__LSTM__electronics__r35,LSTM,1,8.0,0.0888545103371143,-0.00209220875976582,0.1783944760392904,selection_rescore__LSTM__electronics__r35
selection_rescore__LSTM__electronics__r36,LSTM,1,2.0,0.0886406172066927,0.02407168910532718,0.1465820579198583,selection_rescore__LSTM__electronics__r36
selection_rescore__LSTM__electronics__r37,LSTM,1,4.0,0.0912551209330558,-0.03566304922523199,0.1878784138745191,selection_rescore__LSTM__electronics__r37
selection_rescore__LSTM__electronics__r38,LSTM,1,8.0,0.0891005750745534,-0.06372279776788949,0.17337494470000317,selection_rescore__LSTM__electronics__r38
selection_rescore__LSTM__electronics__r39,LSTM,1,11.0,0.0885450337082147,0.09272261080972166,0.21616410378468162,selection_rescore__LSTM__electronics__r39
selection_rescore__ValendinLSTM__electronics__r00,ValendinLSTM,1,8.0,0.088960001245141,0.029302802727541093,0.21513320029352911,selection_rescore__ValendinLSTM__electronics__r00
selection_rescore__ValendinLSTM__electronics__r01,ValendinLSTM,1,10.0,0.0887344907969236,0.06261016165545245,0.20646041681383004,selection_rescore__ValendinLSTM__electronics__r01
selection_rescore__ValendinLSTM__electronics__r02,ValendinLSTM,1,8.0,0.0889260470867157,0.030034677069963836,0.2151402190527715,selection_rescore__ValendinLSTM__electronics__r02
selection_rescore__ValendinLSTM__electronics__r03,ValendinLSTM,1,11.0,0.0889586377888917,0.004576922032369869,0.16934755972743068,selection_rescore__ValendinLSTM__electronics__r03
selection_rescore__ValendinLSTM__electronics__r04,ValendinLSTM,1,7.0,0.0884833820164203,-0.03347784619512349,0.20979842400844942,selection_rescore__ValendinLSTM__electronics__r04
selection_rescore__ValendinLSTM__electronics__r05,ValendinLSTM,1,9.0,0.088763428851962,0.063656948987363,0.2128268271765209,selection_rescore__ValendinLSTM__electronics__r05
selection_rescore__ValendinLSTM__electronics__r06,ValendinLSTM,1,13.0,0.0890651866793632,0.02341356094310536,0.2049786174350072,selection_rescore__ValendinLSTM__electronics__r06
selection_rescore__ValendinLSTM__electronics__r07,ValendinLSTM,1,4.0,0.0912398163761411,0.02033496412134215,0.2143051374703507,selection_rescore__ValendinLSTM__electronics__r07
selection_rescore__ValendinLSTM__electronics__r08,ValendinLSTM,1,6.0,0.0911585582154137,0.0012857728882352754,0.1968039420177773,selection_rescore__ValendinLSTM__electronics__r08
selection_rescore__ValendinLSTM__electronics__r09,ValendinLSTM,1,13.0,0.0892372261732816,0.042936529136123495,0.2084679468427235,selection_rescore__ValendinLSTM__electronics__r09
selection_rescore__ValendinLSTM__electronics__r10,ValendinLSTM,1,7.0,0.0885727629065513,0.024446935348579085,0.2158608837557865,selection_rescore__ValendinLSTM__electronics__r10
selection_rescore__ValendinLSTM__electronics__r11,ValendinLSTM,1,11.0,0.0888078678399324,0.07570539395135473,0.19953660217286528,selection_rescore__ValendinLSTM__electronics__r11
selection_rescore__ValendinLSTM__electronics__r12,ValendinLSTM,1,8.0,0.0888150334358215,0.01914330288264211,0.21243196650227575,selection_rescore__ValendinLSTM__electronics__r12
selection_rescore__ValendinLSTM__electronics__r13,ValendinLSTM,1,1.0,0.0888291932642459,0.09080286967056095,0.19600106151738583,selection_rescore__ValendinLSTM__electronics__r13
selection_rescore__ValendinLSTM__electronics__r14,ValendinLSTM,1,7.0,0.0888601075857877,0.03141605128803444,0.22695571995132965,selection_rescore__ValendinLSTM__electronics__r14
selection_rescore__ValendinLSTM__electronics__r15,ValendinLSTM,1,8.0,0.0888225343078374,-0.006944134097374695,0.2161913328299732,selection_rescore__ValendinLSTM__electronics__r15
selection_rescore__ValendinLSTM__electronics__r16,ValendinLSTM,1,7.0,0.0887747053056955,0.04875966364970256,0.18815784788490023,selection_rescore__ValendinLSTM__electronics__r16
selection_rescore__ValendinLSTM__electronics__r17,ValendinLSTM,1,7.0,0.0889942180365324,0.03904681791593445,0.20218032076968884,selection_rescore__ValendinLSTM__electronics__r17
selection_rescore__ValendinLSTM__electronics__r18,ValendinLSTM,1,11.0,0.088718669489026,-0.01268244251542306,0.18852793790221922,selection_rescore__ValendinLSTM__electronics__r18
selection_rescore__ValendinLSTM__electronics__r19,ValendinLSTM,1,17.0,0.0891193766146898,0.009840505958245501,0.1380881347587128,selection_rescore__ValendinLSTM__electronics__r19
selection_rescore__ValendinLSTM__electronics__r20,ValendinLSTM,1,5.0,0.0909315762775284,0.021833007889581004,0.22010994642167117,selection_rescore__ValendinLSTM__electronics__r20
selection_rescore__ValendinLSTM__electronics__r21,ValendinLSTM,1,8.0,0.0887648593634367,0.03301278110898258,0.22012341194565696,selection_rescore__ValendinLSTM__electronics__r21
selection_rescore__ValendinLSTM__electronics__r22,ValendinLSTM,1,6.0,0.0887352768331766,0.05789086546664152,0.210885215886057,selection_rescore__ValendinLSTM__electronics__r22
selection_rescore__ValendinLSTM__electronics__r23,ValendinLSTM,1,7.0,0.0891814809292554,0.03309221502018047,0.20713882983236542,selection_rescore__ValendinLSTM__electronics__r23
selection_rescore__ValendinLSTM__electronics__r24,ValendinLSTM,1,16.0,0.0889566261321306,0.04796235699186491,0.18981850676146245,selection_rescore__ValendinLSTM__electronics__r24
selection_rescore__ValendinLSTM__electronics__r25,ValendinLSTM,1,9.0,0.0887170433998107,0.05911642415998474,0.19873790534577074,selection_rescore__ValendinLSTM__electronics__r25
selection_rescore__ValendinLSTM__electronics__r26,ValendinLSTM,1,8.0,0.0888026338070631,0.057031125939276894,0.20944500150584344,selection_rescore__ValendinLSTM__electronics__r26
selection_rescore__ValendinLSTM__electronics__r27,ValendinLSTM,1,7.0,0.0892805904150009,0.027805375139109613,0.19237940948347704,selection_rescore__ValendinLSTM__electronics__r27
selection_rescore__ValendinLSTM__electronics__r28,ValendinLSTM,1,53.0,0.0886006392538547,0.20353156802189962,0.5098431632721642,selection_rescore__ValendinLSTM__electronics__r28
selection_rescore__ValendinLSTM__electronics__r29,ValendinLSTM,1,11.0,0.0889540463685989,0.03517869594376178,0.18412003238597607,selection_rescore__ValendinLSTM__electronics__r29
selection_rescore__ValendinLSTM__electronics__r30,ValendinLSTM,1,11.0,0.0887208580970764,-0.01168558693087517,0.19405484019175825,selection_rescore__ValendinLSTM__electronics__r30
selection_rescore__ValendinLSTM__electronics__r31,ValendinLSTM,1,7.0,0.0888955537229776,-0.00880924818632559,0.21222699782865778,selection_rescore__ValendinLSTM__electronics__r31
selection_rescore__ValendinLSTM__electronics__r32,ValendinLSTM,1,9.0,0.0889641549438238,-0.012209518535069486,0.20034885912862424,selection_rescore__ValendinLSTM__electronics__r32
selection_rescore__ValendinLSTM__electronics__r33,ValendinLSTM,1,8.0,0.0889046061784029,0.007373678000234024,0.20964330488441135,selection_rescore__ValendinLSTM__electronics__r33
selection_rescore__ValendinLSTM__electronics__r34,ValendinLSTM,1,41.0,0.0885007112072064,0.23917543256906246,1.1420335333839848,selection_rescore__ValendinLSTM__electronics__r34
selection_rescore__ValendinLSTM__electronics__r35,ValendinLSTM,1,7.0,0.0887553207576274,0.022013056133891998,0.19283207745372433,selection_rescore__ValendinLSTM__electronics__r35
selection_rescore__ValendinLSTM__electronics__r36,ValendinLSTM,1,9.0,0.0888350903987884,0.010368828281692817,0.1973610487579695,selection_rescore__ValendinLSTM__electronics__r36
selection_rescore__ValendinLSTM__electronics__r37,ValendinLSTM,1,7.0,0.0889373552054166,0.007372811099146244,0.2093777120256104,selection_rescore__ValendinLSTM__electronics__r37
selection_rescore__ValendinLSTM__electronics__r38,ValendinLSTM,1,11.0,0.0890625100582838,0.010919265369392259,0.19016407397594007,selection_rescore__ValendinLSTM__electronics__r38
selection_rescore__ValendinLSTM__electronics__r39,ValendinLSTM,1,7.0,0.0888356398791074,0.09369363469078033,0.20859711239327597,selection_rescore__ValendinLSTM__electronics__r39
training_budget__LSTM__electronics__archive__r00,LSTM,1,13.0,0.0899249613285064,0.03690296912374399,0.17000907285189656,training_budget__LSTM__electronics__archive__r00
training_budget__LSTM__electronics__archive__r01,LSTM,1,10.0,0.0890247318893671,0.03135317846345328,0.1901473581494346,training_budget__LSTM__electronics__archive__r01
training_budget__LSTM__electronics__archive__r02,LSTM,1,10.0,0.0885211173444986,0.05775905681214112,0.16087129330504737,training_budget__LSTM__electronics__archive__r02
training_budget__LSTM__electronics__archive__r03,LSTM,1,8.0,0.0889267344027757,0.03531859011136496,0.21078554499753993,training_budget__LSTM__electronics__archive__r03
training_budget__LSTM__electronics__archive__r04,LSTM,1,6.0,0.0886626336723566,0.013407967648551252,0.17110511416109658,training_budget__LSTM__electronics__archive__r04
training_budget__LSTM__electronics__archive__r05,LSTM,1,14.0,0.0907881166785955,0.07322071383173841,0.16921400122144395,training_budget__LSTM__electronics__archive__r05
training_budget__LSTM__electronics__archive__r06,LSTM,1,4.0,0.0911188242690903,0.04583025739318266,0.2128243780449061,training_budget__LSTM__electronics__archive__r06
training_budget__LSTM__electronics__archive__r07,LSTM,1,7.0,0.0888595897704362,0.04359865058136355,0.2172200304766099,training_budget__LSTM__electronics__archive__r07
training_budget__LSTM__electronics__archive__r08,LSTM,1,8.0,0.0890073012560606,0.01088537168247145,0.1893520875840762,training_budget__LSTM__electronics__archive__r08
training_budget__LSTM__electronics__archive__r09,LSTM,1,7.0,0.0890029575675726,0.018849818895145753,0.18936210465612194,training_budget__LSTM__electronics__archive__r09
training_budget__LSTM__electronics__archive__r10,LSTM,1,9.0,0.0888752955943346,0.009163104726891592,0.20367529948277763,training_budget__LSTM__electronics__archive__r10
training_budget__LSTM__electronics__archive__r11,LSTM,1,13.0,0.0890022981911897,0.17246845069862332,0.20262846099426077,training_budget__LSTM__electronics__archive__r11
training_budget__LSTM__electronics__archive__r12,LSTM,1,8.0,0.0888694860041141,-0.02888665936938091,0.19145986328211728,training_budget__LSTM__electronics__archive__r12
training_budget__LSTM__electronics__archive__r13,LSTM,1,4.0,0.0911410823464393,0.036257234518618994,0.20968856579364412,training_budget__LSTM__electronics__archive__r13
training_budget__LSTM__electronics__archive__r14,LSTM,1,11.0,0.0890059135854244,0.019483610226947744,0.18440795031171836,training_budget__LSTM__electronics__archive__r14
training_budget__LSTM__electronics__archive__r15,LSTM,1,8.0,0.0891260150820016,-0.04304576276364825,0.2005112385206978,training_budget__LSTM__electronics__archive__r15
training_budget__LSTM__electronics__archive__r16,LSTM,1,10.0,0.0888635665178299,0.05309206691296804,0.20506387676486457,training_budget__LSTM__electronics__archive__r16
training_budget__LSTM__electronics__archive__r17,LSTM,1,7.0,0.089085578918457,0.02470930553371401,0.16980066743128727,training_budget__LSTM__electronics__archive__r17
training_budget__LSTM__electronics__archive__r18,LSTM,1,6.0,0.0889072846621275,-0.01107656991265872,0.2171546168065767,training_budget__LSTM__electronics__archive__r18
training_budget__LSTM__electronics__archive__r19,LSTM,1,6.0,0.0910855851003101,0.010705792407847175,0.19675884605022304,training_budget__LSTM__electronics__archive__r19
training_budget__LSTM__electronics__floor50__r00,LSTM,1,13.0,0.0882944352924823,0.059308499829011374,0.16613549956274207,training_budget__LSTM__electronics__floor50__r00
training_budget__LSTM__electronics__floor50__r01,LSTM,1,16.0,0.0884096380323171,0.08997121620401109,0.15427493040775542,training_budget__LSTM__electronics__floor50__r01
training_budget__LSTM__electronics__floor50__r02,LSTM,1,33.0,0.0879926793277263,0.08882110283815281,0.15106726494299835,training_budget__LSTM__electronics__floor50__r02
training_budget__LSTM__electronics__floor50__r03,LSTM,1,11.0,0.0886005125939846,0.07875091028065699,0.21201166825414436,training_budget__LSTM__electronics__floor50__r03
training_budget__LSTM__electronics__floor50__r04,LSTM,1,38.0,0.0884097889065742,-0.043167343012012575,0.17881516022522084,training_budget__LSTM__electronics__floor50__r04
training_budget__LSTM__electronics__floor50__r05,LSTM,1,59.0,0.0878398679196834,0.09431856864754959,0.1677645481453601,training_budget__LSTM__electronics__floor50__r05
training_budget__LSTM__electronics__floor50__r06,LSTM,1,61.0,0.0879168286919593,0.157882310710482,0.3022802401426677,training_budget__LSTM__electronics__floor50__r06
training_budget__LSTM__electronics__floor50__r07,LSTM,1,50.0,0.0886035617440939,0.021094616193271257,0.17532309477268368,training_budget__LSTM__electronics__floor50__r07
training_budget__LSTM__electronics__floor50__r08,LSTM,1,17.0,0.0884277690201997,0.09342673049854987,0.17686491826384235,training_budget__LSTM__electronics__floor50__r08
training_budget__LSTM__electronics__floor50__r09,LSTM,1,18.0,0.0879997108131647,0.08767052689991145,0.1978959419370482,training_budget__LSTM__electronics__floor50__r09
training_budget__LSTM__electronics__floor50__r10,LSTM,1,15.0,0.0879995599389076,0.0661167638018091,0.19637910735751685,training_budget__LSTM__electronics__floor50__r10
training_budget__LSTM__electronics__floor50__r11,LSTM,1,29.0,0.0877126771956682,0.16712802878287025,0.1839952782902703,training_budget__LSTM__electronics__floor50__r11
training_budget__LSTM__electronics__floor50__r12,LSTM,1,23.0,0.0883899647742509,0.032808226076641,0.15759380396396516,training_budget__LSTM__electronics__floor50__r12
training_budget__LSTM__electronics__floor50__r13,LSTM,1,20.0,0.0880419556051492,0.05996257321562643,0.18681175990549898,training_budget__LSTM__electronics__floor50__r13
training_budget__LSTM__electronics__floor50__r14,LSTM,1,48.0,0.087988831102848,0.00016961510752497142,0.2061638371663403,training_budget__LSTM__electronics__floor50__r14
training_budget__LSTM__electronics__floor50__r15,LSTM,1,65.0,0.0881115368434361,0.1232735185185004,0.36942204817493,training_budget__LSTM__electronics__floor50__r15
training_budget__LSTM__electronics__floor50__r16,LSTM,1,68.0,0.0880759749561548,0.0998243929160961,0.14627019953587275,training_budget__LSTM__electronics__floor50__r16
training_budget__LSTM__electronics__floor50__r17,LSTM,1,17.0,0.0881422143429517,0.09406755711605648,0.16862251159960448,training_budget__LSTM__electronics__floor50__r17
training_budget__LSTM__electronics__floor50__r18,LSTM,1,57.0,0.0875267721712589,0.032817242611791336,0.16959106068263669,training_budget__LSTM__electronics__floor50__r18
training_budget__LSTM__electronics__floor50__r19,LSTM,1,15.0,0.0880874395370483,0.07265371789497427,0.17389077068760844,training_budget__LSTM__electronics__floor50__r19
training_budget__LSTM__electronics__paper90__r00,LSTM,1,82.0,0.0890322787543902,0.2710403759173789,1.907691411342633,training_budget__LSTM__electronics__paper90__r00
training_budget__LSTM__electronics__paper90__r01,LSTM,1,74.0,0.0891062124417378,0.1819680814646806,0.5310749768679863,training_budget__LSTM__electronics__paper90__r01
training_budget__LSTM__electronics__paper90__r02,LSTM,1,89.0,0.0883724507517539,0.19434976630602754,0.36514461350258803,training_budget__LSTM__electronics__paper90__r02
training_budget__LSTM__electronics__paper90__r03,LSTM,1,66.0,0.0885857138782739,0.20433209954404957,0.3982817188141068,training_budget__LSTM__electronics__paper90__r03
training_budget__LSTM__electronics__paper90__r04,LSTM,1,59.0,0.0882614535781053,0.20919463128284457,0.9575122049965552,training_budget__LSTM__electronics__paper90__r04
training_budget__LSTM__electronics__paper90__r05,LSTM,1,1.0,0.0928519230622511,0.1052177490685556,0.20317707932594467,training_budget__LSTM__electronics__paper90__r05
training_budget__LSTM__electronics__paper90__r06,LSTM,1,70.0,0.089162477507041,0.23865666875228872,0.5330613914899434,training_budget__LSTM__electronics__paper90__r06
training_budget__LSTM__electronics__paper90__r07,LSTM,1,76.0,0.0889694586109656,0.2475444507603595,0.6351711644275576,training_budget__LSTM__electronics__paper90__r07
training_budget__LSTM__electronics__paper90__r08,LSTM,1,82.0,0.0887619580786961,0.18832528304050583,0.5095694893051252,training_budget__LSTM__electronics__paper90__r08
training_budget__LSTM__electronics__paper90__r09,LSTM,1,72.0,0.09120329698691,0.2942074106548036,0.8238755208403928,training_budget__LSTM__electronics__paper90__r09
training_budget__LSTM__electronics__paper90__r10,LSTM,1,57.0,0.0892345985540976,0.11538065619085655,0.3307325940741035,training_budget__LSTM__electronics__paper90__r10
training_budget__LSTM__electronics__paper90__r11,LSTM,1,74.0,0.0890925804582925,0.23541946373472603,0.6434615664183011,training_budget__LSTM__electronics__paper90__r11
training_budget__LSTM__electronics__paper90__r12,LSTM,1,54.0,0.0889520842868548,0.15744559711549905,0.6005407358800042,training_budget__LSTM__electronics__paper90__r12
training_budget__LSTM__electronics__paper90__r13,LSTM,1,81.0,0.088955128708711,0.17095756487366925,0.5216982302725803,training_budget__LSTM__electronics__paper90__r13
training_budget__LSTM__electronics__paper90__r14,LSTM,1,1.0,0.0924719935999466,0.02128129850330672,0.20553336301673164,training_budget__LSTM__electronics__paper90__r14
training_budget__LSTM__electronics__paper90__r15,LSTM,1,71.0,0.0893402066654883,0.10832237380294256,0.31991380615782794,training_budget__LSTM__electronics__paper90__r15
training_budget__LSTM__electronics__paper90__r16,LSTM,1,88.0,0.0890349474950478,0.2596342601162815,0.8751698846746787,training_budget__LSTM__electronics__paper90__r16
training_budget__LSTM__electronics__paper90__r17,LSTM,1,16.0,0.0926591900105659,0.03776265212075511,0.200685327640654,training_budget__LSTM__electronics__paper90__r17
training_budget__LSTM__electronics__paper90__r18,LSTM,1,76.0,0.0901479113560456,0.11741779606738295,0.2737722659116841,training_budget__LSTM__electronics__paper90__r18
training_budget__LSTM__electronics__paper90__r19,LSTM,1,58.0,0.0891957379017884,0.12826923903955595,0.43262604825471773,training_budget__LSTM__electronics__paper90__r19
training_budget__LSTM__electronics__paper__r00,LSTM,1,1.0,0.0929216812722958,0.003633149080553081,0.18870597598925706,training_budget__LSTM__electronics__paper__r00
training_budget__LSTM__electronics__paper__r01,LSTM,1,1.0,0.0930279516256772,7.933118272933363e-05,0.19198132030759904,training_budget__LSTM__electronics__paper__r01
training_budget__LSTM__electronics__paper__r02,LSTM,1,1.0,0.0926524445127982,0.00901787116529846,0.19519296287290094,training_budget__LSTM__electronics__paper__r02
training_budget__LSTM__electronics__paper__r03,LSTM,1,1.0,0.0926335936842056,0.033373267073318655,0.19318312701031476,training_budget__LSTM__electronics__paper__r03
training_budget__LSTM__electronics__paper__r04,LSTM,1,1.0,0.0926109277285062,0.002918277171711652,0.21004517333557085,training_budget__LSTM__electronics__paper__r04
training_budget__LSTM__electronics__paper__r05,LSTM,1,1.0,0.0928519230622511,0.10305045483675979,0.1973806658693352,training_budget__LSTM__electronics__paper__r05
training_budget__LSTM__electronics__paper__r06,LSTM,1,1.0,0.0931705869734287,0.020658579881530807,0.16188873059998946,training_budget__LSTM__electronics__paper__r06
training_budget__LSTM__electronics__paper__r07,LSTM,1,1.0,0.0932964916126086,-0.008567319096651257,0.17367594008925613,training_budget__LSTM__electronics__paper__r07
training_budget__LSTM__electronics__paper__r08,LSTM,1,1.0,0.0934512185362669,-0.0003153208040333671,0.1768828920750224,training_budget__LSTM__electronics__paper__r08
training_budget__LSTM__electronics__paper__r09,LSTM,1,1.0,0.0930341175542427,0.03311584503637916,0.19801215915603665,training_budget__LSTM__electronics__paper__r09
training_budget__LSTM__electronics__paper__r10,LSTM,1,1.0,0.0931749088832965,0.030620179724649046,0.19403302470027187,training_budget__LSTM__electronics__paper__r10
training_budget__LSTM__electronics__paper__r11,LSTM,1,1.0,0.0930112151858898,0.07375559755327225,0.2020457835673253,training_budget__LSTM__electronics__paper__r11
training_budget__LSTM__electronics__paper__r12,LSTM,1,1.0,0.0928138293899022,-0.002450479210326485,0.19495003020871218,training_budget__LSTM__electronics__paper__r12
training_budget__LSTM__electronics__paper__r13,LSTM,1,1.0,0.0925765137832898,0.04001765884206952,0.2029302117146704,training_budget__LSTM__electronics__paper__r13
training_budget__LSTM__electronics__paper__r14,LSTM,1,1.0,0.0924719935999466,0.02144624654114205,0.20119210489410308,training_budget__LSTM__electronics__paper__r14
training_budget__LSTM__electronics__paper__r15,LSTM,1,1.0,0.0928025499272805,-0.031051995760662112,0.1921977341784755,training_budget__LSTM__electronics__paper__r15
training_budget__LSTM__electronics__paper__r16,LSTM,1,1.0,0.0936429530668717,0.02634929673519942,0.19358324966759197,training_budget__LSTM__electronics__paper__r16
training_budget__LSTM__electronics__paper__r17,LSTM,1,1.0,0.0932037906291393,0.023567074922081634,0.18147030173393355,training_budget__LSTM__electronics__paper__r17
training_budget__LSTM__electronics__paper__r18,LSTM,1,1.0,0.0925296494880547,0.0036997689445772016,0.18891408723336817,training_budget__LSTM__electronics__paper__r18
training_budget__LSTM__electronics__paper__r19,LSTM,1,1.0,0.0930448857924113,0.012757855721923185,0.21635145031330216,training_budget__LSTM__electronics__paper__r19
training_budget__ValendinLSTM__electronics__archive__r00,ValendinLSTM,1,8.0,0.0889681000262498,-0.010036925332478632,0.20790940945030437,training_budget__ValendinLSTM__electronics__archive__r00
training_budget__ValendinLSTM__electronics__archive__r01,ValendinLSTM,1,35.0,0.0894668681117204,0.13780061652083533,0.4612135806996437,training_budget__ValendinLSTM__electronics__archive__r01
training_budget__ValendinLSTM__electronics__archive__r02,ValendinLSTM,1,8.0,0.0887319818139076,0.03768217900537448,0.2159433208821617,training_budget__ValendinLSTM__electronics__archive__r02
training_budget__ValendinLSTM__electronics__archive__r03,ValendinLSTM,1,11.0,0.0889771115034818,0.025115234474924034,0.19321974498372196,training_budget__ValendinLSTM__electronics__archive__r03
training_budget__ValendinLSTM__electronics__archive__r04,ValendinLSTM,1,6.0,0.0889678243547678,-0.011030407693350489,0.1940507945942533,training_budget__ValendinLSTM__electronics__archive__r04
training_budget__ValendinLSTM__electronics__archive__r05,ValendinLSTM,1,6.0,0.0910268021481377,0.09532693158303872,0.206536263839376,training_budget__ValendinLSTM__electronics__archive__r05
training_budget__ValendinLSTM__electronics__archive__r06,ValendinLSTM,1,6.0,0.0888208393007516,0.05407125590165906,0.22082096589289674,training_budget__ValendinLSTM__electronics__archive__r06
training_budget__ValendinLSTM__electronics__archive__r07,ValendinLSTM,1,8.0,0.0890239924192428,0.07349816242385802,0.22614338381944948,training_budget__ValendinLSTM__electronics__archive__r07
training_budget__ValendinLSTM__electronics__archive__r08,ValendinLSTM,1,21.0,0.0911505935447556,0.030956260904342756,0.18339891248377,training_budget__ValendinLSTM__electronics__archive__r08
training_budget__ValendinLSTM__electronics__archive__r09,ValendinLSTM,1,8.0,0.0890053082257509,0.046401739232615195,0.15729987463906836,training_budget__ValendinLSTM__electronics__archive__r09
training_budget__ValendinLSTM__electronics__archive__r10,ValendinLSTM,1,6.0,0.0889181923121213,0.011659870626447721,0.18220945999164634,training_budget__ValendinLSTM__electronics__archive__r10
training_budget__ValendinLSTM__electronics__archive__r11,ValendinLSTM,1,7.0,0.0889158844947815,0.07724647220834666,0.19826439876895557,training_budget__ValendinLSTM__electronics__archive__r11
training_budget__ValendinLSTM__electronics__archive__r12,ValendinLSTM,1,6.0,0.0885277073830366,-0.005944568670985795,0.2118307731784218,training_budget__ValendinLSTM__electronics__archive__r12
training_budget__ValendinLSTM__electronics__archive__r13,ValendinLSTM,1,13.0,0.0891259107738733,-0.0024429361728394573,0.214089406708336,training_budget__ValendinLSTM__electronics__archive__r13
training_budget__ValendinLSTM__electronics__archive__r14,ValendinLSTM,1,9.0,0.0887355413287878,0.0007473592653567586,0.1966352104830403,training_budget__ValendinLSTM__electronics__archive__r14
training_budget__ValendinLSTM__electronics__archive__r15,ValendinLSTM,1,9.0,0.0885732658207416,-0.02821929418644736,0.21197666775884527,training_budget__ValendinLSTM__electronics__archive__r15
training_budget__ValendinLSTM__electronics__archive__r16,ValendinLSTM,1,18.0,0.0894310157746076,0.03166636077836641,0.16958051087208703,training_budget__ValendinLSTM__electronics__archive__r16
training_budget__ValendinLSTM__electronics__archive__r17,ValendinLSTM,1,7.0,0.0888396073132753,0.005099400183128821,0.205137147524201,training_budget__ValendinLSTM__electronics__archive__r17
training_budget__ValendinLSTM__electronics__archive__r18,ValendinLSTM,1,11.0,0.0887624062597751,-0.022206324144175945,0.18930865508756575,training_budget__ValendinLSTM__electronics__archive__r18
training_budget__ValendinLSTM__electronics__archive__r19,ValendinLSTM,1,8.0,0.0887714270502328,-0.0077761841273701225,0.21121990215050232,training_budget__ValendinLSTM__electronics__archive__r19
training_budget__ValendinLSTM__electronics__floor50__r00,ValendinLSTM,1,85.0,0.0856527611613273,0.1923052420738077,0.3416719905782135,training_budget__ValendinLSTM__electronics__floor50__r00
training_budget__ValendinLSTM__electronics__floor50__r01,ValendinLSTM,1,76.0,0.0869578293391636,0.20223914549669908,0.2897341012325205,training_budget__ValendinLSTM__electronics__floor50__r01
training_budget__ValendinLSTM__electronics__floor50__r02,ValendinLSTM,1,67.0,0.0859425887465477,0.2022821970554608,0.22923556049764907,training_budget__ValendinLSTM__electronics__floor50__r02
training_budget__ValendinLSTM__electronics__floor50__r03,ValendinLSTM,1,55.0,0.0865376165934971,0.22009647022771567,0.9916754694689647,training_budget__ValendinLSTM__electronics__floor50__r03
training_budget__ValendinLSTM__electronics__floor50__r04,ValendinLSTM,1,56.0,0.0873245932161808,-0.007202268455926639,0.1925797559353169,training_budget__ValendinLSTM__electronics__floor50__r04
training_budget__ValendinLSTM__electronics__floor50__r05,ValendinLSTM,1,38.0,0.0886792205274105,0.1061367363429547,0.15968935962809652,training_budget__ValendinLSTM__electronics__floor50__r05
training_budget__ValendinLSTM__electronics__floor50__r06,ValendinLSTM,1,81.0,0.0857078246772289,0.1283700271759648,0.27738991566944043,training_budget__ValendinLSTM__electronics__floor50__r06
training_budget__ValendinLSTM__electronics__floor50__r07,ValendinLSTM,1,92.0,0.0857094209641218,0.18531117186011248,0.24082937638788915,training_budget__ValendinLSTM__electronics__floor50__r07
training_budget__ValendinLSTM__electronics__floor50__r08,ValendinLSTM,1,51.0,0.0876954176596232,0.17363177772585656,0.5352741432405683,training_budget__ValendinLSTM__electronics__floor50__r08
training_budget__ValendinLSTM__electronics__floor50__r09,ValendinLSTM,1,57.0,0.0871477861489568,0.26381996900194576,0.6100991721205806,training_budget__ValendinLSTM__electronics__floor50__r09
training_budget__ValendinLSTM__electronics__floor50__r10,ValendinLSTM,1,67.0,0.0856317989528179,0.1691807801625794,0.5583439152632619,training_budget__ValendinLSTM__electronics__floor50__r10
training_budget__ValendinLSTM__electronics__floor50__r11,ValendinLSTM,1,65.0,0.0858401246368885,0.2116063819144479,0.3502235653450676,training_budget__ValendinLSTM__electronics__floor50__r11
training_budget__ValendinLSTM__electronics__floor50__r12,ValendinLSTM,1,57.0,0.0875849686563015,-0.017252366635293864,0.19464258227867934,training_budget__ValendinLSTM__electronics__floor50__r12
training_budget__ValendinLSTM__electronics__floor50__r13,ValendinLSTM,1,81.0,0.0851701609790325,0.08534898203481224,0.1671146396788353,training_budget__ValendinLSTM__electronics__floor50__r13
training_budget__ValendinLSTM__electronics__floor50__r14,ValendinLSTM,1,46.0,0.0879691784771589,0.2701751727365401,1.1566294659535985,training_budget__ValendinLSTM__electronics__floor50__r14
training_budget__ValendinLSTM__electronics__floor50__r15,ValendinLSTM,1,77.0,0.0849422551691532,0.2217250095906745,0.38349727315490123,training_budget__ValendinLSTM__electronics__floor50__r15
training_budget__ValendinLSTM__electronics__floor50__r16,ValendinLSTM,1,68.0,0.0870058738759585,0.2915955821265133,1.314841563240885,training_budget__ValendinLSTM__electronics__floor50__r16
training_budget__ValendinLSTM__electronics__floor50__r17,ValendinLSTM,1,75.0,0.0863135531544685,0.1639193016816612,0.27507871201777123,training_budget__ValendinLSTM__electronics__floor50__r17
training_budget__ValendinLSTM__electronics__floor50__r18,ValendinLSTM,1,64.0,0.0853238552808761,0.08394654636824303,0.18321498282905094,training_budget__ValendinLSTM__electronics__floor50__r18
training_budget__ValendinLSTM__electronics__floor50__r19,ValendinLSTM,1,96.0,0.0852925796061754,0.21935494330430322,0.4194520131110671,training_budget__ValendinLSTM__electronics__floor50__r19
training_budget__ValendinLSTM__electronics__paper90__r00,ValendinLSTM,1,59.0,0.0886263605207204,0.14180934191165712,0.34721657554374186,training_budget__ValendinLSTM__electronics__paper90__r00
training_budget__ValendinLSTM__electronics__paper90__r01,ValendinLSTM,1,82.0,0.0892628634778352,0.2778630630283876,0.9160999700426443,training_budget__ValendinLSTM__electronics__paper90__r01
training_budget__ValendinLSTM__electronics__paper90__r02,ValendinLSTM,1,75.0,0.0890654195100069,0.19821564016119603,0.309789704299288,training_budget__ValendinLSTM__electronics__paper90__r02
training_budget__ValendinLSTM__electronics__paper90__r03,ValendinLSTM,1,39.0,0.0886220262887386,0.22574386383438938,0.39644891084045353,training_budget__ValendinLSTM__electronics__paper90__r03
training_budget__ValendinLSTM__electronics__paper90__r04,ValendinLSTM,1,35.0,0.0883839895518926,0.13344707814926443,0.2544601654419913,training_budget__ValendinLSTM__electronics__paper90__r04
training_budget__ValendinLSTM__electronics__paper90__r05,ValendinLSTM,1,53.0,0.0886311349100791,0.2885391695263446,0.8503927559101069,training_budget__ValendinLSTM__electronics__paper90__r05
training_budget__ValendinLSTM__electronics__paper90__r06,ValendinLSTM,1,1.0,0.0935427487756197,0.007628157928178793,0.19109009595708937,training_budget__ValendinLSTM__electronics__paper90__r06
training_budget__ValendinLSTM__electronics__paper90__r07,ValendinLSTM,1,69.0,0.0891227829628265,0.2678268181977278,0.8310319893705166,training_budget__ValendinLSTM__electronics__paper90__r07
training_budget__ValendinLSTM__electronics__paper90__r08,ValendinLSTM,1,54.0,0.0883894701703236,0.23332120272396012,0.45319674671287735,training_budget__ValendinLSTM__electronics__paper90__r08
training_budget__ValendinLSTM__electronics__paper90__r09,ValendinLSTM,1,58.0,0.0888554249675228,0.2389218484829323,0.6354707414887579,training_budget__ValendinLSTM__electronics__paper90__r09
training_budget__ValendinLSTM__electronics__paper90__r10,ValendinLSTM,1,52.0,0.0888481423831903,0.17767415412397536,0.5686330500058547,training_budget__ValendinLSTM__electronics__paper90__r10
training_budget__ValendinLSTM__electronics__paper90__r11,ValendinLSTM,1,80.0,0.088432911496896,0.19715557574608122,0.49769168178569256,training_budget__ValendinLSTM__electronics__paper90__r11
training_budget__ValendinLSTM__electronics__paper90__r12,ValendinLSTM,1,44.0,0.0888454318046569,0.24710726661961033,0.5868111718814056,training_budget__ValendinLSTM__electronics__paper90__r12
training_budget__ValendinLSTM__electronics__paper90__r13,ValendinLSTM,1,25.0,0.0889739023091701,0.06481281061414629,0.12581819939298694,training_budget__ValendinLSTM__electronics__paper90__r13
training_budget__ValendinLSTM__electronics__paper90__r14,ValendinLSTM,1,54.0,0.0880957636982202,0.26067221303958243,1.049426246021137,training_budget__ValendinLSTM__electronics__paper90__r14
training_budget__ValendinLSTM__electronics__paper90__r15,ValendinLSTM,1,72.0,0.0884063457353757,0.055368727460904286,0.2652385098374693,training_budget__ValendinLSTM__electronics__paper90__r15
training_budget__ValendinLSTM__electronics__paper90__r16,ValendinLSTM,1,66.0,0.0879779516790921,0.19517052616205582,0.21378331175764878,training_budget__ValendinLSTM__electronics__paper90__r16
training_budget__ValendinLSTM__electronics__paper90__r17,ValendinLSTM,1,71.0,0.0884700804375685,0.2408838796020552,0.8156925261476393,training_budget__ValendinLSTM__electronics__paper90__r17
training_budget__ValendinLSTM__electronics__paper90__r18,ValendinLSTM,1,61.0,0.0888341212501892,0.057769819563544565,0.2466309564040702,training_budget__ValendinLSTM__electronics__paper90__r18
training_budget__ValendinLSTM__electronics__paper90__r19,ValendinLSTM,1,51.0,0.088687272885671,0.03886251348844253,0.22386621285343472,training_budget__ValendinLSTM__electronics__paper90__r19
training_budget__ValendinLSTM__electronics__paper__r00,ValendinLSTM,1,1.0,0.0930884815752506,0.0009682866389868832,0.19035487975169021,training_budget__ValendinLSTM__electronics__paper__r00
training_budget__ValendinLSTM__electronics__paper__r01,ValendinLSTM,1,1.0,0.093338125027143,0.03396298378107757,0.17164939903285312,training_budget__ValendinLSTM__electronics__paper__r01
training_budget__ValendinLSTM__electronics__paper__r02,ValendinLSTM,1,1.0,0.0925215445458889,0.02260436831279374,0.1841517452660292,training_budget__ValendinLSTM__electronics__paper__r02
training_budget__ValendinLSTM__electronics__paper__r03,ValendinLSTM,1,1.0,0.0927359721121879,0.002206318535764516,0.1862335259150795,training_budget__ValendinLSTM__electronics__paper__r03
training_budget__ValendinLSTM__electronics__paper__r04,ValendinLSTM,1,1.0,0.0926915357032647,-0.015315547325003892,0.21042750978080665,training_budget__ValendinLSTM__electronics__paper__r04
training_budget__ValendinLSTM__electronics__paper__r05,ValendinLSTM,1,1.0,0.093432119832589,0.07944895071576882,0.19753728242015733,training_budget__ValendinLSTM__electronics__paper__r05
training_budget__ValendinLSTM__electronics__paper__r06,ValendinLSTM,1,1.0,0.0935427487756197,0.007994868318140924,0.18537374193638323,training_budget__ValendinLSTM__electronics__paper__r06
training_budget__ValendinLSTM__electronics__paper__r07,ValendinLSTM,1,1.0,0.0932507322957882,0.015376102556141117,0.17373836736865042,training_budget__ValendinLSTM__electronics__paper__r07
training_budget__ValendinLSTM__electronics__paper__r08,ValendinLSTM,1,1.0,0.0935493415364852,-0.009868781966642136,0.17850394271674586,training_budget__ValendinLSTM__electronics__paper__r08
training_budget__ValendinLSTM__electronics__paper__r09,ValendinLSTM,1,1.0,0.094077797463307,0.04804419734777855,0.18745560434174438,training_budget__ValendinLSTM__electronics__paper__r09
training_budget__ValendinLSTM__electronics__paper__r10,ValendinLSTM,1,1.0,0.0929933839405958,0.051922816227848057,0.19217074036018053,training_budget__ValendinLSTM__electronics__paper__r10
training_budget__ValendinLSTM__electronics__paper__r11,ValendinLSTM,1,1.0,0.0926495880748217,0.0572845065818094,0.1932120755835807,training_budget__ValendinLSTM__electronics__paper__r11
training_budget__ValendinLSTM__electronics__paper__r12,ValendinLSTM,1,1.0,0.0929119357695946,-0.018688612070988507,0.19501720673533393,training_budget__ValendinLSTM__electronics__paper__r12
training_budget__ValendinLSTM__electronics__paper__r13,ValendinLSTM,1,1.0,0.0927043752028392,0.028608753773547116,0.20239811313515355,training_budget__ValendinLSTM__electronics__paper__r13
training_budget__ValendinLSTM__electronics__paper__r14,ValendinLSTM,1,1.0,0.0930614775189986,0.016567010069409232,0.1812982987889756,training_budget__ValendinLSTM__electronics__paper__r14
training_budget__ValendinLSTM__electronics__paper__r15,ValendinLSTM,1,1.0,0.0929699554466284,-0.01611451186143555,0.1696091739194292,training_budget__ValendinLSTM__electronics__paper__r15
training_budget__ValendinLSTM__electronics__paper__r16,ValendinLSTM,1,1.0,0.0927473432742632,0.012382866186577034,0.19489333602837788,training_budget__ValendinLSTM__electronics__paper__r16
training_budget__ValendinLSTM__electronics__paper__r17,ValendinLSTM,1,1.0,0.0932457918444505,0.033784850690810636,0.18517401406925024,training_budget__ValendinLSTM__electronics__paper__r17
training_budget__ValendinLSTM__electronics__paper__r18,ValendinLSTM,1,1.0,0.09311195419958,0.006453438083649436,0.19767534581144955,training_budget__ValendinLSTM__electronics__paper__r18
training_budget__ValendinLSTM__electronics__paper__r19,ValendinLSTM,1,1.0,0.0934963163274985,-0.03046083526801532,0.18895458502305998,training_budget__ValendinLSTM__electronics__paper__r19
