family,model,panel,arm,cluster,rep,rmse,rmse_customer_total,bias_percent,mape_aggregate,spearman,forecast_cv,val_ce,best_epoch,batch_size,learning_rate,weight_decay,dropout,hidden,dense,min_epochs,n_customers,n_complete,suite,updates
U,LSTM,cdnow,archive,kmeans_8,0,0.15699626934882294,2.398442902850222,62.94089671411107,69.11028990104279,0.36453421115262546,2.108037049619857,0.06810845011794889,22,64,0.0006494472673787198,0.00018172730418786282,0.18539676090567694,128.0,64.0,0,2357,24,factorial__LSTM__cdnow__archive-kmeans_8__r00,851
U,LSTM,cdnow,archive,kmeans_8,1,0.15889403145361888,2.769610560240454,97.32638509806462,97.32638509806463,0.3958570369817976,1.990528015281833,0.06813175633952424,15,64,0.0022766335958177993,2.058371212253084e-06,0.10327623641244872,64.0,32.0,0,2357,32,factorial__LSTM__cdnow__archive-kmeans_8__r01,592
U,LSTM,cdnow,archive,kmeans_8,2,0.15473242920101052,2.4446293412083127,45.200263732370914,47.663060604474204,0.44197196397159805,2.4597740228993215,0.06670731537648149,18,64,0.0018038476254881445,2.156560929916375e-05,0.3442137601434122,64.0,128.0,0,2357,34,factorial__LSTM__cdnow__archive-kmeans_8__r02,703
U,LSTM,cdnow,archive,kmeans_8,3,0.15282526885169126,2.1393735492463524,65.19102877040325,73.66332431169006,0.39307698102914496,1.7553695902315252,0.06812364643288625,26,64,0.001869643288470803,2.2914714879057938e-06,0.027239947598618742,128.0,32.0,0,2357,37,factorial__LSTM__cdnow__archive-kmeans_8__r03,999
U,LSTM,cdnow,archive,kmeans_8,4,0.15261228027558568,1.9163734166796174,47.98179414531199,57.94010557632365,0.35732750667340796,1.6123740730906535,0.06813934928662069,34,64,0.0015144441478644492,0.0046724320073776165,0.19051123559868297,128.0,64.0,0,2357,41,factorial__LSTM__cdnow__archive-kmeans_8__r04,1295
U,LSTM,cdnow,archive,kmeans_8,5,0.16477449997988328,2.549746810578927,130.80105516671298,136.7013190424752,0.3884557493836258,1.4436396194226289,0.06733502900680981,35,64,0.001308862732567852,0.0014409569319796722,0.12500696407174194,64.0,32.0,0,2357,12,factorial__LSTM__cdnow__archive-kmeans_8__r05,1332
U,LSTM,cdnow,archive,kmeans_8,6,0.16686114806998892,2.5698600225734283,189.95514483478564,189.9551448347857,0.364026701666305,0.9679202601837545,0.06895789025804482,26,64,0.0017913138263745128,2.010541541998389e-05,0.2806084134327163,64.0,64.0,0,2357,20,factorial__LSTM__cdnow__archive-kmeans_8__r06,999
U,LSTM,cdnow,archive,kmeans_8,7,0.15128506554094784,2.056174798691598,13.170184636129742,31.538522404748786,0.3920589149637852,2.411239775334801,0.0701684057712555,19,128,0.0026754684716463624,0.0015110646268224719,0.37762251909389677,32.0,128.0,0,2357,18,factorial__LSTM__cdnow__archive-kmeans_8__r07,380
U,LSTM,cdnow,archive,kmeans_8,8,0.16270525480100392,2.568355726994868,129.39604188259042,131.48891788610004,0.3050702706435563,1.3849938114883287,0.06617054660376664,31,64,0.002890810756460926,0.00045729356622291713,0.3989374146267453,128.0,32.0,0,2357,47,factorial__LSTM__cdnow__archive-kmeans_8__r08,1184
U,LSTM,cdnow,archive,kmeans_8,9,0.14984607033203007,2.0231899757998715,9.242480195282191,24.048812644590555,0.4236216383079406,2.5698730944565877,0.0679175382530367,24,64,0.0029411537976699324,0.00018938348417446205,0.04898100258320351,128.0,128.0,0,2357,27,factorial__LSTM__cdnow__archive-kmeans_8__r09,925
U,LSTM,cdnow,archive,kmeans_8,10,0.15128055952034747,2.070021976774872,28.799472176629493,41.33561994187471,0.4024691055692584,2.241369800213664,0.06803957936731544,26,64,0.0008057049228277413,7.267983568075413e-06,0.23145178279597667,128.0,64.0,0,2357,16,factorial__LSTM__cdnow__archive-kmeans_8__r10,999
U,LSTM,cdnow,archive,kmeans_8,11,0.15478321632688738,2.4435798889859,61.09445899936285,61.55250648478911,0.444797637198841,2.171747271619965,0.06798474052669229,32,64,0.0013205797710015286,0.0062246916665245995,0.22251839373083646,128.0,128.0,0,2357,40,factorial__LSTM__cdnow__archive-kmeans_8__r11,1221
U,LSTM,cdnow,archive,kmeans_8,12,0.1748227090254321,2.5125251873900925,186.69313950247877,186.69313950247877,0.3902045853734258,0.9265783412374784,0.06857545542958621,18,64,0.0023228865930904927,1.051503071690011e-06,0.3767072068108372,64.0,64.0,0,2357,22,factorial__LSTM__cdnow__archive-kmeans_8__r12,703
U,LSTM,cdnow,archive,kmeans_8,13,0.16106346182388884,2.474740311283317,92.16226874828567,95.34854848557062,0.40480027492961773,1.792092771617226,0.06804423084532893,38,64,0.0007586932371647294,0.0011929490271814654,0.13644398686850534,64.0,128.0,0,2357,29,factorial__LSTM__cdnow__archive-kmeans_8__r13,1443
U,LSTM,cdnow,archive,kmeans_8,14,0.15046049345590023,1.9716692899797443,12.333245246245976,27.94063318589589,0.45068557430840894,2.2138460017668917,0.06701580545789487,36,64,0.0025547432123529047,1.1904243865753692e-06,0.1164104996181678,128.0,128.0,0,2357,26,factorial__LSTM__cdnow__archive-kmeans_8__r14,1369
U,LSTM,cdnow,archive,kmeans_8,15,0.14950044182152689,1.968631131893205,2.280474774205228,21.814511870193765,0.3943202539675817,2.6388730452243614,0.06782394979853888,27,64,0.0018305634266614112,5.44969100138176e-05,0.05090053691885703,128.0,64.0,0,2357,27,factorial__LSTM__cdnow__archive-kmeans_8__r15,1036
U,LSTM,cdnow,archive,kmeans_8,16,0.15288512886728609,2.1356316874686665,36.198152930065355,47.397097619619,0.4152120083381236,2.165794066871565,0.06759524556833345,21,64,0.002196121912812702,6.821931966827193e-06,0.15539957402990864,64.0,64.0,0,2357,34,factorial__LSTM__cdnow__archive-kmeans_8__r16,814
U,LSTM,cdnow,archive,kmeans_8,17,0.14994704595077446,2.027752551338933,-5.196306272348472,27.688126692248613,0.4308244381129827,2.868198666436138,0.06901855112330334,16,64,0.0019420830793154948,0.0017716290429279126,0.013657072411957334,64.0,32.0,0,2357,40,factorial__LSTM__cdnow__archive-kmeans_8__r17,629
U,LSTM,cdnow,archive,kmeans_8,18,0.167598097813833,2.879340027650111,182.73139818731224,183.40949847070505,0.40568859695445797,1.2897131970051874,0.06858102337935486,22,64,0.0025722037666128577,6.42609964234107e-05,0.0702174956653257,64.0,32.0,0,2357,36,factorial__LSTM__cdnow__archive-kmeans_8__r18,851
U,LSTM,cdnow,archive,kmeans_8,19,0.1510379526606662,1.9575770498484324,40.546701583313315,52.11662249526585,0.4002318706692115,1.8119965124430717,0.06861128647987907,45,64,0.0014793182445290015,3.7051618972036727e-05,0.26314286595694364,128.0,32.0,0,2357,29,factorial__LSTM__cdnow__archive-kmeans_8__r19,1702
U,LSTM,cdnow,archive,no_cluster,0,0.1470652471075107,1.8130820665282328,-33.55171581066802,34.18179493318868,0.3701099194654141,1.1160478225219699,0.0913163115446632,27,64,0.001760131512329439,0.0024874627793005726,0.030665079998578905,128.0,64.0,0,2357,23,factorial__LSTM__cdnow__archive-no_cluster__r00,1036
U,LSTM,cdnow,archive,no_cluster,1,0.14774955786563695,1.874264441341339,-33.59973701066061,34.734829271256714,0.3712814309127549,0.7158782409218978,0.09148299613514461,21,64,0.0013978105997010481,3.0659600865029544e-06,0.05643840633167739,64.0,64.0,0,2357,42,factorial__LSTM__cdnow__archive-no_cluster__r01,814
U,LSTM,cdnow,archive,no_cluster,2,0.14907393569109836,1.8637536756478492,23.597360925114668,41.1203166199135,0.4137609470084104,0.9976978674223158,0.09104330022190069,24,64,0.001922599372749998,4.263846207791695e-06,0.013616459871300446,64.0,128.0,0,2357,29,factorial__LSTM__cdnow__archive-no_cluster__r02,925
U,LSTM,cdnow,archive,no_cluster,3,0.14809937721322136,1.9382996273827693,-57.978628624604426,57.97862862460443,0.3206161086564707,0.9870242348534487,0.09123401142455437,23,64,0.001603447572799931,3.4920028899668135e-06,0.012548448302771971,128.0,32.0,0,2357,16,factorial__LSTM__cdnow__archive-no_cluster__r03,888
U,LSTM,cdnow,archive,no_cluster,4,0.14660390803661477,1.674613063732404,22.279682665827117,32.42321871987736,0.4453741605837939,1.149379732730145,0.09118307331526601,23,64,0.0025237102009710837,1.2651189557270236e-06,0.1627536344692388,128.0,64.0,0,2357,41,factorial__LSTM__cdnow__archive-no_cluster__r04,888
U,LSTM,cdnow,archive,no_cluster,5,0.14736377417400776,1.8549341896120275,-43.27862872179421,43.2786287217942,0.37230690312627107,0.9962677254023102,0.0913087019847857,23,64,0.0013639528661321244,1.1613552075393227e-05,0.03435037756919901,64.0,64.0,0,2357,21,factorial__LSTM__cdnow__archive-no_cluster__r05,888
U,LSTM,cdnow,archive,no_cluster,6,0.15287344822119414,1.9910007666645038,71.82875936860708,114.26411648789583,0.3645116826368021,0.24486029576400659,0.09144333115703351,26,64,0.001958821565466942,0.00025585707681801784,0.029100713698832194,128.0,32.0,0,2357,23,factorial__LSTM__cdnow__archive-no_cluster__r06,999
U,LSTM,cdnow,archive,no_cluster,7,0.14702691181665528,1.7941907955364533,-31.808180158569893,32.92533048426163,0.3968170778834772,1.112251200892841,0.09133994841092341,26,64,0.0029152453978581803,0.005988591501183066,0.2841429113365211,32.0,128.0,0,2357,27,factorial__LSTM__cdnow__archive-no_cluster__r07,999
U,LSTM,cdnow,archive,no_cluster,8,0.14855673034108924,1.8776863285606809,15.141160214432574,40.39656985526542,0.4203618865352024,0.6104368107141744,0.09145685698132257,25,64,0.0019811061265412495,9.400335410594694e-06,0.11756489887099691,64.0,64.0,0,2357,41,factorial__LSTM__cdnow__archive-no_cluster__r08,962
U,LSTM,cdnow,archive,no_cluster,9,0.1479447926884456,1.7791137283013359,45.14960357029758,50.359102480683404,0.4439621334420367,0.9538148321743498,0.09119722005483266,28,64,0.0023804690747329642,1.0946889706733405e-05,0.30548888413458497,128.0,64.0,0,2357,17,factorial__LSTM__cdnow__archive-no_cluster__r09,1073
U,LSTM,cdnow,archive,no_cluster,10,0.1474327630192689,1.7881892016707785,-10.395779093349331,23.397889332673852,0.4164527486679336,1.1160857771477075,0.09126565504718472,33,64,0.0009120152554988512,3.490837524058774e-05,0.11171810190311066,128.0,64.0,0,2357,23,factorial__LSTM__cdnow__archive-no_cluster__r10,1258
U,LSTM,cdnow,archive,no_cluster,11,0.15088412839642135,1.9468758645439612,85.90685966677718,89.2767807052009,0.41779447288290983,0.6626105214410652,0.09086056899380039,33,64,0.002894671078597322,5.5495313808107304e-05,0.33235850203011663,64.0,128.0,0,2357,26,factorial__LSTM__cdnow__archive-no_cluster__r11,1258
U,LSTM,cdnow,archive,no_cluster,12,0.14825790417116524,1.7509264551637596,25.66094918722027,47.62137205755252,0.43448588725281034,0.9594114080598225,0.09127362596022116,21,64,0.002477198153561443,1.215895413025896e-05,0.1073281730842781,128.0,128.0,0,2357,40,factorial__LSTM__cdnow__archive-no_cluster__r12,814
U,LSTM,cdnow,archive,no_cluster,13,0.15589588555948963,2.1280593395034,113.4013188118727,123.60342992253415,0.22247310876396753,0.26308262414793043,0.09110197072496286,52,64,0.0027306414414214617,0.0019021071661489367,0.3081306097341288,64.0,128.0,0,2357,22,factorial__LSTM__cdnow__archive-no_cluster__r13,1961
U,LSTM,cdnow,archive,no_cluster,14,0.16211623719971763,2.5706695267697133,211.96411615257233,222.42269167971438,0.39698386945894326,0.11740027397229295,0.0920097435775556,29,128,0.00232799924451736,0.0004145195215544449,0.08612565796257304,128.0,128.0,0,2357,22,factorial__LSTM__cdnow__archive-no_cluster__r14,570
U,LSTM,cdnow,archive,no_cluster,15,0.14693867602799227,1.7833435370161297,-30.44168942099306,31.986808071409598,0.40378840723478776,1.1080147458701857,0.09085474092815374,16,64,0.0024286813487696215,5.909480172462449e-06,0.09037512640438161,128.0,64.0,0,2357,29,factorial__LSTM__cdnow__archive-no_cluster__r15,629
U,LSTM,cdnow,archive,no_cluster,16,0.1473723031276423,1.8358953984322486,-38.37440712785375,39.431399097641815,0.40117534793990517,1.0068547334324751,0.09109047206269728,12,64,0.002526347531565707,0.000420558945623288,0.1792705966620514,128.0,64.0,0,2357,47,factorial__LSTM__cdnow__archive-no_cluster__r16,481
U,LSTM,cdnow,archive,no_cluster,17,0.1477124975020256,1.884836391480788,-33.84459193029268,34.454090559860305,0.34504265066692175,0.7217397805198495,0.09122184110251633,24,64,0.0020311165289726846,3.1204973545829196e-06,0.14155624787217158,128.0,32.0,0,2357,37,factorial__LSTM__cdnow__archive-no_cluster__r17,925
U,LSTM,cdnow,archive,no_cluster,18,0.14742975246794388,1.8495013438384034,-38.09287680131181,38.40633322516765,0.4170373951324725,0.9454284405612174,0.09110309173529213,21,64,0.0028871086566834674,4.795305796196391e-06,0.30114780865600455,128.0,64.0,0,2357,35,factorial__LSTM__cdnow__archive-no_cluster__r18,814
U,LSTM,cdnow,archive,no_cluster,19,0.14638121905793064,1.6897665946938494,3.9960413120467884,21.814511555559,0.3475829796528817,1.2063750448407065,0.09128530998084997,35,64,0.0008790038614414167,1.0119729578096897e-05,0.11786197624579023,128.0,64.0,0,2357,35,factorial__LSTM__cdnow__archive-no_cluster__r19,1332
U,LSTM,cdnow,floored,kmeans_8,0,0.1620849635317437,2.2593636992988464,92.12506578817444,117.67915555052356,0.3768848033254146,1.5406943970317923,0.06943808903766645,32,32,0.001,0.0,0.0,128.0,128.0,90,2357,1,factorial__LSTM__cdnow__floored-kmeans_8__r00,2442
U,LSTM,cdnow,floored,kmeans_8,1,0.16842230376401235,2.7485902967769418,130.49472272577918,130.95804727569924,0.4104625782179161,1.607119305903849,0.06713418000553911,28,32,0.001,0.0,0.0,128.0,128.0,90,2357,1,factorial__LSTM__cdnow__floored-kmeans_8__r01,2146
U,LSTM,cdnow,floored,kmeans_8,2,0.16090863516374912,2.4442899752796685,116.43878599471525,119.47308678450275,0.34804166166531914,1.4468649212705316,0.07167780341429485,27,32,0.001,0.0,0.0,128.0,128.0,90,2357,1,factorial__LSTM__cdnow__floored-kmeans_8__r02,2072
U,LSTM,cdnow,floored,kmeans_8,3,0.16164983574049996,2.3704710316972797,133.61451140435344,135.3411605184538,0.4099054767545218,1.2562202449746325,0.0725378653638669,6,32,0.001,0.0,0.0,128.0,128.0,90,2357,1,factorial__LSTM__cdnow__floored-kmeans_8__r03,518
U,LSTM,cdnow,floored,kmeans_8,4,0.15854708913517102,2.1556403724364523,96.34881239128843,99.79630585661577,0.3950226673333495,1.35408521168481,0.06832827496770266,30,32,0.001,0.0,0.0,128.0,128.0,90,2357,1,factorial__LSTM__cdnow__floored-kmeans_8__r04,2294
U,LSTM,cdnow,floored,kmeans_8,5,0.15247378570079617,2.1371771312259717,35.79234807931452,40.76121359498367,0.43280896031155097,2.2020230754477956,0.07101778655841544,21,32,0.001,0.0,0.0,128.0,128.0,90,2357,1,factorial__LSTM__cdnow__floored-kmeans_8__r05,1628
U,LSTM,cdnow,floored,kmeans_8,6,0.1492647990974957,1.9774491278732762,-5.673087245359656,21.935883979055077,0.3968536736478951,2.822718793991307,0.0689013360722645,13,32,0.001,0.0,0.0,128.0,128.0,90,2357,1,factorial__LSTM__cdnow__floored-kmeans_8__r06,1036
U,LSTM,cdnow,floored,kmeans_8,7,0.165915843002413,2.713389526481764,70.65382550305881,75.52823189798355,0.3527268346534597,2.2919953404396343,0.06818995954519189,19,32,0.001,0.0,0.0,128.0,128.0,90,2357,1,factorial__LSTM__cdnow__floored-kmeans_8__r07,1480
U,LSTM,cdnow,floored,kmeans_8,8,0.15832353557723874,2.3884598374324706,69.76253272424931,78.2749338391529,0.40237264596652966,2.026132046132881,0.07057246734463685,38,32,0.001,0.0,0.0,128.0,128.0,90,2357,1,factorial__LSTM__cdnow__floored-kmeans_8__r08,2886
U,LSTM,cdnow,floored,kmeans_8,9,0.15899706088053464,2.292888147769198,76.08812646326014,77.27282305132583,0.39921368693227016,1.702143837894402,0.07028630564643724,43,32,0.001,0.0,0.0,128.0,128.0,90,2357,1,factorial__LSTM__cdnow__floored-kmeans_8__r09,3256
U,LSTM,cdnow,floored,kmeans_8,10,0.15047366548235575,2.0802772587605696,14.801582985294635,31.37361473047559,0.44352231712770596,2.632763380091003,0.06989994458854198,55,32,0.001,0.0,0.0,128.0,128.0,90,2357,1,factorial__LSTM__cdnow__floored-kmeans_8__r10,4144
U,LSTM,cdnow,floored,kmeans_8,11,0.16799304999071968,2.6363342825599365,174.21477539474645,174.21477539474645,0.3594891778768703,1.1476349547799756,0.0691584664321429,31,32,0.001,0.0,0.0,128.0,128.0,90,2357,1,factorial__LSTM__cdnow__floored-kmeans_8__r11,2368
U,LSTM,cdnow,floored,kmeans_8,12,0.15332595041934763,2.0296837995311363,48.520844164537785,59.01794180755639,0.41532058574969183,1.6897925336843953,0.06969254750859093,23,32,0.001,0.0,0.0,128.0,128.0,90,2357,1,factorial__LSTM__cdnow__floored-kmeans_8__r12,1776
U,LSTM,cdnow,floored,kmeans_8,13,0.16786215411600316,2.365101089490164,129.09577814547586,131.95751958475057,0.3822880532346536,1.200189623309871,0.06954830376481688,29,32,0.001,0.0,0.0,128.0,128.0,90,2357,1,factorial__LSTM__cdnow__floored-kmeans_8__r13,2220
U,LSTM,cdnow,floored,kmeans_8,14,0.1661579722459642,2.8266129315360713,132.86015799962033,134.1715036513465,0.4110622113229891,1.6498118472049863,0.06902496629973522,33,32,0.001,0.0,0.0,128.0,128.0,90,2357,1,factorial__LSTM__cdnow__floored-kmeans_8__r14,2516
U,LSTM,cdnow,floored,kmeans_8,15,0.15095168131106107,2.0361500300755404,17.94802101707391,37.627176728817105,0.4526808089011399,2.38357127652657,0.068644636939909,26,32,0.001,0.0,0.0,128.0,128.0,90,2357,1,factorial__LSTM__cdnow__floored-kmeans_8__r15,1998
U,LSTM,cdnow,floored,kmeans_8,16,0.15040955405015216,1.989776387812883,23.117678011951817,42.8765170720939,0.45168056841178134,2.2011369622111157,0.06795056602237998,41,32,0.001,0.0,0.0,128.0,128.0,90,2357,1,factorial__LSTM__cdnow__floored-kmeans_8__r16,3108
U,LSTM,cdnow,floored,kmeans_8,17,0.15178919614184425,2.094371108462897,35.84960404527922,41.84802100868366,0.4101361142355423,2.151563289049235,0.07298020985782952,60,32,0.001,0.0,0.0,128.0,128.0,90,2357,1,factorial__LSTM__cdnow__floored-kmeans_8__r17,4514
U,LSTM,cdnow,floored,kmeans_8,18,0.15867875764548045,2.1572459450424257,96.3662266395592,99.80949845916945,0.39536321148537323,1.3531049049171355,0.06832827496770266,30,32,0.001,0.0,0.0,128.0,128.0,90,2357,1,factorial__LSTM__cdnow__floored-kmeans_8__r18,2294
U,LSTM,cdnow,floored,kmeans_8,19,0.15384878045366,2.3468728903783345,43.459630555333156,45.233773030881245,0.40836223239007746,2.339089693825045,0.0691144588982334,30,32,0.001,0.0,0.0,128.0,128.0,90,2357,1,factorial__LSTM__cdnow__floored-kmeans_8__r19,2294
U,LSTM,cdnow,floored,no_cluster,0,0.1469200521496301,1.7450059135612423,5.336938537312949,22.6118732529316,0.39348862882527214,1.1074854180241676,0.0918698662237541,16,32,0.001,0.0,0.0,128.0,128.0,90,2357,1,factorial__LSTM__cdnow__floored-no_cluster__r00,1258
U,LSTM,cdnow,floored,no_cluster,1,0.15643659471211843,2.2036442762928394,155.18812632640322,160.6255934683796,0.4057888826594014,0.3642302053971427,0.0914979007195782,22,32,0.001,0.0,0.0,128.0,128.0,90,2357,1,factorial__LSTM__cdnow__floored-no_cluster__r01,1702
U,LSTM,cdnow,floored,no_cluster,2,0.1621006078274655,2.687985268597967,237.04379943840797,240.07229558720502,0.404027026261872,0.14683793388060865,0.09247604415223405,16,32,0.001,0.0,0.0,128.0,128.0,90,2357,1,factorial__LSTM__cdnow__floored-no_cluster__r02,1258
U,LSTM,cdnow,floored,no_cluster,3,0.17501941126270104,3.3593015958475925,333.4166233947297,334.0614783570248,0.22826171711054793,0.05628974578274783,0.09750472764308388,8,32,0.001,0.0,0.0,128.0,128.0,90,2357,1,factorial__LSTM__cdnow__floored-no_cluster__r03,666
U,LSTM,cdnow,floored,no_cluster,4,0.15502155319761535,2.136420722914226,135.25435325539692,147.99261209935844,0.41535063807606554,0.37912972116378224,0.0923273204951673,45,32,0.001,0.0,0.0,128.0,128.0,90,2357,1,factorial__LSTM__cdnow__floored-no_cluster__r04,3404
U,LSTM,cdnow,floored,no_cluster,5,0.17596107914995646,3.4040676805744385,347.2240113064959,348.19551530399764,0.14959049119643156,0.10281688340482455,0.09270185639930738,27,32,0.001,0.0,0.0,128.0,128.0,90,2357,1,factorial__LSTM__cdnow__floored-no_cluster__r05,2072
U,LSTM,cdnow,floored,no_cluster,6,0.15891743449995893,2.544655534912953,198.66042197399355,203.73799466383002,-0.04545986038306538,0.17118491289056767,0.09151139860419003,46,32,0.001,0.0,0.0,128.0,128.0,90,2357,1,factorial__LSTM__cdnow__floored-no_cluster__r06,3478
U,LSTM,cdnow,floored,no_cluster,7,0.15043922418989106,1.9656014936947648,74.05620000352144,77.78601552249162,0.4324491013248693,0.8289433822713551,0.0925658911567282,32,32,0.001,0.0,0.0,128.0,128.0,90,2357,1,factorial__LSTM__cdnow__floored-no_cluster__r07,2442
U,LSTM,cdnow,floored,no_cluster,8,0.14911175931068144,1.9257701651840269,30.787862210059963,43.899735947210715,0.40457701040038696,0.912996845370779,0.09386341291404254,11,32,0.001,0.0,0.0,128.0,128.0,90,2357,1,factorial__LSTM__cdnow__floored-no_cluster__r08,888
U,LSTM,cdnow,floored,no_cluster,9,0.15620448862906075,2.3036340511923648,188.07123993176918,192.18680732389578,0.43004779616018357,0.34721574318123816,0.09340854142666669,26,32,0.001,0.0,0.0,128.0,128.0,90,2357,1,factorial__LSTM__cdnow__floored-no_cluster__r09,1998
U,LSTM,cdnow,floored,no_cluster,10,0.15633731505877763,2.2445333916645724,144.33482809409986,149.69947201713393,0.4256552136090372,0.20686246514944107,0.09405509332144582,12,32,0.001,0.0,0.0,128.0,128.0,90,2357,1,factorial__LSTM__cdnow__floored-no_cluster__r10,962
U,LSTM,cdnow,floored,no_cluster,11,0.15683218037629054,2.290686144248459,150.24168819714913,154.9377308330328,0.3887094256066674,0.1732013399527778,0.09513190056423883,8,32,0.001,0.0,0.0,128.0,128.0,90,2357,1,factorial__LSTM__cdnow__floored-no_cluster__r11,666
U,LSTM,cdnow,floored,no_cluster,12,0.16155339465626153,2.5741443193673414,216.78707125933335,218.70263862789724,0.412520534104942,0.16274998035368415,0.0919518235919846,61,32,0.001,0.0,0.0,128.0,128.0,90,2357,1,factorial__LSTM__cdnow__floored-no_cluster__r12,4588
U,LSTM,cdnow,floored,no_cluster,13,0.15673126691004258,2.200829883675079,155.6010551224792,160.73984159485946,0.4256207725315409,0.374077265607294,0.09164748975151293,16,32,0.001,0.0,0.0,128.0,128.0,90,2357,1,factorial__LSTM__cdnow__floored-no_cluster__r13,1258
U,LSTM,cdnow,floored,no_cluster,14,0.14701647039352567,1.7432986848840124,4.95778287109696,22.59313973546575,0.38464658417622577,1.0791504706262471,0.0918698662237541,16,32,0.001,0.0,0.0,128.0,128.0,90,2357,1,factorial__LSTM__cdnow__floored-no_cluster__r14,1258
U,LSTM,cdnow,floored,no_cluster,15,0.16592708346060708,2.847806180062653,269.414512080123,273.1063327579549,0.3927664507216544,0.1958966268791762,0.09275657104680667,39,32,0.001,0.0,0.0,128.0,128.0,90,2357,1,factorial__LSTM__cdnow__floored-no_cluster__r15,2960
U,LSTM,cdnow,floored,no_cluster,16,0.17965645447092043,3.298379313211742,335.9561996661754,341.5535613059466,0.41496769538528283,0.12837893185872298,0.09524277924887233,9,32,0.001,0.0,0.0,128.0,128.0,90,2357,1,factorial__LSTM__cdnow__floored-no_cluster__r16,740
U,LSTM,cdnow,floored,no_cluster,17,0.17734550095997845,3.0972624605435723,305.5598940300731,307.4379943639019,0.4135339093348422,0.16796726545769172,0.0946904256738521,21,32,0.001,0.0,0.0,128.0,128.0,90,2357,1,factorial__LSTM__cdnow__floored-no_cluster__r17,1628
U,LSTM,cdnow,floored,no_cluster,18,0.157393871545145,2.1091001246948964,99.29947193461325,146.8973616689031,0.1598662788454461,0.17429386580183004,0.09212057551721463,35,32,0.001,0.0,0.0,128.0,128.0,90,2357,1,factorial__LSTM__cdnow__floored-no_cluster__r18,2664
U,LSTM,cdnow,floored,no_cluster,19,0.15409152959459824,2.1781597070177097,126.09182019155242,130.4823216935004,0.4061672820199959,0.1514801196815356,0.09287523609158155,16,32,0.001,0.0,0.0,128.0,128.0,90,2357,1,factorial__LSTM__cdnow__floored-no_cluster__r19,1258
U,LSTM,electronics,archive,kmeans_8,0,0.3762558931790143,3.44872971473803,-12.99761433532725,44.157123395407496,0.31670176087427765,1.3557506387183942,0.08320187805936886,37,64,0.0004387851678982849,0.001722891786740456,0.3336245676251844,64.0,64.0,0,829,10,factorial__LSTM__electronics__archive-kmeans_8__r00,494
U,LSTM,electronics,archive,kmeans_8,1,0.37769715766767514,3.60647082103886,41.42331268223169,63.87661884671507,0.3099216625206054,0.8051190564966219,0.08411023579537868,11,256,0.0027014087585713956,0.00016880053978277602,0.02472763848511292,64.0,64.0,0,829,49,factorial__LSTM__electronics__archive-kmeans_8__r01,48
U,LSTM,electronics,archive,kmeans_8,2,0.37674016305144287,3.5282492227048934,-14.442399718647092,44.625766899045644,0.29691056107360375,1.726391908113415,0.08438551168029125,46,64,0.0004826513196294789,0.002909403004244182,0.14661597248439834,32.0,64.0,0,829,24,factorial__LSTM__electronics__archive-kmeans_8__r02,611
U,LSTM,electronics,archive,kmeans_8,3,0.37592337369251083,3.403444672742,-17.841854297391667,43.93524202723222,0.317802985344811,1.5735463765534925,0.08155968842598108,24,64,0.0011489630698818334,2.0781307756549672e-05,0.04918245656269489,128.0,32.0,0,829,16,factorial__LSTM__electronics__archive-kmeans_8__r03,325
U,LSTM,electronics,archive,kmeans_8,4,0.37830691778080583,3.7655405718300328,50.79652328106379,69.38411712236363,0.27062434345742553,0.8406842168906353,0.08522679284214973,10,256,0.0014213729593737197,0.000539756072291119,0.02281564504704225,128.0,128.0,0,829,53,factorial__LSTM__electronics__archive-kmeans_8__r04,44
U,LSTM,electronics,archive,kmeans_8,5,0.37679381055929784,3.417219574753706,-0.8861624493550908,42.62235851732387,0.31195003815243805,1.3833126756843637,0.08315341375195064,24,64,0.0013923238730313104,5.545434013565026e-06,0.38862858915013343,64.0,32.0,0,829,20,factorial__LSTM__electronics__archive-kmeans_8__r05,325
U,LSTM,electronics,archive,kmeans_8,6,0.37679840099861345,3.451904933211012,8.599522508980314,51.03442390622655,0.2819078594066833,0.8740722154697614,0.08770674467086792,4,128,0.0028881016291718523,9.35373959637473e-05,0.31176456342483216,128.0,64.0,0,829,31,factorial__LSTM__electronics__archive-kmeans_8__r06,35
U,LSTM,electronics,archive,kmeans_8,7,0.37656926994804574,3.41353839364891,-26.008521064851955,46.96353114582728,0.3187814818638853,1.7041535473899334,0.08447132144982998,98,64,0.00018358712480048595,8.09947152252727e-06,0.3355983554816712,32.0,32.0,0,829,40,factorial__LSTM__electronics__archive-kmeans_8__r07,1287
U,LSTM,electronics,archive,kmeans_8,8,0.37688168370517683,3.4852829906839524,9.16768879278585,47.229038739682274,0.30657240005270564,1.2314794293136229,0.08670825912402226,5,64,0.0005457887227709919,0.0006415454912103325,0.17886323285690908,32.0,128.0,0,829,25,factorial__LSTM__electronics__archive-kmeans_8__r08,78
U,LSTM,electronics,archive,kmeans_8,9,0.3774236938370297,3.7401512425875323,10.26414433607204,43.63224265148483,0.27604627903850515,1.6018912041561872,0.0813854752251735,25,64,0.0025178402934234426,0.0002960868653658418,0.08711723120156396,128.0,128.0,0,829,64,factorial__LSTM__electronics__archive-kmeans_8__r09,338
U,LSTM,electronics,archive,kmeans_8,10,0.3776587285077923,3.6156162309500948,51.709952110700044,71.66291742097393,0.2940726936216698,0.6328669893274598,0.0860271006822586,12,256,0.0011083424780274156,4.361630233689325e-05,0.11292767525451207,128.0,128.0,0,829,31,factorial__LSTM__electronics__archive-kmeans_8__r10,52
U,LSTM,electronics,archive,kmeans_8,11,0.3799389809525547,4.01314292504099,40.519427079339046,66.1799589658299,0.3125106847931714,1.4256534958024578,0.08348201401531696,11,256,0.0021693515493256795,0.0046590294432254506,0.39269727064618154,64.0,128.0,0,829,27,factorial__LSTM__electronics__archive-kmeans_8__r11,48
U,LSTM,electronics,archive,kmeans_8,12,0.3777295529331964,3.631285218172236,41.71915455082014,64.1683706975,0.27752267396975566,1.0152535445634743,0.08537195809185505,7,256,0.0028893221111728957,0.0001965441615443386,0.3193230267281398,128.0,128.0,0,829,43,factorial__LSTM__electronics__archive-kmeans_8__r12,32
U,LSTM,electronics,archive,kmeans_8,13,0.37752570769409066,3.621088370243828,27.210633544569877,56.926380268005374,0.13843386937127358,1.1630053239255966,0.08743918367794581,4,128,0.002736773064371962,5.192054524796812e-06,0.2689434782826964,128.0,128.0,0,829,39,factorial__LSTM__electronics__archive-kmeans_8__r13,35
U,LSTM,electronics,archive,kmeans_8,14,0.37706654076295926,3.5864463535167417,27.99556900619502,58.414791999086304,0.2589954147433802,0.7411790966430428,0.08735748752951622,90,256,0.00025997410218379,5.2067512639464876e-05,0.033175095579264235,32.0,32.0,0,829,19,factorial__LSTM__electronics__archive-kmeans_8__r14,364
U,LSTM,electronics,archive,kmeans_8,15,0.3755839187186788,3.337528218671981,-27.596114763206767,43.4911384358977,0.29698840480823935,1.3814640624908163,0.08370277342888024,25,64,0.0007525999814635209,0.0005431356505055885,0.3180256305179605,64.0,64.0,0,829,33,factorial__LSTM__electronics__archive-kmeans_8__r15,338
U,LSTM,electronics,archive,kmeans_8,16,0.37607753697410395,3.322735539845001,5.780504197364594,48.562372217733135,0.3249051358476432,0.7526635276913438,0.0823801327496767,6,256,0.0029925355108984773,2.007997878760793e-06,0.3086256855038215,32.0,128.0,0,829,23,factorial__LSTM__electronics__archive-kmeans_8__r16,28
U,LSTM,electronics,archive,kmeans_8,17,0.37691037935400806,3.4195488692604212,22.458759088566783,57.52079067675579,0.3082625516831886,0.6990570714973756,0.08534486778080463,12,256,0.0022117751785582316,7.29406518210444e-05,0.38507458613876566,64.0,64.0,0,829,56,factorial__LSTM__electronics__archive-kmeans_8__r17,52
U,LSTM,electronics,archive,kmeans_8,18,0.37929926019699,4.144712124850377,69.81629149013155,77.08759352205476,0.28942678038278696,1.1529727864533728,0.08236115798354149,38,64,0.0005137376712177037,0.0033818122204691695,0.10271395156084229,128.0,128.0,0,829,32,factorial__LSTM__electronics__archive-kmeans_8__r18,507
U,LSTM,electronics,archive,kmeans_8,19,0.37698896695430484,3.486175806173057,21.38207205225228,56.80470346659164,0.2652937264903075,0.7321776730653802,0.08552585542201996,14,256,0.0019184964203339517,4.431409475946093e-05,0.36362904648681893,64.0,64.0,0,829,33,factorial__LSTM__electronics__archive-kmeans_8__r19,60
U,LSTM,electronics,archive,no_cluster,0,0.37682724228180714,3.536185620688378,22.323108197144656,53.49147917751038,0.0777386017283209,0.08549368909183194,0.08932887762784958,20,256,0.0006300314164107551,1.3063372103949856e-06,0.2664360852392103,64.0,128.0,0,829,47,factorial__LSTM__electronics__archive-no_cluster__r00,84
U,LSTM,electronics,archive,no_cluster,1,0.376508180889238,3.5335090820041564,-15.532379319806418,49.86434903461804,0.04288616700423939,0.09552446738298495,0.08885701186954975,15,256,0.0011816134776603154,0.0021550872115014014,0.3530446327719519,32.0,64.0,0,829,51,factorial__LSTM__electronics__archive-no_cluster__r01,64
U,LSTM,electronics,archive,no_cluster,2,0.376695438931708,3.5317205013199175,16.049079534971483,50.24812535694512,0.02565539395980215,0.0809783267320746,0.08892028778791428,7,256,0.002929437729564706,3.799166877275731e-06,0.1390949838423762,128.0,64.0,0,829,62,factorial__LSTM__electronics__archive-no_cluster__r02,32
U,LSTM,electronics,archive,no_cluster,3,0.3773961129073761,3.5971126457445237,40.36434889836421,66.20756650214024,0.039835254126987234,0.08070407117727636,0.08908615633845329,7,256,0.0027933235731918238,0.0033786812585274487,0.17503944911507896,128.0,128.0,0,829,29,factorial__LSTM__electronics__archive-no_cluster__r03,32
U,LSTM,electronics,archive,no_cluster,4,0.3779011804929313,3.6608587008404974,55.36537141880058,72.95501018279485,-0.002596669401094055,0.07720475176597276,0.08865677006542683,8,256,0.0020702463763889274,3.180013148442842e-06,0.0797732346043717,128.0,128.0,0,829,64,factorial__LSTM__electronics__archive-no_cluster__r04,36
U,LSTM,electronics,archive,no_cluster,5,0.37683156917348853,3.5339471613885745,18.052147025713367,52.962167623967645,0.06283841209528504,0.08460437194629489,0.08975092880427837,13,256,0.002273515781426056,4.5617714298856014e-06,0.3802355354412359,64.0,32.0,0,829,31,factorial__LSTM__electronics__archive-no_cluster__r05,56
U,LSTM,electronics,archive,no_cluster,6,0.37668042037604366,3.5602490211523206,25.471029109394404,56.67961824598991,0.014294328748400744,0.08190621726692726,0.09126299300364085,4,128,0.0027429780184623337,0.00619260360416011,0.24451136020956618,128.0,64.0,0,829,37,factorial__LSTM__electronics__archive-no_cluster__r06,35
U,LSTM,electronics,archive,no_cluster,7,0.3766322076692108,3.5212733212150487,1.1540556354440301,51.58759370667129,0.06410582930502345,0.09380544459306493,0.088655274361372,10,256,0.001380959767565559,0.001101911592537728,0.16327888013327885,32.0,128.0,0,829,51,factorial__LSTM__electronics__archive-no_cluster__r07,44
U,LSTM,electronics,archive,no_cluster,8,0.3775754190728514,3.6131955083556946,45.47443752264022,69.05180638276374,0.06463088316522891,0.08408893878523244,0.08881834521889687,8,256,0.002094928011060559,0.0074921690575215924,0.35539977875405454,128.0,128.0,0,829,46,factorial__LSTM__electronics__archive-no_cluster__r08,36
U,LSTM,electronics,archive,no_cluster,9,0.3775474636767284,3.601004298899273,40.5112472924021,65.68098159928451,0.05630587133669739,0.08167909597806304,0.0890105813741684,11,256,0.0019898010855311917,0.00013597884292718327,0.06029463156107808,64.0,128.0,0,829,27,factorial__LSTM__electronics__archive-no_cluster__r09,48
U,LSTM,electronics,archive,no_cluster,10,0.3768965049728115,3.543676370452384,15.743012758049195,52.22017719336077,0.023197418704776446,0.08574707464728692,0.08868428133428097,8,256,0.0016177729783545007,6.106712044472076e-05,0.08870729594426269,64.0,64.0,0,829,33,factorial__LSTM__electronics__archive-no_cluster__r10,36
U,LSTM,electronics,archive,no_cluster,11,0.37682345478067514,3.544755609974066,18.023858013059268,52.41581453232631,0.07018757338666681,0.08317493477228435,0.08894969709217548,8,256,0.0029487065649867516,0.009458460577764694,0.11954877194515559,128.0,32.0,0,829,54,factorial__LSTM__electronics__archive-no_cluster__r11,36
U,LSTM,electronics,archive,no_cluster,12,0.3770406163836745,3.547802276483218,22.688820528027595,55.82924328481578,0.017956005330255577,0.086607473531916,0.08875693567097187,7,256,0.00158590617673113,1.6246064380676236e-05,0.3610063591062953,64.0,128.0,0,829,44,factorial__LSTM__electronics__archive-no_cluster__r12,32
U,LSTM,electronics,archive,no_cluster,13,0.3771991615453652,3.579164528636011,36.27232433180549,59.221199666795464,0.02036214646557507,0.07922178694605532,0.09125324019363948,4,128,0.002611655082611708,6.7258198772659235e-06,0.340198925231057,128.0,64.0,0,829,52,factorial__LSTM__electronics__archive-no_cluster__r13,35
U,LSTM,electronics,archive,no_cluster,14,0.3768509722309953,3.5669009205736137,24.94444427719731,55.45432849437366,-0.0036887387591265433,0.08132271908768852,0.08917991071939468,9,256,0.0022710485788792964,0.00012256402404903715,0.32283977713215073,128.0,64.0,0,829,29,factorial__LSTM__electronics__archive-no_cluster__r14,40
U,LSTM,electronics,archive,no_cluster,15,0.3765575722577307,3.53392825563076,3.7389227492579606,53.21404219045722,-0.04379375914720729,0.09039689447989514,0.08968309499323368,35,256,0.0002119412254629342,0.001981174750368891,0.26333499371502445,64.0,32.0,0,829,38,factorial__LSTM__electronics__archive-no_cluster__r15,144
U,LSTM,electronics,archive,no_cluster,16,0.37637234507257517,3.5318224067040007,-9.3793458945228,46.98329920319923,0.06767232792283397,0.09395222429493723,0.08917200937867165,24,256,0.0002645611586437384,0.0022534439205313572,0.04553901433540095,64.0,128.0,0,829,25,factorial__LSTM__electronics__archive-no_cluster__r16,100
U,LSTM,electronics,archive,no_cluster,17,0.3769889723307695,3.5448030906722314,18.195637145626137,51.97682338471543,0.029741656089915285,0.08172386492155262,0.08904341235756874,7,256,0.0028835446408710416,0.0003850986706169452,0.30646255302767145,128.0,64.0,0,829,43,factorial__LSTM__electronics__archive-no_cluster__r17,32
U,LSTM,electronics,archive,no_cluster,18,0.37680322997612625,3.5433589488381414,10.591001820514851,50.06134964267946,-0.05781559748089532,0.08717627112859234,0.08912286534905434,8,256,0.002721812262694254,1.2519472606938725e-05,0.17933690696143914,128.0,32.0,0,829,16,factorial__LSTM__electronics__archive-no_cluster__r18,36
U,LSTM,electronics,archive,no_cluster,19,0.3777895464715403,3.6591371038910316,54.902181214441434,72.29618263439137,0.012410460551362712,0.07587624203430185,0.08880359306931496,9,256,0.001689558293778257,4.1896850962171615e-06,0.10862689410601392,128.0,128.0,0,829,52,factorial__LSTM__electronics__archive-no_cluster__r19,40
U,LSTM,electronics,floored,kmeans_8,0,0.37611916369102955,3.3932284660471463,-24.744035623111966,42.52522155361908,0.3079097184576951,1.224339767828688,0.08280904755855982,38,32,0.001,0.0,0.0,128.0,128.0,90,829,1,factorial__LSTM__electronics__floored-kmeans_8__r00,1014
U,LSTM,electronics,floored,kmeans_8,1,0.3764474246678557,3.509638633115919,-21.1567827999395,45.0156782748687,0.23381689992301136,0.7488368112798622,0.09119985539179581,9,32,0.001,0.0,0.0,128.0,128.0,90,829,1,factorial__LSTM__electronics__floored-kmeans_8__r01,260
U,LSTM,electronics,floored,kmeans_8,2,0.380484359101337,4.399051011777654,71.02147212535151,78.87286959519447,0.30364504041480567,1.3180106138169434,0.08158465016346711,28,32,0.001,0.0,0.0,128.0,128.0,90,829,1,factorial__LSTM__electronics__floored-kmeans_8__r02,754
U,LSTM,electronics,floored,kmeans_8,3,0.3781116931094778,3.7061725860460264,11.883435433574217,36.41922284487757,0.3201674211752285,1.5590313360067598,0.082302011621113,32,32,0.001,0.0,0.0,128.0,128.0,90,829,1,factorial__LSTM__electronics__floored-kmeans_8__r03,858
U,LSTM,electronics,floored,kmeans_8,4,0.37591031139786163,3.42206051846253,-21.67416511937711,41.19904569255591,0.31377431346624696,1.652225786117826,0.08250818888728435,65,32,0.001,0.0,0.0,128.0,128.0,90,829,1,factorial__LSTM__electronics__floored-kmeans_8__r04,1716
U,LSTM,electronics,floored,kmeans_8,5,0.3793294768946674,4.066053566455407,32.97137000262169,52.226993799699635,0.31104875729877035,1.5794714368380662,0.08109135753833331,50,32,0.001,0.0,0.0,128.0,128.0,90,829,1,factorial__LSTM__electronics__floored-kmeans_8__r05,1326
U,LSTM,electronics,floored,kmeans_8,6,0.3757170775586522,3.396883354369884,-9.513292584984816,39.89434216860949,0.30074402550494106,1.3735819183966027,0.0823154286839641,21,32,0.001,0.0,0.0,128.0,128.0,90,829,1,factorial__LSTM__electronics__floored-kmeans_8__r06,572
U,LSTM,electronics,floored,kmeans_8,7,0.37592825479244757,3.4030423743816955,-13.29516042798423,40.23381055770132,0.3373906688743532,1.5146336388653188,0.0824987944931938,12,32,0.001,0.0,0.0,128.0,128.0,90,829,1,factorial__LSTM__electronics__floored-kmeans_8__r07,338
U,LSTM,electronics,floored,kmeans_8,8,0.3793198648916894,4.219150205249617,61.79209254058631,72.30606667510776,0.3060969120670168,1.2988132165236104,0.08074440348606843,23,32,0.001,0.0,0.0,128.0,128.0,90,829,1,factorial__LSTM__electronics__floored-kmeans_8__r08,624
U,LSTM,electronics,floored,kmeans_8,9,0.37638852071143164,3.4464070075378412,-5.014655891496174,37.110088635032874,0.3198188539431879,1.4502017421919504,0.08239357331051277,83,32,0.001,0.0,0.0,128.0,128.0,90,829,1,factorial__LSTM__electronics__floored-kmeans_8__r09,2184
U,LSTM,electronics,floored,kmeans_8,10,0.3764017621076176,3.4241961917495796,-7.225289886046723,37.65473753136431,0.30065642547038035,1.3836765011947223,0.08927689507030524,53,32,0.001,0.0,0.0,128.0,128.0,90,829,1,factorial__LSTM__electronics__floored-kmeans_8__r10,1404
U,LSTM,electronics,floored,kmeans_8,11,0.37666114097237546,3.46204609311144,-2.933197147286023,38.296523529860984,0.31965973653398655,1.4304776364204392,0.08305364918823425,19,32,0.001,0.0,0.0,128.0,128.0,90,829,1,factorial__LSTM__electronics__floored-kmeans_8__r11,520
U,LSTM,electronics,floored,kmeans_8,12,0.38422030831869297,4.9658637934863465,78.19870468178256,86.93217436256721,0.2963874245994761,1.5102942802731558,0.08082830332792722,25,32,0.001,0.0,0.0,128.0,128.0,90,829,1,factorial__LSTM__electronics__floored-kmeans_8__r12,676
U,LSTM,electronics,floored,kmeans_8,13,0.37742014666483786,3.6717039022398756,8.746421089917602,49.18200402687558,0.284186800200649,1.5247067013610147,0.08352368826476428,14,32,0.001,0.0,0.0,128.0,128.0,90,829,1,factorial__LSTM__electronics__floored-kmeans_8__r13,390
U,LSTM,electronics,floored,kmeans_8,14,0.37585145673910375,3.402787015285257,-24.400818156270276,42.76618954402427,0.28664653581862687,1.2125191672675415,0.08280904755855982,38,32,0.001,0.0,0.0,128.0,128.0,90,829,1,factorial__LSTM__electronics__floored-kmeans_8__r14,1014
U,LSTM,electronics,floored,kmeans_8,15,0.37586912135080097,3.4033116772732,-10.383435763893633,40.386843932291015,0.3060841487253907,1.3214048924986275,0.08152281098927443,23,32,0.001,0.0,0.0,128.0,128.0,90,829,1,factorial__LSTM__electronics__floored-kmeans_8__r15,624
U,LSTM,electronics,floored,kmeans_8,16,0.3827103825873874,4.790799369919681,83.00340804763395,93.51124726108887,0.29860662061085863,1.3699384965367571,0.08322799456520723,14,32,0.001,0.0,0.0,128.0,128.0,90,829,1,factorial__LSTM__electronics__floored-kmeans_8__r16,390
U,LSTM,electronics,floored,kmeans_8,17,0.3785427920546757,3.8642605042893257,36.79175172635962,55.30708925360484,0.3132418582445384,1.3442377056081372,0.08158478140830994,46,32,0.001,0.0,0.0,128.0,128.0,90,829,1,factorial__LSTM__electronics__floored-kmeans_8__r17,1222
U,LSTM,electronics,floored,kmeans_8,18,0.3787782415588918,3.851512798200949,31.34287643952928,46.85412392829014,0.317850658029898,1.4459771991841763,0.08167817264508742,59,32,0.001,0.0,0.0,128.0,128.0,90,829,1,factorial__LSTM__electronics__floored-kmeans_8__r18,1560
U,LSTM,electronics,floored,kmeans_8,19,0.3804894971576915,4.241773723058301,67.14076313597089,80.27436926030246,0.2622299653272734,1.246452336172136,0.08307566859114629,10,32,0.001,0.0,0.0,128.0,128.0,90,829,1,factorial__LSTM__electronics__floored-kmeans_8__r19,286
U,LSTM,electronics,floored,no_cluster,0,0.37685323440664886,3.580791094875413,35.07464197880099,59.077368697802804,0.01296161449870047,0.08315003921664854,0.09265919001056598,16,32,0.001,0.0,0.0,128.0,128.0,90,829,1,factorial__LSTM__electronics__floored-no_cluster__r00,442
U,LSTM,electronics,floored,no_cluster,1,0.37619349295716803,3.4644823689589646,3.1134966625014693,36.44069523944808,0.17752115414097744,0.15497434972239296,0.09014791135604565,76,32,0.001,0.0,0.0,128.0,128.0,90,829,1,factorial__LSTM__electronics__floored-no_cluster__r01,2002
U,LSTM,electronics,floored,no_cluster,2,0.37657443836128374,3.407402840323535,24.718813710587483,45.84901150253778,0.19852524666905447,0.22353715240362998,0.08895512870871104,81,32,0.001,0.0,0.0,128.0,128.0,90,829,1,factorial__LSTM__electronics__floored-no_cluster__r02,2132
U,LSTM,electronics,floored,no_cluster,3,0.377835913924801,3.7119603371647245,89.05282885022831,91.83605994271193,0.23318246696133146,0.5816233306501591,0.08903304702387406,82,32,0.001,0.0,0.0,128.0,128.0,90,829,1,factorial__LSTM__electronics__floored-no_cluster__r03,2158
U,LSTM,electronics,floored,no_cluster,4,0.37612793931097466,3.4322058547445256,27.584185242721333,45.5869119136321,0.18792585157103237,0.23618476179168688,0.08910660904187423,74,32,0.001,0.0,0.0,128.0,128.0,90,829,1,factorial__LSTM__electronics__floored-no_cluster__r04,1950
U,LSTM,electronics,floored,no_cluster,5,0.3769388420519735,3.5451196246592556,51.40695286039873,60.53987723262875,0.2235317550705913,0.1386698327048618,0.08837245075175396,89,32,0.001,0.0,0.0,128.0,128.0,90,829,1,factorial__LSTM__electronics__floored-no_cluster__r05,2340
U,LSTM,electronics,floored,no_cluster,6,0.3759297735604491,3.4331998031845545,-8.032379328795871,36.22256301987177,0.19447091959858798,0.2396595630969062,0.08858571387827396,66,32,0.001,0.0,0.0,128.0,128.0,90,829,1,factorial__LSTM__electronics__floored-no_cluster__r06,1742
U,LSTM,electronics,floored,no_cluster,7,0.3767500386980037,3.4595768327670626,57.550442991644815,67.28732096400779,0.2685701699310228,0.3371876228878755,0.08826145357810534,59,32,0.001,0.0,0.0,128.0,128.0,90,829,1,factorial__LSTM__electronics__floored-no_cluster__r07,1560
U,LSTM,electronics,floored,no_cluster,8,0.37677967404088547,3.5145008457400877,45.0398771768408,58.019427310461964,0.19521793393768674,0.15615020101462343,0.08919769654480311,58,32,0.001,0.0,0.0,128.0,128.0,90,829,1,factorial__LSTM__electronics__floored-no_cluster__r08,1534
U,LSTM,electronics,floored,no_cluster,9,0.37606780482398816,3.374687833464383,-8.239264113748703,39.05044308404584,0.26707236484916375,0.3335625273210692,0.08916220985926114,70,32,0.001,0.0,0.0,128.0,128.0,90,829,1,factorial__LSTM__electronics__floored-no_cluster__r09,1846
U,LSTM,electronics,floored,no_cluster,10,0.3768117842156557,3.4609359192836493,37.458077517935365,53.250170279365264,0.21295676869361585,0.27250812566617577,0.08896936533542779,76,32,0.001,0.0,0.0,128.0,128.0,90,829,1,factorial__LSTM__electronics__floored-no_cluster__r10,2002
U,LSTM,electronics,floored,no_cluster,11,0.3761469176675571,3.403624204184872,-10.742331619216532,33.93728697206509,0.25849019800793616,0.31052602159792625,0.08876195807869618,82,32,0.001,0.0,0.0,128.0,128.0,90,829,1,factorial__LSTM__electronics__floored-no_cluster__r11,2158
U,LSTM,electronics,floored,no_cluster,12,0.37625254382945245,3.374919669655431,22.904226113169035,46.006475659703014,0.2645400297366865,0.3837354180393392,0.09120329698691002,72,32,0.001,0.0,0.0,128.0,128.0,90,829,1,factorial__LSTM__electronics__floored-no_cluster__r12,1898
U,LSTM,electronics,floored,no_cluster,13,0.3764430771954157,3.484031614735436,18.242671918669778,38.20654387600414,0.13349840304792532,0.15555453559742857,0.08923459855409768,57,32,0.001,0.0,0.0,128.0,128.0,90,829,1,factorial__LSTM__electronics__floored-no_cluster__r13,1508
U,LSTM,electronics,floored,no_cluster,14,0.37723922093379253,3.5746314805847557,33.29516001002521,62.06475788423936,0.03956682294714402,0.08255333553830639,0.09285192306225117,1,32,0.001,0.0,0.0,128.0,128.0,90,829,1,factorial__LSTM__electronics__floored-no_cluster__r14,52
U,LSTM,electronics,floored,no_cluster,15,0.37707951761514574,3.6141562574507797,69.0034083079294,75.50102246648429,0.154461584114389,0.20664963933052521,0.0889519018909106,54,32,0.001,0.0,0.0,128.0,128.0,90,829,1,factorial__LSTM__electronics__floored-no_cluster__r15,1430
U,LSTM,electronics,floored,no_cluster,16,0.3762338513488896,3.4146815408214093,24.513633083171076,45.82719828155145,0.21479303602959743,0.22536558700754097,0.08895526124307743,81,32,0.001,0.0,0.0,128.0,128.0,90,829,1,factorial__LSTM__electronics__floored-no_cluster__r16,2132
U,LSTM,electronics,floored,no_cluster,17,0.37746931193383304,3.5982393541624065,39.532719650600875,63.13053839252751,0.03451915567219834,0.07923407766179738,0.09247199359994668,1,32,0.001,0.0,0.0,128.0,128.0,90,829,1,factorial__LSTM__electronics__floored-no_cluster__r17,52
U,LSTM,electronics,floored,no_cluster,18,0.37646486414225766,3.4587979155153,-0.3029995839142895,38.572256270308486,0.14111668357379367,0.18119300497242333,0.08934020666548839,71,32,0.001,0.0,0.0,128.0,128.0,90,829,1,factorial__LSTM__electronics__floored-no_cluster__r18,1872
U,LSTM,electronics,floored,no_cluster,19,0.3758120325661668,3.315007200794837,-4.719836675786221,37.961826847336724,0.2243630084586575,0.5448884051147371,0.08903494749504787,88,32,0.001,0.0,0.0,128.0,128.0,90,829,1,factorial__LSTM__electronics__floored-no_cluster__r19,2314
U,LSTM,gift,archive,kmeans_8,0,0.10668645899662417,1.1504013918560694,-7.431501525342373,24.369546478406246,0.3796988652392401,1.4220426687483056,0.045525403834427845,22,64,0.001829728866796849,0.008227223588057338,0.07109275577963363,128.0,64.0,0,2062,22,factorial__LSTM__gift__archive-kmeans_8__r00,759
U,LSTM,gift,archive,kmeans_8,1,0.10679814640044548,1.1667361597883277,-24.229930684029192,32.77181533049891,0.3733941014026022,1.7843991322873785,0.0450945400322477,19,64,0.002427690343784096,0.0006186703159834794,0.29279179950755757,128.0,128.0,0,2062,55,factorial__LSTM__gift__archive-kmeans_8__r01,660
U,LSTM,gift,archive,kmeans_8,2,0.10676326481857681,1.1783901240551482,-6.597295524487729,20.62696338481685,0.3433206551010498,1.3731211318727328,0.0458256873217496,31,64,0.0020363909539142713,1.738030871993414e-05,0.02383810029524871,128.0,64.0,0,2062,38,factorial__LSTM__gift__archive-kmeans_8__r02,1056
U,LSTM,gift,archive,kmeans_8,3,0.10684486658214214,1.169436261627605,1.3957235697218302,29.29973815686439,0.3345511349866937,1.326337826233718,0.046048172185141026,12,64,0.001112399380773162,1.7818272073166787e-06,0.03136351242926313,128.0,32.0,0,2062,22,factorial__LSTM__gift__archive-kmeans_8__r03,429
U,LSTM,gift,archive,kmeans_8,4,0.10665805651837051,1.1392709029661812,-4.544503327108379,35.12478180336934,0.37593342215147757,1.2088622724347036,0.04524855129420757,9,64,0.0029459561126328046,0.005548741993263548,0.08815234937503663,64.0,64.0,0,2062,47,factorial__LSTM__gift__archive-kmeans_8__r04,330
U,LSTM,gift,archive,kmeans_8,5,0.10666666253771566,1.160167175929084,-18.774869681919764,29.121291801743173,0.3496460041435045,1.4012060677620126,0.045392349221263874,26,64,0.0028866718386606665,6.870317605584328e-05,0.3424123318095342,64.0,64.0,0,2062,21,factorial__LSTM__gift__archive-kmeans_8__r05,891
U,LSTM,gift,archive,kmeans_8,6,0.10680658613418921,1.180411342308699,-5.131326950062792,23.032722675386225,0.3450057647678122,1.3682388649683719,0.045297795201115536,31,64,0.002911665123721342,0.00020884493662947149,0.33081508355452716,128.0,128.0,0,2062,35,factorial__LSTM__gift__archive-kmeans_8__r06,1056
U,LSTM,gift,archive,kmeans_8,7,0.10668260272245074,1.1629000255713215,-12.950262381576838,28.164049005623568,0.3664411462372718,1.5049204533800444,0.0457858419836019,14,64,0.0024879663004491576,0.003366043966632771,0.35479862379560567,128.0,64.0,0,2062,35,factorial__LSTM__gift__archive-kmeans_8__r07,495
U,LSTM,gift,archive,kmeans_8,8,0.10684322774215772,1.186467193201371,-5.58333393344019,30.53970342172056,0.34217327952941534,1.3433203944930483,0.045779081879917416,29,64,0.000954561639346849,0.00017922680291241916,0.29808128191625155,32.0,128.0,0,2062,34,factorial__LSTM__gift__archive-kmeans_8__r08,990
U,LSTM,gift,archive,kmeans_8,9,0.10724619826765125,1.1899436919209747,-7.154887015517083,27.294502848105985,0.3488408185145813,1.6203685264912258,0.04552951714757717,23,64,0.002754875885750321,9.577854497549681e-05,0.32327815373147256,128.0,128.0,0,2062,28,factorial__LSTM__gift__archive-kmeans_8__r09,792
U,LSTM,gift,archive,kmeans_8,10,0.10686908297368178,1.178379213363979,-5.705061697289235,25.253054244447075,0.34159043674311496,1.4215891057847843,0.04522262468482509,24,64,0.00291649097880805,0.0016175945770143996,0.11556775205753152,128.0,64.0,0,2062,36,factorial__LSTM__gift__archive-kmeans_8__r10,825
U,LSTM,gift,archive,kmeans_8,11,0.10689638024534918,1.1655251694837887,-6.115620129093493,31.78490425515312,0.3691837861183398,1.4847238970504417,0.04563549200467991,38,64,0.0014790718842318208,5.813702536203194e-06,0.10222678119319102,128.0,128.0,0,2062,49,factorial__LSTM__gift__archive-kmeans_8__r11,1287
U,LSTM,gift,archive,kmeans_8,12,0.10667911566407906,1.1691788184317784,-11.189791233397768,26.921902509263283,0.34629281203049433,1.4331117473046415,0.04558764344476389,23,64,0.0025619426745064375,0.0003481959238839306,0.29437590763018107,64.0,64.0,0,2062,39,factorial__LSTM__gift__archive-kmeans_8__r12,792
U,LSTM,gift,archive,kmeans_8,13,0.10715111392311347,1.2093338242776561,0.1583766036162714,40.42452009716582,0.35028768909271546,1.521537558415615,0.04492133062784419,13,64,0.0004758001077245334,0.0032300235293114643,0.09913982140450442,32.0,128.0,0,2062,25,factorial__LSTM__gift__archive-kmeans_8__r13,462
U,LSTM,gift,archive,kmeans_8,14,0.10669704036370373,1.1564544600169184,-11.424520747317075,25.486474966932775,0.3433476103477736,1.3613989804679871,0.045883456357952324,27,64,0.002845720292873363,0.0004071957418731493,0.3295805770733236,32.0,128.0,0,2062,44,factorial__LSTM__gift__archive-kmeans_8__r14,924
U,LSTM,gift,archive,kmeans_8,15,0.10680046596670117,1.15675856312667,-16.040140313355103,29.65357795806313,0.3499452560459149,1.4219815777275693,0.04570997433003151,16,64,0.001861550720471703,4.859348494693948e-05,0.06437632738386545,128.0,64.0,0,2062,28,factorial__LSTM__gift__archive-kmeans_8__r15,561
U,LSTM,gift,archive,kmeans_8,16,0.1069265968655197,1.1774587640702747,3.338568304123869,26.57242595262009,0.35884573457919167,1.3448108586200973,0.04608675967337507,25,64,0.0016885842790013074,0.009885986953297237,0.009544864678394998,64.0,128.0,0,2062,32,factorial__LSTM__gift__archive-kmeans_8__r16,858
U,LSTM,gift,archive,kmeans_8,17,0.10666471821350822,1.1448838939922288,-31.615620060461673,44.02137895343908,0.36879606422012096,1.578256855992052,0.04818021801902967,17,128,0.0019061969622719587,0.00015309010440940366,0.24526054284964316,128.0,128.0,0,2062,40,factorial__LSTM__gift__archive-kmeans_8__r17,306
U,LSTM,gift,archive,kmeans_8,18,0.10669847932084496,1.1534624218058873,-9.486039100055873,25.434555256346023,0.37208993613442454,1.4044591017044659,0.04570112916443384,19,64,0.0028716927154069554,0.0007711311974079128,0.20623932416135246,128.0,64.0,0,2062,22,factorial__LSTM__gift__archive-kmeans_8__r18,660
U,LSTM,gift,archive,kmeans_8,19,0.1066084452679705,1.1505847151847566,-20.82155390194022,29.280541319136912,0.3619622354768861,1.3370231633716456,0.045683834250226166,16,64,0.0025445687176427188,1.0169183218483327e-06,0.17663073657083384,128.0,32.0,0,2062,28,factorial__LSTM__gift__archive-kmeans_8__r19,561
U,LSTM,gift,archive,no_cluster,0,0.10644546614915446,1.1344379738159651,-14.376091812762152,23.023560690168782,0.36288188206662064,0.7307795750011303,0.05158101818100973,29,64,0.0018885232026858323,0.0017251680219666546,0.006966592714888603,128.0,128.0,0,2062,22,factorial__LSTM__gift__archive-no_cluster__r00,990
U,LSTM,gift,archive,no_cluster,1,0.10653810439975156,1.1567249137518774,-15.988221086146106,24.816318029086137,0.3593091047718183,0.5504365330741136,0.05133534533282121,29,64,0.002909992875301101,5.059218329741313e-05,0.09968778967893625,128.0,32.0,0,2062,55,factorial__LSTM__gift__archive-no_cluster__r01,990
U,LSTM,gift,archive,no_cluster,2,0.10651279597089632,1.1667464376696808,-23.633072611244067,28.796248490976108,0.34560396910534746,0.5276445103692805,0.05135532609666839,47,64,0.002755380451963961,0.00011917220475613466,0.2951807764747497,64.0,32.0,0,2062,20,factorial__LSTM__gift__archive-no_cluster__r02,1584
U,LSTM,gift,archive,no_cluster,3,0.10655404957945137,1.1580303594241317,-21.751310007101058,28.356021583441407,0.34436692466434055,0.610274347365875,0.051264064104268044,35,64,0.00245528446252449,6.725526393854392e-05,0.0008790986274447576,128.0,64.0,0,2062,24,factorial__LSTM__gift__archive-no_cluster__r03,1188
U,LSTM,gift,archive,no_cluster,4,0.10655193251952698,1.1681512499627538,-32.680192875902215,34.63656266275211,0.3292799566380855,0.6447254759123938,0.05175166390836239,38,64,0.0018141302854645176,6.133919573828846e-06,0.18674657558744284,128.0,128.0,0,2062,43,factorial__LSTM__gift__archive-no_cluster__r04,1287
U,LSTM,gift,archive,no_cluster,5,0.10647890372784176,1.160857635033905,-30.330716455875855,32.20506182735267,0.3760079117714912,0.6423954233476985,0.051787778452941864,34,64,0.0028175974078853087,0.004129600642499476,0.2725716955444859,128.0,64.0,0,2062,28,factorial__LSTM__gift__archive-no_cluster__r05,1155
U,LSTM,gift,archive,no_cluster,6,0.10689575970425093,1.2211959588383452,-18.688482889275473,24.82373522420685,0.25408785517321864,0.14941881596860537,0.052428105281609474,22,64,0.002881169664120191,1.7705790554315744e-05,0.35155510757854186,128.0,32.0,0,2062,24,factorial__LSTM__gift__archive-no_cluster__r06,759
U,LSTM,gift,archive,no_cluster,7,0.10679148320392332,1.1860099112729765,-10.651397333849907,28.155759621873354,0.33437862914335376,0.28921495761157756,0.0520362440270908,46,64,0.0025543792314172277,0.006375260789193524,0.06119065337931246,32.0,128.0,0,2062,25,factorial__LSTM__gift__archive-no_cluster__r07,1551
U,LSTM,gift,archive,no_cluster,8,0.10668043903244825,1.1787276047086026,-28.821117902438374,32.47993086931212,0.2779101522695268,0.49316707176630603,0.05233703186791955,52,64,0.002650024543317489,0.0007248082559838407,0.3675094183333932,32.0,128.0,0,2062,20,factorial__LSTM__gift__archive-no_cluster__r08,1749
U,LSTM,gift,archive,no_cluster,9,0.10646361086262429,1.155009201796232,-24.015271546966492,26.876527785176,0.35961519901404004,0.6277870098059872,0.05159628566241625,40,64,0.002467357841257669,0.00016895609668698708,0.19857210823041624,128.0,64.0,0,2062,22,factorial__LSTM__gift__archive-no_cluster__r09,1353
U,LSTM,gift,archive,no_cluster,10,0.10656823553778118,1.173106659450309,-40.6845558455046,41.25872677668355,0.3474363648794863,0.7022033722495763,0.05172868287473014,29,64,0.002835640643873663,0.0006433471906672793,0.048165832124310456,128.0,128.0,0,2062,36,factorial__LSTM__gift__archive-no_cluster__r10,990
U,LSTM,gift,archive,no_cluster,11,0.10673142148010387,1.201564759483116,-36.00567288877227,37.24825565384687,0.23790401983424372,0.4412952319172413,0.05201845892676801,47,64,0.002515162051821675,1.2439143400838514e-06,0.17997293154062044,64.0,128.0,0,2062,59,factorial__LSTM__gift__archive-no_cluster__r11,1584
U,LSTM,gift,archive,no_cluster,12,0.10666524282491295,1.1910126657316336,-45.195899640875155,45.91754004253635,0.33199424414414574,0.6807231516892585,0.05142917969461643,33,64,0.0027420953397521196,1.07411330442247e-05,0.08405617956036474,64.0,128.0,0,2062,32,factorial__LSTM__gift__archive-no_cluster__r12,1122
U,LSTM,gift,archive,no_cluster,13,0.10698223171239415,1.22745575248791,-6.338570286710566,22.6605587119618,0.10380138506242782,0.11428172922491296,0.05247691143868548,39,64,0.0029759653688898684,0.00432436869267591,0.10644265531476303,32.0,64.0,0,2062,18,factorial__LSTM__gift__archive-no_cluster__r13,1320
U,LSTM,gift,archive,no_cluster,14,0.10674879572449027,1.1948356034070238,-23.101659115553936,26.62609152196832,0.3625204864216642,0.36072409552477264,0.05164979550648819,34,64,0.002846031612706769,2.4484306898488405e-06,0.39551175023251667,64.0,128.0,0,2062,35,factorial__LSTM__gift__archive-no_cluster__r14,1155
U,LSTM,gift,archive,no_cluster,15,0.10648040037411918,1.148606064206521,-11.185428602816467,21.256108412415163,0.3539031637163345,0.7865677291601515,0.05150817052432985,39,64,0.0026578812708166945,1.2900477389243862e-05,0.1895951024326398,128.0,128.0,0,2062,42,factorial__LSTM__gift__archive-no_cluster__r15,1320
U,LSTM,gift,archive,no_cluster,16,0.10653139101192877,1.1510148925172174,-15.879582269052728,23.856893968061588,0.351275972514091,0.5514688676874515,0.05171395747950583,33,64,0.002949667761380116,0.009080484811868428,0.02899918044886897,64.0,128.0,0,2062,32,factorial__LSTM__gift__archive-no_cluster__r16,1122
U,LSTM,gift,archive,no_cluster,17,0.10646262864140013,1.1505509065152666,-30.11431159747461,32.5471211286561,0.37557512818957894,0.7384291658941745,0.0515555635546193,33,64,0.002218683838509569,5.96824195489893e-05,0.05010648913788929,128.0,64.0,0,2062,30,factorial__LSTM__gift__archive-no_cluster__r17,1122
U,LSTM,gift,archive,no_cluster,18,0.10683931273321327,1.1729185640047517,30.858201049852813,38.1313255934422,0.3557843083043458,0.4247104946644243,0.051363156205325416,31,64,0.002388264386960069,1.8322598393152857e-05,0.2986632248436651,128.0,64.0,0,2062,37,factorial__LSTM__gift__archive-no_cluster__r18,1056
U,LSTM,gift,archive,no_cluster,19,0.10655906143243618,1.1718325718491498,-30.10951238180547,32.84598681823846,0.3631600244044609,0.6335073405932535,0.05164899829436432,30,64,0.0022511257110505805,2.682978731648724e-06,0.35236976102641027,128.0,64.0,0,2062,30,factorial__LSTM__gift__archive-no_cluster__r19,1023
U,LSTM,gift,floored,kmeans_8,0,0.10679801650689774,1.1412930204812648,-20.424084576338032,46.589878024322175,0.37009892784082576,1.1810584671105155,0.05094932478207808,5,32,0.001,0.0,0.0,128.0,128.0,90,2062,1,factorial__LSTM__gift__floored-kmeans_8__r00,390
U,LSTM,gift,floored,kmeans_8,1,0.10665785650246168,1.163682858783163,-16.443717898719967,28.69502649257333,0.3310721374102124,1.3906094649227834,0.046076264375677474,11,32,0.001,0.0,0.0,128.0,128.0,90,2062,1,factorial__LSTM__gift__floored-kmeans_8__r01,780
U,LSTM,gift,floored,kmeans_8,2,0.10713777117561299,1.2046058044051566,12.842931217281198,46.81849905873203,0.34421169342515395,1.3221314647231734,0.0466099395774878,8,32,0.001,0.0,0.0,128.0,128.0,90,2062,1,factorial__LSTM__gift__floored-kmeans_8__r02,585
U,LSTM,gift,floored,kmeans_8,3,0.10678557615759646,1.1722453316150525,-26.367365318817246,30.179756078918068,0.34305043307200983,1.638732407182273,0.04485607208827367,25,32,0.001,0.0,0.0,128.0,128.0,90,2062,1,factorial__LSTM__gift__floored-kmeans_8__r03,1690
U,LSTM,gift,floored,kmeans_8,4,0.10723391101203109,1.2007436765198582,24.79842856256532,35.753053854045575,0.364450945732863,1.2358904078605393,0.04579550499239793,20,32,0.001,0.0,0.0,128.0,128.0,90,2062,1,factorial__LSTM__gift__floored-kmeans_8__r04,1365
U,LSTM,gift,floored,kmeans_8,5,0.10701722711032458,1.1811449297391214,2.5366486040433895,28.95113441225201,0.3721644769763048,1.4205010097675093,0.044366794566695504,38,32,0.001,0.0,0.0,128.0,128.0,90,2062,1,factorial__LSTM__gift__floored-kmeans_8__r05,2535
U,LSTM,gift,floored,kmeans_8,6,0.1066468274273842,1.1541838611361677,-6.938482285355618,25.785776814055858,0.36634433715929166,1.3727945571842466,0.045052982293642484,18,32,0.001,0.0,0.0,128.0,128.0,90,2062,1,factorial__LSTM__gift__floored-kmeans_8__r06,1235
U,LSTM,gift,floored,kmeans_8,7,0.10670872191569708,1.1596320518664647,-1.358203082158829,22.573734868324397,0.3661779441112998,1.3403913375830165,0.04510217691556766,39,32,0.001,0.0,0.0,128.0,128.0,90,2062,1,factorial__LSTM__gift__floored-kmeans_8__r07,2600
U,LSTM,gift,floored,kmeans_8,8,0.1069799673038872,1.1798211858615402,-3.2958121724872016,27.35078547322187,0.33673371911587263,1.3866101236135688,0.04527778665606792,32,32,0.001,0.0,0.0,128.0,128.0,90,2062,1,factorial__LSTM__gift__floored-kmeans_8__r08,2145
U,LSTM,gift,floored,kmeans_8,9,0.10668424183972729,1.159102883713003,-4.966841911959143,22.622164143948318,0.3656726823063612,1.4244957138246708,0.045653346825677614,49,32,0.001,0.0,0.0,128.0,128.0,90,2062,1,factorial__LSTM__gift__floored-kmeans_8__r09,3250
U,LSTM,gift,floored,kmeans_8,10,0.10706289022087224,1.1914222656025801,9.09118604672351,40.693280767863875,0.35036423599579974,1.208442252024722,0.05152124540450481,6,32,0.001,0.0,0.0,128.0,128.0,90,2062,1,factorial__LSTM__gift__floored-kmeans_8__r10,455
U,LSTM,gift,floored,kmeans_8,11,0.10674474730054825,1.1673160227282466,-14.280977917520078,25.117801281950324,0.369136287947292,1.4610563833705656,0.04519523578481032,25,32,0.001,0.0,0.0,128.0,128.0,90,2062,1,factorial__LSTM__gift__floored-kmeans_8__r11,1690
U,LSTM,gift,floored,kmeans_8,12,0.10667886104214314,1.153384573684259,-19.077662051042886,26.529668759470265,0.3718581030548595,1.5368749765035319,0.04477768048930627,20,32,0.001,0.0,0.0,128.0,128.0,90,2062,1,factorial__LSTM__gift__floored-kmeans_8__r12,1365
U,LSTM,gift,floored,kmeans_8,13,0.10664831079677488,1.14603071344186,-11.487784202862626,23.53577688108834,0.37764868419748876,1.3486180902179576,0.04464433820774922,22,32,0.001,0.0,0.0,128.0,128.0,90,2062,1,factorial__LSTM__gift__floored-kmeans_8__r13,1495
U,LSTM,gift,floored,kmeans_8,14,0.10695970636429106,1.1858097649206993,0.578969629663156,37.437608944785204,0.3482832811801668,1.3494511000925051,0.04740774555561634,5,32,0.001,0.0,0.0,128.0,128.0,90,2062,1,factorial__LSTM__gift__floored-kmeans_8__r14,390
U,LSTM,gift,floored,kmeans_8,15,0.10671410558762862,1.1493054187315992,-7.28228694131958,26.95157089673744,0.3642134897883043,1.2805172121339221,0.045365804075621644,15,32,0.001,0.0,0.0,128.0,128.0,90,2062,1,factorial__LSTM__gift__floored-kmeans_8__r15,1040
U,LSTM,gift,floored,kmeans_8,16,0.10721181804283272,1.2012779422668696,12.595112712315558,47.12827213362086,0.34481721938573207,1.319167665747104,0.04660998390844235,8,32,0.001,0.0,0.0,128.0,128.0,90,2062,1,factorial__LSTM__gift__floored-kmeans_8__r16,585
U,LSTM,gift,floored,kmeans_8,17,0.10665931786133315,1.1460749022939212,-4.905759872719443,27.484293335749697,0.36744398220587626,1.2456276990944837,0.045210843432981235,21,32,0.001,0.0,0.0,128.0,128.0,90,2062,1,factorial__LSTM__gift__floored-kmeans_8__r17,1430
U,LSTM,gift,floored,kmeans_8,18,0.10689737375978504,1.168009800994,3.6413605232276165,27.16753938077687,0.35523003122572594,1.2803680055061897,0.04493083981080697,24,32,0.001,0.0,0.0,128.0,128.0,90,2062,1,factorial__LSTM__gift__floored-kmeans_8__r18,1625
U,LSTM,gift,floored,kmeans_8,19,0.10687454364206636,1.1683663059957758,-0.6404892646305661,34.269633501472306,0.3747557595608615,1.3404059650045343,0.04536655937822966,6,32,0.001,0.0,0.0,128.0,128.0,90,2062,1,factorial__LSTM__gift__floored-kmeans_8__r19,455
U,LSTM,gift,floored,no_cluster,0,0.10659952067309991,1.1610015146788741,-24.76090844419959,29.944154182059187,0.2891787595796518,0.6294836896102003,0.05086678320971819,49,32,0.001,0.0,0.0,128.0,128.0,90,2062,1,factorial__LSTM__gift__floored-no_cluster__r00,3250
U,LSTM,gift,floored,no_cluster,1,0.10660905434371772,1.150447968254477,7.806281585011759,29.594240708188803,0.36447903871511256,0.5711774436107553,0.05087745334379948,35,32,0.001,0.0,0.0,128.0,128.0,90,2062,1,factorial__LSTM__gift__floored-no_cluster__r01,2340
U,LSTM,gift,floored,no_cluster,2,0.10654145162627998,1.1613899858366514,-24.14747047844354,28.941536533531234,0.26861418249187546,0.5653475824997668,0.05058543967226377,47,32,0.001,0.0,0.0,128.0,128.0,90,2062,1,factorial__LSTM__gift__floored-no_cluster__r02,3120
U,LSTM,gift,floored,no_cluster,3,0.10655693024775144,1.154439240920218,-35.069372599382525,35.98909327666106,0.28813594557212846,0.9289835376296917,0.05036979781893584,51,32,0.001,0.0,0.0,128.0,128.0,90,2062,1,factorial__LSTM__gift__floored-no_cluster__r03,3380
U,LSTM,gift,floored,no_cluster,4,0.10655273667592477,1.1536909214028512,-21.43455603010482,28.83507904700673,0.3350415437062316,0.6463514141698815,0.051006772182881834,68,32,0.001,0.0,0.0,128.0,128.0,90,2062,1,factorial__LSTM__gift__floored-no_cluster__r04,4485
U,LSTM,gift,floored,no_cluster,5,0.1066002501130293,1.1582777776594966,-28.711606499968603,33.4733863805715,0.35753226001605465,0.6977646065712811,0.050733321962448265,41,32,0.001,0.0,0.0,128.0,128.0,90,2062,1,factorial__LSTM__gift__floored-no_cluster__r05,2730
U,LSTM,gift,floored,no_cluster,6,0.10670405577700348,1.1660554366944842,-4.497383444133343,27.08202471093564,0.19977417367626102,0.37331406282940405,0.05131407540578108,46,32,0.001,0.0,0.0,128.0,128.0,90,2062,1,factorial__LSTM__gift__floored-no_cluster__r06,3055
U,LSTM,gift,floored,no_cluster,7,0.10664690832288563,1.169242592129271,-24.54755779601241,34.66623095579368,0.31894073128006784,0.48222415948321795,0.0506925252194588,30,32,0.001,0.0,0.0,128.0,128.0,90,2062,1,factorial__LSTM__gift__floored-no_cluster__r07,2015
U,LSTM,gift,floored,no_cluster,8,0.1064818378773856,1.1505786826908877,-4.290577139458903,23.646596964955844,0.35281816515288805,0.4818280994099085,0.051117239362345294,51,32,0.001,0.0,0.0,128.0,128.0,90,2062,1,factorial__LSTM__gift__floored-no_cluster__r08,3380
U,LSTM,gift,floored,no_cluster,9,0.10671175244619549,1.1715635776516253,-16.259599741903152,28.829407108863332,0.24951939889109997,0.38710595986612395,0.05098281690421013,51,32,0.001,0.0,0.0,128.0,128.0,90,2062,1,factorial__LSTM__gift__floored-no_cluster__r09,3380
U,LSTM,gift,floored,no_cluster,10,0.10651911761806952,1.135365892826864,-2.4864757927643253,28.147033471809298,0.3493745524366021,0.5932341385600268,0.05095049595603576,46,32,0.001,0.0,0.0,128.0,128.0,90,2062,1,factorial__LSTM__gift__floored-no_cluster__r10,3055
U,LSTM,gift,floored,no_cluster,11,0.10652110290989056,1.1565343556864784,-15.362566464985782,26.59293254179156,0.3326341559676724,0.5811827564898171,0.05059693504411441,48,32,0.001,0.0,0.0,128.0,128.0,90,2062,1,factorial__LSTM__gift__floored-no_cluster__r11,3185
U,LSTM,gift,floored,no_cluster,12,0.10667925444695334,1.164731916602561,-12.726004577744565,31.401396660137664,0.31660859670153596,0.4538355970769088,0.05093779473637159,49,32,0.001,0.0,0.0,128.0,128.0,90,2062,1,factorial__LSTM__gift__floored-no_cluster__r12,3250
U,LSTM,gift,floored,no_cluster,13,0.10694685425292588,1.2248643708763305,-16.206807489092974,25.90401450701953,0.14061288368120559,0.12668811927038867,0.05184051264077425,32,32,0.001,0.0,0.0,128.0,128.0,90,2062,1,factorial__LSTM__gift__floored-no_cluster__r13,2145
U,LSTM,gift,floored,no_cluster,14,0.10702809383482127,1.2345946141154864,-12.87521940378127,23.33158862697437,0.02095797034619272,0.10748795967841347,0.05197793445908106,22,32,0.001,0.0,0.0,128.0,128.0,90,2062,1,factorial__LSTM__gift__floored-no_cluster__r14,1495
U,LSTM,gift,floored,no_cluster,15,0.10684765321535775,1.2258940266374112,-47.24825568786537,48.04319451135634,0.15865299907051464,0.3454442259582566,0.05131042232880226,39,32,0.001,0.0,0.0,128.0,128.0,90,2062,1,factorial__LSTM__gift__floored-no_cluster__r15,2600
U,LSTM,gift,floored,no_cluster,16,0.10660898435917185,1.1606675357252254,-19.03228730476962,28.000000464757807,0.2741267922677669,0.49462802293352126,0.05069742960712084,44,32,0.001,0.0,0.0,128.0,128.0,90,2062,1,factorial__LSTM__gift__floored-no_cluster__r16,2925
U,LSTM,gift,floored,no_cluster,17,0.10678059567651234,1.1849991515696519,-22.02966954619275,29.065445593004277,0.2997061541260784,0.33784165181700015,0.051613556622312616,49,32,0.001,0.0,0.0,128.0,128.0,90,2062,1,factorial__LSTM__gift__floored-no_cluster__r17,3250
U,LSTM,gift,floored,no_cluster,18,0.10658954866582675,1.1543357422869813,-20.981676435020532,28.568063412807874,0.3359181926118844,0.6412434092519104,0.051006772182881834,68,32,0.001,0.0,0.0,128.0,128.0,90,2062,1,factorial__LSTM__gift__floored-no_cluster__r18,4485
U,LSTM,gift,floored,no_cluster,19,0.10699844193406138,1.2328075341697795,-9.189791852335821,27.45942437450821,0.014402519294085607,0.10782839765312797,0.05177622120827437,23,32,0.001,0.0,0.0,128.0,128.0,90,2062,1,factorial__LSTM__gift__floored-no_cluster__r19,1560
U,LSTM,multichannel,archive,kmeans_8,0,0.057142832824784114,0.5858596606941258,35.00657754361969,58.58552559654676,0.15744672825452985,1.9492322891885658,0.01912827881857414,32,64,0.000833759580513857,0.008296093540579795,0.07625830949472404,128.0,128.0,0,1402,25,factorial__LSTM__multichannel__archive-kmeans_8__r00,726
U,LSTM,multichannel,archive,kmeans_8,1,0.05710452431830463,0.5758066958166319,13.122805685474292,49.0877190167737,0.1711366444282968,2.1067218094235916,0.019532023357566108,6,64,0.0026582708557791592,0.0016973933328802795,0.23695029563345268,128.0,128.0,0,1402,68,factorial__LSTM__multichannel__archive-kmeans_8__r01,154
U,LSTM,multichannel,archive,kmeans_8,2,0.05731676943959339,0.5979256503405732,39.192981210030254,57.73684139804592,0.17259286397401463,2.0827633000929975,0.018417924526147544,20,64,0.002277343175753919,0.0005632487636641235,0.37719887036948035,64.0,64.0,0,1402,41,factorial__LSTM__multichannel__archive-kmeans_8__r02,462
U,LSTM,multichannel,archive,kmeans_8,3,0.05695003907839898,0.55655451032677,8.438595051860313,50.08333313948745,0.17335560951475973,1.8124969098384498,0.019321667369116436,28,64,0.001869643288470803,2.2914714879057938e-06,0.027239947598618742,128.0,32.0,0,1402,25,factorial__LSTM__multichannel__archive-kmeans_8__r03,638
U,LSTM,multichannel,archive,kmeans_8,4,0.05691826754154235,0.5350162975451846,-10.684211682855524,48.73684227728012,0.1726994396867238,2.131094469359728,0.018858527997508645,8,64,0.002310138238362407,2.7719952065635463e-06,0.24488746111358387,128.0,128.0,0,1402,67,factorial__LSTM__multichannel__archive-kmeans_8__r04,198
U,LSTM,multichannel,archive,kmeans_8,5,0.057045364741563256,0.5642763422941802,19.182016007323902,54.15570136576287,0.1644555355196018,1.75847367391823,0.01885758811311627,9,64,0.0017366362963349073,1.4478498738536952e-06,0.18285048151759503,64.0,32.0,0,1402,30,factorial__LSTM__multichannel__archive-kmeans_8__r05,220
U,LSTM,multichannel,archive,kmeans_8,6,0.05765288371493351,0.7032012719016837,32.445174582269345,55.831139878647306,0.19320079307949123,2.945195309373792,0.01895937950096347,15,128,0.0022137021455268407,0.0023690450800767236,0.10059721530907245,128.0,64.0,0,1402,52,factorial__LSTM__multichannel__archive-kmeans_8__r06,176
U,LSTM,multichannel,archive,kmeans_8,7,0.05712145010352285,0.5818806194220587,24.052630235407875,51.68859622106272,0.1860717294763876,2.0024740062346855,0.01867682220075618,31,64,0.002916318372412261,1.1000005086083617e-06,0.31936335105604674,32.0,32.0,0,1402,43,factorial__LSTM__multichannel__archive-kmeans_8__r07,704
U,LSTM,multichannel,archive,kmeans_8,8,0.05708727214516408,0.5635981576171596,21.598682757629923,52.274122332598395,0.20055567302040894,1.9816754424662144,0.01893600131469694,36,64,0.0006255381351100044,0.0004271281018025119,0.22354785884561645,32.0,64.0,0,1402,33,factorial__LSTM__multichannel__archive-kmeans_8__r08,814
U,LSTM,multichannel,archive,kmeans_8,9,0.056932959938121,0.5437872085495895,0.5350861093839847,52.48684209787792,0.1779859291948448,1.6617003012946967,0.019249059408056466,10,64,0.0020056308595625396,1.9045593546491272e-05,0.18503203578402108,128.0,64.0,0,1402,45,factorial__LSTM__multichannel__archive-kmeans_8__r09,242
U,LSTM,multichannel,archive,kmeans_8,10,0.057005820735505294,0.5449578721686056,29.905699170193323,60.234647837728296,0.10102374184415634,0.8238861010088048,0.022299810164523395,74,64,0.00024590134517466503,8.194382747707147e-05,0.33098251071173845,32.0,64.0,0,1402,50,factorial__LSTM__multichannel__archive-kmeans_8__r10,1650
U,LSTM,multichannel,archive,kmeans_8,11,0.057157680483775716,0.6032576790156524,38.14912145475295,60.14912202586631,0.17393517237994224,2.0920696597557917,0.01972634324126623,35,128,0.002828560230084245,1.3845638169544014e-06,0.20934156922628522,32.0,32.0,0,1402,55,factorial__LSTM__multichannel__archive-kmeans_8__r11,396
U,LSTM,multichannel,archive,kmeans_8,12,0.057004292788606394,0.5517092318217298,17.15131405201715,53.90131522721603,0.16250763508455773,1.6897998216700327,0.018779990771277386,21,64,0.0006014589789097056,9.742778032045175e-06,0.24965648229637585,128.0,64.0,0,1402,48,factorial__LSTM__multichannel__archive-kmeans_8__r12,484
U,LSTM,multichannel,archive,kmeans_8,13,0.05707278469972925,0.5909490581784963,32.754384673183765,55.618420306985044,0.1945391744742523,2.078079872600256,0.018755180803550917,36,64,0.002596812712728653,2.660121603680161e-05,0.32997000065188387,128.0,32.0,0,1402,32,factorial__LSTM__multichannel__archive-kmeans_8__r13,814
U,LSTM,multichannel,archive,kmeans_8,14,0.05718346345994065,0.5903804000163173,45.72148958400744,65.7828936835322,0.19683394808593022,1.6877249109967485,0.019207851305095988,20,64,0.002444998329130667,1.930735413754122e-06,0.32206090434759455,128.0,32.0,0,1402,38,factorial__LSTM__multichannel__archive-kmeans_8__r14,462
U,LSTM,multichannel,archive,kmeans_8,15,0.05723626771995214,0.6019682687010562,49.04824422729522,66.38596397456924,0.19318028278298358,1.9493435164228083,0.018353095225227826,15,64,0.0008249833086194614,0.009922267586475122,0.2549472703876712,128.0,64.0,0,1402,27,factorial__LSTM__multichannel__archive-kmeans_8__r15,352
U,LSTM,multichannel,archive,kmeans_8,16,0.05704594483195021,0.5640010785647852,18.64473542582453,49.90350825409795,0.1982339900765687,1.899743041782332,0.018921876400285823,14,64,0.002202335947592569,0.00021302578912372886,0.2689545989609619,64.0,128.0,0,1402,32,factorial__LSTM__multichannel__archive-kmeans_8__r16,330
U,LSTM,multichannel,archive,kmeans_8,17,0.058221923659415864,0.7333195792125493,297.8793803173538,297.87938031735376,0.15878854527855046,0.4206098452236851,0.02248657455978294,3,256,0.0017961018725640373,1.687953461647814e-05,0.14737533991556587,128.0,32.0,0,1402,37,factorial__LSTM__multichannel__archive-kmeans_8__r17,24
U,LSTM,multichannel,archive,kmeans_8,18,0.05709970804764116,0.5816156336784709,34.12719153872587,55.65350807492448,0.1710611587715072,1.9237047700044303,0.018834030361507426,18,64,0.0012794336970072117,0.00035875378183811157,0.3011040577348648,128.0,128.0,0,1402,29,factorial__LSTM__multichannel__archive-kmeans_8__r18,418
U,LSTM,multichannel,archive,kmeans_8,19,0.05684422374898911,0.5241338203098946,-11.964913690054782,51.934210541494714,0.1896594095648226,1.9049123519398543,0.018665002690712838,14,64,0.0016857918237262852,0.0004230485586670694,0.1645858808881565,128.0,32.0,0,1402,38,factorial__LSTM__multichannel__archive-kmeans_8__r19,330
U,LSTM,multichannel,archive,no_cluster,0,0.05737023700601089,0.5747559467279209,117.71052224692114,146.68420798700672,0.001378035127000162,0.11731759572138052,0.022865082137286663,3,256,0.002347130745732342,7.832327498451746e-06,0.2803898460856873,64.0,128.0,0,1402,37,factorial__LSTM__multichannel__archive-no_cluster__r00,24
U,LSTM,multichannel,archive,no_cluster,1,0.057075866927962814,0.5453960457226639,40.63157595718424,94.1315773568159,-0.003961245897835012,0.14461171974303036,0.022821666051944096,5,256,0.0009937819614389558,8.302197977452703e-05,0.20186120174948802,128.0,64.0,0,1402,54,factorial__LSTM__multichannel__archive-no_cluster__r01,36
U,LSTM,multichannel,archive,no_cluster,2,0.05736184731012066,0.5802106341411379,130.05920610831572,147.00657532452217,0.023270358921823484,0.12028478308499788,0.022793648842101295,4,256,0.0021104960213841374,1.630988743200028e-06,0.14867315702281306,64.0,64.0,0,1402,59,factorial__LSTM__multichannel__archive-no_cluster__r02,30
U,LSTM,multichannel,archive,no_cluster,3,0.057133230340477424,0.5494147927704592,56.94955818134355,109.70833143750298,0.002007595750624704,0.13909025716765314,0.022747748531401157,4,256,0.0013149792061076982,8.68734457417617e-06,0.15165286118296575,128.0,128.0,0,1402,56,factorial__LSTM__multichannel__archive-no_cluster__r03,30
U,LSTM,multichannel,archive,no_cluster,4,0.057256358832549654,0.5661961364252258,99.2499959953275,128.5219269351238,-0.015188371831393849,0.12327137703179275,0.02279238519258797,6,256,0.0007573528281250609,1.0616074135474257e-05,0.03638116881367189,128.0,128.0,0,1402,39,factorial__LSTM__multichannel__archive-no_cluster__r04,42
U,LSTM,multichannel,archive,no_cluster,5,0.05726932686189899,0.5606035457847051,90.69517175830215,131.8706118134088,-0.013981801972274183,0.12949132348047065,0.022759924409911036,2,256,0.002608058245031534,0.00025785990828896274,0.11353713514737557,128.0,128.0,0,1402,57,factorial__LSTM__multichannel__archive-no_cluster__r05,18
U,LSTM,multichannel,archive,no_cluster,6,0.05710597151361061,0.54958575931215,55.18859322305217,93.72806822546069,-0.037794749511931534,0.13952933883994736,0.02278463643354674,3,256,0.0019922960380447706,0.00018622018533498075,0.10856158444613437,128.0,64.0,0,1402,56,factorial__LSTM__multichannel__archive-no_cluster__r06,24
U,LSTM,multichannel,archive,no_cluster,7,0.05730284867496919,0.5695781541788745,108.18201359238698,144.79605004624293,0.015736953515559725,0.1224298508108021,0.02277645041855673,4,256,0.0011595115058487524,6.7552440994277196e-06,0.12003376318313644,128.0,128.0,0,1402,49,factorial__LSTM__multichannel__archive-no_cluster__r07,30
U,LSTM,multichannel,archive,no_cluster,8,0.05750648222441129,0.6131543306474488,176.90788936114805,184.09648643593982,-0.005895656988669194,0.1071353260398229,0.022806592596073944,6,256,0.0008677753327032767,4.482709531272257e-06,0.24371107765012529,128.0,32.0,0,1402,49,factorial__LSTM__multichannel__archive-no_cluster__r08,42
U,LSTM,multichannel,archive,no_cluster,9,0.05697942175760412,0.5399030729398776,-7.320177479109072,69.46929750490185,0.04215965279976459,0.18137485192234729,0.022796599349627893,2,256,0.002482476430697801,1.412083598871851e-06,0.10257323033903798,128.0,128.0,0,1402,56,factorial__LSTM__multichannel__archive-no_cluster__r09,18
U,LSTM,multichannel,archive,no_cluster,10,0.05779385925400091,0.6706882359781252,242.17543262832893,244.67981881829454,-0.02938067372638471,0.09358167597094909,0.022775582581137616,3,256,0.0019356971656953577,1.32049069166251e-06,0.09061974035017634,128.0,32.0,0,1402,43,factorial__LSTM__multichannel__archive-no_cluster__r10,24
U,LSTM,multichannel,archive,no_cluster,11,0.057076422673357746,0.5464377076638909,40.02850577847784,88.07236679723387,-0.015888230121922378,0.15136092867294823,0.022728085285052657,4,256,0.0011856226556413983,5.32006369508751e-06,0.26641593984838996,128.0,128.0,0,1402,68,factorial__LSTM__multichannel__archive-no_cluster__r11,30
U,LSTM,multichannel,archive,no_cluster,12,0.05793470782210435,0.6798551751899571,251.942976610733,254.81139788926757,0.009918282375883205,0.09356451771960637,0.02282406180165708,3,256,0.0018016768561402326,1.714527065854646e-05,0.3395633476042948,128.0,64.0,0,1402,34,factorial__LSTM__multichannel__archive-no_cluster__r12,24
U,LSTM,multichannel,archive,no_cluster,13,0.05697918102591081,0.5413864484508684,9.013155476891354,50.68859609840578,0.012080274249683023,0.17384197935952359,0.0241492827930911,11,64,0.002846135586546823,1.7688118089283565e-06,0.06096712607743365,32.0,64.0,0,1402,22,factorial__LSTM__multichannel__archive-no_cluster__r13,264
U,LSTM,multichannel,archive,no_cluster,14,0.0571650023787732,0.5558733684999998,74.87938240611469,116.37499769659331,-0.012811614369449435,0.13721323201713295,0.022748095837111276,4,256,0.0010774255058488777,0.00020836036990661135,0.32065976665740564,128.0,128.0,0,1402,60,factorial__LSTM__multichannel__archive-no_cluster__r14,30
U,LSTM,multichannel,archive,no_cluster,15,0.05751041773741657,0.5989732026877042,158.14473205082447,167.92543447952093,0.026997271979067518,0.10885730244776716,0.022737993703534205,4,256,0.0024648326745626394,0.0016803244852447656,0.02954443968878226,64.0,64.0,0,1402,55,factorial__LSTM__multichannel__archive-no_cluster__r15,30
U,LSTM,multichannel,archive,no_cluster,16,0.05757306042208779,0.6002567326676027,160.03727609119926,174.9890311690555,0.03577282840188548,0.11349802502388377,0.02278604490372042,6,256,0.0013315688881155227,5.2731032448489866e-05,0.24736553364707287,64.0,64.0,0,1402,56,factorial__LSTM__multichannel__archive-no_cluster__r16,42
U,LSTM,multichannel,archive,no_cluster,17,0.05726241653354245,0.5691579244553672,110.65569769288648,135.17324290801912,0.042844023156753085,0.12824670031580893,0.022765662986785173,2,256,0.0022405279252614846,2.6554924163942506e-05,0.18753560007758774,128.0,128.0,0,1402,57,factorial__LSTM__multichannel__archive-no_cluster__r17,18
U,LSTM,multichannel,archive,no_cluster,18,0.05762888167418607,0.6255227157766596,192.06139828331504,200.38157428426717,0.022789947790013483,0.10480371223315248,0.0227801778819412,2,256,0.0027403506722966683,3.831940025565598e-05,0.3796810632646819,128.0,64.0,0,1402,55,factorial__LSTM__multichannel__archive-no_cluster__r18,18
U,LSTM,multichannel,archive,no_cluster,19,0.05729110330462998,0.5768580943100203,121.057013062791,134.49122419564316,-0.04103805489556739,0.12135893314113314,0.02276323176920414,3,256,0.0018505651618995434,2.5493318047980667e-05,0.22637711191674853,128.0,64.0,0,1402,69,factorial__LSTM__multichannel__archive-no_cluster__r19,24
U,LSTM,multichannel,floored,kmeans_8,0,0.057337639748647376,0.6054891548890912,22.416665438121033,62.35526293687709,0.17432304713855945,2.1659785158182623,0.02068598211710857,19,32,0.001,0.0,0.0,128.0,128.0,90,1402,1,factorial__LSTM__multichannel__floored-kmeans_8__r00,880
U,LSTM,multichannel,floored,kmeans_8,1,0.05746328723887886,0.631626778093719,58.42543738371272,71.6973674589797,0.17632590888993996,2.0545216710259524,0.019278602294930766,13,32,0.001,0.0,0.0,128.0,128.0,90,1402,1,factorial__LSTM__multichannel__floored-kmeans_8__r01,616
U,LSTM,multichannel,floored,kmeans_8,2,0.05760562569566794,0.6813386390251263,71.76096341082447,90.66885860898192,0.08079941660914713,1.7523491999653977,0.019816937313986604,4,32,0.001,0.0,0.0,128.0,128.0,90,1402,1,factorial__LSTM__multichannel__floored-kmeans_8__r02,220
U,LSTM,multichannel,floored,kmeans_8,3,0.05693205646186165,0.5628618656719893,-2.8508780789647004,46.37719296335586,0.17615392334428395,2.564061354489736,0.019241418880152527,31,32,0.001,0.0,0.0,128.0,128.0,90,1402,1,factorial__LSTM__multichannel__floored-kmeans_8__r03,1408
U,LSTM,multichannel,floored,kmeans_8,4,0.056976165792008385,0.5509870848463961,1.872805813163593,48.421052435674355,0.21095065378313374,2.1626739325667605,0.01905713944754759,47,32,0.001,0.0,0.0,128.0,128.0,90,1402,1,factorial__LSTM__multichannel__floored-kmeans_8__r04,2112
U,LSTM,multichannel,floored,kmeans_8,5,0.057295688038766925,0.6153493705612684,49.710525033929684,64.65789389371709,0.165263654087844,2.0084649447517204,0.019031857493907657,9,32,0.001,0.0,0.0,128.0,128.0,90,1402,1,factorial__LSTM__multichannel__floored-kmeans_8__r05,440
U,LSTM,multichannel,floored,kmeans_8,6,0.05719985630866779,0.5906919298057307,28.559209280565195,53.02412234197696,0.22934004568828575,2.17890289718072,0.01929684354928957,24,32,0.001,0.0,0.0,128.0,128.0,90,1402,1,factorial__LSTM__multichannel__floored-kmeans_8__r06,1100
U,LSTM,multichannel,floored,kmeans_8,7,0.057440414929285616,0.6430950300228028,56.473683121433986,68.53070093661904,0.20544059989057262,2.0932517020134918,0.01938211509695975,25,32,0.001,0.0,0.0,128.0,128.0,90,1402,1,factorial__LSTM__multichannel__floored-kmeans_8__r07,1144
U,LSTM,multichannel,floored,kmeans_8,8,0.05705188061857084,0.559298567442852,21.22148970885376,51.37499963186601,0.18607507015790478,1.828065809356053,0.019024542038096115,12,32,0.001,0.0,0.0,128.0,128.0,90,1402,1,factorial__LSTM__multichannel__floored-kmeans_8__r08,572
U,LSTM,multichannel,floored,kmeans_8,9,0.05707839327610453,0.556573332729719,14.620612649115863,51.86184161473375,0.21318864663545134,1.927326925514742,0.019047549883411688,26,32,0.001,0.0,0.0,128.0,128.0,90,1402,1,factorial__LSTM__multichannel__floored-kmeans_8__r09,1188
U,LSTM,multichannel,floored,kmeans_8,10,0.057071018200219335,0.5766148311502589,9.333332373123033,52.74561391244722,0.22533766301809569,2.450107424166567,0.01933080943157186,71,32,0.001,0.0,0.0,128.0,128.0,90,1402,1,factorial__LSTM__multichannel__floored-kmeans_8__r10,3168
U,LSTM,multichannel,floored,kmeans_8,11,0.057002644483943675,0.5526009848524042,5.203946206816268,47.96271916119407,0.21289841777625296,2.1837914247432813,0.01999135000069042,28,32,0.001,0.0,0.0,128.0,128.0,90,1402,1,factorial__LSTM__multichannel__floored-kmeans_8__r11,1276
U,LSTM,multichannel,floored,kmeans_8,12,0.057392097665618605,0.596315211595038,33.62280593964373,55.530701244756244,0.20653486726386192,2.2068538390658174,0.01988881002580456,69,32,0.001,0.0,0.0,128.0,128.0,90,1402,1,factorial__LSTM__multichannel__floored-kmeans_8__r12,3080
U,LSTM,multichannel,floored,kmeans_8,13,0.057011649428114396,0.579886925629473,18.896928686942264,50.11622779839251,0.21647514391039258,2.309077331348956,0.019468687783790465,51,32,0.001,0.0,0.0,128.0,128.0,90,1402,1,factorial__LSTM__multichannel__floored-kmeans_8__r13,2288
U,LSTM,multichannel,floored,kmeans_8,14,0.05698304463133327,0.5647347334723691,15.092104025544117,49.89912258706193,0.16783094851795943,2.0915090495700794,0.019611024388061858,25,32,0.001,0.0,0.0,128.0,128.0,90,1402,1,factorial__LSTM__multichannel__floored-kmeans_8__r14,1144
U,LSTM,multichannel,floored,kmeans_8,15,0.05697992127241277,0.5487540992444847,7.9122794113982655,48.52631562552815,0.16879285872322541,2.08668100679085,0.018540093577361073,7,32,0.001,0.0,0.0,128.0,128.0,90,1402,1,factorial__LSTM__multichannel__floored-kmeans_8__r15,352
U,LSTM,multichannel,floored,kmeans_8,16,0.057107046390934064,0.5726887732210825,13.574560457970875,48.714912025944095,0.20838270673429557,2.3470535472987444,0.018989386132489017,85,32,0.001,0.0,0.0,128.0,128.0,90,1402,1,factorial__LSTM__multichannel__floored-kmeans_8__r16,3784
U,LSTM,multichannel,floored,kmeans_8,17,0.05713440673674973,0.5702202396552386,54.45833131548314,69.13815664511375,0.17226250232084298,1.4238666041738144,0.019247612561395563,24,32,0.001,0.0,0.0,128.0,128.0,90,1402,1,factorial__LSTM__multichannel__floored-kmeans_8__r17,1100
U,LSTM,multichannel,floored,kmeans_8,18,0.056930162108923626,0.5513311109276838,1.9320163651152618,47.77850857731601,0.1974173925645647,2.16073862497019,0.01905713944754759,47,32,0.001,0.0,0.0,128.0,128.0,90,1402,1,factorial__LSTM__multichannel__floored-kmeans_8__r18,2112
U,LSTM,multichannel,floored,kmeans_8,19,0.05741671229674236,0.6387753373474457,57.06359505318375,73.8925428101135,0.1958824835051193,2.053616316245506,0.019520958234683018,9,32,0.001,0.0,0.0,128.0,128.0,90,1402,1,factorial__LSTM__multichannel__floored-kmeans_8__r19,440
U,LSTM,multichannel,floored,no_cluster,0,0.05697336104684725,0.5250913234054223,54.42543539112244,63.552629663771405,0.08530660782445956,0.3563599302819316,0.023339227767957545,81,32,0.001,0.0,0.0,128.0,128.0,90,1402,1,factorial__LSTM__multichannel__floored-no_cluster__r00,3608
U,LSTM,multichannel,floored,no_cluster,1,0.05689693602463221,0.5164934784025141,25.741225415675935,55.87280599253297,0.08064723599060225,0.44828386182432517,0.023390785706314175,57,32,0.001,0.0,0.0,128.0,128.0,90,1402,1,factorial__LSTM__multichannel__floored-no_cluster__r01,2552
U,LSTM,multichannel,floored,no_cluster,2,0.05693346588314015,0.5399556502737325,-13.63158085824741,43.38157937878342,0.023421598450934472,0.21824085845089497,0.023593306356236677,89,32,0.001,0.0,0.0,128.0,128.0,90,1402,1,factorial__LSTM__multichannel__floored-no_cluster__r02,3960
U,LSTM,multichannel,floored,no_cluster,3,0.05677019513113821,0.5030542768389812,16.120611699378472,51.87938542864993,0.1884561845761634,0.7961250857753861,0.02315083131807941,69,32,0.001,0.0,0.0,128.0,128.0,90,1402,1,factorial__LSTM__multichannel__floored-no_cluster__r03,3080
U,LSTM,multichannel,floored,no_cluster,4,0.056878873314871944,0.5276811675367474,0.6074539487842227,46.30043811467042,0.1025266393474103,0.3141119675389268,0.023393833253066987,81,32,0.001,0.0,0.0,128.0,128.0,90,1402,1,factorial__LSTM__multichannel__floored-no_cluster__r04,3608
U,LSTM,multichannel,floored,no_cluster,5,0.05682667832837342,0.5136600160778644,-4.763159932765909,47.539473476966634,0.014161550834176275,0.5691143618835575,0.023330753409854053,86,32,0.001,0.0,0.0,128.0,128.0,90,1402,1,factorial__LSTM__multichannel__floored-no_cluster__r05,3828
U,LSTM,multichannel,floored,no_cluster,6,0.05682640376256784,0.514817132274145,18.55043609454897,52.098683436531495,0.15737555401380468,0.5565391690006369,0.02330643696900965,80,32,0.001,0.0,0.0,128.0,128.0,90,1402,1,factorial__LSTM__multichannel__floored-no_cluster__r06,3564
U,LSTM,multichannel,floored,no_cluster,7,0.05682683824297696,0.5157969440980872,-12.418861542175918,49.32675473596269,0.14055507742254889,0.5877920328088208,0.023291490929709238,73,32,0.001,0.0,0.0,128.0,128.0,90,1402,1,factorial__LSTM__multichannel__floored-no_cluster__r07,3256
U,LSTM,multichannel,floored,no_cluster,8,0.05692272264477082,0.5220769619774734,28.322365702324525,55.541665547755535,0.11615776097171036,0.4079180290902808,0.023662792428777637,84,32,0.001,0.0,0.0,128.0,128.0,90,1402,1,factorial__LSTM__multichannel__floored-no_cluster__r08,3740
U,LSTM,multichannel,floored,no_cluster,9,0.05701402524368317,0.543337696042751,24.914470964044586,53.55043745918237,-0.03570245066897445,0.15922438920141999,0.02394626298072663,79,32,0.001,0.0,0.0,128.0,128.0,90,1402,1,factorial__LSTM__multichannel__floored-no_cluster__r09,3520
U,LSTM,multichannel,floored,no_cluster,10,0.05692043338545438,0.5364533734150317,-0.12938815634823578,46.028508496339875,0.04692204770669996,0.23010132667567199,0.023355997379191897,89,32,0.001,0.0,0.0,128.0,128.0,90,1402,1,factorial__LSTM__multichannel__floored-no_cluster__r10,3960
U,LSTM,multichannel,floored,no_cluster,11,0.05698330941493672,0.537207273013777,38.67982156827826,58.91227938455315,0.05947124330245087,0.23193015540242432,0.023471941017884423,82,32,0.001,0.0,0.0,128.0,128.0,90,1402,1,factorial__LSTM__multichannel__floored-no_cluster__r11,3652
U,LSTM,multichannel,floored,no_cluster,12,0.05692211118226338,0.5402150599988573,-7.789475728938605,48.899122831624084,0.02045823481003121,0.1976723540220575,0.02361459757032042,71,32,0.001,0.0,0.0,128.0,128.0,90,1402,1,factorial__LSTM__multichannel__floored-no_cluster__r12,3168
U,LSTM,multichannel,floored,no_cluster,13,0.056854773732936466,0.518268336355544,11.385962528812518,49.44298185751203,0.08974496857295082,0.4350656414642369,0.02329622551968152,76,32,0.001,0.0,0.0,128.0,128.0,90,1402,1,factorial__LSTM__multichannel__floored-no_cluster__r13,3388
U,LSTM,multichannel,floored,no_cluster,14,0.05696651715212401,0.5253564776153254,55.14034767177515,64.39473503350861,0.0885841738399617,0.3539256812645329,0.023339227767957545,81,32,0.001,0.0,0.0,128.0,128.0,90,1402,1,factorial__LSTM__multichannel__floored-no_cluster__r14,3608
U,LSTM,multichannel,floored,no_cluster,15,0.05691646310653417,0.5190903550843516,9.914471357324286,47.80482396262812,0.10619423168038404,0.4384263547930057,0.023455140937585384,89,32,0.001,0.0,0.0,128.0,128.0,90,1402,1,factorial__LSTM__multichannel__floored-no_cluster__r15,3960
U,LSTM,multichannel,floored,no_cluster,16,0.056962071493784405,0.5404131896698836,19.24780440402255,51.905701247354074,0.061112799299253895,0.16602568330658427,0.02405723232500763,48,32,0.001,0.0,0.0,128.0,128.0,90,1402,1,factorial__LSTM__multichannel__floored-no_cluster__r16,2156
U,LSTM,multichannel,floored,no_cluster,17,0.05695187255032636,0.5407822599096489,20.418857029850194,49.35306942319099,0.03974296143067977,0.1704539152429812,0.02392855151133104,89,32,0.001,0.0,0.0,128.0,128.0,90,1402,1,factorial__LSTM__multichannel__floored-no_cluster__r17,3960
U,LSTM,multichannel,floored,no_cluster,18,0.05691893928625679,0.5196405497288877,52.436400349086966,67.07675261872225,0.08323478957031963,0.40293149409635964,0.02326911665626209,71,32,0.001,0.0,0.0,128.0,128.0,90,1402,1,factorial__LSTM__multichannel__floored-no_cluster__r18,3168
U,LSTM,multichannel,floored,no_cluster,19,0.0568277645188886,0.5120457700134275,-19.614036795439116,52.48245654153875,0.10574643650891641,0.7487330056213898,0.023309688946359198,73,32,0.001,0.0,0.0,128.0,128.0,90,1402,1,factorial__LSTM__multichannel__floored-no_cluster__r19,3256
U,ValendinLSTM,cdnow,archive,kmeans_8,0,0.1507299269924586,1.9620315653672513,5.103430060035745,42.817414255621095,0.4433438569164131,2.4998731280480544,0.06821043668566523,25,64,0.0022550686174697783,1.1653660966434161e-05,,,,0,2357,27,factorial__ValendinLSTM__cdnow__archive-kmeans_8__r00,962
U,ValendinLSTM,cdnow,archive,kmeans_8,1,0.15015221597775819,2.040087203119874,8.544854793579596,29.72005269787517,0.46862471047710647,2.6805379410183634,0.06914988376602933,21,64,0.001490131708879753,0.00020151267999526275,,,,0,2357,9,factorial__ValendinLSTM__cdnow__archive-kmeans_8__r01,814
U,ValendinLSTM,cdnow,archive,kmeans_8,2,0.15317926302360188,2.2519314552659453,31.16569906861411,43.15989437446704,0.42557335321022105,2.455519865884955,0.06875170616281999,19,64,0.0025398612281969466,0.001267965146877843,,,,0,2357,16,factorial__ValendinLSTM__cdnow__archive-kmeans_8__r02,740
U,ValendinLSTM,cdnow,archive,kmeans_8,3,0.1520097084273263,2.122409448322855,23.518733451914457,38.56200520971439,0.41314558865052226,2.3367405251404754,0.0689804811735411,14,64,0.0016285745028977539,1.0246778897810717e-05,,,,0,2357,19,factorial__ValendinLSTM__cdnow__archive-kmeans_8__r03,555
U,ValendinLSTM,cdnow,archive,kmeans_8,4,0.1545530159203997,2.280990711316706,40.70686003974681,49.98918193065631,0.43447076310669674,2.2971062535999245,0.06836975325603743,26,64,0.0010183994837220064,0.004384765574719616,,,,0,2357,20,factorial__ValendinLSTM__cdnow__archive-kmeans_8__r04,999
U,ValendinLSTM,cdnow,archive,kmeans_8,5,0.15948884294366236,2.7576981252014763,48.090765094065056,51.88443266346771,0.4268871545628797,2.7502372276700093,0.06877356234031755,12,64,0.0018832536008311655,1.662059313215963e-05,,,,0,2357,33,factorial__ValendinLSTM__cdnow__archive-kmeans_8__r05,481
U,ValendinLSTM,cdnow,archive,kmeans_8,6,0.15126859849605329,2.0697378484959588,20.148284898672728,37.23905010620686,0.39176149163961715,2.3399001228618515,0.06752091726741276,23,64,0.002510171016109181,0.00020717139337976512,,,,0,2357,33,factorial__ValendinLSTM__cdnow__archive-kmeans_8__r06,888
U,ValendinLSTM,cdnow,archive,kmeans_8,7,0.15680786858653645,2.507021136232648,49.03456453902343,52.17757248813602,0.42821017112418014,2.387680769586487,0.06926354358123767,13,64,0.0025394928478899175,3.091277372090166e-05,,,,0,2357,21,factorial__ValendinLSTM__cdnow__archive-kmeans_8__r07,518
U,ValendinLSTM,cdnow,archive,kmeans_8,8,0.14921304323519172,1.9058551835270388,-3.614775762944911,29.426385283489832,0.46969358100721487,2.621033507224596,0.06816709534944715,51,64,0.0009999448170151385,0.0005002240033398137,,,,0,2357,28,factorial__ValendinLSTM__cdnow__archive-kmeans_8__r08,1924
U,ValendinLSTM,cdnow,archive,kmeans_8,9,0.15291747553437143,2.0233733065870125,27.319260987263853,60.42955130333752,0.32074638812653916,2.1546298928944587,0.0690474225258505,13,64,0.002732476221585016,0.00020667587766073654,,,,0,2357,25,factorial__ValendinLSTM__cdnow__archive-kmeans_8__r09,518
U,ValendinLSTM,cdnow,archive,kmeans_8,10,0.15272103281539465,2.205359776677279,36.570448403671726,42.239577744431294,0.3829791668629662,2.23171184517843,0.06767032391114815,25,64,0.0017974606206321295,2.257423868875918e-06,,,,0,2357,32,factorial__ValendinLSTM__cdnow__archive-kmeans_8__r10,962
U,ValendinLSTM,cdnow,archive,kmeans_8,11,0.1497490866500385,1.9320831118049746,-0.014511965765692813,32.996569953092184,0.44802443819036947,2.5699823692229047,0.06736953022914964,23,64,0.0023364238629479768,1.7435285951879473e-06,,,,0,2357,24,factorial__ValendinLSTM__cdnow__archive-kmeans_8__r11,888
U,ValendinLSTM,cdnow,archive,kmeans_8,12,0.15050127922292555,2.0530460947975397,22.96860157141069,32.16015831230692,0.44696085963189064,2.3551760418087566,0.06864001279747164,13,64,0.0021186885167631536,0.0003387508891497025,,,,0,2357,32,factorial__ValendinLSTM__cdnow__archive-kmeans_8__r12,518
U,ValendinLSTM,cdnow,archive,kmeans_8,13,0.21569877581805758,4.234857540612601,259.951450739223,269.3445905967367,0.20859540306396251,1.2493721462481766,0.06932236667017679,20,64,0.002842959684998497,2.1560015267633803e-05,,,,0,2357,8,factorial__ValendinLSTM__cdnow__archive-kmeans_8__r13,777
U,ValendinLSTM,cdnow,archive,kmeans_8,14,0.1585221748557578,2.329599849160732,83.85224244780927,96.66332429181534,0.3239425886517255,1.6153596991956105,0.06865695853893822,22,64,0.002756245573516528,2.7527135252823206e-05,,,,0,2357,21,factorial__ValendinLSTM__cdnow__archive-kmeans_8__r14,851
U,ValendinLSTM,cdnow,archive,kmeans_8,15,0.1536345899743101,2.2743937954794715,31.009498646723596,41.2675461238422,0.43446941260867994,2.4740643109519342,0.06828739051077817,26,64,0.0011645637522985322,1.9262246030264332e-06,,,,0,2357,23,factorial__ValendinLSTM__cdnow__archive-kmeans_8__r15,999
U,ValendinLSTM,cdnow,archive,kmeans_8,16,0.15266108083940305,2.03333620006456,30.98258558287224,66.32875983114292,0.39127842943574126,2.1123600628076784,0.06614888439307341,7,64,0.0027916144558641953,2.685200387643992e-06,,,,0,2357,25,factorial__ValendinLSTM__cdnow__archive-kmeans_8__r16,296
U,ValendinLSTM,cdnow,archive,kmeans_8,17,0.15416295188433932,2.1751813224537444,46.83166212045964,57.5656991186588,0.3791352601934,2.0606979956675744,0.06890701573040034,38,64,0.0011908949171715085,1.7197505251784294e-05,,,,0,2357,36,factorial__ValendinLSTM__cdnow__archive-kmeans_8__r17,1443
U,ValendinLSTM,cdnow,archive,kmeans_8,18,0.15316017807562785,2.2557271099632423,24.441952465942432,38.22612132159574,0.3948246314253579,2.565914901710466,0.06943959606861747,10,64,0.0028661378952129645,0.002021360161836471,,,,0,2357,22,factorial__ValendinLSTM__cdnow__archive-kmeans_8__r18,407
U,ValendinLSTM,cdnow,archive,kmeans_8,19,0.14940084640322301,1.893594257236948,13.08021097146658,36.829023662178045,0.4245373561976117,2.226659773207298,0.0696285124364737,21,64,0.00042729109873395753,0.0010089879524841285,,,,0,2357,18,factorial__ValendinLSTM__cdnow__archive-kmeans_8__r19,814
U,ValendinLSTM,cdnow,archive,no_cluster,0,0.14866768221793913,1.876762475787171,-36.47203251296848,44.21767873999177,0.2734468847830754,1.1232140515210982,0.09106427038440833,23,64,0.0009755836603169522,2.137963068106964e-06,,,,0,2357,19,factorial__ValendinLSTM__cdnow__archive-no_cluster__r00,888
U,ValendinLSTM,cdnow,archive,no_cluster,1,0.14729819837873928,1.828854135817184,-50.24168929163799,50.24168929163796,0.3553915309888248,1.4243349647161998,0.09149316869474747,14,64,0.0016066218914444013,0.0008609113226358042,,,,0,2357,15,factorial__ValendinLSTM__cdnow__archive-no_cluster__r01,555
U,ValendinLSTM,cdnow,archive,no_cluster,2,0.1478863351877059,1.8911016495613888,-59.244855481757995,59.244855481757995,0.39078843821021564,1.6204347661659344,0.09120290988200419,21,64,0.002305282925972526,0.0067488537882574,,,,0,2357,29,factorial__ValendinLSTM__cdnow__archive-no_cluster__r02,814
U,ValendinLSTM,cdnow,archive,no_cluster,3,0.14739984465656386,1.825580653048709,-39.75514586346553,46.54723003565656,0.36866843330064514,1.0254872924205332,0.09057463302805617,23,64,0.0010845964754217497,0.0014180171498954204,,,,0,2357,20,factorial__ValendinLSTM__cdnow__archive-no_cluster__r03,888
U,ValendinLSTM,cdnow,archive,no_cluster,4,0.14728292257871733,1.841660958726943,-49.92770515411806,52.41319317577092,0.36666642871126676,1.449768375897512,0.09160157494448326,20,64,0.002414335847146026,2.848414396240676e-06,,,,0,2357,20,factorial__ValendinLSTM__cdnow__archive-no_cluster__r04,777
U,ValendinLSTM,cdnow,archive,no_cluster,5,0.14745827740021863,1.8168130922509989,-20.952771302794545,32.437203638452345,0.41983176539216094,0.8032994173852211,0.09101640010202253,11,64,0.0016781046681174038,3.1020273370945103e-06,,,,0,2357,22,factorial__ValendinLSTM__cdnow__archive-no_cluster__r05,444
U,ValendinLSTM,cdnow,archive,no_cluster,6,0.1472345357074916,1.7868053302021196,-16.360159102228025,27.026121557977792,0.41755662317823095,1.8441119200755203,0.09138027185926566,17,64,0.0028511257128169235,0.00147960393744368,,,,0,2357,18,factorial__ValendinLSTM__cdnow__archive-no_cluster__r06,666
U,ValendinLSTM,cdnow,archive,no_cluster,7,0.14652947410055034,1.7195020147343016,-15.459895197371207,27.184960679360106,0.4177331044749912,1.1259314418870423,0.09104943114358026,18,64,0.0012853728459919639,5.840928380500968e-05,,,,0,2357,21,factorial__ValendinLSTM__cdnow__archive-no_cluster__r07,703
U,ValendinLSTM,cdnow,archive,no_cluster,8,0.1469218995594446,1.6922428425928258,-1.7601591440063087,30.013456473957593,0.41051473831450314,1.1816366862040224,0.09131403972168227,22,64,0.0028709954723804814,5.510678808883952e-06,,,,0,2357,26,factorial__ValendinLSTM__cdnow__archive-no_cluster__r08,851
U,ValendinLSTM,cdnow,archive,no_cluster,9,0.14784872234293178,1.9023883913682373,-60.05435416740356,60.05435416740358,0.3522038537161213,1.3559215219914673,0.09116282918163247,22,64,0.0013903248349549618,1.058724997840228e-06,,,,0,2357,27,factorial__ValendinLSTM__cdnow__archive-no_cluster__r09,851
U,ValendinLSTM,cdnow,archive,no_cluster,10,0.1474483737482237,1.7471594613100783,-0.6923490191141866,47.447493497459234,0.4114738118630957,0.8287558111488612,0.09138614422566183,25,64,0.0020565597193898818,9.090702483198969e-06,,,,0,2357,23,factorial__ValendinLSTM__cdnow__archive-no_cluster__r10,962
U,ValendinLSTM,cdnow,archive,no_cluster,11,0.15128272668367876,1.9124870374098955,17.294194557037834,75.75224298959249,0.028673180631925338,0.4055219483329049,0.09162058681249619,13,64,0.0024234189715225487,0.007549573400521398,,,,0,2357,14,factorial__ValendinLSTM__cdnow__archive-no_cluster__r11,518
U,ValendinLSTM,cdnow,archive,no_cluster,12,0.14611087123616312,1.6616744076095318,-7.817942763342376,22.76992102647527,0.41847862354982696,1.2129159392206594,0.09102360531687737,20,64,0.002046643578575014,5.541530897401316e-06,,,,0,2357,36,factorial__ValendinLSTM__cdnow__archive-no_cluster__r12,777
U,ValendinLSTM,cdnow,archive,no_cluster,13,0.14700391543901592,1.7779735837408221,-38.14432793957921,38.76121438666221,0.34720133365061917,1.5060752674896307,0.0911284005521117,22,64,0.002926273654773873,5.777499515458493e-05,,,,0,2357,7,factorial__ValendinLSTM__cdnow__archive-no_cluster__r13,851
U,ValendinLSTM,cdnow,archive,no_cluster,14,0.14728501750434053,1.7358679863140836,-23.472560119955524,36.028232637861805,0.38509374927203116,1.3174789942306955,0.09111849671682797,25,64,0.0016643521851420033,7.106649396203637e-06,,,,0,2357,16,factorial__ValendinLSTM__cdnow__archive-no_cluster__r14,962
U,ValendinLSTM,cdnow,archive,no_cluster,15,0.1470440027518496,1.7688945954071351,-23.68733592390416,35.39551491797536,0.36813726137508074,1.0453126156606893,0.09119106084108353,15,64,0.0018430326924451484,0.0018248281183812743,,,,0,2357,32,factorial__ValendinLSTM__cdnow__archive-no_cluster__r15,592
U,ValendinLSTM,cdnow,archive,no_cluster,16,0.14691449128638223,1.684982966624514,-25.12374744954545,38.395514827673914,0.38872456254402366,1.5012474879947526,0.09118098272262393,17,64,0.001471303879293667,1.4735548226152075e-05,,,,0,2357,24,factorial__ValendinLSTM__cdnow__archive-no_cluster__r16,666
U,ValendinLSTM,cdnow,archive,no_cluster,17,0.14786163317178364,1.9037262393155823,-53.86438062964995,53.86438062964994,0.36480519196430566,1.0977824831798966,0.0913615784532315,17,64,0.0015671432641165568,7.50121466928027e-05,,,,0,2357,24,factorial__ValendinLSTM__cdnow__archive-no_cluster__r17,666
U,ValendinLSTM,cdnow,archive,no_cluster,18,0.1479947859736079,1.7961616532133116,-34.812929562703665,45.95066017513049,0.3807967809930764,1.1802312877373915,0.09117583265981159,19,64,0.0017837700335102346,6.700894760282087e-06,,,,0,2357,16,factorial__ValendinLSTM__cdnow__archive-no_cluster__r18,740
U,ValendinLSTM,cdnow,archive,no_cluster,19,0.16397717366711384,2.3191834737625245,204.77651682905932,209.73324518056086,0.4164599970453907,0.5649076356735646,0.09131572596930168,14,64,0.0018256185868300656,2.021216358822216e-05,,,,0,2357,25,factorial__ValendinLSTM__cdnow__archive-no_cluster__r19,555
U,ValendinLSTM,cdnow,floored,kmeans_8,0,0.1501961510684541,1.9263301653767686,-4.7327177508643725,31.173878601975847,0.4265280835264973,2.6146472347456884,0.07179788774433168,15,32,0.001,0.0,,,,90,2357,1,factorial__ValendinLSTM__cdnow__floored-kmeans_8__r00,1184
U,ValendinLSTM,cdnow,floored,kmeans_8,1,0.15180818022858428,2.047152997978938,10.877572404402494,38.42480205372957,0.39321976684930793,2.5499918282195404,0.06873595988931688,44,32,0.001,0.0,,,,90,2357,1,factorial__ValendinLSTM__cdnow__floored-kmeans_8__r01,3330
U,ValendinLSTM,cdnow,floored,kmeans_8,2,0.15776334780014215,2.6389722749109112,58.12216359630498,61.93746702534223,0.4274996881607616,2.4512660541508535,0.07005210522864316,21,32,0.001,0.0,,,,90,2357,1,factorial__ValendinLSTM__cdnow__floored-kmeans_8__r02,1628
U,ValendinLSTM,cdnow,floored,kmeans_8,3,0.16138363228286234,2.838330496291541,54.14116073645507,60.4741422548929,0.38259320014532316,2.696510167549614,0.07064343963724536,47,32,0.001,0.0,,,,90,2357,1,factorial__ValendinLSTM__cdnow__floored-kmeans_8__r03,3552
U,ValendinLSTM,cdnow,floored,kmeans_8,4,0.16351088601424543,2.4338185324026447,104.9857517569706,115.38575180503965,0.39455633088879216,1.5330505941138521,0.07124375242337182,25,32,0.001,0.0,,,,90,2357,1,factorial__ValendinLSTM__cdnow__floored-kmeans_8__r04,1924
U,ValendinLSTM,cdnow,floored,kmeans_8,5,0.149294769617305,1.950248028743517,0.8321899950189287,23.766754653727475,0.447328695325162,2.5191211821936492,0.07295673408520383,20,32,0.001,0.0,,,,90,2357,1,factorial__ValendinLSTM__cdnow__floored-kmeans_8__r05,1554
U,ValendinLSTM,cdnow,floored,kmeans_8,6,0.15583194545167636,2.4073877120085343,44.75540894680802,53.43192609051598,0.4118473960625093,2.3952008934423628,0.07184191851096379,24,32,0.001,0.0,,,,90,2357,1,factorial__ValendinLSTM__cdnow__floored-kmeans_8__r06,1850
U,ValendinLSTM,cdnow,floored,kmeans_8,7,0.15368858185307507,2.206895618982026,37.48944584732394,49.818205744480224,0.40783388133205245,2.2188245732000116,0.07106088031385396,30,32,0.001,0.0,,,,90,2357,1,factorial__ValendinLSTM__cdnow__floored-kmeans_8__r07,2294
U,ValendinLSTM,cdnow,floored,kmeans_8,8,0.15205573605428313,2.1141599876450075,28.69182040978776,40.61002632185302,0.395911240923717,2.313689717069565,0.07317315860072503,11,32,0.001,0.0,,,,90,2357,1,factorial__ValendinLSTM__cdnow__floored-kmeans_8__r08,888
U,ValendinLSTM,cdnow,floored,kmeans_8,9,0.15236120991684343,2.2170228890605888,29.802638467814,42.74775717500839,0.3815537885727002,2.4520642531220873,0.06977372316995988,33,32,0.001,0.0,,,,90,2357,1,factorial__ValendinLSTM__cdnow__floored-kmeans_8__r09,2516
U,ValendinLSTM,cdnow,floored,kmeans_8,10,0.15006337568964187,1.9129615794099777,0.09208433330054253,37.535356184207195,0.4328382695199093,2.463330012320074,0.07265389353238247,21,32,0.001,0.0,,,,90,2357,1,factorial__ValendinLSTM__cdnow__floored-kmeans_8__r10,1628
U,ValendinLSTM,cdnow,floored,kmeans_8,11,0.15729694842322253,1.9415073089047508,65.08390479094504,88.59525045306273,0.35063617736128355,1.2130726588120155,0.07069791886150031,8,32,0.001,0.0,,,,90,2357,1,factorial__ValendinLSTM__cdnow__floored-kmeans_8__r11,666
U,ValendinLSTM,cdnow,floored,kmeans_8,12,0.15564806844773257,2.2030583045999417,65.79709739244895,71.60659611937743,0.36856180132794136,1.789522004772084,0.07267660297755454,27,32,0.001,0.0,,,,90,2357,1,factorial__ValendinLSTM__cdnow__floored-kmeans_8__r12,2072
U,ValendinLSTM,cdnow,floored,kmeans_8,13,0.14806892414117323,1.8098003006441123,-8.265435419790004,33.01424810643209,0.40010629339096604,2.3932354711795445,0.06838266299785795,40,32,0.001,0.0,,,,90,2357,1,factorial__ValendinLSTM__cdnow__floored-kmeans_8__r13,3034
U,ValendinLSTM,cdnow,floored,kmeans_8,14,0.150230372022638,1.9215520250317906,-4.7000000685316285,31.316358836854285,0.43240259480482357,2.6013323028054076,0.07179788774433168,15,32,0.001,0.0,,,,90,2357,1,factorial__ValendinLSTM__cdnow__floored-kmeans_8__r14,1184
U,ValendinLSTM,cdnow,floored,kmeans_8,15,0.15343961653122437,2.2995167049327128,42.65857508293002,46.61530333087041,0.4447594228931733,2.328094341487882,0.07230527323947565,14,32,0.001,0.0,,,,90,2357,1,factorial__ValendinLSTM__cdnow__floored-kmeans_8__r15,1110
U,ValendinLSTM,cdnow,floored,kmeans_8,16,0.15361301569455865,2.257596196128171,40.170184667701335,44.985488114981706,0.4084982592931635,2.2796796149165175,0.06938357792190604,27,32,0.001,0.0,,,,90,2357,1,factorial__ValendinLSTM__cdnow__floored-kmeans_8__r16,2072
U,ValendinLSTM,cdnow,floored,kmeans_8,17,0.1535097299594592,2.2593957900354575,27.78839039569593,42.69973608107356,0.39924376939311684,2.5804195655466526,0.0742651888647595,16,32,0.001,0.0,,,,90,2357,1,factorial__ValendinLSTM__cdnow__floored-kmeans_8__r17,1258
U,ValendinLSTM,cdnow,floored,kmeans_8,18,0.15293834503559195,2.2064504765725217,14.824802002827724,33.9350922847545,0.4286019999191824,2.7854254651039803,0.06888960936182253,26,32,0.001,0.0,,,,90,2357,1,factorial__ValendinLSTM__cdnow__floored-kmeans_8__r18,1998
U,ValendinLSTM,cdnow,floored,kmeans_8,19,0.15514619648422565,2.09749747315524,60.111081547209416,72.49683357578623,0.3781375845422859,1.672409194340164,0.07308531499694328,48,32,0.001,0.0,,,,90,2357,1,factorial__ValendinLSTM__cdnow__floored-kmeans_8__r19,3626
U,ValendinLSTM,cdnow,floored,no_cluster,0,0.14752751332536676,1.7375099806651053,-24.344855657579927,41.50791597392888,0.3621201185518915,1.4236399150857248,0.0925125087032447,13,32,0.001,0.0,,,,90,2357,1,factorial__ValendinLSTM__cdnow__floored-no_cluster__r00,1036
U,ValendinLSTM,cdnow,floored,no_cluster,1,0.14761186154402972,1.7706727267972158,-5.0026392658049845,44.09287635143611,0.35963927330275747,0.7959565366322258,0.09294951410108321,26,32,0.001,0.0,,,,90,2357,1,factorial__ValendinLSTM__cdnow__floored-no_cluster__r01,1998
U,ValendinLSTM,cdnow,floored,no_cluster,2,0.14814515842633072,1.8018017805455535,1.0635876003404199,43.20554104935884,0.3843812471833592,0.6849335793444199,0.09330532495939248,13,32,0.001,0.0,,,,90,2357,1,factorial__ValendinLSTM__cdnow__floored-no_cluster__r02,1036
U,ValendinLSTM,cdnow,floored,no_cluster,3,0.1473544243355363,1.7759516151087396,-42.02849669637565,51.96147799742548,0.3897437725760336,1.6559954279547078,0.09223830657130158,30,32,0.001,0.0,,,,90,2357,1,factorial__ValendinLSTM__cdnow__floored-no_cluster__r03,2294
U,ValendinLSTM,cdnow,floored,no_cluster,4,0.15593269797842013,2.0604210794610833,145.6741420414523,151.8999997780001,0.4225860654337644,0.4610207988651563,0.09272679092513549,18,32,0.001,0.0,,,,90,2357,1,factorial__ValendinLSTM__cdnow__floored-no_cluster__r04,1406
U,ValendinLSTM,cdnow,floored,no_cluster,5,0.1479285118124769,1.7353664448358541,31.322690658418463,63.605013247382736,0.3493760978038835,0.7554228665192897,0.09268153685371618,23,32,0.001,0.0,,,,90,2357,1,factorial__ValendinLSTM__cdnow__floored-no_cluster__r05,1776
U,ValendinLSTM,cdnow,floored,no_cluster,6,0.1462600315495914,1.6749486047691307,0.9649068291608245,25.72480208213419,0.43108061251303664,1.0075434924663893,0.09428807886669764,27,32,0.001,0.0,,,,90,2357,1,factorial__ValendinLSTM__cdnow__floored-no_cluster__r06,2072
U,ValendinLSTM,cdnow,floored,no_cluster,7,0.16340197548270122,2.3657559730227136,199.75778329434306,212.30976242016706,0.4068708714043395,0.2802750048644467,0.09257230112278783,44,32,0.001,0.0,,,,90,2357,1,factorial__ValendinLSTM__cdnow__floored-no_cluster__r07,3330
U,ValendinLSTM,cdnow,floored,no_cluster,8,0.14702421758302728,1.7251167829372196,37.032716985408285,45.3968333709482,0.43237480667830586,0.733774489765634,0.0916937789502176,24,32,0.001,0.0,,,,90,2357,1,factorial__ValendinLSTM__cdnow__floored-no_cluster__r08,1850
U,ValendinLSTM,cdnow,floored,no_cluster,9,0.14728906314484835,1.6716384670438151,29.145909608255458,48.97915542754765,0.4229358070418134,0.9180757737710667,0.09266900980996119,43,32,0.001,0.0,,,,90,2357,1,factorial__ValendinLSTM__cdnow__floored-no_cluster__r09,3256
U,ValendinLSTM,cdnow,floored,no_cluster,10,0.14854171579988767,1.9847792521124672,-50.15224356985729,52.32216430680563,0.23169566159397942,0.697543755978992,0.093364593698769,13,32,0.001,0.0,,,,90,2357,1,factorial__ValendinLSTM__cdnow__floored-no_cluster__r10,1036
U,ValendinLSTM,cdnow,floored,no_cluster,11,0.14653080856686482,1.696862146718948,-24.488391205472162,34.23825899684589,0.38515798417310915,1.6180488344156092,0.09233163974273044,32,32,0.001,0.0,,,,90,2357,1,factorial__ValendinLSTM__cdnow__floored-no_cluster__r11,2442
U,ValendinLSTM,cdnow,floored,no_cluster,12,0.14748566918515021,1.7712612784049002,-36.10316697272224,41.693668073058184,0.35860252202971354,1.7482813116522766,0.09233609393138338,22,32,0.001,0.0,,,,90,2357,1,factorial__ValendinLSTM__cdnow__floored-no_cluster__r12,1702
U,ValendinLSTM,cdnow,floored,no_cluster,13,0.14704242413528362,1.7995544702227435,-41.06174213315407,42.675990014285645,0.36926323723017007,1.325684648257226,0.09187041872457878,26,32,0.001,0.0,,,,90,2357,1,factorial__ValendinLSTM__cdnow__floored-no_cluster__r13,1998
U,ValendinLSTM,cdnow,floored,no_cluster,14,0.1480709206738632,1.8761473715619996,-44.932454571639305,48.9767815686745,0.3199201347297951,1.0607252231079896,0.09273061352605755,14,32,0.001,0.0,,,,90,2357,1,factorial__ValendinLSTM__cdnow__floored-no_cluster__r14,1110
U,ValendinLSTM,cdnow,floored,no_cluster,15,0.14656847295204653,1.673736187453621,21.04327098223153,32.21635848932486,0.4296737269912035,1.084283901914938,0.09251896103189604,23,32,0.001,0.0,,,,90,2357,1,factorial__ValendinLSTM__cdnow__floored-no_cluster__r15,1776
U,ValendinLSTM,cdnow,floored,no_cluster,16,0.14806537640669332,1.804051358518607,0.9759886699939695,43.67730886220819,0.4102557973034788,0.6566968784993261,0.09330517514231237,13,32,0.001,0.0,,,,90,2357,1,factorial__ValendinLSTM__cdnow__floored-no_cluster__r16,1036
U,ValendinLSTM,cdnow,floored,no_cluster,17,0.14614149690878464,1.6613547280671597,-10.737731536865365,26.76833783544232,0.4267366937101537,1.325568967972586,0.09430748340044473,32,32,0.001,0.0,,,,90,2357,1,factorial__ValendinLSTM__cdnow__floored-no_cluster__r17,2442
U,ValendinLSTM,cdnow,floored,no_cluster,18,0.14730374753350609,1.8282467099459547,-33.88311428049891,36.755409571674136,0.3774708484094672,0.9699010828467556,0.09201310232684419,12,32,0.001,0.0,,,,90,2357,1,factorial__ValendinLSTM__cdnow__floored-no_cluster__r18,962
U,ValendinLSTM,cdnow,floored,no_cluster,19,0.14697080945147353,1.7645925991243743,-34.93825927430837,42.46596347722476,0.39266995493523926,1.2921062236468912,0.09313208244841646,15,32,0.001,0.0,,,,90,2357,1,factorial__ValendinLSTM__cdnow__floored-no_cluster__r19,1184
U,ValendinLSTM,electronics,archive,kmeans_8,0,0.3772728768187362,3.4816004960073013,-10.24505810008407,38.89331967654321,0.3155682834512627,1.6441654517470536,0.08076775303253761,26,64,0.0019535744261376365,0.00024626380551870337,,,,0,829,54,factorial__ValendinLSTM__electronics__archive-kmeans_8__r00,351
U,ValendinLSTM,electronics,archive,kmeans_8,1,0.3798753423544289,3.963362933734795,37.41683691026456,54.67041573501819,0.3015709207553001,1.437605508401092,0.08153587178542064,21,64,0.0020558954374897184,2.479306441380332e-05,,,,0,829,6,factorial__ValendinLSTM__electronics__archive-kmeans_8__r01,286
U,ValendinLSTM,electronics,archive,kmeans_8,2,0.3802121334927011,4.091204312832155,74.12712997772758,86.61247428192989,0.3198055618934186,1.11210759586064,0.0816772560087534,31,64,0.0007691285955943185,0.00019179158719990417,,,,0,829,15,factorial__ValendinLSTM__electronics__archive-kmeans_8__r02,416
U,ValendinLSTM,electronics,archive,kmeans_8,3,0.37739179479575924,3.4858772655449783,-11.539536570062404,42.47886841239352,0.3268060025851829,1.6635078054276644,0.08040754353770843,50,64,0.0016295689921694266,6.828598737987212e-06,,,,0,829,34,factorial__ValendinLSTM__electronics__archive-kmeans_8__r03,663
U,ValendinLSTM,electronics,archive,kmeans_8,4,0.37864211509903917,3.882750624031655,32.83094735574868,51.600545220871815,0.2856315109794177,1.3977931229832676,0.08051785081624985,42,64,0.002672547046511821,2.9261861164685016e-06,,,,0,829,57,factorial__ValendinLSTM__electronics__archive-kmeans_8__r04,559
U,ValendinLSTM,electronics,archive,kmeans_8,5,0.3762602158494532,3.488803824274612,-60.16019117023653,65.53306086820537,0.2805136939131277,1.0109354265478645,0.08461143608604159,98,128,0.00014652052963739994,3.6947803002342964e-06,,,,0,829,22,factorial__ValendinLSTM__electronics__archive-kmeans_8__r05,693
U,ValendinLSTM,electronics,archive,kmeans_8,6,0.37681088308186467,3.4524447253219916,-5.587934853347972,63.66223583141391,0.2933961972404251,1.068927830122108,0.08726174384355545,28,256,0.0002180042257717787,0.0070578132969512965,,,,0,829,36,factorial__ValendinLSTM__electronics__archive-kmeans_8__r06,116
U,ValendinLSTM,electronics,archive,kmeans_8,7,0.3784911737010185,3.841177521419227,23.559645423125943,52.848670724652365,0.33528935731901177,1.5596828909628806,0.08024261318720304,33,64,0.002444136318643009,8.107108479971045e-05,,,,0,829,20,factorial__ValendinLSTM__electronics__archive-kmeans_8__r07,442
U,ValendinLSTM,electronics,archive,kmeans_8,8,0.37758770497659616,3.6770833511214907,18.505794046435177,42.86912058955581,0.3157431447653085,1.428519229843729,0.07975892264109391,27,64,0.0027503694901384354,1.983955126883305e-06,,,,0,829,35,factorial__ValendinLSTM__electronics__archive-kmeans_8__r08,364
U,ValendinLSTM,electronics,archive,kmeans_8,9,0.3784542541033474,3.8207100872550086,33.91820016795098,53.35855470657923,0.333396845283575,1.2927626259203484,0.08097071802386871,34,64,0.00105695140444358,0.00186148824945878,,,,0,829,26,factorial__ValendinLSTM__electronics__archive-kmeans_8__r09,455
U,ValendinLSTM,electronics,archive,kmeans_8,10,0.3770994892361188,3.5185562710625766,41.479890716046825,66.53169721025957,0.295261086402041,0.6456428501670494,0.08529766090214252,7,256,0.002761291497646178,2.241820326510084e-06,,,,0,829,24,factorial__ValendinLSTM__electronics__archive-kmeans_8__r10,32
U,ValendinLSTM,electronics,archive,kmeans_8,11,0.381599245125196,4.429365392324324,79.57873195987474,88.27539183429212,0.302922666136173,1.21555880409163,0.08008339456640758,21,64,0.00076211954050498,1.7984714486788753e-06,,,,0,829,38,factorial__ValendinLSTM__electronics__archive-kmeans_8__r11,286
U,ValendinLSTM,electronics,archive,kmeans_8,12,0.3787411073248735,3.874767873518696,31.852419772797955,53.31186083841863,0.30283343020561543,1.4217246625264106,0.08044128578442794,30,64,0.0013625244744241366,1.0505891825588247e-05,,,,0,829,58,factorial__ValendinLSTM__electronics__archive-kmeans_8__r12,403
U,ValendinLSTM,electronics,archive,kmeans_8,13,0.38428118397565525,4.843505828990632,61.415132552121115,77.86639369909926,0.29106641806381917,1.6595852576450005,0.08082214800211099,37,64,0.000819683989118383,0.0011798707407360309,,,,0,829,31,factorial__ValendinLSTM__electronics__archive-kmeans_8__r13,494
U,ValendinLSTM,electronics,archive,kmeans_8,14,0.3813985637325488,4.279513160760016,85.1789363957661,97.30027248586461,0.3248309003324718,1.0341633897751445,0.08059404905025776,24,64,0.0005124730702570674,0.0003351946613252226,,,,0,829,40,factorial__ValendinLSTM__electronics__archive-kmeans_8__r14,325
U,ValendinLSTM,electronics,archive,kmeans_8,15,0.39093955709197103,5.732364599356904,134.11792735838978,137.6557597037894,0.27036351583755713,1.1867812471930173,0.08074743014115554,35,64,0.0005785929101954092,9.145057382037337e-06,,,,0,829,29,factorial__ValendinLSTM__electronics__archive-kmeans_8__r15,468
U,ValendinLSTM,electronics,archive,kmeans_8,16,0.3817249062636638,4.396680024319274,70.56407607988974,78.48363988991532,0.3311878733160495,1.3330498314726271,0.08086786017968105,25,64,0.0008824588707463818,0.004491572195900012,,,,0,829,15,factorial__ValendinLSTM__electronics__archive-kmeans_8__r16,338
U,ValendinLSTM,electronics,archive,kmeans_8,17,0.37769100656460697,3.594269784943237,4.492160799483254,43.0572597049024,0.3124787086358764,1.5293065330669597,0.08041166198941377,26,64,0.0020836905115123963,4.616795842964362e-06,,,,0,829,23,factorial__ValendinLSTM__electronics__archive-kmeans_8__r17,351
U,ValendinLSTM,electronics,archive,kmeans_8,18,0.38959725579917936,5.684613582134235,140.8047032473962,144.13121998336743,0.2743920041197159,1.2348551258767981,0.08169524543560468,89,64,0.00016139234309197717,8.87170522696289e-05,,,,0,829,13,factorial__ValendinLSTM__electronics__archive-kmeans_8__r18,1170
U,ValendinLSTM,electronics,archive,kmeans_8,19,0.37656334068751407,3.4968344252255767,-4.878323316642769,44.034423972222875,0.27702174968346127,1.151447715378033,0.08413188446026582,25,64,0.0012156354802801731,0.008290814547653324,,,,0,829,23,factorial__ValendinLSTM__electronics__archive-kmeans_8__r19,338
U,ValendinLSTM,electronics,archive,no_cluster,0,0.37735945506811513,3.6345532943585424,49.90149957191977,75.42501699900588,0.022908245140119275,0.07511881490417355,0.08867302164435387,9,256,0.00159196751880909,5.530280760406434e-05,,,,0,829,50,factorial__ValendinLSTM__electronics__archive-no_cluster__r00,40
U,ValendinLSTM,electronics,archive,no_cluster,1,0.3769809874557784,3.5759963178258793,32.85241975514401,60.60702107826415,0.0037592524750566527,0.08163466255989903,0.08906433545053005,8,256,0.0007941800279140264,3.75939711974573e-05,,,,0,829,31,factorial__ValendinLSTM__electronics__archive-no_cluster__r01,36
U,ValendinLSTM,electronics,archive,no_cluster,2,0.37814290266835004,3.6639930141747286,57.82208580615136,84.0490797288263,0.03663718701650505,0.0776960475996849,0.08873274177312851,9,256,0.00167957224244709,0.00011744197199297546,,,,0,829,33,factorial__ValendinLSTM__electronics__archive-no_cluster__r02,40
U,ValendinLSTM,electronics,archive,no_cluster,3,0.37741852324530906,3.635162668258432,48.622017638629465,69.36707560845274,-0.01501502528816723,0.07777398971436099,0.08863439224660397,7,256,0.002812569379018644,1.152462690413135e-05,,,,0,829,23,factorial__ValendinLSTM__electronics__archive-no_cluster__r03,32
U,ValendinLSTM,electronics,archive,no_cluster,4,0.37739502723790197,3.6403724997828615,48.91888194399396,73.47784590238892,-0.048730519348905925,0.07691344486005473,0.08888634480535984,7,256,0.0024813556227923387,1.3177731242892268e-06,,,,0,829,45,factorial__ValendinLSTM__electronics__archive-no_cluster__r04,32
U,ValendinLSTM,electronics,archive,no_cluster,5,0.3775493906478154,3.559514691924969,33.76244018622486,68.01874569573401,0.11341309288867657,0.08454986136281348,0.08886350877583027,9,256,0.001591984874732679,8.6875879396405e-05,,,,0,829,56,factorial__ValendinLSTM__electronics__archive-no_cluster__r05,40
U,ValendinLSTM,electronics,archive,no_cluster,6,0.3764741600886852,3.5578477443574736,28.94410344396833,51.110429392369504,0.0736750258020488,0.08687217414014614,0.08839895203709602,11,256,0.0011264302507789977,5.857124773968342e-06,,,,0,829,32,factorial__ValendinLSTM__electronics__archive-no_cluster__r06,48
U,ValendinLSTM,electronics,archive,no_cluster,7,0.37717053859283733,3.595755283596616,40.104635181851265,64.62133600673012,0.037315917429737354,0.07803261742080092,0.08898278512060642,4,256,0.0019569497146541344,1.8785380790036431e-06,,,,0,829,41,factorial__ValendinLSTM__electronics__archive-no_cluster__r07,20
U,ValendinLSTM,electronics,archive,no_cluster,8,0.3776693755579483,3.613549774435489,44.46898417784766,73.84867072943399,0.03589621500701003,0.08207573307962551,0.09105619043111801,5,128,0.0013022441292007097,0.0008219460671045093,,,,0,829,37,factorial__ValendinLSTM__electronics__archive-no_cluster__r08,42
U,ValendinLSTM,electronics,archive,no_cluster,9,0.3776218826894934,3.6277674884235847,47.78220849359255,72.90422629460876,0.04108590036401302,0.08095784410007854,0.08894424512982368,8,256,0.001739972870068453,0.0006220746607966922,,,,0,829,40,factorial__ValendinLSTM__electronics__archive-no_cluster__r09,36
U,ValendinLSTM,electronics,archive,no_cluster,10,0.37736754103249737,3.575953650418745,30.906611959619312,64.44921612570688,0.02555811712038079,0.08172861321312459,0.08871795050799847,7,256,0.0023780759501843564,0.00011204331867247899,,,,0,829,30,factorial__ValendinLSTM__electronics__archive-no_cluster__r10,32
U,ValendinLSTM,electronics,archive,no_cluster,11,0.3782697970410821,3.6691865387982086,56.67007486459717,81.42194952714186,0.06424740887230448,0.07618992760578747,0.0887398049235344,7,256,0.0020497995577693023,1.591595450571368e-05,,,,0,829,42,factorial__ValendinLSTM__electronics__archive-no_cluster__r11,32
U,ValendinLSTM,electronics,archive,no_cluster,12,0.3774156152265289,3.6652431252680597,53.64485333325112,67.99181996836447,-0.020767072963269424,0.08016960166708076,0.08861614763736725,8,256,0.0018615063540218008,3.520589230220095e-06,,,,0,829,52,factorial__ValendinLSTM__electronics__archive-no_cluster__r12,36
U,ValendinLSTM,electronics,archive,no_cluster,13,0.3769559749415727,3.537189819347269,21.332651472649694,56.71029305783867,0.015169518777129217,0.08420760584213975,0.08907145448029041,7,256,0.0028751909105027944,0.0010443294339954902,,,,0,829,23,factorial__ValendinLSTM__electronics__archive-no_cluster__r13,32
U,ValendinLSTM,electronics,archive,no_cluster,14,0.37763403194053397,3.6255418834683946,47.559986255387386,68.80129511774736,0.03654041896161578,0.08307935957170849,0.08871349133551121,10,256,0.0012761209286744795,0.00022351995899947414,,,,0,829,34,factorial__ValendinLSTM__electronics__archive-no_cluster__r14,44
U,ValendinLSTM,electronics,archive,no_cluster,15,0.37716755330337204,3.5860674463226823,34.12269924309576,68.76209952723136,-0.03816027209675677,0.08125339280918815,0.08915767632424831,11,256,0.0011123625495446992,0.0030880249231195417,,,,0,829,45,factorial__ValendinLSTM__electronics__archive-no_cluster__r15,48
U,ValendinLSTM,electronics,archive,no_cluster,16,0.3782192477245672,3.6596905335391843,55.08725279224765,89.52965238858478,0.048650045638676725,0.07857102437052889,0.08907064236700535,6,256,0.0024678968641309983,3.597457200773856e-05,,,,0,829,33,factorial__ValendinLSTM__electronics__archive-no_cluster__r16,28
U,ValendinLSTM,electronics,archive,no_cluster,17,0.378121909497975,3.6511210578719817,52.48875242703022,75.8186775003194,0.011537871157866968,0.07494126043973204,0.08894720114767551,8,256,0.0019039091678095892,4.5469916819168535e-06,,,,0,829,37,factorial__ValendinLSTM__electronics__archive-no_cluster__r17,36
U,ValendinLSTM,electronics,archive,no_cluster,18,0.3773586397733381,3.6288672148315944,45.841172341912376,64.44308102396248,-0.025336705911065294,0.07693230604628182,0.08846615627408028,8,256,0.0020105920112895585,0.00046757898865860503,,,,0,829,32,factorial__ValendinLSTM__electronics__archive-no_cluster__r18,36
U,ValendinLSTM,electronics,archive,no_cluster,19,0.37694629009248043,3.5683344485521835,27.820722377924305,50.30402175392683,0.0027247048157756637,0.08160592176599889,0.08827992156147957,7,256,0.0025522793605277944,0.005389055198610986,,,,0,829,26,factorial__ValendinLSTM__electronics__archive-no_cluster__r19,32
U,ValendinLSTM,electronics,floored,kmeans_8,0,0.37720295679272364,3.4863314521269535,3.0620311750650453,41.65167002300664,0.28165209971984345,1.4244421637507856,0.0815696198349962,42,32,0.001,0.0,,,,90,829,1,factorial__ValendinLSTM__electronics__floored-kmeans_8__r00,1118
U,ValendinLSTM,electronics,floored,kmeans_8,1,0.3801811403750807,4.064509443732109,47.16837070545842,64.36605312269184,0.3118433630666174,1.3768505747512487,0.08037381346982259,21,32,0.001,0.0,,,,90,829,1,factorial__ValendinLSTM__electronics__floored-kmeans_8__r01,572
U,ValendinLSTM,electronics,floored,kmeans_8,2,0.3815504813875521,4.269949056386177,64.96080416365785,76.53340135130264,0.2923865038348163,1.3044904975629354,0.08169384501301326,26,32,0.001,0.0,,,,90,829,1,factorial__ValendinLSTM__electronics__floored-kmeans_8__r02,702
U,ValendinLSTM,electronics,floored,kmeans_8,3,0.38211324532120033,4.343065214128223,68.26482599337041,81.28459426201746,0.28846757439429627,1.3239737026069271,0.08112656224805576,26,32,0.001,0.0,,,,90,829,1,factorial__ValendinLSTM__electronics__floored-kmeans_8__r03,702
U,ValendinLSTM,electronics,floored,kmeans_8,4,0.37589323731988594,3.3241587627211304,-24.171097654260247,41.487389251693905,0.3170376681858238,1.3401094823732727,0.0817803327137461,38,32,0.001,0.0,,,,90,829,1,factorial__ValendinLSTM__electronics__floored-kmeans_8__r04,1014
U,ValendinLSTM,electronics,floored,kmeans_8,5,0.37970077724726015,3.6692555435065275,25.81390571572895,59.723926222824076,0.327338366734237,1.3611311604905054,0.08352893913308015,26,32,0.001,0.0,,,,90,829,1,factorial__ValendinLSTM__electronics__floored-kmeans_8__r05,702
U,ValendinLSTM,electronics,floored,kmeans_8,6,0.387240353341753,5.496134711668137,73.38343539409173,87.34253572284834,0.32887832211512147,1.8042263506131555,0.08088640238230045,43,32,0.001,0.0,,,,90,829,1,factorial__ValendinLSTM__electronics__floored-kmeans_8__r06,1144
U,ValendinLSTM,electronics,floored,kmeans_8,7,0.37801754128704596,3.694410897682715,44.265848453440306,61.820722427079424,0.3326007098149006,0.9441041990972434,0.08680010329072292,16,32,0.001,0.0,,,,90,829,1,factorial__ValendinLSTM__electronics__floored-kmeans_8__r07,442
U,ValendinLSTM,electronics,floored,kmeans_8,8,0.3799007381843389,4.084861347168294,58.214723707913684,73.49284239292352,0.31284155731357455,1.2822777909017538,0.0812302348562158,19,32,0.001,0.0,,,,90,829,1,factorial__ValendinLSTM__electronics__floored-kmeans_8__r08,520
U,ValendinLSTM,electronics,floored,kmeans_8,9,0.3762622233985019,3.3506151836306213,-20.376619117762466,41.19665983051124,0.3220740766940335,1.4611222278257112,0.08211633792290321,35,32,0.001,0.0,,,,90,829,1,factorial__ValendinLSTM__electronics__floored-kmeans_8__r09,936
U,ValendinLSTM,electronics,floored,kmeans_8,10,0.379499878159479,3.879818066817508,35.90184034819016,53.779141057534034,0.3147766421120946,1.3617785104412217,0.08177612729084033,33,32,0.001,0.0,,,,90,829,1,factorial__ValendinLSTM__electronics__floored-kmeans_8__r10,884
U,ValendinLSTM,electronics,floored,kmeans_8,11,0.37950750130851024,3.9195901326892204,43.53749133842009,61.44069518028019,0.31130641315456603,1.3309914074277436,0.08143772571705855,33,32,0.001,0.0,,,,90,829,1,factorial__ValendinLSTM__electronics__floored-kmeans_8__r11,884
U,ValendinLSTM,electronics,floored,kmeans_8,12,0.37826136390020926,3.823237518747596,36.05828203194862,56.29072926783627,0.2897238750799959,1.2806438843314756,0.08071226820063132,24,32,0.001,0.0,,,,90,829,1,factorial__ValendinLSTM__electronics__floored-kmeans_8__r12,650
U,ValendinLSTM,electronics,floored,kmeans_8,13,0.37749658101366856,3.605764709776763,6.783230940924881,43.63190180043692,0.31650081742095193,1.4983055046205598,0.08130907668517186,42,32,0.001,0.0,,,,90,829,1,factorial__ValendinLSTM__electronics__floored-kmeans_8__r13,1118
U,ValendinLSTM,electronics,floored,kmeans_8,14,0.37585023237093296,3.321472630356816,-24.00647593902125,41.27641443046345,0.28994221411966364,1.2594053537614773,0.08133954597780338,34,32,0.001,0.0,,,,90,829,1,factorial__ValendinLSTM__electronics__floored-kmeans_8__r14,910
U,ValendinLSTM,electronics,floored,kmeans_8,15,0.3788316899970217,3.9201582304176865,40.25664605554524,56.03919549043341,0.28914155577673406,1.3544201316988773,0.08095654866729791,36,32,0.001,0.0,,,,90,829,1,factorial__ValendinLSTM__electronics__floored-kmeans_8__r15,962
U,ValendinLSTM,electronics,floored,kmeans_8,16,0.3814643928994409,4.27868801271029,64.73483280421571,76.26244024879557,0.2928048664246285,1.3076061368991798,0.08169351575466302,26,32,0.001,0.0,,,,90,829,1,factorial__ValendinLSTM__electronics__floored-kmeans_8__r16,702
U,ValendinLSTM,electronics,floored,kmeans_8,17,0.3766978582947743,3.4679215855879986,-8.275732996758775,38.09236537813683,0.29163747497556414,1.3718402755590098,0.08385141602215859,17,32,0.001,0.0,,,,90,829,1,factorial__ValendinLSTM__electronics__floored-kmeans_8__r17,468
U,ValendinLSTM,electronics,floored,kmeans_8,18,0.379601719023448,3.908795403102783,45.35616890640934,58.686775633977604,0.28217566341204653,1.2782529941160496,0.08063612742206225,36,32,0.001,0.0,,,,90,829,1,factorial__ValendinLSTM__electronics__floored-kmeans_8__r18,962
U,ValendinLSTM,electronics,floored,kmeans_8,19,0.3808639667283814,4.169672804327309,50.452965076304224,61.983299138304986,0.3074581336743316,1.4178287696067375,0.07995952121340312,37,32,0.001,0.0,,,,90,829,1,factorial__ValendinLSTM__electronics__floored-kmeans_8__r19,988
U,ValendinLSTM,electronics,floored,no_cluster,0,0.37609179394819103,3.2834199896645315,6.183026342042494,36.41615534917371,0.2498083170821318,0.43706666434374375,0.08847002455821404,71,32,0.001,0.0,,,,90,829,1,factorial__ValendinLSTM__electronics__floored-no_cluster__r00,1872
U,ValendinLSTM,electronics,floored,no_cluster,1,0.37673741760220975,3.5136246996013596,21.532719634440173,54.09168368751393,0.0899279402501695,0.11129519579878124,0.08883412125018927,61,32,0.001,0.0,,,,90,829,1,factorial__ValendinLSTM__electronics__floored-no_cluster__r01,1612
U,ValendinLSTM,electronics,floored,no_cluster,2,0.37716790312836246,3.517960958176031,24.38139035953695,55.17552821816339,0.12172397513202768,0.1015465284212254,0.08868727288567103,51,32,0.001,0.0,,,,90,829,1,factorial__ValendinLSTM__electronics__floored-no_cluster__r02,1352
U,ValendinLSTM,electronics,floored,no_cluster,3,0.37627367983856597,3.4747810251415245,-31.97443798056171,44.89331979668958,0.14494917149363423,0.2940572773299762,0.08862636052072048,59,32,0.001,0.0,,,,90,829,1,factorial__ValendinLSTM__electronics__floored-no_cluster__r03,1560
U,ValendinLSTM,electronics,floored,no_cluster,4,0.3764109640706439,3.4919803176408983,14.884798678403646,46.24948867786502,0.07789321922033132,0.13222259730535296,0.08840993755998519,72,32,0.001,0.0,,,,90,829,1,factorial__ValendinLSTM__electronics__floored-no_cluster__r04,1898
U,ValendinLSTM,electronics,floored,no_cluster,5,0.37632861356810526,3.503420731591663,-25.731425021026734,42.33742335458284,0.2049537502836524,0.18609626803773638,0.08938216375043759,65,32,0.001,0.0,,,,90,829,1,factorial__ValendinLSTM__electronics__floored-no_cluster__r05,1716
U,ValendinLSTM,electronics,floored,no_cluster,6,0.37617548436852605,3.426464176930757,-13.04158175334949,41.88957052418341,0.21608949376680678,0.2438682197187381,0.0886220155427089,39,32,0.001,0.0,,,,90,829,1,factorial__ValendinLSTM__electronics__floored-no_cluster__r06,1040
U,ValendinLSTM,electronics,floored,no_cluster,7,0.376205117200391,3.4774461676325683,-11.890252531984316,39.14451257909135,0.16757629795228424,0.16102618606688943,0.08838398955189265,35,32,0.001,0.0,,,,90,829,1,factorial__ValendinLSTM__electronics__floored-no_cluster__r07,936
U,ValendinLSTM,electronics,floored,no_cluster,8,0.37588644492572615,3.3303939308899975,8.220517824720575,40.15848663208295,0.2507009804781816,0.42335573813244054,0.08863113491007915,53,32,0.001,0.0,,,,90,829,1,factorial__ValendinLSTM__electronics__floored-no_cluster__r08,1404
U,ValendinLSTM,electronics,floored,no_cluster,9,0.37736843544583254,3.570073937658274,27.51056556028047,61.11179269988643,0.014111039283105531,0.08358406723177546,0.09354274877561973,1,32,0.001,0.0,,,,90,829,1,factorial__ValendinLSTM__electronics__floored-no_cluster__r09,52
U,ValendinLSTM,electronics,floored,no_cluster,10,0.37600704995406053,3.3252580996394943,5.158145615072853,40.99863662854869,0.2789201754714739,0.4847001191931842,0.08926286347783528,82,32,0.001,0.0,,,,90,829,1,factorial__ValendinLSTM__electronics__floored-no_cluster__r10,2158
U,ValendinLSTM,electronics,floored,no_cluster,11,0.3761290664172227,3.4475419134394527,-36.036128512994566,46.20449911204985,0.26922119586386084,0.3937648189471377,0.08838951430068566,54,32,0.001,0.0,,,,90,829,1,factorial__ValendinLSTM__electronics__floored-no_cluster__r11,1430
U,ValendinLSTM,electronics,floored,no_cluster,12,0.3767147389114036,3.441633930020634,33.817654927581636,56.34185407912553,0.18068276832156274,0.262167804583149,0.08885520331275004,58,32,0.001,0.0,,,,90,829,1,factorial__ValendinLSTM__electronics__floored-no_cluster__r12,1534
U,ValendinLSTM,electronics,floored,no_cluster,13,0.37614781729285784,3.4135372972954277,-22.11077061361803,38.622699463048036,0.17158065137999712,0.3725989002281948,0.0888481423831903,52,32,0.001,0.0,,,,90,829,1,factorial__ValendinLSTM__electronics__floored-no_cluster__r13,1378
U,ValendinLSTM,electronics,floored,no_cluster,14,0.3771260377270308,3.5050819417515804,39.83469647383934,62.95603265822049,0.16235595008198445,0.2090597123303063,0.08843291149689601,80,32,0.001,0.0,,,,90,829,1,factorial__ValendinLSTM__electronics__floored-no_cluster__r14,2106
U,ValendinLSTM,electronics,floored,no_cluster,15,0.37584017800823827,3.415935723493013,-36.90695331178636,47.00034098469879,0.2302907293581632,0.5250200569980256,0.08884543180465698,44,32,0.001,0.0,,,,90,829,1,factorial__ValendinLSTM__electronics__floored-no_cluster__r15,1170
U,ValendinLSTM,electronics,floored,no_cluster,16,0.3756496645805107,3.312790743451959,-16.65439705136511,39.86230406284222,0.25299955396599927,0.5741631021645215,0.08912244969262527,69,32,0.001,0.0,,,,90,829,1,factorial__ValendinLSTM__electronics__floored-no_cluster__r16,1820
U,ValendinLSTM,electronics,floored,no_cluster,17,0.37562061710337646,3.283258504507875,-20.281868075460714,40.701090731298095,0.2759654508376015,0.7255067796810006,0.0880935312463687,54,32,0.001,0.0,,,,90,829,1,factorial__ValendinLSTM__electronics__floored-no_cluster__r17,1430
U,ValendinLSTM,electronics,floored,no_cluster,18,0.37660423459060194,3.5005736815855513,15.482617399370081,45.72392634789682,0.055093101884951735,0.13321018746672272,0.08840993755998519,72,32,0.001,0.0,,,,90,829,1,factorial__ValendinLSTM__electronics__floored-no_cluster__r18,1898
U,ValendinLSTM,electronics,floored,no_cluster,19,0.37636567691878553,3.5215827409504294,-32.96728052475696,45.86298579582472,0.13881521189467055,0.19387480454784883,0.08797795167909218,66,32,0.001,0.0,,,,90,829,1,factorial__ValendinLSTM__electronics__floored-no_cluster__r19,1742
U,ValendinLSTM,gift,archive,kmeans_8,0,0.106948707347313,1.1837465896143005,-14.416230896189006,28.58638778795384,0.3461552226791826,1.5111365204143827,0.04547929712994532,10,64,0.002968132041091861,8.097443186878512e-05,,,,0,2062,39,factorial__ValendinLSTM__gift__archive-kmeans_8__r00,363
U,ValendinLSTM,gift,archive,kmeans_8,1,0.1070874328869841,1.1987167340437046,21.555409510416492,36.329406483446604,0.3753284039964099,1.188796460609868,0.04518217404344768,13,64,0.0017106575643421574,2.6253331201428122e-06,,,,0,2062,19,factorial__ValendinLSTM__gift__archive-kmeans_8__r01,462
U,ValendinLSTM,gift,archive,kmeans_8,2,0.10673748443489393,1.1634386218450874,-7.58900587986632,28.955497650306167,0.34638323627999024,1.2907110154102452,0.045477700137505024,20,64,0.0021613461509069685,0.004069927926917201,,,,0,2062,23,factorial__ValendinLSTM__gift__archive-kmeans_8__r02,693
U,ValendinLSTM,gift,archive,kmeans_8,3,0.10698169014151696,1.1818837552525674,11.403576960708843,29.01265261228309,0.3642275580090712,1.3176694169501477,0.04511410045917287,28,64,0.0015833989587903429,2.0026799970667874e-06,,,,0,2062,23,factorial__ValendinLSTM__gift__archive-kmeans_8__r03,957
U,ValendinLSTM,gift,archive,kmeans_8,4,0.10748462898619246,1.2591264637364126,37.75959785436009,50.15575877190864,0.3718902935153371,1.2919043568503652,0.045037460372303474,7,64,0.0006171399897463274,0.004925667383009683,,,,0,2062,19,factorial__ValendinLSTM__gift__archive-kmeans_8__r04,264
U,ValendinLSTM,gift,archive,kmeans_8,5,0.1066979887444728,1.1515938907518901,-7.496946571349609,23.243892069233212,0.37203633459021723,1.3974114064455634,0.044976808158963016,13,64,0.0023386083392044114,2.6533555998452206e-06,,,,0,2062,37,factorial__ValendinLSTM__gift__archive-kmeans_8__r05,462
U,ValendinLSTM,gift,archive,kmeans_8,6,0.10693685140843491,1.178331965362788,1.580278559085347,23.1823736464485,0.34240076270855596,1.3086280652476638,0.04534931675615636,21,64,0.0012537687870109687,9.832802890105308e-06,,,,0,2062,30,factorial__ValendinLSTM__gift__archive-kmeans_8__r06,726
U,ValendinLSTM,gift,archive,kmeans_8,7,0.10893768360508474,1.1633224382742493,1.0484287121133737,40.12609100624291,0.3387025484198815,1.1498876555398307,0.04484302841239807,39,64,0.001176498695863079,2.139921049124063e-05,,,,0,2062,25,factorial__ValendinLSTM__gift__archive-kmeans_8__r07,1320
U,ValendinLSTM,gift,archive,kmeans_8,8,0.10691563912613136,1.1655157394556677,5.881325737776077,28.142233992346565,0.37978403507047315,1.2915171244122718,0.045019961780670914,18,64,0.00093375916215416,0.004588979655661769,,,,0,2062,23,factorial__ValendinLSTM__gift__archive-kmeans_8__r08,627
U,ValendinLSTM,gift,archive,kmeans_8,9,0.10760826902092362,1.2368101483045508,20.986910427011672,34.21902244514001,0.3684530239717185,1.4793072512908483,0.045020723517871265,12,64,0.0017875069767398347,5.3649736854559466e-05,,,,0,2062,27,factorial__ValendinLSTM__gift__archive-kmeans_8__r09,429
U,ValendinLSTM,gift,archive,kmeans_8,10,0.10683088977726765,1.1539295978799347,-2.511344731332362,40.51919709525373,0.32727149594755484,1.1978435168262818,0.04454276462395986,26,64,0.0002150644382382913,0.000984234120152109,,,,0,2062,31,factorial__ValendinLSTM__gift__archive-kmeans_8__r10,891
U,ValendinLSTM,gift,archive,kmeans_8,11,0.10705114384899057,1.1843594568016846,5.849912011651021,28.42757404850137,0.380729964013814,1.435554400907462,0.04510287604661602,24,64,0.0008120737384131732,0.0029195084266561318,,,,0,2062,16,factorial__ValendinLSTM__gift__archive-kmeans_8__r11,825
U,ValendinLSTM,gift,archive,kmeans_8,12,0.10689616539800088,1.1713950205509216,-3.954625340344632,28.640488819601178,0.34445764272024976,1.3872830022457836,0.044411433578440636,14,64,0.0011289416034713049,3.35032856459596e-05,,,,0,2062,38,factorial__ValendinLSTM__gift__archive-kmeans_8__r12,495
U,ValendinLSTM,gift,archive,kmeans_8,13,0.1070746309428867,1.1886325876889983,20.769632693597515,38.8708548242449,0.380582977257247,1.1832215314883652,0.04539587845404943,13,64,0.001250314874838879,4.0636562869607266e-06,,,,0,2062,25,factorial__ValendinLSTM__gift__archive-kmeans_8__r13,462
U,ValendinLSTM,gift,archive,kmeans_8,14,0.10697532716677241,1.1709812617027318,-33.69459037150542,36.28883110668146,0.3634094269368161,1.9209619509699636,0.0452759111525886,25,64,0.002875452228153661,0.0002814957970356948,,,,0,2062,24,factorial__ValendinLSTM__gift__archive-kmeans_8__r14,858
U,ValendinLSTM,gift,archive,kmeans_8,15,0.10676637678280845,1.1771309324649848,-9.266580018600365,21.560645884920437,0.3271302220803993,1.4322808967174103,0.0448354495915048,33,64,0.0009515313487120278,1.9484714050575817e-06,,,,0,2062,26,factorial__ValendinLSTM__gift__archive-kmeans_8__r15,1122
U,ValendinLSTM,gift,archive,kmeans_8,16,0.10702462239719723,1.1921338165998656,23.301482652955663,39.71247783265534,0.36395332349896276,1.0836415241804949,0.04537482545569991,10,64,0.0011258130929733606,2.8578047231497053e-06,,,,0,2062,22,factorial__ValendinLSTM__gift__archive-kmeans_8__r16,363
U,ValendinLSTM,gift,archive,kmeans_8,17,0.10680365762575247,1.1481288175697593,-8.951134986307808,28.345550067258078,0.37219603330085743,1.3119656792788679,0.04514919458465143,19,64,0.001501675906352194,6.774987770656152e-05,,,,0,2062,32,factorial__ValendinLSTM__gift__archive-kmeans_8__r17,660
U,ValendinLSTM,gift,archive,kmeans_8,18,0.10675337799779401,1.1634413680098954,-12.328534627115765,24.202879742243077,0.37097528226172566,1.4364802166887338,0.04528100528951847,19,64,0.002201067879996945,1.0930583055838635e-05,,,,0,2062,21,factorial__ValendinLSTM__gift__archive-kmeans_8__r18,660
U,ValendinLSTM,gift,archive,kmeans_8,19,0.10681947477146032,1.1779596828700771,-12.921466538113958,26.550611110166933,0.33623942226390585,1.4374679770930887,0.04537700167433782,20,64,0.00218944659128841,1.2762635622056715e-05,,,,0,2062,29,factorial__ValendinLSTM__gift__archive-kmeans_8__r19,693
U,ValendinLSTM,gift,archive,no_cluster,0,0.10679811146332562,1.180579171870093,-11.244765575000498,28.094677478205213,0.252318517235447,0.2778355277559689,0.05147660659118132,41,64,0.0021988979427813114,0.004371317012469824,,,,0,2062,20,factorial__ValendinLSTM__gift__archive-no_cluster__r00,1386
U,ValendinLSTM,gift,archive,no_cluster,1,0.10644800587300433,1.1400046537610853,-24.61998349642442,27.96466031995995,0.35476065476167484,0.8670228247427396,0.05135521095133189,24,64,0.002623093087485119,6.706322521551027e-05,,,,0,2062,6,factorial__ValendinLSTM__gift__archive-no_cluster__r01,825
U,ValendinLSTM,gift,archive,no_cluster,2,0.10649579153825425,1.1638566374148722,-30.822863102522057,32.49912815319692,0.366286001408852,0.7194732577980583,0.051403648925550056,24,64,0.002166309374936465,4.988346510097478e-06,,,,0,2062,19,factorial__ValendinLSTM__gift__archive-no_cluster__r02,825
U,ValendinLSTM,gift,archive,no_cluster,3,0.1066816137584415,1.1628972787854444,-14.049302999509345,28.74912795843175,0.29753367498883687,0.4818010963626853,0.05125604536045681,27,64,0.0015644385804989133,1.550122159369002e-06,,,,0,2062,31,factorial__ValendinLSTM__gift__archive-no_cluster__r03,924
U,ValendinLSTM,gift,archive,no_cluster,4,0.10683686634020632,1.1445990534909105,28.77966709187878,41.802355219133496,0.3498921314020046,0.4790773568315048,0.0514737247969165,31,64,0.002110794717374285,0.00034698954896371327,,,,0,2062,27,factorial__ValendinLSTM__gift__archive-no_cluster__r04,1056
U,ValendinLSTM,gift,archive,no_cluster,5,0.10670370289288593,1.1402963802593675,24.4917089541325,32.03882996381326,0.381235213883306,0.5239941734958198,0.05133035677400502,58,64,0.0009281377273724575,0.0002265435299202309,,,,0,2062,27,factorial__ValendinLSTM__gift__archive-no_cluster__r05,1947
U,ValendinLSTM,gift,archive,no_cluster,6,0.10640673963333455,1.1241749210384635,2.3027911623788433,24.311518479532,0.38382869107217604,0.6166784827812462,0.05152278280619419,18,64,0.0025964348381136582,0.0035098123264720284,,,,0,2062,15,factorial__ValendinLSTM__gift__archive-no_cluster__r06,627
U,ValendinLSTM,gift,archive,no_cluster,7,0.10664889888396999,1.1838738330807104,-32.0122173802857,33.11343882614898,0.3185745743745719,0.4756191659454589,0.0517252946103161,26,64,0.0029652476969288127,4.2932759273611406e-05,,,,0,2062,8,factorial__ValendinLSTM__gift__archive-no_cluster__r07,891
U,ValendinLSTM,gift,archive,no_cluster,8,0.10642320949224147,1.1459384597034672,-20.05759264987797,26.46771435955823,0.349570128643214,0.6152729993722584,0.05136982605538585,20,64,0.002782100755363382,0.004261386457388841,,,,0,2062,25,factorial__ValendinLSTM__gift__archive-no_cluster__r08,693
U,ValendinLSTM,gift,archive,no_cluster,9,0.10670295887187412,1.203974233762429,-46.41448596555838,46.414485965558384,0.3254609712408272,0.5663787814736505,0.05131392576026194,49,64,0.000937154450527523,6.386564834634936e-06,,,,0,2062,27,factorial__ValendinLSTM__gift__archive-no_cluster__r09,1650
U,ValendinLSTM,gift,archive,no_cluster,10,0.10650773706419861,1.1371776466504524,-0.6575054463888055,25.183682574485918,0.37151957412368797,0.7190365264833248,0.05132197780591069,23,64,0.0024922769493839147,0.002473385475476999,,,,0,2062,27,factorial__ValendinLSTM__gift__archive-no_cluster__r10,792
U,ValendinLSTM,gift,archive,no_cluster,11,0.10636483484563482,1.125836917681988,5.50916119906059,28.73516582215879,0.37740773360487745,0.6848016138400618,0.05142545231589765,33,64,0.001964591202750892,0.001885312940352158,,,,0,2062,28,factorial__ValendinLSTM__gift__archive-no_cluster__r11,1122
U,ValendinLSTM,gift,archive,no_cluster,12,0.10665562017241385,1.1924094887672738,-50.7683253920207,51.29188556129875,0.3498359268172662,0.7605831865996541,0.05120749969148275,22,64,0.002314677682935433,0.0005312242616183335,,,,0,2062,20,factorial__ValendinLSTM__gift__archive-no_cluster__r12,759
U,ValendinLSTM,gift,archive,no_cluster,13,0.10676252230215291,1.1564278826197596,15.53446633463268,32.79101174791206,0.37159237173446963,0.34351049018521174,0.05153174303246267,29,64,0.002842959684998497,2.1560015267633803e-05,,,,0,2062,11,factorial__ValendinLSTM__gift__archive-no_cluster__r13,990
U,ValendinLSTM,gift,archive,no_cluster,14,0.10668615849406002,1.1904495289710613,-39.342060235994175,39.40925044251443,0.3429793080531768,0.5155192909128185,0.051503623694632995,22,64,0.0018417173635724715,2.96953531306483e-06,,,,0,2062,16,factorial__ValendinLSTM__gift__archive-no_cluster__r14,759
U,ValendinLSTM,gift,archive,no_cluster,15,0.10659010208247317,1.1707269548929744,-33.43979148454293,35.02705137116992,0.35180848428059935,0.6671780289469306,0.05129878228586732,27,64,0.002149370625449132,0.005982664825105126,,,,0,2062,17,factorial__ValendinLSTM__gift__archive-no_cluster__r15,924
U,ValendinLSTM,gift,archive,no_cluster,16,0.1065368897706795,1.1260323583966059,8.24040014208946,25.033594781197912,0.3634863615587625,0.594817025055526,0.05126601502750859,44,64,0.0008804830384195468,0.00041318105135512603,,,,0,2062,21,factorial__ValendinLSTM__gift__archive-no_cluster__r16,1485
U,ValendinLSTM,gift,archive,no_cluster,17,0.10665849481665976,1.1720194114059423,-30.13045476565923,32.103403857348745,0.3269394434682641,0.5550452751320044,0.051431804951844795,23,64,0.002880153183740209,6.561575507347038e-06,,,,0,2062,20,factorial__ValendinLSTM__gift__archive-no_cluster__r17,792
U,ValendinLSTM,gift,archive,no_cluster,18,0.10666306457468624,1.1564972916393794,-6.82199068349654,24.91623056576276,0.36995015886731064,0.44319865554964655,0.05132949747370951,28,64,0.0021264286164905896,1.0180963278225724e-05,,,,0,2062,15,factorial__ValendinLSTM__gift__archive-no_cluster__r18,957
U,ValendinLSTM,gift,archive,no_cluster,19,0.10653002639873091,1.1409580490807603,-11.348604897109158,29.01614350104238,0.37169975750551165,0.5682378525552843,0.051360333056160896,24,64,0.0024273840494076857,1.0445935524529674e-06,,,,0,2062,16,factorial__ValendinLSTM__gift__archive-no_cluster__r19,825
U,ValendinLSTM,gift,floored,kmeans_8,0,0.10690426261867898,1.1747848048547276,-13.543194261530955,26.263089303210187,0.35507645955260514,1.467624829191554,0.044957102075792274,32,32,0.001,0.0,,,,90,2062,1,factorial__ValendinLSTM__gift__floored-kmeans_8__r00,2145
U,ValendinLSTM,gift,floored,kmeans_8,1,0.10715580954391968,1.1971871068882443,17.606020330761552,38.65488652671384,0.3673840779583447,1.2182300481061559,0.04476016374448171,11,32,0.001,0.0,,,,90,2062,1,factorial__ValendinLSTM__gift__floored-kmeans_8__r01,780
U,ValendinLSTM,gift,floored,kmeans_8,2,0.10690198127725838,1.2083473962368236,12.681936591791839,27.088568699797957,0.36917402363565616,1.4575791968360587,0.048682136102937736,16,32,0.001,0.0,,,,90,2062,1,factorial__ValendinLSTM__gift__floored-kmeans_8__r02,1105
U,ValendinLSTM,gift,floored,kmeans_8,3,0.10688500931951671,1.1720545296197917,-16.487347853514905,30.36431089363819,0.35959082331788966,1.4435677888787577,0.044619411530976115,22,32,0.001,0.0,,,,90,2062,1,factorial__ValendinLSTM__gift__floored-kmeans_8__r03,1495
U,ValendinLSTM,gift,floored,kmeans_8,4,0.10669536866292133,1.1578249941427807,-16.839878477504264,26.825916532989563,0.3510350332206083,1.4219374692635731,0.04424034102031818,16,32,0.001,0.0,,,,90,2062,1,factorial__ValendinLSTM__gift__floored-kmeans_8__r04,1105
U,ValendinLSTM,gift,floored,kmeans_8,5,0.10692773509881141,1.153175495797833,-5.1832467920587275,33.43280998723391,0.3490131732815329,1.2155183843170132,0.04849252163504179,6,32,0.001,0.0,,,,90,2062,1,factorial__ValendinLSTM__gift__floored-kmeans_8__r05,455
U,ValendinLSTM,gift,floored,kmeans_8,6,0.10665777234187063,1.1557701363831192,-21.317627105982485,27.73909281222506,0.3769392473810445,1.4579266553174925,0.045088378884471376,12,32,0.001,0.0,,,,90,2062,1,factorial__ValendinLSTM__gift__floored-kmeans_8__r06,845
U,ValendinLSTM,gift,floored,kmeans_8,7,0.1071803918442247,1.2004031653491336,14.848603116409832,34.068498813447924,0.34988983077811225,1.3132781769516821,0.04512912267102645,13,32,0.001,0.0,,,,90,2062,1,factorial__ValendinLSTM__gift__floored-kmeans_8__r07,910
U,ValendinLSTM,gift,floored,kmeans_8,8,0.10654110694391401,1.1495037880574053,-13.933246697008524,26.25785353292847,0.36471504507978786,1.3867697329595776,0.04469786170296944,30,32,0.001,0.0,,,,90,2062,1,factorial__ValendinLSTM__gift__floored-kmeans_8__r08,2015
U,ValendinLSTM,gift,floored,kmeans_8,9,0.10697544922146324,1.173059213555697,-1.1178016930782526,22.930192152269093,0.3729884005345293,1.4164819954067942,0.04551191855795109,20,32,0.001,0.0,,,,90,2062,1,factorial__ValendinLSTM__gift__floored-kmeans_8__r09,1365
U,ValendinLSTM,gift,floored,kmeans_8,10,0.10658535747409124,1.1484890340115912,-13.954625445797074,26.992146811410763,0.3702112939026795,1.407033757399612,0.04529904251774916,17,32,0.001,0.0,,,,90,2062,1,factorial__ValendinLSTM__gift__floored-kmeans_8__r10,1170
U,ValendinLSTM,gift,floored,kmeans_8,11,0.10654271433448928,1.1342829848209166,-8.035777304419366,31.386562158722658,0.37549399504056613,1.2028843620998504,0.04345537318060031,3,32,0.001,0.0,,,,90,2062,1,factorial__ValendinLSTM__gift__floored-kmeans_8__r11,260
U,ValendinLSTM,gift,floored,kmeans_8,12,0.10694148993330212,1.204270946190239,9.713350252018936,27.050174432717217,0.37372206039217176,1.4197877416371982,0.045180515070947315,18,32,0.001,0.0,,,,90,2062,1,factorial__ValendinLSTM__gift__floored-kmeans_8__r12,1235
U,ValendinLSTM,gift,floored,kmeans_8,13,0.1067197314799868,1.172419308661027,-19.607766681996285,27.380890265045487,0.37831059928115385,1.6290096457962946,0.045505320868239954,10,32,0.001,0.0,,,,90,2062,1,factorial__ValendinLSTM__gift__floored-kmeans_8__r13,715
U,ValendinLSTM,gift,floored,kmeans_8,14,0.10689093704927151,1.1592204057638358,-8.047121089036642,29.636998505967167,0.33698327789166266,1.2872958820776836,0.044895047078338954,23,32,0.001,0.0,,,,90,2062,1,factorial__ValendinLSTM__gift__floored-kmeans_8__r14,1560
U,ValendinLSTM,gift,floored,kmeans_8,15,0.1068363665739371,1.1671233657267255,-0.2412746404422725,24.944589890289333,0.3603031737396657,1.4336072155971917,0.04592407835790744,21,32,0.001,0.0,,,,90,2062,1,factorial__ValendinLSTM__gift__floored-kmeans_8__r15,1430
U,ValendinLSTM,gift,floored,kmeans_8,16,0.10670331176828834,1.157706911747802,-9.523997104923637,22.509162381037875,0.37980294085862915,1.465147832072642,0.04509454664702599,20,32,0.001,0.0,,,,90,2062,1,factorial__ValendinLSTM__gift__floored-kmeans_8__r16,1365
U,ValendinLSTM,gift,floored,kmeans_8,17,0.10761661815315235,1.2318837785210417,27.08333267807526,38.61474661102881,0.365714178148146,1.3239699598671817,0.047275348523488414,11,32,0.001,0.0,,,,90,2062,1,factorial__ValendinLSTM__gift__floored-kmeans_8__r17,780
U,ValendinLSTM,gift,floored,kmeans_8,18,0.10675733328037777,1.1569946842669963,-16.80061143691343,26.923647748686832,0.35449401268196584,1.4162710149459543,0.04424034102031818,16,32,0.001,0.0,,,,90,2062,1,factorial__ValendinLSTM__gift__floored-kmeans_8__r18,1105
U,ValendinLSTM,gift,floored,kmeans_8,19,0.10659406998006304,1.154152216118882,-24.664922137411807,30.16143140430215,0.3506397642563637,1.2539222183785557,0.04557430443282311,11,32,0.001,0.0,,,,90,2062,1,factorial__ValendinLSTM__gift__floored-kmeans_8__r19,780
U,ValendinLSTM,gift,floored,no_cluster,0,0.10682812453009909,1.173307178085026,-4.046248953243873,31.650960216068047,0.23304237265466737,0.302011858349257,0.05098766034039167,47,32,0.001,0.0,,,,90,2062,1,factorial__ValendinLSTM__gift__floored-no_cluster__r00,3120
U,ValendinLSTM,gift,floored,no_cluster,1,0.10658775167983717,1.1607126349171943,-22.352967845247207,30.573735228800057,0.34239626531363426,0.5228836544542169,0.050910304099894485,33,32,0.001,0.0,,,,90,2062,1,factorial__ValendinLSTM__gift__floored-no_cluster__r01,2210
U,ValendinLSTM,gift,floored,no_cluster,2,0.10685936739926766,1.1924368742802816,-4.808029183877918,23.26614349994361,0.18906513862047014,0.2169302786885477,0.050744124315679075,45,32,0.001,0.0,,,,90,2062,1,factorial__ValendinLSTM__gift__floored-no_cluster__r02,2990
U,ValendinLSTM,gift,floored,no_cluster,3,0.10711858923574355,1.2278128247087605,7.921028250411702,29.622600007441296,0.04175109187303634,0.10561848407103926,0.05048907397744747,29,32,0.001,0.0,,,,90,2062,1,factorial__ValendinLSTM__gift__floored-no_cluster__r03,1950
U,ValendinLSTM,gift,floored,no_cluster,4,0.10656998033847542,1.134000583229465,-0.23734845053683704,27.425829233621293,0.32551422020172094,0.5400681841029524,0.050465062360924025,27,32,0.001,0.0,,,,90,2062,1,factorial__ValendinLSTM__gift__floored-no_cluster__r04,1820
U,ValendinLSTM,gift,floored,no_cluster,5,0.10662848538860735,1.1384955854857035,12.216839946588099,30.95244295158805,0.3720914104482245,0.5060055631099287,0.05102245521086913,34,32,0.001,0.0,,,,90,2062,1,factorial__ValendinLSTM__gift__floored-no_cluster__r05,2275
U,ValendinLSTM,gift,floored,no_cluster,6,0.10665574258576045,1.1370567793328943,13.437607799563489,32.313699385941014,0.35483280737208234,0.4568796006550547,0.05081792614207818,36,32,0.001,0.0,,,,90,2062,1,factorial__ValendinLSTM__gift__floored-no_cluster__r06,2405
U,ValendinLSTM,gift,floored,no_cluster,7,0.10655055613409356,1.1418651739942425,-15.066754917027879,30.573735042779255,0.35362103517546817,0.6996956139163854,0.05064170574052976,41,32,0.001,0.0,,,,90,2062,1,factorial__ValendinLSTM__gift__floored-no_cluster__r07,2730
U,ValendinLSTM,gift,floored,no_cluster,8,0.10661106857210137,1.1562421783539347,2.7844665491587506,28.925829028944786,0.36745944554262405,0.5267395027405737,0.05053313532127784,36,32,0.001,0.0,,,,90,2062,1,factorial__ValendinLSTM__gift__floored-no_cluster__r08,2405
U,ValendinLSTM,gift,floored,no_cluster,9,0.1066076054332589,1.152036452017961,-16.65314241795221,27.085078894006475,0.3254047803460928,0.5767927281240243,0.05045692283087052,47,32,0.001,0.0,,,,90,2062,1,factorial__ValendinLSTM__gift__floored-no_cluster__r09,3120
U,ValendinLSTM,gift,floored,no_cluster,10,0.10661526422284225,1.163999099083057,-13.553666093031275,23.36256587138359,0.2692295037216049,0.4210682530515797,0.050537599623203276,43,32,0.001,0.0,,,,90,2062,1,factorial__ValendinLSTM__gift__floored-no_cluster__r10,2860
U,ValendinLSTM,gift,floored,no_cluster,11,0.10697431912505988,1.237008154762623,-23.945463712800702,29.37216469619848,0.02340878077450947,0.11438879913110397,0.05084189640787932,32,32,0.001,0.0,,,,90,2062,1,factorial__ValendinLSTM__gift__floored-no_cluster__r11,2145
U,ValendinLSTM,gift,floored,no_cluster,12,0.10658440262003728,1.14409256875235,-0.8965979739021058,30.366928529491716,0.3417803322446601,0.49341942660129423,0.050899770469046555,40,32,0.001,0.0,,,,90,2062,1,factorial__ValendinLSTM__gift__floored-no_cluster__r12,2665
U,ValendinLSTM,gift,floored,no_cluster,13,0.10653609206732044,1.159306145882106,-31.687610069075713,33.72164130979702,0.3712484564807482,0.7048367161504896,0.05074498831079556,28,32,0.001,0.0,,,,90,2062,1,factorial__ValendinLSTM__gift__floored-no_cluster__r13,1885
U,ValendinLSTM,gift,floored,no_cluster,14,0.10683326319755018,1.1736056334346299,-3.7465107432989457,31.012653052257633,0.26132372748835225,0.3051664860693623,0.05098766034039167,47,32,0.001,0.0,,,,90,2062,1,factorial__ValendinLSTM__gift__floored-no_cluster__r14,3120
U,ValendinLSTM,gift,floored,no_cluster,15,0.10680480371646049,1.1952344456054675,-17.164922607364264,25.831588797180522,0.21627451656991956,0.24986688376833424,0.05089819614703839,28,32,0.001,0.0,,,,90,2062,1,factorial__ValendinLSTM__gift__floored-no_cluster__r15,1885
U,ValendinLSTM,gift,floored,no_cluster,16,0.10665860958687108,1.1663746617167747,-17.081152952648868,25.029669015832773,0.30847583937614703,0.4324996733767965,0.05073501046460408,42,32,0.001,0.0,,,,90,2062,1,factorial__ValendinLSTM__gift__floored-no_cluster__r16,2795
U,ValendinLSTM,gift,floored,no_cluster,17,0.10670024275733246,1.196629542816785,-31.64048967509209,32.99476516678526,0.3176300731856376,0.391559566028847,0.05085366885535992,45,32,0.001,0.0,,,,90,2062,1,factorial__ValendinLSTM__gift__floored-no_cluster__r17,2990
U,ValendinLSTM,gift,floored,no_cluster,18,0.10656922882243296,1.1703951869407259,-28.11300272738077,29.80235670969559,0.3540950815749776,0.5846580908145883,0.05060987094273934,22,32,0.001,0.0,,,,90,2062,1,factorial__ValendinLSTM__gift__floored-no_cluster__r18,1495
U,ValendinLSTM,gift,floored,no_cluster,19,0.10681794358426795,1.2025310112997465,-17.365184433297188,24.128709250434007,0.22233250381968084,0.21806504751048747,0.05079243458234347,20,32,0.001,0.0,,,,90,2062,1,factorial__ValendinLSTM__gift__floored-no_cluster__r19,1365
U,ValendinLSTM,multichannel,archive,kmeans_8,0,0.057212366637923444,0.5861160040675873,45.234647544361636,64.56798147981979,0.18006746942227247,1.896645172490414,0.018642054214565593,7,64,0.0024389320455248152,6.514346112373847e-06,,,,0,1402,24,factorial__ValendinLSTM__multichannel__archive-kmeans_8__r00,176
U,ValendinLSTM,multichannel,archive,kmeans_8,1,0.05761060800019476,0.6645346431389009,83.46710388605798,93.97149011370138,0.19215659741536817,1.9117144310493352,0.018820337019860744,11,64,0.0008938239328888959,2.0172874543993395e-05,,,,0,1402,8,factorial__ValendinLSTM__multichannel__archive-kmeans_8__r01,264
U,ValendinLSTM,multichannel,archive,kmeans_8,2,0.05700836221697481,0.5607556152817539,18.416665142336022,52.23684164270606,0.17909261188480255,1.7450568797434969,0.018661745718087663,29,64,0.00027707107833349544,0.0008863884399868421,,,,0,1402,18,factorial__ValendinLSTM__multichannel__archive-kmeans_8__r02,660
U,ValendinLSTM,multichannel,archive,kmeans_8,3,0.05986985626201887,0.7901822775434153,130.02412050406804,141.21710328107372,0.06096089674165654,1.4130298626433626,0.019070723199878226,13,64,0.0008756467904167743,1.4514187908745503e-06,,,,0,1402,12,factorial__ValendinLSTM__multichannel__archive-kmeans_8__r03,308
U,ValendinLSTM,multichannel,archive,kmeans_8,4,0.05705607887263434,0.5704754362709211,20.649121296101388,51.622806475170826,0.1793430541770517,1.821884105086815,0.01874983044002544,12,64,0.001562121870208001,0.001193491184368101,,,,0,1402,29,factorial__ValendinLSTM__multichannel__archive-kmeans_8__r04,286
U,ValendinLSTM,multichannel,archive,kmeans_8,5,0.05737264879173652,0.6387041763820105,61.168858373390165,73.21710427446877,0.16561372921050757,1.8293799023649322,0.018817604455927558,8,64,0.0019277430287532227,0.0036507796074223106,,,,0,1402,36,factorial__ValendinLSTM__multichannel__archive-kmeans_8__r05,198
U,ValendinLSTM,multichannel,archive,kmeans_8,6,0.05769217143742868,0.683958331356681,71.88157789090505,84.17105185104859,0.2020217192711348,2.0032486296763015,0.019139621692540295,10,64,0.0008156505322179657,0.0013566207194333328,,,,0,1402,23,factorial__ValendinLSTM__multichannel__archive-kmeans_8__r06,242
U,ValendinLSTM,multichannel,archive,kmeans_8,7,0.05767722652784745,0.6782817389580592,79.41666555615392,92.12719226019067,0.18882474559215362,2.019341043799956,0.018687322725203227,19,64,0.0016482543002256326,4.596845883132531e-05,,,,0,1402,37,factorial__ValendinLSTM__multichannel__archive-kmeans_8__r07,440
U,ValendinLSTM,multichannel,archive,kmeans_8,8,0.057677910242024406,0.6524757506715441,82.82455958899745,89.37719147162152,0.17866972935411443,1.827813874837185,0.018798070568168027,13,64,0.001523778807552591,1.973620421787576e-05,,,,0,1402,24,factorial__ValendinLSTM__multichannel__archive-kmeans_8__r08,308
U,ValendinLSTM,multichannel,archive,kmeans_8,9,0.057195902429645694,0.5862221872942944,39.70175278372998,62.96052540358315,0.18053087526775377,1.6473999994213173,0.019095832587812434,15,64,0.0003476914668812804,1.9423017057203164e-05,,,,0,1402,15,factorial__ValendinLSTM__multichannel__archive-kmeans_8__r09,352
U,ValendinLSTM,multichannel,archive,kmeans_8,10,0.056879895204892165,0.5315779064009076,-15.105264378597683,46.56578967911444,0.1997205019986684,2.033362072056873,0.018830467015504837,15,64,0.0008864462208969119,1.876983814613575e-05,,,,0,1402,47,factorial__ValendinLSTM__multichannel__archive-kmeans_8__r10,352
U,ValendinLSTM,multichannel,archive,kmeans_8,11,0.05696332667149539,0.5463359332433625,-5.285089156639993,60.32894725192402,0.16637513403819537,1.7258956053951913,0.019645568967627532,9,64,0.0024983407852051027,1.2789663274567563e-06,,,,0,1402,26,factorial__ValendinLSTM__multichannel__archive-kmeans_8__r11,220
U,ValendinLSTM,multichannel,archive,kmeans_8,12,0.057485986413635046,0.6134735835726103,45.06359521765207,71.41008710431464,0.15878139710405176,2.0485082181981906,0.018905211007222533,7,64,0.0026760504705163604,1.8103703318365798e-06,,,,0,1402,35,factorial__ValendinLSTM__multichannel__archive-kmeans_8__r12,176
U,ValendinLSTM,multichannel,archive,kmeans_8,13,0.0570877016318859,0.5826378831250678,25.06578828314307,58.390350264431504,0.19127121264439326,2.1909502870803625,0.018737079660323532,27,64,0.0025468737590713404,2.1708874925765565e-05,,,,0,1402,22,factorial__ValendinLSTM__multichannel__archive-kmeans_8__r13,616
U,ValendinLSTM,multichannel,archive,kmeans_8,14,0.05707712261193949,0.570001938256785,17.087718162260398,50.39912243537068,0.19471835700866838,2.1322917935906798,0.018328034128485757,24,64,0.001958310955778783,1.6167401639518942e-06,,,,0,1402,28,factorial__ValendinLSTM__multichannel__archive-kmeans_8__r14,550
U,ValendinLSTM,multichannel,archive,kmeans_8,15,0.0572653508374927,0.6016983942012747,60.87938409396603,75.58991083662825,0.16915404980437707,1.7349449515382032,0.018698926634070547,18,64,0.0005785929101954092,9.145057382037337e-06,,,,0,1402,17,factorial__ValendinLSTM__multichannel__archive-kmeans_8__r15,418
U,ValendinLSTM,multichannel,archive,kmeans_8,16,0.056913682542649814,0.5409872350275534,-7.745615201349116,45.539473722231385,0.21443888797880567,2.154859546711527,0.019196128388020126,24,64,0.001412225274924985,1.2060072173272804e-06,,,,0,1402,23,factorial__ValendinLSTM__multichannel__archive-kmeans_8__r16,550
U,ValendinLSTM,multichannel,archive,kmeans_8,17,0.0571305953850262,0.5724747144015087,17.817981263801897,51.98026281544567,0.19246276210820132,2.2592788341911647,0.018945734630423514,20,64,0.0026530389968667336,0.0004248951851239418,,,,0,1402,32,factorial__ValendinLSTM__multichannel__archive-kmeans_8__r17,462
U,ValendinLSTM,multichannel,archive,kmeans_8,18,0.056934784928040015,0.545890200794153,6.6578933944626195,53.114034795087846,0.1749789430289137,2.027314639609825,0.018838942199098794,7,64,0.0013072580074881238,2.6379275952688356e-05,,,,0,1402,16,factorial__ValendinLSTM__multichannel__archive-kmeans_8__r18,176
U,ValendinLSTM,multichannel,archive,kmeans_8,19,0.05683325246535319,0.5221116964071414,-12.23026446818448,43.73464936210799,0.18502846610415122,2.0353848698439974,0.01884618198329752,12,64,0.0022490312362243798,0.0003814765969905822,,,,0,1402,35,factorial__ValendinLSTM__multichannel__archive-kmeans_8__r19,286
U,ValendinLSTM,multichannel,archive,no_cluster,0,0.05717945146135421,0.5660412443266318,99.93201331357821,113.91885602119494,-0.016173724241729217,0.123799177743963,0.022823218489065766,3,256,0.0014266015361660564,0.0007966217071964321,,,,0,1402,54,factorial__ValendinLSTM__multichannel__archive-no_cluster__r00,24
U,ValendinLSTM,multichannel,archive,no_cluster,1,0.05706566729121589,0.5448228481428155,39.392540856312,73.29605093813959,-0.002215198449475313,0.14447975896794266,0.022731489036232233,3,256,0.0015435732191465632,2.9322606153279934e-06,,,,0,1402,53,factorial__ValendinLSTM__multichannel__archive-no_cluster__r01,24
U,ValendinLSTM,multichannel,archive,no_cluster,2,0.05715226268236703,0.5526116492267499,70.39034740688739,110.19736599961294,0.01475485689939119,0.13503179469440577,0.022830044928317268,3,256,0.001730824750071408,0.0011893327891880773,,,,0,1402,41,factorial__ValendinLSTM__multichannel__archive-no_cluster__r02,24
U,ValendinLSTM,multichannel,archive,no_cluster,3,0.057030529929935896,0.5473270860870135,49.7543827589716,81.11403277878978,0.022364874436047257,0.14586821063639782,0.022795004847769935,3,256,0.001498099838917297,2.8511081485633345e-06,,,,0,1402,52,factorial__ValendinLSTM__multichannel__archive-no_cluster__r03,24
U,ValendinLSTM,multichannel,archive,no_cluster,4,0.057034732766961985,0.5461117905232096,40.55701458148443,75.8859634370814,-0.017960398736818605,0.1480939043542746,0.022743686102330685,2,256,0.0023117778881783448,2.1482336403818925e-06,,,,0,1402,48,factorial__ValendinLSTM__multichannel__archive-no_cluster__r04,18
U,ValendinLSTM,multichannel,archive,no_cluster,5,0.05712796629704409,0.5520066967303571,64.43640008944399,86.70394544554952,-0.032816897381288235,0.13538756047361253,0.02280017811184128,8,256,0.0005121000842853216,1.1458357846200623e-06,,,,0,1402,58,factorial__ValendinLSTM__multichannel__archive-no_cluster__r05,54
U,ValendinLSTM,multichannel,archive,no_cluster,6,0.05694995176693059,0.5404341091264,4.269734553566651,64.58991146237928,0.015078081379922626,0.1680470848772076,0.022869919426739216,4,256,0.0012756835258219937,1.0054332842517481e-06,,,,0,1402,37,factorial__ValendinLSTM__multichannel__archive-no_cluster__r06,30
U,ValendinLSTM,multichannel,archive,no_cluster,7,0.057046681197871194,0.5440369418635697,36.12499708930501,69.71710391522305,0.018118093148812887,0.1522290753591342,0.022797187557443976,3,256,0.0016709101807775245,0.009579884539725102,,,,0,1402,46,factorial__ValendinLSTM__multichannel__archive-no_cluster__r07,24
U,ValendinLSTM,multichannel,archive,no_cluster,8,0.057046545944877555,0.5475565608286668,54.4956106904943,81.46929581437075,-0.004850186857982392,0.1450840258218938,0.022726692414532106,2,256,0.0025283596822610033,0.005371741663378139,,,,0,1402,51,factorial__ValendinLSTM__multichannel__archive-no_cluster__r08,18
U,ValendinLSTM,multichannel,archive,no_cluster,9,0.05721842898675121,0.5576976871333487,83.11403148211048,104.37280453880327,0.0038760094532459487,0.12911443677894954,0.022736112664764125,2,256,0.002334168118780263,0.004062868175040342,,,,0,1402,56,factorial__ValendinLSTM__multichannel__archive-no_cluster__r09,18
U,ValendinLSTM,multichannel,archive,no_cluster,10,0.056948169414183125,0.542082471380615,0.16008554140737766,63.14254320847467,-0.06729092641312391,0.1692236128585829,0.022784688665221136,5,256,0.002076920415148661,6.0133306871006296e-05,,,,0,1402,52,factorial__ValendinLSTM__multichannel__archive-no_cluster__r10,36
U,ValendinLSTM,multichannel,archive,no_cluster,11,0.05723596814787102,0.5676271698667165,101.7938555447007,115.24122453523286,-0.02778620476577143,0.12446311250698067,0.02276493531341354,4,256,0.0027074260612499727,0.00013777875914149567,,,,0,1402,47,factorial__ValendinLSTM__multichannel__archive-no_cluster__r11,30
U,ValendinLSTM,multichannel,archive,no_cluster,12,0.056985590133611375,0.5416153782331873,21.539471037847818,59.723683468703,0.026728266430459,0.1593667767046526,0.022763650709142286,4,256,0.0011459575385096355,0.0004301910762798586,,,,0,1402,52,factorial__ValendinLSTM__multichannel__archive-no_cluster__r12,30
U,ValendinLSTM,multichannel,archive,no_cluster,13,0.05712007832886193,0.5489913743591643,51.567979513976546,86.98026181786811,-0.019724604225182418,0.14781529663828716,0.022773355167979997,2,256,0.0022040580082442504,0.00036365553147996854,,,,0,1402,41,factorial__ValendinLSTM__multichannel__archive-no_cluster__r13,18
U,ValendinLSTM,multichannel,archive,no_cluster,14,0.05695854963483414,0.5425574938564205,-10.519738802932528,65.76535034262999,-0.0265298368956351,0.18327033512318866,0.022781552902112406,3,256,0.0015714042945619456,0.0015412942797288713,,,,0,1402,60,factorial__ValendinLSTM__multichannel__archive-no_cluster__r14,24
U,ValendinLSTM,multichannel,archive,no_cluster,15,0.057154452662717826,0.5470101257164341,49.95613738673747,98.42982312803223,0.018098875345758984,0.14850523961651868,0.022829687222838402,4,256,0.002711263988966562,4.398424670708701e-06,,,,0,1402,55,factorial__ValendinLSTM__multichannel__archive-no_cluster__r15,30
U,ValendinLSTM,multichannel,archive,no_cluster,16,0.056980968426088054,0.541920193406328,27.947365671492847,67.42543715231966,0.04277860029031923,0.15490150425186838,0.0227386811748147,3,256,0.0017478092027448015,0.002028554520842174,,,,0,1402,53,factorial__ValendinLSTM__multichannel__archive-no_cluster__r16,24
U,ValendinLSTM,multichannel,archive,no_cluster,17,0.057184923646069356,0.5676548765460163,108.02631149999607,123.49561044635712,0.03552428828770506,0.12438452941886163,0.022766707309832174,6,256,0.0007786399084805745,1.3738979014861095e-06,,,,0,1402,56,factorial__ValendinLSTM__multichannel__archive-no_cluster__r17,42
U,ValendinLSTM,multichannel,archive,no_cluster,18,0.05701735422832394,0.543904951006829,35.385962011160395,76.403507187537,-0.009102189743010615,0.15270765918104476,0.0227307981501023,2,256,0.0024347697159765726,3.3073161604150015e-06,,,,0,1402,50,factorial__ValendinLSTM__multichannel__archive-no_cluster__r18,18
U,ValendinLSTM,multichannel,archive,no_cluster,19,0.05708986705634348,0.5447680566085847,37.896927003338845,80.51096367518971,-0.05701147925799763,0.14672549592784853,0.02274360569814841,4,256,0.0011915928348082657,0.00013486055520159837,,,,0,1402,54,factorial__ValendinLSTM__multichannel__archive-no_cluster__r19,30
U,ValendinLSTM,multichannel,floored,kmeans_8,0,0.057094509985414765,0.5690149804130065,1.6249987096601566,55.848684026696226,0.16044740587365683,1.9435830949917237,0.019563143309741546,6,32,0.001,0.0,,,,90,1402,1,factorial__ValendinLSTM__multichannel__floored-kmeans_8__r00,308
U,ValendinLSTM,multichannel,floored,kmeans_8,1,0.05748093066177754,0.6176141322372378,42.54385864549979,66.99122758623062,0.2035517767430353,2.252793099000433,0.019471926058031386,53,32,0.001,0.0,,,,90,1402,1,factorial__ValendinLSTM__multichannel__floored-kmeans_8__r01,2376
U,ValendinLSTM,multichannel,floored,kmeans_8,2,0.05711214123973768,0.5671233268846512,14.861841013719975,53.396929588103404,0.22233480698998087,2.1901731060476877,0.01884978462711925,39,32,0.001,0.0,,,,90,1402,1,factorial__ValendinLSTM__multichannel__floored-kmeans_8__r02,1760
U,ValendinLSTM,multichannel,floored,kmeans_8,3,0.05734335697384703,0.6264055506205556,47.451753174199425,63.79824484486041,0.17400917479094974,2.1815256413953232,0.01925835761903727,44,32,0.001,0.0,,,,90,1402,1,factorial__ValendinLSTM__multichannel__floored-kmeans_8__r03,1980
U,ValendinLSTM,multichannel,floored,kmeans_8,4,0.05721223477261923,0.5630683676093825,4.282893688956759,50.10307007060758,0.21394148038163074,2.3714555835720583,0.01972041970097135,70,32,0.001,0.0,,,,90,1402,1,factorial__ValendinLSTM__multichannel__floored-kmeans_8__r04,3124
U,ValendinLSTM,multichannel,floored,kmeans_8,5,0.05780848041226705,0.6946454943390185,73.8004376352025,82.8135957459409,0.17456590190091467,2.205456346282877,0.019728225719022288,17,32,0.001,0.0,,,,90,1402,1,factorial__ValendinLSTM__multichannel__floored-kmeans_8__r05,792
U,ValendinLSTM,multichannel,floored,kmeans_8,6,0.056991135086099355,0.5463985467141027,1.0679813318374867,49.02850877403756,0.2324403484513967,2.1026201330382266,0.019151376738425988,33,32,0.001,0.0,,,,90,1402,1,factorial__ValendinLSTM__multichannel__floored-kmeans_8__r06,1496
U,ValendinLSTM,multichannel,floored,kmeans_8,7,0.05692600577060954,0.5413499027163974,-2.2697379502161734,50.38815774677089,0.20844741368968542,2.1595812044464644,0.019320319052150644,54,32,0.001,0.0,,,,90,1402,1,factorial__ValendinLSTM__multichannel__floored-kmeans_8__r07,2420
U,ValendinLSTM,multichannel,floored,kmeans_8,8,0.056980204125863326,0.5553988674757108,1.539472420290896,49.2894736012411,0.20672498307327747,2.111885790582946,0.01887873796890331,6,32,0.001,0.0,,,,90,1402,1,factorial__ValendinLSTM__multichannel__floored-kmeans_8__r08,308
U,ValendinLSTM,multichannel,floored,kmeans_8,9,0.05756652015596257,0.635602913541216,66.2302620116649,81.46710443727048,0.18346109302637162,1.854555705655473,0.02076803307318187,24,32,0.001,0.0,,,,90,1402,1,factorial__ValendinLSTM__multichannel__floored-kmeans_8__r09,1100
U,ValendinLSTM,multichannel,floored,kmeans_8,10,0.05705095497601231,0.553559209521816,-4.528509701292094,50.01096481522704,0.19577802481221193,2.503008211527381,0.019521904404510595,32,32,0.001,0.0,,,,90,1402,1,factorial__ValendinLSTM__multichannel__floored-kmeans_8__r10,1452
U,ValendinLSTM,multichannel,floored,kmeans_8,11,0.0576222703843435,0.625755918067258,45.93420942526331,66.85964845022846,0.2211769043100353,2.2056765865581456,0.019886484628593527,76,32,0.001,0.0,,,,90,1402,1,factorial__ValendinLSTM__multichannel__floored-kmeans_8__r11,3388
U,ValendinLSTM,multichannel,floored,kmeans_8,12,0.05710270474972516,0.5691523327405835,9.71929711379526,50.82017521316731,0.17848925657389197,2.243512217599731,0.0193272091406801,49,32,0.001,0.0,,,,90,1402,1,factorial__ValendinLSTM__multichannel__floored-kmeans_8__r12,2200
U,ValendinLSTM,multichannel,floored,kmeans_8,13,0.05742002689082494,0.6295993522555455,9.975876425506975,51.278508545242545,0.2239575043763839,2.959980354248277,0.019136374068156412,48,32,0.001,0.0,,,,90,1402,1,factorial__ValendinLSTM__multichannel__floored-kmeans_8__r13,2156
U,ValendinLSTM,multichannel,floored,kmeans_8,14,0.05708722108949711,0.5701404139330375,1.7192969972817413,54.51315780693105,0.17424119970497687,1.9473195815088666,0.019563143309741546,6,32,0.001,0.0,,,,90,1402,1,factorial__ValendinLSTM__multichannel__floored-kmeans_8__r14,308
U,ValendinLSTM,multichannel,floored,kmeans_8,15,0.057366175329903325,0.6151509982057838,43.05043745205873,64.78727989250011,0.18758219245846716,2.204699135207863,0.019981743783567006,20,32,0.001,0.0,,,,90,1402,1,factorial__ValendinLSTM__multichannel__floored-kmeans_8__r15,924
U,ValendinLSTM,multichannel,floored,kmeans_8,16,0.05694681153773039,0.5378091611146159,29.442980544019836,69.08771845659102,0.20342953102108552,1.5607953737324136,0.019306235905539572,9,32,0.001,0.0,,,,90,1402,1,factorial__ValendinLSTM__multichannel__floored-kmeans_8__r16,440
U,ValendinLSTM,multichannel,floored,kmeans_8,17,0.058458467239571175,0.7410533292502446,127.7697352333019,135.21710383836432,0.17697297167501042,1.7663096350697343,0.019493817513152448,17,32,0.001,0.0,,,,90,1402,1,factorial__ValendinLSTM__multichannel__floored-kmeans_8__r17,792
U,ValendinLSTM,multichannel,floored,kmeans_8,18,0.05752866069045854,0.6667975491191224,48.79824445182572,69.53947289413819,0.17549012804132988,2.3993219442902034,0.019121025430980477,6,32,0.001,0.0,,,,90,1402,1,factorial__ValendinLSTM__multichannel__floored-kmeans_8__r18,308
U,ValendinLSTM,multichannel,floored,kmeans_8,19,0.05698834312329138,0.5561057619835325,1.6293846969406303,52.48903502595788,0.19119306758505628,1.994316141473789,0.019391828935609243,23,32,0.001,0.0,,,,90,1402,1,factorial__ValendinLSTM__multichannel__floored-kmeans_8__r19,1056
U,ValendinLSTM,multichannel,floored,no_cluster,0,0.05684350888422507,0.5177976686300384,16.37499764798444,48.65131485806895,0.15034109329053386,0.6653567003145219,0.02319507513576272,83,32,0.001,0.0,,,,90,1402,1,factorial__ValendinLSTM__multichannel__floored-no_cluster__r00,3696
U,ValendinLSTM,multichannel,floored,no_cluster,1,0.056904056454046996,0.5131913058325215,55.269733892360144,70.1820155213528,0.12312928142314901,0.6724923785312172,0.023150632078547707,50,32,0.001,0.0,,,,90,1402,1,factorial__ValendinLSTM__multichannel__floored-no_cluster__r01,2244
U,ValendinLSTM,multichannel,floored,no_cluster,2,0.05685124220726188,0.5165821816115799,16.13815551860493,50.58113932160184,0.14785631554269021,0.6637301056265037,0.02337168699490245,84,32,0.001,0.0,,,,90,1402,1,factorial__ValendinLSTM__multichannel__floored-no_cluster__r02,3740
U,ValendinLSTM,multichannel,floored,no_cluster,3,0.056995136261014566,0.5442901146758312,45.2434179924511,65.02850734947278,0.04870009955156761,0.14981078950709312,0.02307080766926943,72,32,0.001,0.0,,,,90,1402,1,factorial__ValendinLSTM__multichannel__floored-no_cluster__r03,3212
U,ValendinLSTM,multichannel,floored,no_cluster,4,0.05684861529019373,0.517776644538431,-8.236844061972995,49.57456136114176,0.1657176249447195,0.5018737070549598,0.023438825361980973,39,32,0.001,0.0,,,,90,1402,1,factorial__ValendinLSTM__multichannel__floored-no_cluster__r04,1760
U,ValendinLSTM,multichannel,floored,no_cluster,5,0.05690863018136447,0.5332955939841953,-2.567984573462561,49.0592104476762,0.043236265986291135,0.2710567267905443,0.023427997964476657,75,32,0.001,0.0,,,,90,1402,1,factorial__ValendinLSTM__multichannel__floored-no_cluster__r05,3344
U,ValendinLSTM,multichannel,floored,no_cluster,6,0.056791344799005564,0.5062016780439613,22.247804576742162,51.83991131070429,0.16127476730510135,0.71523563038978,0.02310381792697378,59,32,0.001,0.0,,,,90,1402,1,factorial__ValendinLSTM__multichannel__floored-no_cluster__r06,2640
U,ValendinLSTM,multichannel,floored,no_cluster,7,0.05696938242046034,0.5414469501095603,32.82894452813084,61.907893300398854,0.054227360531246147,0.16668288910607817,0.023767302151430737,73,32,0.001,0.0,,,,90,1402,1,factorial__ValendinLSTM__multichannel__floored-no_cluster__r07,3256
U,ValendinLSTM,multichannel,floored,no_cluster,8,0.056924538929147166,0.5383876905761762,-4.728072262860462,49.298245185708176,0.049846644360970443,0.19656749965206372,0.02368533994939009,88,32,0.001,0.0,,,,90,1402,1,factorial__ValendinLSTM__multichannel__floored-no_cluster__r08,3916
U,ValendinLSTM,multichannel,floored,no_cluster,9,0.05695768568987738,0.5366162404987342,32.978067334674556,60.52631444232306,0.06024466347158493,0.20846046258984366,0.02317825008437715,78,32,0.001,0.0,,,,90,1402,1,factorial__ValendinLSTM__multichannel__floored-no_cluster__r09,3476
U,ValendinLSTM,multichannel,floored,no_cluster,10,0.056944860470860316,0.5262273200817946,24.105260576724703,60.96491121948366,0.08606014903962503,0.43940635891991286,0.023335474537981845,69,32,0.001,0.0,,,,90,1402,1,factorial__ValendinLSTM__multichannel__floored-no_cluster__r10,3080
U,ValendinLSTM,multichannel,floored,no_cluster,11,0.05694639603327769,0.5275893611085479,54.49999718183283,69.45613837727299,0.1593361878075176,0.7126506573118747,0.0234191968285648,80,32,0.001,0.0,,,,90,1402,1,factorial__ValendinLSTM__multichannel__floored-no_cluster__r11,3564
U,ValendinLSTM,multichannel,floored,no_cluster,12,0.05692587625282862,0.5306627890151762,12.565787067521178,52.80701671114248,0.08750334726303803,0.2403939277473068,0.02311646739888767,50,32,0.001,0.0,,,,90,1402,1,factorial__ValendinLSTM__multichannel__floored-no_cluster__r12,2244
U,ValendinLSTM,multichannel,floored,no_cluster,13,0.05681950897190179,0.5182007927018484,-8.798247524701608,49.53947362710576,0.13574977047701567,0.6343646333237543,0.02303862516683611,65,32,0.001,0.0,,,,90,1402,1,factorial__ValendinLSTM__multichannel__floored-no_cluster__r13,2904
U,ValendinLSTM,multichannel,floored,no_cluster,14,0.056820414240623625,0.5112591792112153,29.24999741453281,55.85964793020704,0.16184007007806045,0.6609736221470206,0.02322347756919705,67,32,0.001,0.0,,,,90,1402,1,factorial__ValendinLSTM__multichannel__floored-no_cluster__r14,2992
U,ValendinLSTM,multichannel,floored,no_cluster,15,0.0569067531284226,0.5178832557873337,37.087716497969645,60.96491106671401,0.1722621838733916,0.4749555520410616,0.023366259215187958,66,32,0.001,0.0,,,,90,1402,1,factorial__ValendinLSTM__multichannel__floored-no_cluster__r15,2948
U,ValendinLSTM,multichannel,floored,no_cluster,16,0.05687969625251723,0.5149474024982792,14.175436254017638,49.07017444105147,0.20725779379419362,0.6574705355641911,0.023371591629587452,84,32,0.001,0.0,,,,90,1402,1,factorial__ValendinLSTM__multichannel__floored-no_cluster__r16,3740
U,ValendinLSTM,multichannel,floored,no_cluster,17,0.0569717720376739,0.5350391943193187,43.942979482621936,63.77631426306791,0.11058388606113558,0.24711100778030115,0.02338780959623612,95,32,0.001,0.0,,,,90,1402,1,factorial__ValendinLSTM__multichannel__floored-no_cluster__r17,4224
U,ValendinLSTM,multichannel,floored,no_cluster,18,0.05681805447194949,0.5117950423529354,19.254383562017047,48.49122702021488,0.13769302371967632,0.6665803246301574,0.023476265217389235,81,32,0.001,0.0,,,,90,1402,1,factorial__ValendinLSTM__multichannel__floored-no_cluster__r18,3608
U,ValendinLSTM,multichannel,floored,no_cluster,19,0.05686584639638194,0.5166893335824443,9.80701525613805,53.25438561849282,0.11407991593342597,0.51137608273963,0.023442406932273032,42,32,0.001,0.0,,,,90,1402,1,factorial__ValendinLSTM__multichannel__floored-no_cluster__r19,1892
T',LSTM,cdnow,archive,no_cluster,0,0.14606801149105406,1.670502614819455,1.367017702349127,19.09155658306181,0.4183400093930619,1.4067965199641856,0.09110628068447113,18,64,0.00257054880450634,0.0037157986882281665,0.05861308824685141,128.0,64.0,0,2357,29,training_budget__LSTM__cdnow__archive__r00,703
T',LSTM,cdnow,archive,no_cluster,1,0.14633048587663958,1.6906458054976121,15.528231425048363,26.80474900397261,0.42802359574596255,1.0101159069847532,0.09080355262031427,25,64,0.0024862615965751873,1.3049890981654101e-06,0.28994758192229486,32.0,128.0,0,2357,55,training_budget__LSTM__cdnow__archive__r01,962
T',LSTM,cdnow,archive,no_cluster,2,0.14612597828982987,1.6691985286944153,-3.855145817185428,18.852506578558344,0.43771708775609414,1.219551318163744,0.09065662727162645,29,64,0.0027397117335076,4.7577881984611723e-05,0.02267825753422613,64.0,64.0,0,2357,26,training_budget__LSTM__cdnow__archive__r02,1110
T',LSTM,cdnow,archive,no_cluster,3,0.1464923603527629,1.714648250555331,-0.18575281047322992,18.788390389660776,0.4129266200029077,0.9533588516558701,0.09124484819334906,21,64,0.0013068010490386518,1.8130572272398946e-06,0.023220526486501126,128.0,32.0,0,2357,37,training_budget__LSTM__cdnow__archive__r03,814
T',LSTM,cdnow,archive,no_cluster,4,0.14593993072766206,1.6601779281099918,-26.353562695950085,27.713984698598,0.4019786951237741,1.6236637864193895,0.09092752343496761,27,64,0.000813545914902027,0.004773465847198066,0.3954092578095879,128.0,128.0,0,2357,34,training_budget__LSTM__cdnow__archive__r04,1036
T',LSTM,cdnow,archive,no_cluster,5,0.1463782082599698,1.7059138186565996,-12.15725666831098,20.080739058514972,0.4172625199983439,1.1476692374743986,0.09073858466502782,24,64,0.0020711244948382074,0.003454435591528109,0.2459967638098911,64.0,128.0,0,2357,21,training_budget__LSTM__cdnow__archive__r05,925
T',LSTM,cdnow,archive,no_cluster,6,0.14578907460076485,1.6349350955763746,15.731397684378198,25.75408932765181,0.4394523981373512,1.1384129073467861,0.09053584228496293,43,64,0.0028551759238856695,0.0006871819997881175,0.015835332432487415,64.0,64.0,0,2357,24,training_budget__LSTM__cdnow__archive__r06,1628
T',LSTM,cdnow,archive,no_cluster,7,0.1469453492405207,1.7789655601228225,2.155408231064507,18.950659494679915,0.4278625039268098,0.8369599920629972,0.09176560420845006,30,64,0.0006539967078295668,0.00968317499944814,0.3412697388197508,32.0,128.0,0,2357,45,training_budget__LSTM__cdnow__archive__r07,1147
T',LSTM,cdnow,archive,no_cluster,8,0.14588792556374933,1.6538076010267175,-2.234565366285903,19.00976242443499,0.4311132090021817,1.1955151881090158,0.0907136839185212,25,64,0.0024536842394385756,0.0005755400514715413,0.2986073742298392,32.0,128.0,0,2357,23,training_budget__LSTM__cdnow__archive__r08,962
T',LSTM,cdnow,archive,no_cluster,9,0.14616765162079795,1.672863670172942,-1.487863497577888,18.449340310920807,0.45112314256174324,1.3764464083470525,0.09096556519334381,22,64,0.002911335511112165,8.731102138543628e-06,0.22179807939885096,128.0,64.0,0,2357,13,training_budget__LSTM__cdnow__archive__r09,851
T',LSTM,cdnow,archive,no_cluster,10,0.14683215222382273,1.7713471739756905,-17.849605012990068,22.53350963594904,0.44899712672777947,0.9428307206052835,0.0910464929970535,35,64,0.000495537090263923,5.0458736518982695e-05,0.18651234251560964,128.0,64.0,0,2357,46,training_budget__LSTM__cdnow__archive__r10,1332
T',LSTM,cdnow,archive,no_cluster,11,0.14645175809798686,1.7308071853054512,-31.120845048460122,31.754618100232484,0.41592612545081376,1.2862763084746478,0.09097057661494694,17,64,0.0016753461444463248,2.1124275543147825e-06,0.28390561155455785,128.0,128.0,0,2357,40,training_budget__LSTM__cdnow__archive__r11,666
T',LSTM,cdnow,archive,no_cluster,12,0.1459383187613401,1.6695106988927386,-20.271240757940756,23.237995150103604,0.44147231008054777,1.389382356272085,0.09073264262563474,25,64,0.0020632281310442066,1.317431243243199e-05,0.07072001060638124,128.0,128.0,0,2357,49,training_budget__LSTM__cdnow__archive__r12,962
T',LSTM,cdnow,archive,no_cluster,13,0.146463062382537,1.7249915573361367,-12.929552219670803,20.503166497618775,0.40990429128527106,1.0478948976891285,0.09093540856564367,31,64,0.0011775775185183135,0.0005413311512045447,0.27221929497265634,64.0,128.0,0,2357,37,training_budget__LSTM__cdnow__archive__r13,1184
T',LSTM,cdnow,archive,no_cluster,14,0.14652798366179626,1.7311801199268626,-6.352243510156304,18.527440727838304,0.4279561851476888,0.9449313972889796,0.0910536005488924,31,64,0.002023737022226635,0.0002748710752599755,0.195706277012387,64.0,128.0,0,2357,40,training_budget__LSTM__cdnow__archive__r14,1184
T',LSTM,cdnow,archive,no_cluster,15,0.14614959288461857,1.6870846987375567,-0.9612145730466721,18.69366742970325,0.4256723706595534,1.0030883015125547,0.09097179075753367,35,64,0.0009038673473724552,0.0004393885777078421,0.08944036140700931,64.0,64.0,0,2357,18,training_budget__LSTM__cdnow__archive__r15,1332
T',LSTM,cdnow,archive,no_cluster,16,0.14637788219683853,1.7124572252609922,-13.355937492210817,20.27203195514587,0.42492425915765447,1.0651541319891138,0.09112828083940454,17,64,0.0025545480912904333,2.684107690065351e-05,0.29010580564521615,64.0,128.0,0,2357,32,training_budget__LSTM__cdnow__archive__r16,666
T',LSTM,cdnow,archive,no_cluster,17,0.14617222780129965,1.6774849970427745,8.318205081899228,21.7329812143734,0.4399699424003237,1.0652176888165512,0.09073513504621145,25,64,0.002146822366909449,3.0251001917682563e-06,0.13269135159075382,128.0,64.0,0,2357,35,training_budget__LSTM__cdnow__archive__r17,962
T',LSTM,cdnow,archive,no_cluster,18,0.14649895642252023,1.6937974512556773,11.712927997141474,23.83166189691271,0.40954511495843127,1.1706221606080296,0.09086377012568551,21,64,0.0025735668584223226,8.613794486968682e-05,0.19624372668013082,128.0,64.0,0,2357,26,training_budget__LSTM__cdnow__archive__r18,814
T',LSTM,cdnow,archive,no_cluster,19,0.14614230179394466,1.6773343232851445,2.9168857711224363,19.844063129275973,0.43021173216011044,1.0581556659137745,0.09093614466286995,32,64,0.0019594719307727305,1.5211040080289269e-05,0.0051426063420342005,128.0,128.0,0,2357,26,training_budget__LSTM__cdnow__archive__r19,1221
T',LSTM,cdnow,floor50,no_cluster,0,0.14584225348297564,1.6398176901576769,-0.6258582325266866,19.252770349904267,0.42056186215709646,1.2881116723065227,0.09064307688055812,47,64,0.002939748255324432,2.0573209451035804e-05,0.06685494293082794,32.0,128.0,50,2357,94,training_budget__LSTM__cdnow__floor50__r00,1776
T',LSTM,cdnow,floor50,no_cluster,1,0.1474852422955186,1.7905833144577823,54.326120813507146,59.02374636357275,0.42254079667986133,0.8358931808457138,0.090648189791151,36,64,0.0025534437196920454,1.3869635358380783e-05,0.10869970541176051,64.0,32.0,50,2357,98,training_budget__LSTM__cdnow__floor50__r01,1369
T',LSTM,cdnow,floor50,no_cluster,2,0.14662944793997768,1.7170016070501573,0.8947223479461024,20.588654198666525,0.405490889425613,1.3270160748026256,0.09064790324584858,47,64,0.0022998169202523015,1.68933497374008e-05,0.2306128926679527,32.0,128.0,50,2357,98,training_budget__LSTM__cdnow__floor50__r02,1776
T',LSTM,cdnow,floor50,no_cluster,3,0.14594682201997475,1.6143149801688719,24.966753945245777,31.72664869586506,0.443219570734147,1.2497655239572647,0.09050845697119429,49,64,0.0021937046920875577,1.1343689977112201e-05,0.07086421824397006,128.0,32.0,50,2357,97,training_budget__LSTM__cdnow__floor50__r03,1850
T',LSTM,cdnow,floor50,no_cluster,4,0.14580510101228447,1.6195389847811443,1.5817934865409229,19.801846829225756,0.4265160386831322,1.6129947980772832,0.09046588385024586,46,64,0.002444639680219808,2.825868884560926e-06,0.22887928228244583,128.0,64.0,50,2357,93,training_budget__LSTM__cdnow__floor50__r04,1739
T',LSTM,cdnow,floor50,no_cluster,5,0.14609576913657765,1.6606810912218222,14.136147008505718,25.602110494075514,0.4308927755118952,1.1954433531903026,0.0905071636913596,39,64,0.002620055828854768,0.00023573730331431748,0.08150619715374983,128.0,128.0,50,2357,94,training_budget__LSTM__cdnow__floor50__r05,1480
T',LSTM,cdnow,floor50,no_cluster,6,0.1460712893799511,1.6874399382260872,-21.936148499927764,24.89604269844895,0.3930513054833625,1.3601762752960995,0.09069114561016495,46,64,0.0014106613766769953,0.0007695676541076414,0.3315813420093713,64.0,128.0,50,2357,95,training_budget__LSTM__cdnow__floor50__r06,1739
T',LSTM,cdnow,floor50,no_cluster,7,0.14576605181141994,1.6305023259694535,-0.8350929937827133,19.317941847539874,0.42530356061706975,1.4529278582904128,0.09056070718813587,44,64,0.002291396620262625,0.009702132059256834,0.06984374995298998,64.0,32.0,50,2357,95,training_budget__LSTM__cdnow__floor50__r07,1665
T',LSTM,cdnow,floor50,no_cluster,8,0.1457887714603141,1.6438757105908026,8.69999919283251,22.336938981467995,0.41896711033257283,1.2080223827031962,0.09069507931535309,42,64,0.0015311244345098298,0.007718556948981808,0.008123396953774023,64.0,128.0,50,2357,92,training_budget__LSTM__cdnow__floor50__r08,1591
T',LSTM,cdnow,floor50,no_cluster,9,0.145789789991751,1.6406046287139189,-4.657784298524588,18.82717686835533,0.4450842895521151,1.4688776863830613,0.09053948008128114,46,64,0.001896878658374006,1.3513100129465745e-05,0.13876199321019253,128.0,128.0,50,2357,97,training_budget__LSTM__cdnow__floor50__r09,1739
T',LSTM,cdnow,floor50,no_cluster,10,0.14564591443897185,1.6279983340167186,-13.737203846182139,20.084432955969007,0.4501065170325122,1.5269779393421175,0.09067874210509094,48,64,0.0029613547863407926,3.0630161820598164e-05,0.3992415513178203,64.0,32.0,50,2357,97,training_budget__LSTM__cdnow__floor50__r10,1813
T',LSTM,cdnow,floor50,no_cluster,11,0.14593709252907233,1.6628361548055948,-8.989446640388449,18.948812756028886,0.433404584699707,1.4044638383301808,0.09055428206920624,42,64,0.0020257399773138105,0.00013416959285038275,0.10169704626012427,128.0,128.0,50,2357,97,training_budget__LSTM__cdnow__floor50__r11,1591
T',LSTM,cdnow,floor50,no_cluster,12,0.14570256522899738,1.6131236740211492,7.1736140440566665,21.968337430183652,0.42791203375983367,1.307240846750951,0.09058974612806295,48,64,0.0021144934851161563,2.118027539356518e-06,0.23352555988713974,128.0,128.0,50,2357,92,training_budget__LSTM__cdnow__floor50__r12,1813
T',LSTM,cdnow,floor50,no_cluster,13,0.14569969530092097,1.6330823897450975,-13.097889826566977,20.25092373432548,0.43326725281799155,1.4335443097351843,0.09061941877007484,47,64,0.002739802724669181,1.8717007092204693e-05,0.23816321888773456,64.0,128.0,50,2357,95,training_budget__LSTM__cdnow__floor50__r13,1776
T',LSTM,cdnow,floor50,no_cluster,14,0.14583662074354564,1.6230476956800561,22.7643792535173,31.861477165205102,0.4284789581716817,1.1431854319179708,0.09046677520146242,43,64,0.0029044107436553964,0.0024719311402046397,0.11568296781425783,64.0,32.0,50,2357,84,training_budget__LSTM__cdnow__floor50__r14,1628
T',LSTM,cdnow,floor50,no_cluster,15,0.14586050128377998,1.652660664561507,5.360949258110874,21.491292623709537,0.4460882859055981,1.345342174241801,0.09065220041854961,44,64,0.002396089697872398,0.0007125425891580293,0.1530076248726045,128.0,128.0,50,2357,94,training_budget__LSTM__cdnow__floor50__r15,1665
T',LSTM,cdnow,floor50,no_cluster,16,0.14633349210274074,1.7082429709075342,-7.482586455750408,18.73166238058531,0.4482790589486854,1.0542743635736054,0.09057501210151492,31,64,0.0021982794043315817,6.766396742874722e-06,0.002319536880058759,64.0,128.0,50,2357,98,training_budget__LSTM__cdnow__floor50__r16,1184
T',LSTM,cdnow,floor50,no_cluster,17,0.14615118300475674,1.654929906590884,33.272822536134655,38.3029019155373,0.43355410077922285,1.0408756332341202,0.09057105423228161,36,64,0.0027810775063309505,4.0217529953959625e-06,0.1599144378331668,128.0,128.0,50,2357,98,training_budget__LSTM__cdnow__floor50__r17,1369
T',LSTM,cdnow,floor50,no_cluster,18,0.14571243353452273,1.6216067146210353,14.11187259219853,25.527704148540906,0.4504516028170577,1.229644671586342,0.09057041912062748,47,64,0.001506483582724394,6.54364662060764e-05,0.002369742414062557,128.0,64.0,50,2357,97,training_budget__LSTM__cdnow__floor50__r18,1776
T',LSTM,cdnow,floor50,no_cluster,19,0.14691985681670802,1.7575108987226384,13.500790946224617,24.966754380682254,0.4462407304459627,1.7343213787627496,0.09067312044066352,41,64,0.002854618355616775,2.875821964337662e-06,0.3805454211403423,128.0,32.0,50,2357,93,training_budget__LSTM__cdnow__floor50__r19,1554
T',LSTM,cdnow,paper,no_cluster,0,0.14644049563226635,1.7161186883050585,-11.09208529721731,19.75752006901689,0.3818972937037205,1.0583275405483585,0.09191914209844293,11,32,0.001,0.0,0.0,128.0,128.0,0,2357,1,training_budget__LSTM__cdnow__paper__r00,888
T',LSTM,cdnow,paper,no_cluster,1,0.14618215185036434,1.6775262477127733,11.508178612693738,23.633772715641,0.38946652355170686,1.0630326231560228,0.09159040634797232,9,32,0.001,0.0,0.0,128.0,128.0,0,2357,1,training_budget__LSTM__cdnow__paper__r01,740
T',LSTM,cdnow,paper,no_cluster,2,0.1467971029451755,1.7189169633306682,37.981265769155506,41.287862175883674,0.4293271291044376,0.8947248792476515,0.09161436819546931,18,32,0.001,0.0,0.0,128.0,128.0,0,2357,1,training_budget__LSTM__cdnow__paper__r02,1406
T',LSTM,cdnow,paper,no_cluster,3,0.14625045868379974,1.6775284132236141,13.062004422950503,23.653033908338482,0.3969280113633459,0.9143095871189456,0.09130918201864571,12,32,0.001,0.0,0.0,128.0,128.0,0,2357,1,training_budget__LSTM__cdnow__paper__r03,962
T',LSTM,cdnow,paper,no_cluster,4,0.14635523726175373,1.6877069277281174,23.074669372683257,29.527440112241244,0.4122868632912733,0.9393473952472107,0.09188210088256243,9,32,0.001,0.0,0.0,128.0,128.0,0,2357,1,training_budget__LSTM__cdnow__paper__r04,740
T',LSTM,cdnow,paper,no_cluster,5,0.14634828812231637,1.7004099737886595,-3.9857527539432023,18.71029025189442,0.4168784391299617,1.0283172959177023,0.09161149398297877,19,32,0.001,0.0,0.0,128.0,128.0,0,2357,1,training_budget__LSTM__cdnow__paper__r05,1480
T',LSTM,cdnow,paper,no_cluster,6,0.14873147562044772,1.9913601711831128,18.920315801114107,28.259630204917915,0.39661847718407955,2.029025719175398,0.09097034856677055,20,32,0.001,0.0,0.0,128.0,128.0,0,2357,1,training_budget__LSTM__cdnow__paper__r06,1554
T',LSTM,cdnow,paper,no_cluster,7,0.1460673886864826,1.6686063830660616,-1.660686814248638,18.876517023596293,0.35344490828710035,1.2588916447595164,0.09161916755240511,14,32,0.001,0.0,0.0,128.0,128.0,0,2357,1,training_budget__LSTM__cdnow__paper__r07,1110
T',LSTM,cdnow,paper,no_cluster,8,0.14602790026801735,1.6440180210009652,28.697360711353777,33.264115529532745,0.4300567094522509,1.2612711843226414,0.09258384609947333,7,32,0.001,0.0,0.0,128.0,128.0,0,2357,1,training_budget__LSTM__cdnow__paper__r08,592
T',LSTM,cdnow,paper,no_cluster,9,0.1465561097570681,1.7061957041486309,31.191819832023526,35.7997356387625,0.4282735339113328,0.8234593513326611,0.09180508866100698,9,32,0.001,0.0,0.0,128.0,128.0,0,2357,1,training_budget__LSTM__cdnow__paper__r09,740
T',LSTM,cdnow,paper,no_cluster,10,0.14655535633991962,1.7441877933642387,-25.530607605200956,27.205541430134804,0.39159603359078493,1.2248945427055475,0.09167020682346176,7,32,0.001,0.0,0.0,128.0,128.0,0,2357,1,training_budget__LSTM__cdnow__paper__r10,592
T',LSTM,cdnow,paper,no_cluster,11,0.14617012438557767,1.695127650954244,-11.092612922123125,19.76226940136758,0.42094837117006123,1.1429579799078742,0.0911954176687711,19,32,0.001,0.0,0.0,128.0,128.0,0,2357,1,training_budget__LSTM__cdnow__paper__r11,1480
T',LSTM,cdnow,paper,no_cluster,12,0.1463005978070025,1.6650273662758186,29.37493325655853,34.0192607401974,0.4424921416054845,1.1200872388533978,0.09223670190250552,8,32,0.001,0.0,0.0,128.0,128.0,0,2357,1,training_budget__LSTM__cdnow__paper__r12,666
T',LSTM,cdnow,paper,no_cluster,13,0.1468925761673681,1.774750802028499,-0.6548821674490716,19.477044732499056,0.3226837309881316,0.7341178915510788,0.09131244273000472,24,32,0.001,0.0,0.0,128.0,128.0,0,2357,1,training_budget__LSTM__cdnow__paper__r13,1850
T',LSTM,cdnow,paper,no_cluster,14,0.1462227899215863,1.6938797650035244,-8.178892670135697,18.919261411461562,0.39648152865201414,1.0954444875059646,0.09130598901695497,18,32,0.001,0.0,0.0,128.0,128.0,0,2357,1,training_budget__LSTM__cdnow__paper__r14,1406
T',LSTM,cdnow,paper,no_cluster,15,0.14652493873242026,1.7316595205771257,-6.220053581663739,18.52084438220691,0.43373604371015734,0.9494413200380044,0.09180084188040849,11,32,0.001,0.0,0.0,128.0,128.0,0,2357,1,training_budget__LSTM__cdnow__paper__r15,888
T',LSTM,cdnow,paper,no_cluster,16,0.1470989105696667,1.8020757788447777,-34.15303507156327,34.51029096781685,0.40921037618573,1.0893275851601394,0.09164365441412539,12,32,0.001,0.0,0.0,128.0,128.0,0,2357,1,training_budget__LSTM__cdnow__paper__r16,962
T',LSTM,cdnow,paper,no_cluster,17,0.14671531529873966,1.7484939090191058,-10.865963924489735,19.58100297284326,0.403225124799597,0.9246411258615915,0.09142754390533711,7,32,0.001,0.0,0.0,128.0,128.0,0,2357,1,training_budget__LSTM__cdnow__paper__r17,592
T',LSTM,cdnow,paper,no_cluster,18,0.1466744817955435,1.736486016188511,5.467545338230298,20.87809992880405,0.41248391642548426,0.8947317273900061,0.09153386119853806,15,32,0.001,0.0,0.0,128.0,128.0,0,2357,1,training_budget__LSTM__cdnow__paper__r18,1184
T',LSTM,cdnow,paper,no_cluster,19,0.14675719098439438,1.747264960075105,3.8345638458125144,20.26622669039026,0.42830863062826124,0.8525343882599553,0.09213346459374235,14,32,0.001,0.0,0.0,128.0,128.0,0,2357,1,training_budget__LSTM__cdnow__paper__r19,1110
T,LSTM,electronics,archive,no_cluster,0,0.37657302615616284,3.531369413160788,14.744035243205765,51.53953643323977,0.03690296912374399,0.08372716704078066,0.08992496132850647,13,256,0.0006300314164107551,1.3063372103949856e-06,0.2664360852392103,64.0,128.0,0,829,43,training_budget__LSTM__electronics__archive__r00,56
T,LSTM,electronics,archive,no_cluster,1,0.37708103482006416,3.5710607748921523,32.75494189512659,59.24505790379386,0.03135317846345328,0.08094015198856776,0.0890247318893671,10,256,0.0014917615927932835,0.00107725171615628,0.3018524280667129,128.0,128.0,0,829,33,training_budget__LSTM__electronics__archive__r01,44
T,LSTM,electronics,archive,no_cluster,2,0.37670209199025056,3.5139371007792755,-2.0153376988016842,47.60906612773531,0.05775905681214113,0.09277797084726541,0.08852111734449863,10,256,0.0016580330893962829,0.00010208161597556415,0.046062187898638085,32.0,64.0,0,829,44,training_budget__LSTM__electronics__archive__r02,44
T,LSTM,electronics,archive,no_cluster,3,0.3776488067564942,3.6531548107794367,54.27505104144199,71.57839121869627,0.03531859011136496,0.07720928718540386,0.08892673440277576,8,256,0.0017929782573624785,0.00033924551556250036,0.16401055666222428,128.0,128.0,0,829,37,training_budget__LSTM__electronics__archive__r03,36
T,LSTM,electronics,archive,no_cluster,4,0.37677763230266575,3.5275275910488118,6.5310154344450755,49.27198358290222,0.013407967648551254,0.09076352209429296,0.0886626336723566,6,256,0.001174217569071767,0.00021280000125713602,0.3082755154942872,128.0,128.0,0,829,51,training_budget__LSTM__electronics__archive__r04,28
T,LSTM,electronics,archive,no_cluster,5,0.37668114167800615,3.522855921369536,8.711315372015239,50.08418536602166,0.07322071383173841,0.08796014993762893,0.09078811667859554,14,256,0.002273515781426056,4.5617714298856014e-06,0.3802355354412359,64.0,32.0,0,829,34,training_budget__LSTM__electronics__archive__r05,60
T,LSTM,electronics,archive,no_cluster,6,0.37697431932036607,3.609822052399643,43.98500327720474,65.26653027243208,0.04583025739318266,0.08352731650454205,0.09111882426909038,4,128,0.0017367710352411425,0.00036215065116033496,0.057797485247417166,128.0,128.0,0,829,48,training_budget__LSTM__electronics__archive__r06,35
T,LSTM,electronics,archive,no_cluster,7,0.3775797350880656,3.6206319213293847,46.978186669009574,69.11111109145361,0.04359865058136355,0.08351633006482101,0.08885958977043629,7,256,0.0024753829909137937,0.00023293041966576292,0.2250104046844621,128.0,128.0,0,829,40,training_budget__LSTM__electronics__archive__r07,32
T,LSTM,electronics,archive,no_cluster,8,0.37698725629934593,3.5816361927598317,32.51022481763926,56.99625078591256,0.010885371682471452,0.08075048202099487,0.0890073012560606,8,256,0.002637344740102652,2.8949673715316908e-06,0.39870628500178595,128.0,64.0,0,829,61,training_budget__LSTM__electronics__archive__r08,36
T,LSTM,electronics,archive,no_cluster,9,0.37714814734650887,3.5672667412584187,27.763803485823985,55.41070203481574,0.01884981889514575,0.0837547904677288,0.0890029575675726,7,256,0.002816314971192197,0.00028689118800219243,0.1134281540454764,128.0,64.0,0,829,42,training_budget__LSTM__electronics__archive__r09,32
T,LSTM,electronics,archive,no_cluster,10,0.3774187168636031,3.632270077333049,47.46319006781838,64.82583494582688,0.009163104726891592,0.078051122900731,0.0888752955943346,9,256,0.0020602260552887146,0.00013119757273649863,0.1373675633707278,128.0,64.0,0,829,42,training_budget__LSTM__electronics__archive__r10,40
T,LSTM,electronics,archive,no_cluster,11,0.3769026297910623,3.5119330902679904,14.348670520617068,54.22392638867442,0.17246845069862335,0.10013680786587768,0.08900229819118977,13,256,0.0021267427700940957,0.003284139734414604,0.3093972104622923,32.0,128.0,0,829,30,training_budget__LSTM__electronics__archive__r11,56
T,LSTM,electronics,archive,no_cluster,12,0.37687468295847876,3.573871534319646,27.52385805306997,54.86128145045432,-0.028886659369380906,0.08484196488686577,0.08886948600411415,8,256,0.0029246878817335772,2.3552116625469174e-06,0.012450678529647615,128.0,32.0,0,829,36,training_budget__LSTM__electronics__archive__r12,36
T,LSTM,electronics,archive,no_cluster,13,0.3776060939188506,3.5955608259955185,43.60463516780334,66.47307427819678,0.036257234518618994,0.08251458276304333,0.09114108234643936,4,128,0.002170944911147915,1.4023937600388557e-06,0.25662675535946,128.0,128.0,0,829,34,training_budget__LSTM__electronics__archive__r13,35
T,LSTM,electronics,archive,no_cluster,14,0.3770204455385125,3.554752590486232,24.209270436169305,54.835037383344144,0.019483610226947744,0.0838976983426476,0.08900591358542442,11,256,0.0014826180315638275,0.0007392932289781242,0.3418454301966709,128.0,64.0,0,829,46,training_budget__LSTM__electronics__archive__r14,48
T,LSTM,electronics,archive,no_cluster,15,0.3770023349157159,3.6051076676463913,39.78834349608726,62.3909338345038,-0.04304576276364825,0.08105730828212633,0.08912601508200169,8,256,0.0021988271648905114,0.00021553542366046247,0.058425584928725204,128.0,64.0,0,829,28,training_budget__LSTM__electronics__archive__r15,36
T,LSTM,electronics,archive,no_cluster,16,0.37749509314379887,3.6180044214522846,45.88513960077808,68.11622355448173,0.05309206691296804,0.07943328528407503,0.0888635665178299,10,256,0.0019766699594601393,0.0020690424597823243,0.08454366217492969,64.0,128.0,0,829,32,training_budget__LSTM__electronics__archive__r16,44
T,LSTM,electronics,archive,no_cluster,17,0.3768895922007004,3.5391779226602536,13.35957715841377,50.07668703219302,0.02470930553371401,0.0846458347860985,0.08908557891845703,7,256,0.002952119861810243,5.314332981551595e-06,0.2511063550435965,128.0,32.0,0,829,52,training_budget__LSTM__electronics__archive__r17,32
T,LSTM,electronics,archive,no_cluster,18,0.37783048880316156,3.653253899164488,53.28561681422413,71.8043626275931,-0.01107656991265872,0.08005566658049222,0.0889072846621275,6,256,0.002518711648517917,5.829040545943495e-05,0.025026565924566098,128.0,128.0,0,829,36,training_budget__LSTM__electronics__archive__r18,28
T,LSTM,electronics,archive,no_cluster,19,0.377323180208418,3.5749513983628143,32.74982940829672,61.68234487024181,0.010705792407847177,0.08375769399404022,0.09108558510031019,6,128,0.0025899521851333843,3.522882005325326e-05,0.07702351018504298,64.0,64.0,0,829,61,training_budget__LSTM__electronics__archive__r19,49
T,LSTM,electronics,floor50,no_cluster,0,0.3764016072647832,3.5129016046323773,-1.7505115286614352,48.19768230178745,0.059308499829011374,0.09555569167965791,0.08829443529248238,13,256,0.0006296059694101528,9.347017867528397e-05,0.32885859444602195,64.0,128.0,50,829,100,training_budget__LSTM__electronics__floor50__r00,56
T,LSTM,electronics,floor50,no_cluster,1,0.3764705523454957,3.5211998914895477,-10.522836019699735,47.43012952959214,0.08997121620401109,0.09743333440315417,0.08840963803231716,16,256,0.0009118591485006466,5.076134359058867e-06,0.2356256091674548,32.0,64.0,50,829,99,training_budget__LSTM__electronics__floor50__r01,68
T,LSTM,electronics,floor50,no_cluster,2,0.3765284246159616,3.534320570600383,-26.033401841281393,51.23449223847388,0.08882110283815281,0.11541417137394595,0.08799267932772636,33,256,0.00042769900067422643,6.830014300786961e-06,0.3891165310066261,32.0,128.0,50,829,87,training_budget__LSTM__electronics__floor50__r02,136
T,LSTM,electronics,floor50,no_cluster,3,0.3772756460479652,3.5650738768399646,34.659168229964514,63.38650309648956,0.07875091028065699,0.08897095505658809,0.0886005125939846,11,256,0.001829499677142429,0.00016237426888079611,0.28586989163625054,64.0,128.0,50,829,99,training_budget__LSTM__electronics__floor50__r03,48
T,LSTM,electronics,floor50,no_cluster,4,0.3769202743923125,3.553445498089406,16.843217236879138,52.41104283096451,-0.04316734301201257,0.08648190474119052,0.08840978890657425,38,256,0.002462215668909899,0.00017263923430966595,0.16026570708619728,128.0,128.0,50,829,98,training_budget__LSTM__electronics__floor50__r04,156
T,LSTM,electronics,floor50,no_cluster,5,0.37646311337618715,3.5149100564222526,-6.154737839870305,46.36196311475639,0.09431856864754959,0.10102113795046958,0.08783986791968346,59,256,0.0018527516362293033,0.00028519112353111683,0.3807118638239166,128.0,128.0,50,829,95,training_budget__LSTM__electronics__floor50__r05,240
T,LSTM,electronics,floor50,no_cluster,6,0.3760967977428684,3.4735085100646774,12.330947288812759,45.87559635892516,0.15788231071048198,0.15206692148225712,0.08791682869195938,61,128,0.002485717698179594,0.004533887237174216,0.013095000986584865,128.0,64.0,50,829,91,training_budget__LSTM__electronics__floor50__r06,434
T,LSTM,electronics,floor50,no_cluster,7,0.3766307872007791,3.531107832996534,7.4931831235583815,56.04805720585311,0.021094616193271257,0.0921685215823696,0.0886035617440939,50,256,0.0028982550056299862,0.00014108010827174413,0.2992839364489383,64.0,64.0,50,829,96,training_budget__LSTM__electronics__floor50__r07,204
T,LSTM,electronics,floor50,no_cluster,8,0.3764889126710966,3.5168801623348815,0.8766186853390524,48.10974772730059,0.09342673049854987,0.09907762736052625,0.08842776902019978,17,256,0.0008653983052596769,2.4812338869430125e-05,0.01622019421581768,32.0,64.0,50,829,98,training_budget__LSTM__electronics__floor50__r08,72
T,LSTM,electronics,floor50,no_cluster,9,0.376670661469565,3.5152657129407308,8.474096526145964,47.997614132696185,0.08767052689991145,0.10309444470404361,0.08799971081316471,18,256,0.0003675272114295664,0.005790089596121768,0.2023706847642095,64.0,128.0,50,829,100,training_budget__LSTM__electronics__floor50__r09,76
T,LSTM,electronics,floor50,no_cluster,10,0.37666888856005165,3.5194783084276726,6.6639397830409415,48.86434898377173,0.0661167638018091,0.10404041536806163,0.08799955993890762,15,256,0.0004894445259306618,2.156533924510212e-05,0.14038724089832266,64.0,128.0,50,829,98,training_budget__LSTM__electronics__floor50__r10,64
T,LSTM,electronics,floor50,no_cluster,11,0.3765600464387746,3.504631792803716,-0.22801666139007568,46.63428765935561,0.16712802878287025,0.10421314186985743,0.08771267719566822,29,256,0.0002970612161007776,5.035535427034247e-05,0.2890486634189975,32.0,128.0,50,829,61,training_budget__LSTM__electronics__floor50__r11,120
T,LSTM,electronics,floor50,no_cluster,12,0.3763751309418866,3.529707779228898,-13.174846959849637,47.03987728824664,0.032808226076641,0.10256944315988087,0.08838996477425098,23,256,0.0005606932103531777,0.00032479554469280465,0.36793523819469637,32.0,64.0,50,829,98,training_budget__LSTM__electronics__floor50__r12,96
T,LSTM,electronics,floor50,no_cluster,13,0.3765148742403511,3.5051471334362283,-3.3963874683303668,46.630197633426015,0.05996257321562643,0.10927863490133685,0.08804195560514927,20,256,0.00034542371308918143,1.224901830727548e-06,0.004161689786638265,64.0,128.0,50,829,87,training_budget__LSTM__electronics__floor50__r13,84
T,LSTM,electronics,floor50,no_cluster,14,0.37754860495898873,3.626593930092877,46.06407625434353,73.113837716028,0.00016961510752497142,0.07976153237809032,0.08798883110284805,48,256,0.001381514895603809,2.3997214302129836e-06,0.3734582587758728,128.0,128.0,50,829,99,training_budget__LSTM__electronics__floor50__r14,196
T,LSTM,electronics,floor50,no_cluster,15,0.3761644527678501,3.46043491584024,-21.870825141503413,43.024199092779746,0.1232735185185004,0.26719848469576807,0.0881115368434361,65,128,0.002520150842518473,4.0828959067111575e-06,0.013051705762774368,128.0,64.0,50,829,93,training_budget__LSTM__electronics__floor50__r15,462
T,LSTM,electronics,floor50,no_cluster,16,0.3763729775946655,3.54697509636825,-26.746421622337284,47.948875303882375,0.0998243929160961,0.11283697272731592,0.08807597495615482,68,256,0.00013996439306046782,0.0003073824913095178,0.37481652260260184,32.0,128.0,50,829,88,training_budget__LSTM__electronics__floor50__r16,276
T,LSTM,electronics,floor50,no_cluster,17,0.3765745554034343,3.5161258832277746,-2.222563311947892,47.28800268607604,0.09406755711605647,0.09745437099617686,0.08814221434295177,17,256,0.0005010534858105836,3.6043276950411803e-06,0.17638396518651067,64.0,128.0,50,829,97,training_budget__LSTM__electronics__floor50__r17,72
T,LSTM,electronics,floor50,no_cluster,18,0.3766618153393558,3.527122670286169,-10.285617210651663,46.773006107680985,0.032817242611791336,0.10682313012172319,0.08752677217125893,57,256,0.0027034271734891063,0.0011272998097272334,0.19234993924567304,128.0,128.0,50,829,97,training_budget__LSTM__electronics__floor50__r18,232
T,LSTM,electronics,floor50,no_cluster,19,0.3766086156302023,3.5167107879552617,-5.434219793231974,47.88479889008509,0.07265371789497427,0.10391229553787443,0.08808743953704834,15,256,0.00048576015575919635,0.0013171266977996302,0.18111468222355562,64.0,128.0,50,829,96,training_budget__LSTM__electronics__floor50__r19,64
T,LSTM,electronics,paper90,no_cluster,0,0.37739896116222477,3.671083118697355,89.59032033653264,91.535105602276,0.27104037591737884,0.568612471328078,0.08903227875439021,82,32,0.001,0.0,0.0,128.0,128.0,90,829,1,training_budget__LSTM__electronics__paper90__r00,2158
T,LSTM,electronics,paper90,no_cluster,1,0.3763320801139876,3.4259061686026384,27.986707380606372,45.38479878090379,0.18196808146468063,0.23448517439496655,0.08910621244173783,74,32,0.001,0.0,0.0,128.0,128.0,90,829,1,training_budget__LSTM__electronics__paper90__r01,1950
T,LSTM,electronics,paper90,no_cluster,2,0.37717229221788334,3.5525085770431204,52.42603941412342,61.3517381586692,0.19434976630602757,0.13537240667263528,0.08837245075175396,89,32,0.001,0.0,0.0,128.0,128.0,90,829,1,training_budget__LSTM__electronics__paper90__r02,2340
T,LSTM,electronics,paper90,no_cluster,3,0.37631223808348174,3.4237761946433793,-8.18404939473859,36.38991138154429,0.2043320995440496,0.24513010678248118,0.08858571387827396,66,32,0.001,0.0,0.0,128.0,128.0,90,829,1,training_budget__LSTM__electronics__paper90__r03,1742
T,LSTM,electronics,paper90,no_cluster,4,0.3768701095863341,3.479223466446545,58.142808343625894,67.51226985423312,0.20919463128284457,0.3421521617829863,0.08826145357810534,59,32,0.001,0.0,0.0,128.0,128.0,90,829,1,training_budget__LSTM__electronics__paper90__r04,1560
T,LSTM,electronics,paper90,no_cluster,5,0.37703917745468857,3.562205491126106,32.73892284903583,62.1315609487871,0.1052177490685556,0.08649695930595716,0.09285192306225117,1,32,0.001,0.0,0.0,128.0,128.0,90,829,1,training_budget__LSTM__electronics__paper90__r05,52
T,LSTM,electronics,paper90,no_cluster,6,0.37579131040974945,3.3740267416656238,-7.419223177812555,39.19631898188589,0.23865666875228872,0.32537248546023695,0.08916247750704105,70,32,0.001,0.0,0.0,128.0,128.0,90,829,1,training_budget__LSTM__electronics__paper90__r06,1846
T,LSTM,electronics,paper90,no_cluster,7,0.3764821033433569,3.4229295681325524,37.48636656252232,53.08350360988493,0.2475444507603595,0.2610691503007672,0.08896945861096565,76,32,0.001,0.0,0.0,128.0,128.0,90,829,1,training_budget__LSTM__electronics__paper90__r07,2002
T,LSTM,electronics,paper90,no_cluster,8,0.3760926728880226,3.420740583208003,-10.399114155041206,33.77607363328878,0.18832528304050583,0.3213775457548895,0.08876195807869618,82,32,0.001,0.0,0.0,128.0,128.0,90,829,1,training_budget__LSTM__electronics__paper90__r08,2158
T,LSTM,electronics,paper90,no_cluster,9,0.3762330274575768,3.3538088631486738,22.46284913252605,46.021813101464595,0.2942074106548036,0.3801733386044567,0.09120329698691002,72,32,0.001,0.0,0.0,128.0,128.0,90,829,1,training_budget__LSTM__electronics__paper90__r09,1898
T,LSTM,electronics,paper90,no_cluster,10,0.37665641332109645,3.5037927966821996,17.248466055162083,38.14962497076246,0.11538065619085656,0.1594021755144396,0.08923459855409768,57,32,0.001,0.0,0.0,128.0,128.0,90,829,1,training_budget__LSTM__electronics__paper90__r10,1508
T,LSTM,electronics,paper90,no_cluster,11,0.37859144621944024,3.8296734455290613,98.70109067799355,103.39366052599374,0.23541946373472605,0.1829981829899787,0.08909258045829259,74,32,0.001,0.0,0.0,128.0,128.0,90,829,1,training_budget__LSTM__electronics__paper90__r11,1950
T,LSTM,electronics,paper90,no_cluster,12,0.3773783107670381,3.632739847031062,68.44035446054679,74.80368095119336,0.15744559711549902,0.20147480395034156,0.08895208428685482,54,32,0.001,0.0,0.0,128.0,128.0,90,829,1,training_budget__LSTM__electronics__paper90__r12,1430
T,LSTM,electronics,paper90,no_cluster,13,0.3761319558766732,3.400243711316069,24.793455862054678,46.14587586656225,0.17095756487366925,0.23623920287506062,0.08895512870871104,81,32,0.001,0.0,0.0,128.0,128.0,90,829,1,training_budget__LSTM__electronics__paper90__r13,2132
T,LSTM,electronics,paper90,no_cluster,14,0.3773768869761644,3.598821868416611,40.55657791336903,63.527266423763194,0.02128129850330672,0.08263339004640521,0.09247199359994668,1,32,0.001,0.0,0.0,128.0,128.0,90,829,1,training_budget__LSTM__electronics__paper90__r14,52
T,LSTM,electronics,paper90,no_cluster,15,0.3761923460055498,3.463705095172005,-0.44546718509209077,39.29209265351324,0.10832237380294255,0.1815918532518975,0.08934020666548839,71,32,0.001,0.0,0.0,128.0,128.0,90,829,1,training_budget__LSTM__electronics__paper90__r15,1872
T,LSTM,electronics,paper90,no_cluster,16,0.37571043248590286,3.3168998307706032,-5.985003669035979,38.7177914185494,0.2596342601162815,0.5260410646804583,0.08903494749504787,88,32,0.001,0.0,0.0,128.0,128.0,90,829,1,training_budget__LSTM__electronics__paper90__r16,2314
T,LSTM,electronics,paper90,no_cluster,17,0.37729727502519983,3.581287085861277,35.459440871158854,59.25153361324874,0.03776265212075511,0.08372029691006572,0.09265919001056598,16,32,0.001,0.0,0.0,128.0,128.0,90,829,1,training_budget__LSTM__electronics__paper90__r17,442
T,LSTM,electronics,paper90,no_cluster,18,0.37640605689701134,3.4820010998750863,3.173823881673268,36.32651662914906,0.11741779606738295,0.14994926464030395,0.09014791135604565,76,32,0.001,0.0,0.0,128.0,128.0,90,829,1,training_budget__LSTM__electronics__paper90__r18,2002
T,LSTM,electronics,paper90,no_cluster,19,0.37675583343110153,3.5186422274372737,45.238581999003685,58.543967182132754,0.12826923903955595,0.16832750304009375,0.08919573790178849,58,32,0.001,0.0,0.0,128.0,128.0,90,829,1,training_budget__LSTM__electronics__paper90__r19,1534
T,LSTM,electronics,paper,no_cluster,0,0.3769718540111062,3.5933387848417944,37.977845824228865,63.67314239340458,0.003633149080553081,0.07728597856912026,0.0929216812722958,1,32,0.001,0.0,0.0,128.0,128.0,0,829,1,training_budget__LSTM__electronics__paper__r00,52
T,LSTM,electronics,paper,no_cluster,1,0.37718175138365817,3.5852627410664195,35.221540392900096,61.96728008992876,7.933118272933363e-05,0.08023013294875866,0.09302795162567726,1,32,0.001,0.0,0.0,128.0,128.0,0,829,1,training_budget__LSTM__electronics__paper__r01,52
T,LSTM,electronics,paper,no_cluster,2,0.3772890768743399,3.5911221230627497,39.61520095463086,65.73653708135251,0.00901787116529846,0.07900523465230652,0.09265244451279823,1,32,0.001,0.0,0.0,128.0,128.0,0,829,1,training_budget__LSTM__electronics__paper__r02,52
T,LSTM,electronics,paper,no_cluster,3,0.3772325896247087,3.5899514244702107,39.29959087617981,64.77130192205625,0.033373267073318655,0.07836890296730134,0.09263359368420564,1,32,0.001,0.0,0.0,128.0,128.0,0,829,1,training_budget__LSTM__electronics__paper__r03,52
T,LSTM,electronics,paper,no_cluster,4,0.3778633975319805,3.683239784028356,58.08861614976272,75.75391951660174,0.002918277171711652,0.07508211972287406,0.09261092772850624,1,32,0.001,0.0,0.0,128.0,128.0,0,829,1,training_budget__LSTM__electronics__paper__r04,52
T,LSTM,electronics,paper,no_cluster,5,0.3769748139091289,3.549715983873486,27.90422615485319,59.01397401898654,0.10305045483675979,0.08720555129864851,0.09285192306225117,1,32,0.001,0.0,0.0,128.0,128.0,0,829,1,training_budget__LSTM__electronics__paper__r05,52
T,LSTM,electronics,paper,no_cluster,6,0.37653528009252507,3.5285548592663543,-1.9652354460523502,51.75528293100946,0.020658579881530807,0.0933170334800899,0.09317058697342873,1,32,0.001,0.0,0.0,128.0,128.0,0,829,1,training_budget__LSTM__electronics__paper__r06,52
T,LSTM,electronics,paper,no_cluster,7,0.37663053928886625,3.5346195598627133,6.728356950500369,51.704498944231396,-0.008567319096651257,0.09195688501931554,0.09329649161260861,1,32,0.001,0.0,0.0,128.0,128.0,0,829,1,training_budget__LSTM__electronics__paper__r07,52
T,LSTM,electronics,paper,no_cluster,8,0.37696586569073925,3.554300347579363,19.678936399272985,56.61963183698178,-0.0003153208040333671,0.08352039242841709,0.09345121853626691,1,32,0.001,0.0,0.0,128.0,128.0,0,829,1,training_budget__LSTM__electronics__paper__r08,52
T,LSTM,electronics,paper,no_cluster,9,0.37739710945762156,3.6121815495206926,42.61758678047394,69.09202447347715,0.03311584503637916,0.0784590766140022,0.09303411755424279,1,32,0.001,0.0,0.0,128.0,128.0,0,829,1,training_budget__LSTM__electronics__paper__r09,52
T,LSTM,electronics,paper,no_cluster,10,0.3772256030654922,3.583449372717957,33.525562218194096,62.111111036701715,0.030620179724649046,0.08211748790702375,0.09317490888329652,1,32,0.001,0.0,0.0,128.0,128.0,0,829,1,training_budget__LSTM__electronics__paper__r10,52
T,LSTM,electronics,paper,no_cluster,11,0.37767704105283256,3.645867837790449,51.50852067473485,74.47784588187822,0.07375559755327225,0.07535935117655528,0.09301121518588983,1,32,0.001,0.0,0.0,128.0,128.0,0,829,1,training_budget__LSTM__electronics__paper__r11,52
T,LSTM,electronics,paper,no_cluster,12,0.3770034440256569,3.5649365550660836,25.352760551061696,58.4182003685022,-0.002450479210326485,0.08788481057232395,0.09281382938990226,1,32,0.001,0.0,0.0,128.0,128.0,0,829,1,training_budget__LSTM__electronics__paper__r12,52
T,LSTM,electronics,paper,no_cluster,13,0.37724942555196583,3.5783140556416613,38.30334003221156,62.926380292416525,0.040017658842069516,0.0829160217331944,0.09257651378328983,1,32,0.001,0.0,0.0,128.0,128.0,0,829,1,training_budget__LSTM__electronics__paper__r13,52
T,LSTM,electronics,paper,no_cluster,14,0.3773336522794709,3.5870886899966266,36.94717094166306,61.782890138290504,0.021446246541142047,0.08301991530525082,0.09247199359994668,1,32,0.001,0.0,0.0,128.0,128.0,0,829,1,training_budget__LSTM__electronics__paper__r14,52
T,LSTM,electronics,paper,no_cluster,15,0.3769148914861567,3.577987852695062,31.971710870117217,60.66359916953307,-0.03105199576066211,0.08229848362511617,0.0928025499272805,1,32,0.001,0.0,0.0,128.0,128.0,0,829,1,training_budget__LSTM__electronics__paper__r15,52
T,LSTM,electronics,paper,no_cluster,16,0.37717103446911426,3.600362348773989,39.68438975825315,66.20654390062099,0.02634929673519942,0.07831488561240027,0.09364295306687172,1,32,0.001,0.0,0.0,128.0,128.0,0,829,1,training_budget__LSTM__electronics__paper__r16,52
T,LSTM,electronics,paper,no_cluster,17,0.37732867102837764,3.563819078457734,27.373892103842923,61.362303923256746,0.023567074922081634,0.08050995029142918,0.09320379062913932,1,32,0.001,0.0,0.0,128.0,128.0,0,829,1,training_budget__LSTM__electronics__paper__r17,52
T,LSTM,electronics,paper,no_cluster,18,0.3771128432848531,3.574099138081604,31.044648756065357,59.55657795599787,0.003699768944577201,0.0814647013747582,0.09252964948805478,1,32,0.001,0.0,0.0,128.0,128.0,0,829,1,training_budget__LSTM__electronics__paper__r18,52
T,LSTM,electronics,paper,no_cluster,19,0.3779740139613901,3.7307212394315608,68.07259706946633,83.21642805990419,0.012757855721923183,0.07274234824103823,0.0930448857924113,1,32,0.001,0.0,0.0,128.0,128.0,0,829,1,training_budget__LSTM__electronics__paper__r19,52
T',ValendinLSTM,cdnow,archive,no_cluster,0,0.1476444719685595,1.872180128965918,-45.24934113399207,46.12216430418909,0.35701730809604837,1.2579982481027945,0.09155846920770568,22,64,0.0018880407066224109,1.5202611200402473e-06,,,,0,2357,20,training_budget__ValendinLSTM__cdnow__archive__r00,851
T',ValendinLSTM,cdnow,archive,no_cluster,1,0.1470343541846431,1.7822877903902703,-30.262269955915084,32.22269186995807,0.3901373822967449,1.1167712008401265,0.09117277188075555,13,64,0.001689297941372895,2.4070652486556225e-05,,,,0,2357,14,training_budget__ValendinLSTM__cdnow__archive__r01,518
T',ValendinLSTM,cdnow,archive,no_cluster,2,0.14665602466088012,1.7167879453329524,-8.505805610853859,27.717942108196276,0.36661644392258375,1.1115326020477245,0.09151229534197498,13,64,0.002451935045730238,1.7279788359764048e-05,,,,0,2357,10,training_budget__ValendinLSTM__cdnow__archive__r02,518
T',ValendinLSTM,cdnow,archive,no_cluster,3,0.14654206688444452,1.7339511359546278,-37.44723018465254,39.87730918486567,0.4090509690765717,1.4643804369934732,0.09107043271934664,28,64,0.0021245848598207126,3.104080354733313e-05,,,,0,2357,22,training_budget__ValendinLSTM__cdnow__archive__r03,1073
T',ValendinLSTM,cdnow,archive,no_cluster,4,0.1471430540242403,1.7735987879659587,-1.193932201320441,25.725857599105197,0.38474540476337543,0.8117742192262146,0.09131102495499559,31,64,0.0016148477769049132,7.341034739635087e-05,,,,0,2357,27,training_budget__ValendinLSTM__cdnow__archive__r04,1184
T',ValendinLSTM,cdnow,archive,no_cluster,5,0.14636869327808338,1.6625561254120214,9.591555926299767,32.327704306318324,0.3896569129914401,1.1995736916260227,0.09133831733787381,22,64,0.0015243052691272486,0.00010403468842287269,,,,0,2357,24,training_budget__ValendinLSTM__cdnow__archive__r05,851
T',ValendinLSTM,cdnow,archive,no_cluster,6,0.1473952733883343,1.7159666508946705,-30.544327866227352,37.52902414979023,0.40439121706017955,1.717493700902676,0.09113072251548639,15,64,0.0022604775076458224,0.0024035237636445767,,,,0,2357,17,training_budget__ValendinLSTM__cdnow__archive__r06,592
T',ValendinLSTM,cdnow,archive,no_cluster,7,0.15683272230422246,2.222715118893612,166.83403648824307,169.7485484437902,0.44091868207769214,0.7501479163953597,0.0916362543766563,23,64,0.002810628636054119,7.5930401650754265e-06,,,,0,2357,13,training_budget__ValendinLSTM__cdnow__archive__r07,888
T',ValendinLSTM,cdnow,archive,no_cluster,8,0.14952544061403855,1.7905442040539383,1.9263846248307017,76.58496080138454,0.4293902372614741,0.6528475125791332,0.09108006521253972,22,64,0.0029183137448244713,1.3343174608107555e-06,,,,0,2357,24,training_budget__ValendinLSTM__cdnow__archive__r08,851
T',ValendinLSTM,cdnow,archive,no_cluster,9,0.14702485021024791,1.754631327910197,-32.0633252508607,37.65804784347892,0.40438540328316913,2.120381956669617,0.09087811732614362,27,64,0.0027239863213567145,1.1876634730520563e-06,,,,0,2357,21,training_budget__ValendinLSTM__cdnow__archive__r09,1036
T',ValendinLSTM,cdnow,archive,no_cluster,10,0.14713849692564518,1.8106247563948803,-29.506597129534985,33.051715677550256,0.40225909298042883,0.9120345457394986,0.09112406038754695,21,64,0.001202815743478214,4.7260757716170794e-06,,,,0,2357,29,training_budget__ValendinLSTM__cdnow__archive__r10,814
T',ValendinLSTM,cdnow,archive,no_cluster,11,0.14819422250042852,1.9189635516264258,-55.57572626270442,56.863852813397834,0.3301261528007142,1.0335494499340632,0.09112243807396374,12,64,0.0018138613485022463,0.002325824800384682,,,,0,2357,18,training_budget__ValendinLSTM__cdnow__archive__r11,481
T',ValendinLSTM,cdnow,archive,no_cluster,12,0.1471019981485978,1.7682418423575033,-33.913457203745196,41.06701886237157,0.3925657754483101,1.3334745290266223,0.09126107555788916,24,64,0.0018403956794399877,3.593196777521579e-05,,,,0,2357,30,training_budget__ValendinLSTM__cdnow__archive__r12,925
T',ValendinLSTM,cdnow,archive,no_cluster,13,0.14686805793238772,1.765518312829172,-21.21820660676632,29.053034604106994,0.38264239728070726,1.0378896087206293,0.09129764330950943,15,64,0.001671608288280389,0.0001215281092437922,,,,0,2357,22,training_budget__ValendinLSTM__cdnow__archive__r13,592
T',ValendinLSTM,cdnow,archive,no_cluster,14,0.14643279554937486,1.6853163268545557,-5.020317443570602,24.077308763919483,0.3873098322983018,1.0422600915004954,0.09119464255668022,11,64,0.0022466553817623255,0.0012712581380449487,,,,0,2357,17,training_budget__ValendinLSTM__cdnow__archive__r14,444
T',ValendinLSTM,cdnow,archive,no_cluster,15,0.14604975238581752,1.6677132962821437,-12.75382664949126,24.601319467545743,0.4217443319185749,1.2678003210137838,0.09137494459345534,17,64,0.0027166116173431964,8.767274300424555e-06,,,,0,2357,44,training_budget__ValendinLSTM__cdnow__archive__r15,666
T',ValendinLSTM,cdnow,archive,no_cluster,16,0.14688067167784644,1.757976738588895,-19.598681510998947,32.221900080146504,0.43053316258377733,0.986212007874354,0.0911947689144998,26,64,0.0013610934080515067,0.00035880156435417977,,,,0,2357,17,training_budget__ValendinLSTM__cdnow__archive__r16,999
T',ValendinLSTM,cdnow,archive,no_cluster,17,0.1470882819360432,1.707956947737355,31.54696485627227,39.21345597447561,0.3894537475541421,1.0203123119368729,0.09187027087082734,16,64,0.0013940319632484263,4.537405766052863e-06,,,,0,2357,18,training_budget__ValendinLSTM__cdnow__archive__r17,629
T',ValendinLSTM,cdnow,archive,no_cluster,18,0.1473718168532372,1.8436170841860218,-41.05752053643586,41.530343669474306,0.40188299792399207,1.2188240156284498,0.09163531600623517,12,64,0.0028470857580715245,0.0001889228050573743,,,,0,2357,17,training_budget__ValendinLSTM__cdnow__archive__r18,481
T',ValendinLSTM,cdnow,archive,no_cluster,19,0.14794723851706307,1.8614106121788647,1.4970967706810938,33.05488132535037,0.3633660474267535,0.4966140241231633,0.0919504510993893,18,64,0.0008993739740623432,1.1787687502483998e-06,,,,0,2357,32,training_budget__ValendinLSTM__cdnow__archive__r19,703
T',ValendinLSTM,cdnow,floor50,no_cluster,0,0.14632718592947866,1.681289094079987,-19.71530412429466,30.09788940466537,0.4300092218046244,1.3557477366908226,0.09099763088129662,25,64,0.0011550551806688634,2.1800740866171913e-06,,,,50,2357,94,training_budget__ValendinLSTM__cdnow__floor50__r00,962
T',ValendinLSTM,cdnow,floor50,no_cluster,1,0.14731150450337527,1.769038094141217,-40.876517920978756,42.18680801091243,0.3596796676182949,1.830500819300746,0.09122057611475119,49,64,0.00044417937931882825,0.0010638855215302312,,,,50,2357,70,training_budget__ValendinLSTM__cdnow__floor50__r01,1850
T',ValendinLSTM,cdnow,floor50,no_cluster,2,0.14692233918579053,1.709749247599635,-0.22269203423460288,29.916095037435973,0.4381553899747273,1.0137420703149478,0.09099583378111994,15,64,0.0015808606178468185,0.0008165312177525684,,,,50,2357,96,training_budget__ValendinLSTM__cdnow__floor50__r02,592
T',ValendinLSTM,cdnow,floor50,no_cluster,3,0.14847393553946447,1.8126604265699886,6.436410821177831,47.96992105498207,0.40193942094016605,0.6674316748066955,0.09068542467178525,45,64,0.000844711841308714,2.4130952820170722e-05,,,,50,2357,83,training_budget__ValendinLSTM__cdnow__floor50__r03,1702
T',ValendinLSTM,cdnow,floor50,no_cluster,4,0.14767494719188684,1.7636720823631844,9.446173515317964,31.57651701927336,0.4071438486897197,1.173973343417173,0.09059031821183257,17,64,0.0026630498351030898,1.3325013620431182e-05,,,,50,2357,97,training_budget__ValendinLSTM__cdnow__floor50__r04,666
T',ValendinLSTM,cdnow,floor50,no_cluster,5,0.1466436836884192,1.7188197289613312,-17.350396546818086,29.216359140484236,0.40828644862100777,1.1535555273210794,0.09104871729741225,15,64,0.0029024752845460155,0.0079300628502017,,,,50,2357,89,training_budget__ValendinLSTM__cdnow__floor50__r05,592
T',ValendinLSTM,cdnow,floor50,no_cluster,6,0.14826578463697435,1.942559926259758,-36.78971064962616,40.28258628568246,0.27226989825169656,0.5484192602892574,0.09122726834706359,41,64,0.0005260914625282866,0.00035603238584970624,,,,50,2357,96,training_budget__ValendinLSTM__cdnow__floor50__r06,1554
T',ValendinLSTM,cdnow,floor50,no_cluster,7,0.1462206435297535,1.658695929884018,-20.379947843497273,32.58786302762692,0.40526285705261167,1.5346299329196629,0.09087104602037249,43,64,0.0008900047180954936,0.0016151076649800053,,,,50,2357,86,training_budget__ValendinLSTM__cdnow__floor50__r07,1628
T',ValendinLSTM,cdnow,floor50,no_cluster,8,0.1474441359851506,1.8502352111866982,-53.77599006474517,54.22770500694251,0.3372394773082196,1.68097725097761,0.09106713785110293,37,64,0.0010878877087529281,3.301602729585033e-05,,,,50,2357,87,training_budget__ValendinLSTM__cdnow__floor50__r08,1406
T',ValendinLSTM,cdnow,floor50,no_cluster,9,0.14623185130257582,1.6854145892033134,-19.334565423144262,26.23007948670088,0.43216808842830745,1.2530235770917306,0.0911379701181038,17,64,0.002897180981150188,3.3863705193496084e-05,,,,50,2357,91,training_budget__ValendinLSTM__cdnow__floor50__r09,666
T',ValendinLSTM,cdnow,floor50,no_cluster,10,0.14803595620828042,1.7992734307772742,-13.637467830252978,24.739314126819053,0.3797730806952299,2.346981015507403,0.09113801633184021,33,64,0.0012800780942531218,0.0007005079582314335,,,,50,2357,96,training_budget__ValendinLSTM__cdnow__floor50__r10,1258
T',ValendinLSTM,cdnow,floor50,no_cluster,11,0.14691766232092432,1.6759952515532104,29.891555948983736,40.274142005080115,0.37280183793711724,1.0516352998052128,0.09108025097363703,31,64,0.0009486633700062442,4.38675439065619e-05,,,,50,2357,87,training_budget__ValendinLSTM__cdnow__floor50__r11,1184
T',ValendinLSTM,cdnow,floor50,no_cluster,12,0.15912124109449902,1.9880023060579282,48.88891761326318,91.71108194476976,-0.1499395887490823,0.5985423420131316,0.09100336631810343,24,64,0.0026233110558398693,0.00011931560401589804,,,,50,2357,98,training_budget__ValendinLSTM__cdnow__floor50__r12,925
T',ValendinLSTM,cdnow,floor50,no_cluster,13,0.14644579778886294,1.7248251191817667,-31.732718346979865,35.58021153945074,0.39827967014747534,1.3834655391203485,0.0909407223398621,21,64,0.0028645763365952935,0.00918430232705659,,,,50,2357,97,training_budget__ValendinLSTM__cdnow__floor50__r13,814
T',ValendinLSTM,cdnow,floor50,no_cluster,14,0.1466190505418926,1.7383474593215387,-28.179420272237614,34.72506641796108,0.413419955899887,1.1748361891536445,0.09076560459829666,31,64,0.0021233254816634245,0.004835831792532549,,,,50,2357,89,training_budget__ValendinLSTM__cdnow__floor50__r14,1184
T',ValendinLSTM,cdnow,floor50,no_cluster,15,0.14933046745084103,1.9627200343919056,-10.321108887911052,27.340633422971898,0.43496817317885206,2.7596378894139066,0.09095366289084023,31,64,0.0014502455008039527,2.301432669708989e-06,,,,50,2357,96,training_budget__ValendinLSTM__cdnow__floor50__r15,1184
T',ValendinLSTM,cdnow,floor50,no_cluster,16,0.14729266376504094,1.8005326287586032,-36.46728309903491,41.22506657231986,0.39550181260599726,1.4785384572866043,0.09063422649696067,23,64,0.0016065845240718936,4.5475781769116356e-05,,,,50,2357,95,training_budget__ValendinLSTM__cdnow__floor50__r16,888
T',ValendinLSTM,cdnow,floor50,no_cluster,17,0.14658697545124158,1.7361172055271088,-38.85910361381106,40.824275020274314,0.32087944905136306,1.8144667757961548,0.09080573755341607,30,64,0.002546060218518417,8.190989521725344e-05,,,,50,2357,85,training_budget__ValendinLSTM__cdnow__floor50__r17,1147
T',ValendinLSTM,cdnow,floor50,no_cluster,18,0.1470199823934485,1.703847629102115,-5.669393916086331,27.940633408823615,0.4213890954206488,1.1927732417836416,0.09096245719371615,25,64,0.002582857854453094,0.00026313364530572767,,,,50,2357,96,training_budget__ValendinLSTM__cdnow__floor50__r18,962
T',ValendinLSTM,cdnow,floor50,no_cluster,19,0.15485865493028364,2.031671065759412,45.38601508826027,76.96649078097893,-0.14724238046945237,0.6830772533968797,0.09131749125348555,32,64,0.0011605784202353565,0.0007294590461402262,,,,50,2357,84,training_budget__ValendinLSTM__cdnow__floor50__r19,1221
T',ValendinLSTM,cdnow,paper,no_cluster,0,0.14685229661567578,1.7130294520169367,20.28575123766885,34.320580187575445,0.4161278339240102,0.7914559911571868,0.09169395116938127,24,32,0.001,0.0,,,,0,2357,1,training_budget__ValendinLSTM__cdnow__paper__r00,1850
T',ValendinLSTM,cdnow,paper,no_cluster,1,0.1482062242453987,1.7830671685637258,24.201054736666862,62.1192614453548,0.3442736900669276,0.60742551121443,0.09332960174494498,12,32,0.001,0.0,,,,0,2357,1,training_budget__ValendinLSTM__cdnow__paper__r01,962
T',ValendinLSTM,cdnow,paper,no_cluster,2,0.15025936437930526,1.7095130441989248,47.11503883243797,57.788917916362365,0.4209502300523303,1.0723305894581847,0.09403681951398785,9,32,0.001,0.0,,,,0,2357,1,training_budget__ValendinLSTM__cdnow__paper__r02,740
T',ValendinLSTM,cdnow,paper,no_cluster,3,0.14892837620279945,1.9090161767199076,30.22480151294102,66.17994738231587,0.3105414950423574,0.3294033296464721,0.09747393142331291,7,32,0.001,0.0,,,,0,2357,1,training_budget__ValendinLSTM__cdnow__paper__r03,592
T',ValendinLSTM,cdnow,paper,no_cluster,4,0.1473618713892672,1.7679265887849414,5.780474142684733,33.48918208262655,0.4243259972431357,0.7175387784048505,0.09525658444476288,12,32,0.001,0.0,,,,0,2357,1,training_budget__ValendinLSTM__cdnow__paper__r04,962
T',ValendinLSTM,cdnow,paper,no_cluster,5,0.14639700323935675,1.6742257973429118,-3.9701853925487973,32.79973619305446,0.4097087899976622,1.077764096816795,0.0931308528005674,18,32,0.001,0.0,,,,0,2357,1,training_budget__ValendinLSTM__cdnow__paper__r05,1406
T',ValendinLSTM,cdnow,paper,no_cluster,6,0.14754250665723104,1.8152423697509892,-28.174143296354675,35.95356251454703,0.36303379009095277,0.9467429369469571,0.0928582878833687,12,32,0.001,0.0,,,,0,2357,1,training_budget__ValendinLSTM__cdnow__paper__r06,962
T',ValendinLSTM,cdnow,paper,no_cluster,7,0.14730449989627442,1.81832954633944,-35.53878707948878,41.16464442349895,0.35912321728473623,1.0321184447211313,0.093287926519642,12,32,0.001,0.0,,,,0,2357,1,training_budget__ValendinLSTM__cdnow__paper__r07,962
T',ValendinLSTM,cdnow,paper,no_cluster,8,0.1485780558617464,1.9944627380793991,-56.5102909842514,57.44432781913926,0.19813970223275035,0.781338847637065,0.09336460034388143,13,32,0.001,0.0,,,,0,2357,1,training_budget__ValendinLSTM__cdnow__paper__r08,1036
T',ValendinLSTM,cdnow,paper,no_cluster,9,0.1466834216452025,1.719826013168076,-7.2087079044287,24.179683476145907,0.4485223067512167,0.9845058498567028,0.09227009615986734,9,32,0.001,0.0,,,,0,2357,1,training_budget__ValendinLSTM__cdnow__paper__r09,740
T',ValendinLSTM,cdnow,paper,no_cluster,10,0.1477136169646217,1.8671839880433991,-44.58443348578608,45.890501989961166,0.38141338293201077,1.0322606729894939,0.09563065269911611,4,32,0.001,0.0,,,,0,2357,1,training_budget__ValendinLSTM__cdnow__paper__r10,370
T',ValendinLSTM,cdnow,paper,no_cluster,11,0.14698902353247897,1.7083107471410923,40.457782996449566,44.9327173691959,0.42394740015507293,0.7825256445828844,0.09262133779860027,17,32,0.001,0.0,,,,0,2357,1,training_budget__ValendinLSTM__cdnow__paper__r11,1332
T',ValendinLSTM,cdnow,paper,no_cluster,12,0.1470009062862413,1.7834845740681835,-30.465436165066535,35.48759952580731,0.3278394163875017,1.0909806825044508,0.09236263350357075,15,32,0.001,0.0,,,,0,2357,1,training_budget__ValendinLSTM__cdnow__paper__r12,1184
T',ValendinLSTM,cdnow,paper,no_cluster,13,0.14671153553654076,1.6859143164613306,20.82005203856338,37.66807364693055,0.4214137575453955,0.9098057266845848,0.09466099431989966,17,32,0.001,0.0,,,,0,2357,1,training_budget__ValendinLSTM__cdnow__paper__r13,1332
T',ValendinLSTM,cdnow,paper,no_cluster,14,0.15634545188285034,1.9209528460951413,63.3989439211233,108.420052773474,0.37525330249523753,0.33335424404730274,0.09330517514231237,13,32,0.001,0.0,,,,0,2357,1,training_budget__ValendinLSTM__cdnow__paper__r14,1036
T',ValendinLSTM,cdnow,paper,no_cluster,15,0.14718524685683285,1.7899896342121644,-38.78548884356429,45.29736188144532,0.3801554658545191,1.255536388704776,0.09313601091806148,15,32,0.001,0.0,,,,0,2357,1,training_budget__ValendinLSTM__cdnow__paper__r15,1184
T',ValendinLSTM,cdnow,paper,no_cluster,16,0.1467913030455936,1.7544664982477804,-17.315040425960493,26.427968676180015,0.39664392522615743,1.0088619792768312,0.09200960873449976,12,32,0.001,0.0,,,,0,2357,1,training_budget__ValendinLSTM__cdnow__paper__r16,962
T',ValendinLSTM,cdnow,paper,no_cluster,17,0.14809356771002993,1.8256998934933426,-13.71978967536594,48.337203514096416,0.32868375664920185,0.6905398396915323,0.09308884531964322,14,32,0.001,0.0,,,,0,2357,1,training_budget__ValendinLSTM__cdnow__paper__r17,1110
T',ValendinLSTM,cdnow,paper,no_cluster,18,0.14738579726382003,1.7283110732019435,-21.873351728253965,38.94353599589835,0.3639410149043007,1.330999724414806,0.09220620612236294,13,32,0.001,0.0,,,,0,2357,1,training_budget__ValendinLSTM__cdnow__paper__r18,1036
T',ValendinLSTM,cdnow,paper,no_cluster,19,0.1480343256867873,1.8936261896649345,-49.39498749598497,53.28733561580191,0.36807747188267376,0.968824760977785,0.09272830349368018,16,32,0.001,0.0,,,,0,2357,1,training_budget__ValendinLSTM__cdnow__paper__r19,1258
T,ValendinLSTM,electronics,archive,no_cluster,0,0.3776341563297289,3.669721991843272,57.33708241502422,83.33299248495169,-0.010036925332478632,0.07467366532150624,0.08896810002624989,8,256,0.0018358297470171792,0.00019457819337844907,,,,0,829,35,training_budget__ValendinLSTM__electronics__archive__r00,36
T,ValendinLSTM,electronics,archive,no_cluster,1,0.37645508501128117,3.4314807620259584,16.287320847454676,50.83878663645947,0.13780061652083533,0.2241269796973524,0.08946686811172046,35,64,0.002623093087485119,6.706322521551027e-05,,,,0,829,45,training_budget__ValendinLSTM__electronics__archive__r01,468
T,ValendinLSTM,electronics,archive,no_cluster,2,0.37808205022768837,3.6977590198618393,64.32242668751202,84.59236535834722,0.03768217900537448,0.07426212164058567,0.08873198181390762,8,256,0.0019209862359595919,0.0011008258863806366,,,,0,829,25,training_budget__ValendinLSTM__electronics__archive__r02,36
T,ValendinLSTM,electronics,archive,no_cluster,3,0.37769029407915133,3.5728260865498234,33.80708913975867,71.45807774878409,0.025115234474924034,0.08160124750034341,0.08897711150348186,11,256,0.001138201234787862,0.00011343796002137054,,,,0,829,26,training_budget__ValendinLSTM__electronics__archive__r03,48
T,ValendinLSTM,electronics,archive,no_cluster,4,0.3773276166654861,3.5833668190104957,34.930811027330165,65.54089974454548,-0.011030407693350487,0.08126971024549504,0.0889678243547678,6,256,0.00261839238458349,6.340152996892939e-05,,,,0,829,13,training_budget__ValendinLSTM__electronics__archive__r04,28
T,ValendinLSTM,electronics,archive,no_cluster,5,0.37752107155090764,3.5916995598371453,41.323108227647865,73.37695974697897,0.09532693158303872,0.0825862131249726,0.09102680214813777,6,128,0.0009908529107519096,6.392276528501441e-05,,,,0,829,51,training_budget__ValendinLSTM__electronics__archive__r05,49
T,ValendinLSTM,electronics,archive,no_cluster,6,0.37720407455089927,3.6426228381676626,52.89093377589202,68.40695295649195,0.05407125590165906,0.08161744378876683,0.08882083930075169,6,256,0.0026984459245448763,3.405435595558983e-06,,,,0,829,26,training_budget__ValendinLSTM__electronics__archive__r06,28
T,ValendinLSTM,electronics,archive,no_cluster,7,0.37795710060723664,3.7027195486584947,65.03101559927207,79.96557594931484,0.07349816242385802,0.07743596782164718,0.08902399241924286,8,256,0.001867759564137566,1.0758031614353737e-06,,,,0,829,33,training_budget__ValendinLSTM__electronics__archive__r07,36
T,ValendinLSTM,electronics,archive,no_cluster,8,0.37697389778967,3.545040052931226,20.385821175208413,57.452624343366054,0.030956260904342756,0.086088637270691,0.09115059354475566,21,128,0.00011762422323620982,1.9687618453710322e-05,,,,0,829,33,training_budget__ValendinLSTM__electronics__archive__r08,154
T,ValendinLSTM,electronics,archive,no_cluster,9,0.37669233518532974,3.5305087933771517,-7.245399101161957,51.047716448978655,0.0464017392326152,0.09583349614328877,0.08900530822575092,8,256,0.0007912169250104346,1.3829774755882774e-06,,,,0,829,28,training_budget__ValendinLSTM__electronics__archive__r09,36
T,ValendinLSTM,electronics,archive,no_cluster,10,0.37679842563721355,3.5423910152585583,13.309134068456213,51.916496184335145,0.011659870626447721,0.09087206917469826,0.08891819231212139,6,256,0.0029241118097005176,0.004982333709519628,,,,0,829,43,training_budget__ValendinLSTM__electronics__archive__r10,28
T,ValendinLSTM,electronics,archive,no_cluster,11,0.3774433737475371,3.6105164835707386,42.64928410966102,72.26005451551846,0.07724647220834667,0.07854156625417197,0.0889158844947815,7,256,0.002334634827348995,1.9975429977224904e-05,,,,0,829,17,training_budget__ValendinLSTM__electronics__archive__r11,32
T,ValendinLSTM,electronics,archive,no_cluster,12,0.3773974160239048,3.666461848547129,54.30027261882978,66.78766187873356,-0.005944568670985795,0.07757946399971845,0.08852770738303661,6,256,0.002929506723437775,0.009788062213479455,,,,0,829,48,training_budget__ValendinLSTM__electronics__archive__r12,28
T,ValendinLSTM,electronics,archive,no_cluster,13,0.3783958365511522,3.7048537093909975,64.57668702786582,90.90184048662525,-0.0024429361728394573,0.0735108221115764,0.08912591077387333,13,256,0.0008299379056515967,0.004515990451493352,,,,0,829,25,training_budget__ValendinLSTM__electronics__archive__r13,56
T,ValendinLSTM,electronics,archive,no_cluster,14,0.3776238423235528,3.61303095302775,42.63633251527912,69.46182687650668,0.0007473592653567586,0.0779032435973254,0.0887355413287878,9,256,0.0018051966722172313,6.258297297781644e-06,,,,0,829,49,training_budget__ValendinLSTM__electronics__archive__r14,40
T,ValendinLSTM,electronics,archive,no_cluster,15,0.37777189029849373,3.640190852320278,48.90388539321226,78.2590320630947,-0.02821929418644736,0.08044636913925929,0.08857326582074165,9,256,0.0016902678459684358,3.325284932925186e-06,,,,0,829,51,training_budget__ValendinLSTM__electronics__archive__r15,40
T,ValendinLSTM,electronics,archive,no_cluster,16,0.3766296438940973,3.5387123077396643,13.64008157184534,57.68302651503115,0.03166636077836641,0.08432742114732193,0.08943101577460766,18,256,0.0002608910749426347,1.0595518917981089e-05,,,,0,829,36,training_budget__ValendinLSTM__electronics__archive__r16,76
T,ValendinLSTM,electronics,archive,no_cluster,17,0.3777367750424801,3.6347646073490836,48.31288331496151,71.36400815190888,0.005099400183128822,0.07816095389445914,0.08883960731327534,7,256,0.0023338783562208117,0.007861226199484402,,,,0,829,30,training_budget__ValendinLSTM__electronics__archive__r17,32
T,ValendinLSTM,electronics,archive,no_cluster,18,0.37721469598420615,3.5622931654105283,26.80947492629193,58.33162914976808,-0.022206324144175945,0.08436128426214322,0.08876240625977516,11,256,0.0011257641330929093,1.4437523231716652e-06,,,,0,829,55,training_budget__ValendinLSTM__electronics__archive__r18,48
T,ValendinLSTM,electronics,archive,no_cluster,19,0.37774464106740624,3.693933878213266,60.90899786937922,79.20279479461783,-0.007776184127370123,0.07417864974505782,0.08877142705023289,8,256,0.001919940764807651,1.5318138553289836e-06,,,,0,829,36,training_budget__ValendinLSTM__electronics__archive__r19,36
T,ValendinLSTM,electronics,floor50,no_cluster,0,0.3765724902226793,3.490316826607429,30.061008681967746,51.228697995078115,0.19230524207380773,0.1484522132293793,0.08565276116132736,85,256,0.002929059472258548,0.0003617113321329457,,,,50,829,54,training_budget__ValendinLSTM__electronics__floor50__r00,344
T,ValendinLSTM,electronics,floor50,no_cluster,1,0.3761027844724803,3.4726592554754254,-18.28220890734637,37.725971420641535,0.20223914549669908,0.20035833404870484,0.08695782933916364,76,128,0.0023848979660167015,3.63289705849085e-05,,,,50,829,66,training_budget__ValendinLSTM__electronics__floor50__r01,539
T,ValendinLSTM,electronics,floor50,no_cluster,2,0.37640732492030626,3.4670182519543946,2.8582137772569376,43.39127462819448,0.2022821970554608,0.12594108417366257,0.0859425887465477,67,256,0.002083788343510059,0.0027692145312547267,,,,50,829,57,training_budget__ValendinLSTM__electronics__floor50__r02,272
T,ValendinLSTM,electronics,floor50,no_cluster,3,0.3767819782225474,3.3818289115631486,43.55453288959658,57.079413653133535,0.22009647022771567,0.39037057718480417,0.08653761659349714,55,128,0.002745369734892868,3.899299161129194e-06,,,,50,829,41,training_budget__ValendinLSTM__electronics__floor50__r03,392
T,ValendinLSTM,electronics,floor50,no_cluster,4,0.3768844365924407,3.5568595101725093,23.837763985622605,52.379004699422396,-0.007202268455926638,0.08787836069533478,0.0873245932161808,56,256,0.0028293084421376477,0.0013387684096184643,,,,50,829,80,training_budget__ValendinLSTM__electronics__floor50__r04,228
T,ValendinLSTM,electronics,floor50,no_cluster,5,0.3765347972378358,3.512356445442766,-2.9758012638985627,49.36025903681476,0.10613673634295472,0.09300800547588796,0.08867922052741051,38,256,0.00010137490079918775,0.0039937847511149855,,,,50,829,92,training_budget__ValendinLSTM__electronics__floor50__r05,156
T,ValendinLSTM,electronics,floor50,no_cluster,6,0.37614880017088687,3.4846595841508194,-4.2044992922427795,41.33128828883942,0.1283700271759648,0.16363265366286037,0.08570782467722893,81,256,0.0025198002637907744,1.4780544786281646e-06,,,,50,829,65,training_budget__ValendinLSTM__electronics__floor50__r06,328
T,ValendinLSTM,electronics,floor50,no_cluster,7,0.37624978402010684,3.48619558470424,-21.366735157920754,43.3074301275683,0.18531117186011245,0.17307230189462383,0.08570942096412182,92,256,0.0029238151273861513,0.0011229522878850782,,,,50,829,55,training_budget__ValendinLSTM__electronics__floor50__r07,372
T,ValendinLSTM,electronics,floor50,no_cluster,8,0.37600617235843997,3.3906696559466414,-27.48125459498601,41.78868449460045,0.17363177772585653,0.4171098056998556,0.08769541765962328,51,128,0.002525149248498782,4.272486263531638e-06,,,,50,829,45,training_budget__ValendinLSTM__electronics__floor50__r08,364
T,ValendinLSTM,electronics,floor50,no_cluster,9,0.3763702109582341,3.3796837708856566,12.784934983840635,43.57975456437019,0.2638199690019457,0.3056847399123069,0.08714778614895684,57,128,0.0027297965037280975,5.217083173552053e-06,,,,50,829,65,training_budget__ValendinLSTM__electronics__floor50__r09,406
T,ValendinLSTM,electronics,floor50,no_cluster,10,0.3771966185143418,3.5218139308242677,48.221199596764045,59.10395354758774,0.1691807801625794,0.2128706961955071,0.08563179895281792,67,256,0.002449860310677637,1.6912291586802162e-05,,,,50,829,57,training_budget__ValendinLSTM__electronics__floor50__r10,272
T,ValendinLSTM,electronics,floor50,no_cluster,11,0.3761931029376641,3.4688401643593982,-29.105998981101738,42.727675576121065,0.21160638191444786,0.2791645669356819,0.0858401246368885,65,256,0.0026611673423439595,1.0939148529441045e-05,,,,50,829,46,training_budget__ValendinLSTM__electronics__floor50__r11,264
T,ValendinLSTM,electronics,floor50,no_cluster,12,0.3767639500385058,3.5583933378027472,21.077709415979434,49.580095379518696,-0.017252366635293864,0.09084438268534055,0.0875849686563015,57,256,0.0021248098482789667,0.008758834634828185,,,,50,829,67,training_budget__ValendinLSTM__electronics__floor50__r12,232
T,ValendinLSTM,electronics,floor50,no_cluster,13,0.37622492867380947,3.5556509940481296,-38.74369496511387,45.323108521245096,0.08534898203481224,0.1541658269653723,0.08517016097903252,81,256,0.0018368923482466484,1.1919096026289676e-06,,,,50,829,70,training_budget__ValendinLSTM__electronics__floor50__r13,328
T,ValendinLSTM,electronics,floor50,no_cluster,14,0.37591480622159495,3.261491093576766,26.928765959491585,48.44819352890333,0.2701751727365401,0.5149423504872767,0.08796917847715892,46,64,0.0026798625567888345,0.0008836688658696896,,,,50,829,55,training_budget__ValendinLSTM__electronics__floor50__r14,611
T,ValendinLSTM,electronics,floor50,no_cluster,15,0.376015569859244,3.4866296934126484,-41.19359271558957,48.66734849582365,0.22172500959067448,0.36852083754159926,0.08494225516915321,77,256,0.002350699467150584,1.3479677079610155e-05,,,,50,829,66,training_budget__ValendinLSTM__electronics__floor50__r15,312
T,ValendinLSTM,electronics,floor50,no_cluster,16,0.3758208608837496,3.295539789213761,31.942058396706475,51.527607279633436,0.2915955821265133,0.5631376778121855,0.08700587387595858,68,128,0.0016640122101140285,0.0002725113812283265,,,,50,829,49,training_budget__ValendinLSTM__electronics__floor50__r16,483
T,ValendinLSTM,electronics,floor50,no_cluster,17,0.377121564278388,3.515471366656503,30.7978866732949,57.297545942733656,0.1639193016816612,0.11884493346649243,0.08631355315446854,75,256,0.002698050122795496,0.003685884550749035,,,,50,829,51,training_budget__ValendinLSTM__electronics__floor50__r17,304
T,ValendinLSTM,electronics,floor50,no_cluster,18,0.3765694932717444,3.542419799383773,-30.08691239721159,45.33708253640483,0.08394654636824303,0.14809040486147773,0.08532385528087616,64,256,0.002995743912485863,0.0002699460666340951,,,,50,829,65,training_budget__ValendinLSTM__electronics__floor50__r18,260
T,ValendinLSTM,electronics,floor50,no_cluster,19,0.37644013777126795,3.4928532752970747,34.479890774234484,49.00817985474375,0.21935494330430325,0.17625820869712783,0.08529257960617542,96,256,0.0029659452631183034,9.721893915118913e-06,,,,50,829,83,training_budget__ValendinLSTM__electronics__floor50__r19,388
T,ValendinLSTM,electronics,paper90,no_cluster,0,0.37611335298773335,3.4722876191958654,-32.03612850127019,44.54124074431817,0.1418093419116571,0.2886999815472633,0.08862636052072048,59,32,0.001,0.0,,,,90,829,1,training_budget__ValendinLSTM__electronics__paper90__r00,1560
T,ValendinLSTM,electronics,paper90,no_cluster,1,0.3759537213277278,3.322515391578447,6.328902260134198,41.38207222400426,0.27786306302838754,0.4868732964088167,0.08926286347783528,82,32,0.001,0.0,,,,90,829,1,training_budget__ValendinLSTM__electronics__paper90__r01,2158
T,ValendinLSTM,electronics,paper90,no_cluster,2,0.37636159122630114,3.471704489337285,-26.252556572355427,41.716087356669426,0.19821564016119603,0.2373801650201533,0.0890654195100069,75,32,0.001,0.0,,,,90,829,1,training_budget__ValendinLSTM__electronics__paper90__r02,1976
T,ValendinLSTM,electronics,paper90,no_cluster,3,0.37625106642313233,3.4155277920515528,-9.46353131095147,42.43558276344365,0.22574386383438935,0.24745036264831025,0.08862202628873862,39,32,0.001,0.0,,,,90,829,1,training_budget__ValendinLSTM__electronics__paper90__r03,1040
T,ValendinLSTM,electronics,paper90,no_cluster,4,0.37636775249687066,3.4791090125217785,-11.755283185786988,38.76755280558581,0.13344707814926443,0.1629504289968572,0.08838398955189265,35,32,0.001,0.0,,,,90,829,1,training_budget__ValendinLSTM__electronics__paper90__r04,936
T,ValendinLSTM,electronics,paper90,no_cluster,5,0.37578669994236574,3.3038900328565717,8.810156536934045,39.50068158451171,0.2885391695263446,0.44164623616099535,0.08863113491007915,53,32,0.001,0.0,,,,90,829,1,training_budget__ValendinLSTM__electronics__paper90__r05,1404
T,ValendinLSTM,electronics,paper90,no_cluster,6,0.37694229686021125,3.5651235179184426,27.935582633563715,61.679959038352415,0.0076281579281787925,0.08440559659948411,0.09354274877561973,1,32,0.001,0.0,,,,90,829,1,training_budget__ValendinLSTM__electronics__paper90__r06,52
T,ValendinLSTM,electronics,paper90,no_cluster,7,0.3756439052982023,3.3207119015927073,-16.420245683550906,39.45228361944278,0.2678268181977278,0.5618767583265076,0.08912278296282658,69,32,0.001,0.0,,,,90,829,1,training_budget__ValendinLSTM__electronics__paper90__r07,1820
T,ValendinLSTM,electronics,paper90,no_cluster,8,0.37597639890853507,3.4506639990953722,-35.458759711604735,46.059304832696114,0.23332120272396012,0.3968020373426632,0.08838947017032367,54,32,0.001,0.0,,,,90,829,1,training_budget__ValendinLSTM__electronics__paper90__r08,1430
T,ValendinLSTM,electronics,paper90,no_cluster,9,0.37666770765337554,3.41347159853775,33.35241971635224,55.50511238833689,0.2389218484829323,0.2692892865222351,0.0888554249675228,58,32,0.001,0.0,,,,90,829,1,training_budget__ValendinLSTM__electronics__paper90__r09,1534
T,ValendinLSTM,electronics,paper90,no_cluster,10,0.3762639812639165,3.4182390422856512,-22.711656786483786,38.64621684068199,0.17767415412397533,0.4157598212746723,0.0888481423831903,52,32,0.001,0.0,,,,90,829,1,training_budget__ValendinLSTM__electronics__paper90__r10,1378
T,ValendinLSTM,electronics,paper90,no_cluster,11,0.3772544362798702,3.5150006509066536,38.69359225667009,62.75835038564619,0.19715557574608122,0.20278153306303315,0.08843291149689601,80,32,0.001,0.0,,,,90,829,1,training_budget__ValendinLSTM__electronics__paper90__r11,2106
T,ValendinLSTM,electronics,paper90,no_cluster,12,0.3757877578457975,3.4189346293786786,-36.95364725371633,47.14860276940609,0.24710726661961036,0.5259722391106642,0.08884543180465698,44,32,0.001,0.0,,,,90,829,1,training_budget__ValendinLSTM__electronics__paper90__r12,1170
T,ValendinLSTM,electronics,paper90,no_cluster,13,0.37656399291365444,3.6284455961017072,-52.435583213564016,56.77505137250292,0.06481281061414629,0.14948090080578505,0.08897390230917014,25,32,0.001,0.0,,,,90,829,1,training_budget__ValendinLSTM__electronics__paper90__r13,676
T,ValendinLSTM,electronics,paper90,no_cluster,14,0.3756513983173179,3.270830775787353,-20.700750166414576,40.80845270516643,0.26067221303958243,0.7478375353701588,0.08809576369822025,54,32,0.001,0.0,,,,90,829,1,training_budget__ValendinLSTM__electronics__paper90__r14,1430
T,ValendinLSTM,electronics,paper90,no_cluster,15,0.3764392496315064,3.497787457270469,14.885139543481714,46.06782547201405,0.05536872746090429,0.13046593766527595,0.0884063457353757,72,32,0.001,0.0,,,,90,829,1,training_budget__ValendinLSTM__electronics__paper90__r15,1898
T,ValendinLSTM,electronics,paper90,no_cluster,16,0.3761179548421121,3.5212873801033577,-33.40797579200381,46.37457408390604,0.19517052616205582,0.1814161728421402,0.08797795167909218,66,32,0.001,0.0,,,,90,829,1,training_budget__ValendinLSTM__electronics__paper90__r16,1742
T,ValendinLSTM,electronics,paper90,no_cluster,17,0.3761056386556614,3.301255463390137,7.286979946680339,37.33878654574472,0.24088387960205523,0.4296391803629388,0.08847008043756852,71,32,0.001,0.0,,,,90,829,1,training_budget__ValendinLSTM__electronics__paper90__r17,1872
T,ValendinLSTM,electronics,paper90,no_cluster,18,0.37686613093136906,3.522131997239088,21.729379463128115,54.158827527308695,0.057769819563544565,0.11449238324870555,0.08883412125018927,61,32,0.001,0.0,,,,90,829,1,training_budget__ValendinLSTM__electronics__paper90__r18,1612
T,ValendinLSTM,electronics,paper90,no_cluster,19,0.37697133327877,3.5403559425039033,24.490797313929324,54.601908591020376,0.03886251348844253,0.10161918807711617,0.08868727288567103,51,32,0.001,0.0,,,,90,829,1,training_budget__ValendinLSTM__electronics__paper90__r19,1352
T,ValendinLSTM,electronics,paper,no_cluster,0,0.3772277561679761,3.5903917519986295,38.20074967698429,77.07123375836123,0.0009682866389868831,0.07783555603759335,0.09308848157525063,1,32,0.001,0.0,,,,0,829,1,training_budget__ValendinLSTM__electronics__paper__r00,52
T,ValendinLSTM,electronics,paper,no_cluster,1,0.37722867473340566,3.5360020578898794,14.228357001694544,68.93660534476703,0.03396298378107758,0.08491663456209529,0.09333812502714303,1,32,0.001,0.0,,,,0,829,1,training_budget__ValendinLSTM__electronics__paper__r01,52
T,ValendinLSTM,electronics,paper,no_cluster,2,0.3775662132172304,3.5442525340114237,21.248466055332237,70.10736194418277,0.022604368312793742,0.08582701392876112,0.0925215445458889,1,32,0.001,0.0,,,,0,829,1,training_budget__ValendinLSTM__electronics__paper__r02,52
T,ValendinLSTM,electronics,paper,no_cluster,3,0.3770869159616688,3.569325457838921,30.643149115584396,63.502726588276246,0.002206318535764516,0.08055558243545026,0.09273597211218797,1,32,0.001,0.0,,,,0,829,1,training_budget__ValendinLSTM__electronics__paper__r03,52
T,ValendinLSTM,electronics,paper,no_cluster,4,0.3779632673333,3.670855724536026,55.105998547114034,76.81833671224337,-0.015315547325003892,0.07666521155970663,0.09269153570326474,1,32,0.001,0.0,,,,0,829,1,training_budget__ValendinLSTM__electronics__paper__r04,52
T,ValendinLSTM,electronics,paper,no_cluster,5,0.3774806717931447,3.5842055884353794,38.12235840262951,74.63565093789548,0.07944895071576882,0.08081826192005045,0.09343211983258908,1,32,0.001,0.0,,,,0,829,1,training_budget__ValendinLSTM__electronics__paper__r05,52
T,ValendinLSTM,electronics,paper,no_cluster,6,0.3768911394221567,3.5563436579349608,23.612133391396892,59.21131554583426,0.007994868318140924,0.08474450191743357,0.09354274877561973,1,32,0.001,0.0,,,,0,829,1,training_budget__ValendinLSTM__electronics__paper__r06,52
T,ValendinLSTM,electronics,paper,no_cluster,7,0.37714892464752864,3.5346596977431397,14.310838237795735,64.5930469869023,0.015376102556141115,0.08588805014532518,0.09325073229578826,1,32,0.001,0.0,,,,0,829,1,training_budget__ValendinLSTM__electronics__paper__r07,52
T,ValendinLSTM,electronics,paper,no_cluster,8,0.37713034964627606,3.548416502567337,17.359577152743306,65.98261758029943,-0.009868781966642138,0.08595154619777054,0.09354934153648523,1,32,0.001,0.0,,,,0,829,1,training_budget__ValendinLSTM__electronics__paper__r08,52
T,ValendinLSTM,electronics,paper,no_cluster,9,0.3776983292148945,3.5464453733768657,21.37900457413372,75.56237221861173,0.048044197347778546,0.08727287322586695,0.09407779746330701,1,32,0.001,0.0,,,,0,829,1,training_budget__ValendinLSTM__electronics__paper__r09,52
T,ValendinLSTM,electronics,paper,no_cluster,10,0.37806725165578603,3.5741600058440626,31.37730043870272,72.62201773386187,0.051922816227848057,0.08265922828537615,0.09299338394059585,1,32,0.001,0.0,,,,0,829,1,training_budget__ValendinLSTM__electronics__paper__r10,52
T,ValendinLSTM,electronics,paper,no_cluster,11,0.3772536745649751,3.576862003527453,33.003408137972876,67.22699384736403,0.0572845065818094,0.08209106935030108,0.0926495880748217,1,32,0.001,0.0,,,,0,829,1,training_budget__ValendinLSTM__electronics__paper__r11,52
T,ValendinLSTM,electronics,paper,no_cluster,12,0.3772973634127123,3.5635344070613604,24.10463512631979,71.03374232185698,-0.01868861207098851,0.08879925993308495,0.09291193576959464,1,32,0.001,0.0,,,,0,829,1,training_budget__ValendinLSTM__electronics__paper__r12,52
T,ValendinLSTM,electronics,paper,no_cluster,13,0.37729472576553863,3.57241858883666,35.570211160607926,68.76993863998914,0.028608753773547116,0.08436583391661874,0.0927043752028392,1,32,0.001,0.0,,,,0,829,1,training_budget__ValendinLSTM__electronics__paper__r13,52
T,ValendinLSTM,electronics,paper,no_cluster,14,0.37710231126281857,3.560636657630869,26.105657618190516,61.98568501926815,0.016567010069409232,0.08124255524076514,0.09306147751899865,1,32,0.001,0.0,,,,0,829,1,training_budget__ValendinLSTM__electronics__paper__r14,52
T,ValendinLSTM,electronics,paper,no_cluster,15,0.37672579824507585,3.5340703568651315,7.252556020197026,55.398432160940324,-0.01611451186143555,0.08936472116901226,0.09296995544662842,1,32,0.001,0.0,,,,0,829,1,training_budget__ValendinLSTM__electronics__paper__r15,52
T,ValendinLSTM,electronics,paper,no_cluster,16,0.3772267184412517,3.6080051932959085,39.94171769601352,63.08350371585385,0.012382866186577036,0.07869990461393962,0.09274734327426323,1,32,0.001,0.0,,,,0,829,1,training_budget__ValendinLSTM__electronics__paper__r16,52
T,ValendinLSTM,electronics,paper,no_cluster,17,0.37745961720999466,3.579069090807702,33.26618934771378,64.75221535924818,0.033784850690810636,0.07852075704870551,0.0932457918444505,1,32,0.001,0.0,,,,0,829,1,training_budget__ValendinLSTM__electronics__paper__r17,52
T,ValendinLSTM,electronics,paper,no_cluster,18,0.3775030064620918,3.595565678718491,37.618609240574315,73.17552823165771,0.006453438083649437,0.08117078748495377,0.09311195419958004,1,32,0.001,0.0,,,,0,829,1,training_budget__ValendinLSTM__electronics__paper__r18,52
T,ValendinLSTM,electronics,paper,no_cluster,19,0.37768286532972983,3.5770050353027805,30.475119125204504,74.9413769989926,-0.030460835268015324,0.08183783831482051,0.09349631632749851,1,32,0.001,0.0,,,,0,829,1,training_budget__ValendinLSTM__electronics__paper__r19,52
